area_id,microdata_id
d1,d147_hh54
d1,d208_hh168
d1,d23_hh93
d1,d30_hh58
d1,d104_hh58
d1,d199_hh49
d1,d187_hh42
d1,d187_hh0
d1,d57_hh207
d1,d117_hh74
d1,d214_hh41
d1,d134_hh270
d1,d134_hh223
d1,d98_hh223
d1,d46_hh194
d1,d202_hh264
d1,d208_hh168
d1,d122_hh231
d1,d213_hh252
d1,d7_hh257
d1,d57_hh16
d1,d100_hh91
d1,d59_hh243
d1,d40_hh152
d1,d193_hh248
d1,d179_hh1
d1,d56_hh262
d1,d191_hh53
d1,d96_hh145
d1,d5_hh5
d1,d16_hh287
d1,d182_hh149
d1,d18_hh137
d1,d187_hh0
d1,d123_hh104
d1,d104_hh58
d1,d177_hh163
d1,d187_hh42
d1,d161_hh185
d1,d97_hh156
d1,d69_hh240
d1,d85_hh110
d1,d143_hh241
d1,d65_hh29
d1,d51_hh151
d1,d30_hh130
d1,d204_hh87
d1,d98_hh177
d1,d50_hh217
d1,d186_hh185
d1,d4_hh65
d1,d38_hh165
d1,d141_hh27
d1,d187_hh0
d1,d209_hh254
d1,d29_hh243
d1,d57_hh250
d1,d177_hh163
d1,d30_hh267
d1,d165_hh107
d1,d182_hh226
d1,d111_hh227
d1,d31_hh34
d1,d163_hh213
d1,d51_hh151
d1,d158_hh107
d1,d178_hh58
d1,d131_hh24
d1,d36_hh226
d1,d134_hh270
d1,d87_hh156
d1,d129_hh122
d1,d15_hh186
d1,d117_hh11
d1,d204_hh87
d1,d199_hh49
d1,d202_hh90
d1,d191_hh53
d1,d143_hh241
d1,d155_hh151
d1,d129_hh122
d1,d54_hh61
d1,d13_hh58
d1,d119_hh222
d1,d57_hh166
d1,d82_hh154
d1,d162_hh47
d1,d91_hh90
d1,d66_hh207
d1,d12_hh23
d1,d111_hh227
d1,d182_hh39
d1,d23_hh21
d1,d137_hh106
d1,d213_hh211
d1,d187_hh7
d1,d21_hh90
d1,d34_hh77
d1,d166_hh164
d1,d140_hh85
d1,d88_hh195
d1,d100_hh48
d1,d77_hh123
d1,d208_hh168
d1,d135_hh17
d1,d50_hh249
d1,d104_hh116
d1,d135_hh17
d1,d152_hh88
d1,d129_hh122
d1,d113_hh175
d1,d158_hh136
d1,d184_hh158
d1,d69_hh240
d1,d52_hh115
d1,d133_hh135
d1,d129_hh122
d1,d143_hh241
d1,d42_hh202
d1,d73_hh184
d1,d15_hh264
d1,d125_hh3
d1,d54_hh218
d1,d50_hh217
d1,d50_hh7
d1,d67_hh15
d1,d7_hh257
d1,d184_hh238
d1,d54_hh218
d1,d75_hh53
d1,d214_hh13
d1,d42_hh19
d1,d213_hh2
d1,d213_hh62
d1,d41_hh71
d1,d122_hh159
d1,d74_hh107
d1,d42_hh202
d1,d127_hh89
d1,d164_hh123
d1,d173_hh163
d1,d54_hh44
d1,d127_hh89
d1,d19_hh130
d1,d98_hh100
d1,d62_hh22
d1,d213_hh62
d1,d195_hh109
d1,d95_hh201
d1,d2_hh180
d1,d202_hh205
d1,d51_hh231
d1,d123_hh160
d1,d31_hh139
d1,d91_hh199
d1,d17_hh106
d1,d54_hh57
d1,d200_hh261
d1,d80_hh186
d1,d178_hh191
d1,d42_hh88
d1,d80_hh186
d1,d20_hh166
d1,d169_hh199
d1,d191_hh53
d1,d42_hh19
d1,d73_hh184
d1,d98_hh177
d1,d171_hh88
d1,d182_hh39
d1,d101_hh129
d1,d16_hh294
d1,d48_hh118
d1,d17_hh106
d1,d213_hh211
d1,d97_hh156
d1,d202_hh90
d1,d109_hh67
d1,d170_hh117
d1,d214_hh70
d1,d191_hh246
d1,d66_hh240
d1,d122_hh159
d1,d161_hh203
d1,d131_hh24
d1,d57_hh250
d1,d50_hh7
d1,d74_hh107
d1,d66_hh207
d1,d191_hh53
d1,d149_hh107
d1,d67_hh15
d1,d77_hh123
d1,d44_hh38
d1,d202_hh205
d1,d208_hh253
d1,d98_hh100
d1,d100_hh48
d1,d52_hh33
d1,d187_hh87
d1,d169_hh225
d1,d122_hh144
d1,d123_hh119
d1,d161_hh203
d1,d30_hh130
d1,d24_hh176
d1,d171_hh23
d1,d67_hh15
d1,d199_hh49
d1,d118_hh244
d1,d129_hh122
d1,d169_hh225
d1,d90_hh233
d1,d15_hh103
d1,d209_hh254
d1,d59_hh243
d1,d110_hh252
d1,d87_hh245
d1,d24_hh176
d1,d29_hh131
d1,d125_hh3
d1,d191_hh53
d1,d120_hh248
d1,d15_hh264
d1,d59_hh112
d1,d149_hh1
d1,d213_hh2
d1,d123_hh106
d1,d96_hh145
d1,d4_hh29
d1,d83_hh193
d1,d177_hh145
d1,d93_hh18
d1,d214_hh13
d1,d93_hh18
d1,d54_hh218
d1,d46_hh53
d1,d163_hh145
d1,d169_hh199
d1,d19_hh38
d1,d38_hh165
d1,d207_hh191
d1,d15_hh103
d1,d57_hh286
d1,d191_hh53
d1,d102_hh201
d1,d23_hh93
d1,d114_hh66
d1,d169_hh216
d1,d173_hh163
d1,d130_hh142
d1,d174_hh42
d1,d83_hh193
d1,d178_hh157
d1,d82_hh154
d1,d72_hh42
d1,d95_hh164
d1,d67_hh15
d1,d191_hh246
d1,d200_hh21
d1,d16_hh287
d1,d126_hh207
d1,d42_hh202
d1,d54_hh57
d1,d209_hh11
d1,d34_hh77
d1,d75_hh264
d1,d161_hh203
d1,d209_hh254
d1,d18_hh227
d1,d57_hh286
d1,d174_hh213
d1,d198_hh188
d10,d60_hh165
d10,d64_hh165
d10,d188_hh223
d10,d151_hh194
d10,d107_hh211
d10,d22_hh225
d10,d151_hh146
d10,d94_hh137
d10,d49_hh245
d10,d151_hh207
d10,d148_hh189
d10,d107_hh6
d10,d107_hh6
d10,d60_hh172
d10,d70_hh135
d10,d103_hh115
d10,d180_hh130
d10,d22_hh225
d10,d6_hh77
d10,d27_hh145
d10,d22_hh219
d10,d84_hh15
d10,d49_hh198
d10,d151_hh93
d10,d103_hh115
d10,d121_hh146
d10,d27_hh145
d10,d144_hh235
d10,d189_hh80
d10,d89_hh65
d10,d196_hh42
d10,d79_hh93
d10,d203_hh30
d10,d10_hh110
d10,d185_hh17
d10,d27_hh65
d10,d196_hh42
d10,d60_hh172
d10,d108_hh127
d10,d185_hh17
d10,d45_hh183
d10,d10_hh46
d10,d60_hh172
d10,d60_hh165
d10,d3_hh98
d10,d107_hh143
d10,d181_hh59
d10,d148_hh221
d10,d86_hh136
d10,d27_hh145
d10,d121_hh238
d10,d60_hh259
d10,d60_hh165
d10,d79_hh93
d10,d71_hh292
d10,d49_hh155
d10,d185_hh70
d10,d79_hh76
d10,d185_hh17
d10,d45_hh282
d10,d144_hh285
d10,d108_hh277
d10,d203_hh11
d10,d180_hh34
d10,d86_hh136
d10,d206_hh188
d10,d148_hh97
d10,d64_hh165
d10,d196_hh60
d10,d172_hh1
d10,d10_hh46
d10,d45_hh9
d10,d196_hh34
d10,d196_hh34
d10,d167_hh120
d10,d22_hh219
d10,d86_hh114
d10,d27_hh133
d10,d151_hh146
d10,d3_hh279
d10,d148_hh98
d10,d71_hh292
d10,d148_hh189
d10,d89_hh65
d10,d196_hh42
d10,d148_hh98
d10,d10_hh46
d10,d79_hh76
d10,d206_hh151
d10,d115_hh196
d10,d49_hh198
d10,d63_hh98
d10,d71_hh152
d10,d86_hh136
d10,d79_hh182
d10,d60_hh165
d10,d70_hh243
d10,d45_hh183
d10,d8_hh179
d10,d89_hh65
d10,d71_hh152
d10,d148_hh82
d10,d71_hh292
d10,d148_hh98
d10,d71_hh292
d10,d10_hh60
d10,d71_hh152
d10,d45_hh9
d10,d185_hh17
d10,d148_hh82
d10,d105_hh48
d10,d49_hh155
d10,d71_hh292
d10,d103_hh115
d10,d63_hh98
d10,d64_hh165
d10,d79_hh182
d10,d105_hh48
d10,d64_hh165
d10,d206_hh74
d10,d189_hh237
d10,d25_hh250
d10,d145_hh150
d10,d180_hh130
d10,d89_hh77
d10,d196_hh34
d10,d151_hh93
d10,d145_hh2
d10,d27_hh16
d10,d6_hh77
d10,d103_hh175
d10,d103_hh264
d10,d45_hh9
d10,d45_hh282
d10,d108_hh40
d10,d188_hh137
d10,d103_hh72
d10,d103_hh175
d10,d203_hh11
d10,d103_hh53
d10,d151_hh146
d10,d10_hh46
d10,d107_hh260
d10,d45_hh183
d10,d64_hh165
d10,d108_hh277
d10,d103_hh172
d10,d64_hh45
d10,d49_hh149
d10,d206_hh74
d10,d3_hh279
d10,d84_hh15
d10,d189_hh237
d10,d148_hh82
d10,d192_hh28
d10,d8_hh179
d10,d151_hh207
d10,d192_hh28
d10,d84_hh15
d10,d70_hh135
d10,d189_hh106
d10,d107_hh211
d10,d107_hh143
d10,d172_hh1
d10,d22_hh155
d10,d107_hh260
d10,d3_hh279
d10,d60_hh210
d10,d151_hh146
d10,d84_hh101
d10,d148_hh97
d10,d27_hh65
d10,d63_hh98
d10,d103_hh89
d10,d181_hh63
d10,d148_hh189
d10,d103_hh72
d10,d27_hh133
d10,d60_hh210
d10,d192_hh169
d10,d103_hh53
d10,d107_hh143
d10,d45_hh183
d10,d206_hh74
d10,d28_hh124
d10,d115_hh85
d10,d148_hh82
d10,d3_hh279
d10,d194_hh102
d10,d176_hh183
d10,d89_hh77
d10,d22_hh155
d10,d89_hh65
d10,d196_hh60
d10,d167_hh167
d10,d172_hh102
d10,d148_hh221
d10,d103_hh115
d10,d22_hh155
d10,d8_hh179
d10,d206_hh283
d10,d94_hh137
d10,d206_hh283
d10,d107_hh260
d10,d49_hh89
d10,d181_hh267
d10,d60_hh210
d10,d86_hh114
d10,d89_hh43
d10,d103_hh53
d10,d103_hh172
d10,d28_hh124
d10,d49_hh245
d10,d201_hh86
d10,d107_hh6
d10,d71_hh292
d10,d45_hh282
d10,d49_hh237
d10,d151_hh93
d10,d49_hh155
d10,d185_hh17
d10,d84_hh6
d10,d103_hh72
d10,d60_hh172
d10,d94_hh178
d10,d180_hh34
d10,d192_hh169
d10,d84_hh220
d10,d10_hh46
d10,d84_hh15
d10,d94_hh137
d10,d71_hh292
d10,d45_hh282
d10,d192_hh159
d10,d103_hh175
d10,d60_hh172
d10,d206_hh74
d10,d63_hh98
d10,d22_hh155
d10,d192_hh159
d10,d60_hh210
d10,d84_hh6
d10,d145_hh2
d10,d206_hh74
d10,d89_hh43
d10,d27_hh145
d10,d185_hh70
d10,d145_hh150
d10,d206_hh283
d10,d70_hh243
d10,d181_hh63
d10,d49_hh237
d10,d86_hh114
d10,d27_hh65
d10,d64_hh165
d10,d148_hh98
d10,d84_hh15
d10,d148_hh82
d10,d60_hh210
d10,d148_hh221
d10,d203_hh30
d10,d180_hh34
d10,d8_hh179
d10,d180_hh34
d10,d9_hh176
d10,d206_hh256
d10,d185_hh17
d10,d84_hh15
d10,d10_hh110
d10,d194_hh13
d10,d3_hh279
d10,d49_hh155
d10,d151_hh207
d10,d64_hh137
d10,d167_hh167
d10,d60_hh165
d10,d172_hh1
d10,d103_hh53
d10,d84_hh15
d10,d145_hh2
d10,d151_hh93
d10,d105_hh238
d10,d103_hh175
d10,d27_hh133
d10,d45_hh183
d5,d150_hh203
d5,d158_hh239
d5,d200_hh77
d5,d57_hh16
d5,d122_hh144
d5,d213_hh178
d5,d52_hh33
d5,d24_hh176
d5,d73_hh184
d5,d204_hh87
d5,d15_hh103
d5,d7_hh257
d5,d109_hh67
d5,d209_hh254
d5,d101_hh155
d5,d209_hh244
d5,d90_hh151
d5,d120_hh161
d5,d74_hh107
d5,d78_hh39
d5,d182_hh149
d5,d102_hh242
d5,d4_hh80
d5,d205_hh196
d5,d83_hh153
d5,d97_hh26
d5,d131_hh102
d5,d26_hh40
d5,d95_hh164
d5,d74_hh15
d5,d162_hh213
d5,d98_hh245
d5,d165_hh94
d5,d2_hh287
d5,d65_hh242
d5,d15_hh264
d5,d187_hh7
d5,d96_hh145
d5,d126_hh207
d5,d207_hh191
d5,d178_hh58
d5,d50_hh217
d5,d7_hh257
d5,d72_hh42
d5,d124_hh40
d5,d54_hh152
d5,d147_hh54
d5,d149_hh1
d5,d75_hh227
d5,d75_hh216
d5,d193_hh85
d5,d15_hh264
d5,d41_hh150
d5,d202_hh90
d5,d187_hh87
d5,d169_hh199
d5,d40_hh152
d5,d65_hh242
d5,d214_hh210
d5,d34_hh77
d5,d29_hh131
d5,d128_hh246
d5,d61_hh155
d5,d208_hh240
d5,d132_hh188
d5,d123_hh106
d5,d141_hh129
d5,d4_hh80
d5,d52_hh165
d5,d99_hh225
d5,d170_hh130
d5,d46_hh194
d5,d169_hh225
d5,d30_hh130
d5,d158_hh239
d5,d138_hh150
d5,d91_hh178
d5,d57_hh207
d5,d17_hh213
d5,d41_hh71
d5,d193_hh248
d5,d93_hh66
d5,d26_hh40
d5,d7_hh257
d5,d149_hh1
d5,d43_hh125
d5,d128_hh28
d5,d75_hh227
d5,d200_hh21
d5,d118_hh173
d5,d162_hh47
d5,d23_hh156
d5,d198_hh136
d5,d29_hh243
d5,d202_hh205
d5,d210_hh142
d5,d204_hh56
d5,d111_hh227
d5,d132_hh44
d5,d135_hh17
d5,d128_hh126
d5,d16_hh294
d5,d114_hh219
d5,d62_hh98
d5,d123_hh57
d5,d161_hh185
d5,d29_hh243
d5,d44_hh38
d5,d16_hh287
d5,d91_hh90
d5,d149_hh107
d5,d62_hh98
d5,d100_hh145
d5,d91_hh138
d5,d159_hh183
d5,d7_hh257
d5,d122_hh159
d5,d55_hh254
d5,d75_hh264
d5,d208_hh240
d5,d52_hh33
d5,d13_hh58
d5,d7_hh257
d5,d152_hh168
d5,d147_hh169
d5,d141_hh128
d5,d15_hh186
d5,d152_hh88
d5,d74_hh15
d5,d187_hh7
d5,d46_hh194
d5,d66_hh14
d5,d57_hh216
d5,d114_hh219
d5,d61_hh41
d5,d102_hh201
d5,d4_hh29
d5,d127_hh89
d5,d179_hh1
d5,d91_hh138
d5,d159_hh183
d5,d59_hh243
d5,d202_hh205
d5,d120_hh248
d5,d102_hh201
d5,d44_hh38
d5,d88_hh36
d5,d174_hh213
d5,d117_hh140
d5,d122_hh16
d5,d85_hh144
d5,d98_hh84
d5,d187_hh42
d5,d129_hh122
d5,d42_hh88
d5,d198_hh152
d5,d52_hh33
d5,d159_hh183
d5,d109_hh67
d5,d15_hh210
d5,d100_hh63
d5,d173_hh262
d5,d178_hh157
d5,d124_hh40
d5,d88_hh195
d5,d74_hh257
d5,d66_hh207
d5,d42_hh202
d5,d169_hh199
d5,d202_hh264
d5,d209_hh159
d5,d161_hh203
d5,d75_hh264
d5,d2_hh217
d5,d193_hh85
d5,d4_hh80
d5,d138_hh83
d5,d140_hh85
d5,d182_hh39
d5,d193_hh138
d5,d75_hh102
d5,d119_hh177
d5,d102_hh200
d5,d56_hh262
d5,d31_hh34
d5,d187_hh0
d5,d20_hh166
d5,d210_hh142
d5,d42_hh185
d5,d44_hh38
d5,d59_hh251
d5,d209_hh254
d5,d191_hh246
d5,d17_hh210
d5,d17_hh210
d5,d161_hh21
d5,d43_hh125
d5,d66_hh18
d5,d17_hh106
d5,d174_hh42
d5,d15_hh103
d5,d2_hh180
d5,d187_hh87
d5,d72_hh42
d5,d34_hh160
d5,d53_hh147
d5,d147_hh54
d5,d29_hh243
d5,d198_hh188
d5,d98_hh177
d5,d173_hh163
d5,d102_hh179
d5,d165_hh94
d5,d65_hh101
d5,d166_hh239
d5,d104_hh116
d5,d72_hh42
d5,d143_hh241
d5,d98_hh245
d5,d169_hh199
d5,d164_hh123
d5,d99_hh225
d5,d65_hh242
d5,d17_hh213
d5,d50_hh7
d5,d35_hh263
d5,d200_hh21
d5,d155_hh18
d5,d52_hh115
d5,d111_hh131
d5,d155_hh210
d5,d209_hh159
d5,d33_hh58
d5,d62_hh98
d5,d213_hh2
d5,d126_hh263
d5,d200_hh261
d5,d200_hh261
d5,d175_hh52
d5,d102_hh242
d5,d15_hh22
d5,d122_hh144
d5,d122_hh144
d5,d208_hh240
d5,d51_hh231
d5,d208_hh168
d5,d56_hh4
d5,d208_hh253
d5,d83_hh204
d5,d104_hh175
d5,d207_hh191
d5,d34_hh160
d5,d104_hh58
d5,d129_hh122
d5,d96_hh145
d5,d83_hh193
d5,d204_hh87
d5,d75_hh102
d5,d39_hh67
d5,d96_hh145
d5,d132_hh44
d5,d114_hh219
d5,d177_hh145
d5,d143_hh28
d5,d77_hh123
d5,d171_hh88
d5,d98_hh245
d5,d129_hh122
d5,d39_hh154
d5,d85_hh110
d5,d187_hh61
d5,d143_hh241
d5,d102_hh179
d5,d163_hh213
d5,d15_hh186
d5,d2_hh180
d5,d152_hh168
d5,d17_hh213
d5,d41_hh206
d5,d127_hh89
d5,d102_hh201
d5,d127_hh89
d5,d62_hh98
d2,d57_hh207
d2,d4_hh202
d2,d178_hh58
d2,d75_hh102
d2,d54_hh44
d2,d72_hh42
d2,d177_hh145
d2,d97_hh26
d2,d104_hh175
d2,d170_hh117
d2,d65_hh242
d2,d17_hh106
d2,d161_hh21
d2,d99_hh225
d2,d42_hh202
d2,d195_hh47
d2,d120_hh161
d2,d132_hh76
d2,d53_hh147
d2,d31_hh139
d2,d187_hh87
d2,d205_hh196
d2,d179_hh1
d2,d186_hh185
d2,d36_hh226
d2,d165_hh94
d2,d204_hh87
d2,d82_hh154
d2,d87_hh245
d2,d4_hh65
d2,d202_hh90
d2,d141_hh27
d2,d187_hh7
d2,d41_hh150
d2,d164_hh122
d2,d61_hh155
d2,d170_hh130
d2,d127_hh89
d2,d131_hh24
d2,d75_hh102
d2,d17_hh213
d2,d169_hh216
d2,d141_hh129
d2,d134_hh270
d2,d74_hh107
d2,d67_hh209
d2,d41_hh163
d2,d83_hh193
d2,d42_hh185
d2,d33_hh58
d2,d214_hh70
d2,d149_hh1
d2,d42_hh88
d2,d213_hh211
d2,d91_hh90
d2,d93_hh66
d2,d190_hh38
d2,d80_hh186
d2,d53_hh147
d2,d91_hh199
d2,d132_hh76
d2,d112_hh8
d2,d187_hh61
d2,d87_hh156
d2,d87_hh245
d2,d135_hh17
d2,d52_hh115
d2,d117_hh11
d2,d182_hh149
d2,d101_hh155
d2,d109_hh67
d2,d18_hh137
d2,d66_hh14
d2,d66_hh213
d2,d213_hh178
d2,d2_hh151
d2,d178_hh272
d2,d50_hh249
d2,d17_hh12
d2,d204_hh87
d2,d40_hh152
d2,d134_hh223
d2,d199_hh180
d2,d130_hh244
d2,d17_hh210
d2,d119_hh177
d2,d135_hh17
d2,d41_hh163
d2,d4_hh87
d2,d160_hh88
d2,d178_hh157
d2,d62_hh98
d2,d187_hh0
d2,d24_hh92
d2,d34_hh160
d2,d62_hh251
d2,d102_hh201
d2,d91_hh178
d2,d19_hh130
d2,d44_hh38
d2,d39_hh99
d2,d209_hh244
d2,d75_hh264
d2,d202_hh264
d2,d88_hh36
d2,d200_hh261
d2,d23_hh21
d2,d174_hh242
d2,d66_hh207
d2,d202_hh205
d2,d54_hh57
d2,d4_hh65
d2,d111_hh131
d2,d169_hh216
d2,d21_hh105
d2,d208_hh253
d2,d2_hh287
d2,d152_hh168
d2,d97_hh26
d2,d21_hh90
d2,d11_hh128
d2,d187_hh42
d2,d23_hh233
d2,d100_hh48
d2,d42_hh58
d2,d36_hh226
d2,d66_hh240
d2,d122_hh144
d2,d202_hh205
d2,d123_hh119
d2,d187_hh7
d2,d119_hh64
d2,d100_hh48
d2,d209_hh254
d2,d119_hh95
d2,d31_hh127
d2,d149_hh107
d2,d90_hh207
d2,d120_hh269
d2,d85_hh110
d2,d51_hh151
d2,d123_hh119
d2,d62_hh98
d2,d82_hh154
d2,d119_hh177
d2,d91_hh138
d2,d90_hh233
d2,d65_hh101
d2,d17_hh213
d2,d119_hh24
d2,d182_hh195
d2,d193_hh138
d2,d91_hh21
d2,d54_hh61
d2,d101_hh129
d2,d213_hh62
d2,d95_hh56
d2,d13_hh58
d2,d213_hh252
d2,d61_hh155
d2,d152_hh29
d2,d147_hh54
d2,d29_hh243
d2,d95_hh205
d2,d50_hh272
d2,d120_hh269
d2,d2_hh180
d2,d4_hh87
d2,d174_hh242
d2,d193_hh85
d2,d66_hh18
d2,d187_hh87
d2,d147_hh54
d2,d162_hh47
d2,d74_hh107
d2,d83_hh204
d2,d109_hh88
d2,d123_hh106
d2,d52_hh115
d2,d41_hh150
d2,d77_hh123
d2,d93_hh18
d2,d126_hh207
d2,d66_hh14
d2,d119_hh24
d2,d187_hh61
d2,d34_hh77
d2,d40_hh200
d2,d147_hh43
d2,d23_hh21
d2,d2_hh180
d2,d90_hh151
d2,d85_hh184
d2,d90_hh207
d2,d197_hh151
d2,d90_hh151
d2,d143_hh28
d2,d17_hh213
d2,d187_hh42
d2,d149_hh1
d2,d38_hh159
d2,d57_hh250
d2,d182_hh229
d2,d113_hh175
d2,d117_hh140
d2,d85_hh144
d2,d154_hh2
d2,d137_hh106
d2,d85_hh110
d2,d187_hh61
d2,d83_hh117
d2,d52_hh115
d2,d42_hh88
d2,d143_hh28
d2,d213_hh178
d2,d123_hh160
d2,d213_hh252
d2,d102_hh200
d2,d138_hh150
d2,d200_hh261
d2,d179_hh1
d2,d83_hh76
d2,d200_hh21
d2,d62_hh251
d2,d41_hh206
d2,d59_hh112
d2,d66_hh18
d2,d40_hh152
d2,d195_hh19
d2,d90_hh151
d2,d19_hh38
d2,d195_hh109
d2,d39_hh67
d2,d31_hh34
d2,d195_hh19
d2,d83_hh76
d2,d155_hh148
d2,d19_hh130
d2,d166_hh150
d2,d138_hh83
d2,d30_hh58
d2,d139_hh214
d2,d177_hh145
d2,d208_hh240
d2,d173_hh262
d2,d138_hh83
d2,d83_hh76
d2,d83_hh117
d2,d15_hh103
d2,d126_hh4
d2,d171_hh88
d2,d52_hh33
d2,d162_hh213
d2,d214_hh13
d2,d2_hh217
d2,d100_hh48
d2,d50_hh217
d2,d41_hh71
d2,d74_hh15
d2,d209_hh159
d2,d81_hh89
d2,d75_hh53
d2,d120_hh248
d2,d213_hh252
d2,d62_hh259
d2,d169_hh225
d2,d29_hh243
d2,d104_hh270
d2,d138_hh82
d2,d57_hh250
d2,d104_hh58
d2,d166_hh150
d2,d50_hh7
d2,d4_hh29
d2,d46_hh53
d2,d24_hh176
d2,d147_hh169
d2,d21_hh97
d2,d209_hh11
d2,d98_hh245
d2,d123_hh104
d2,d159_hh183
d2,d202_hh170
d2,d202_hh264
d2,d186_hh185
d2,d187_hh42
d2,d155_hh151
d2,d54_hh222
d2,d96_hh110
d2,d30_hh267
d2,d158_hh239
d2,d74_hh15
d2,d177_hh163
d2,d122_hh144
d2,d147_hh43
d2,d102_hh201
d2,d128_hh28
d2,d126_hh263
d2,d182_hh226
d4,d85_hh144
d4,d174_hh42
d4,d187_hh42
d4,d162_hh213
d4,d213_hh178
d4,d80_hh106
d4,d21_hh97
d4,d66_hh207
d4,d98_hh100
d4,d207_hh219
d4,d65_hh29
d4,d39_hh154
d4,d208_hh168
d4,d117_hh11
d4,d11_hh128
d4,d15_hh103
d4,d154_hh2
d4,d118_hh244
d4,d139_hh214
d4,d213_hh2
d4,d21_hh97
d4,d123_hh57
d4,d126_hh207
d4,d57_hh16
d4,d128_hh28
d4,d178_hh134
d4,d50_hh7
d4,d214_hh210
d4,d62_hh98
d4,d57_hh286
d4,d208_hh240
d4,d90_hh151
d4,d143_hh28
d4,d50_hh249
d4,d174_hh242
d4,d166_hh164
d4,d165_hh94
d4,d15_hh186
d4,d171_hh71
d4,d135_hh2
d4,d198_hh136
d4,d83_hh193
d4,d208_hh253
d4,d18_hh227
d4,d177_hh163
d4,d208_hh240
d4,d184_hh158
d4,d67_hh209
d4,d169_hh225
d4,d65_hh29
d4,d193_hh248
d4,d149_hh14
d4,d160_hh88
d4,d143_hh28
d4,d52_hh165
d4,d119_hh222
d4,d50_hh7
d4,d15_hh76
d4,d82_hh154
d4,d23_hh156
d4,d42_hh58
d4,d111_hh131
d4,d204_hh87
d4,d215_hh105
d4,d55_hh94
d4,d95_hh205
d4,d23_hh93
d4,d97_hh26
d4,d26_hh40
d4,d56_hh262
d4,d2_hh287
d4,d83_hh153
d4,d137_hh119
d4,d57_hh166
d4,d131_hh174
d4,d100_hh48
d4,d98_hh84
d4,d143_hh241
d4,d95_hh164
d4,d175_hh131
d4,d132_hh188
d4,d87_hh156
d4,d62_hh259
d4,d19_hh130
d4,d160_hh0
d4,d19_hh130
d4,d16_hh287
d4,d2_hh180
d4,d2_hh173
d4,d57_hh286
d4,d122_hh16
d4,d123_hh106
d4,d23_hh204
d4,d124_hh40
d4,d104_hh116
d4,d26_hh40
d4,d50_hh249
d4,d91_hh199
d4,d159_hh183
d4,d38_hh165
d4,d131_hh180
d4,d24_hh176
d4,d166_hh239
d4,d17_hh213
d4,d50_hh272
d4,d209_hh159
d4,d112_hh8
d4,d158_hh86
d4,d101_hh155
d4,d104_hh58
d4,d66_hh207
d4,d61_hh41
d4,d182_hh226
d4,d77_hh123
d4,d54_hh222
d4,d164_hh122
d4,d173_hh163
d4,d65_hh101
d4,d173_hh262
d4,d130_hh244
d4,d21_hh105
d4,d141_hh27
d4,d132_hh188
d4,d80_hh106
d4,d213_hh252
d4,d43_hh125
d4,d41_hh71
d4,d126_hh4
d4,d34_hh77
d4,d202_hh205
d4,d178_hh134
d4,d102_hh200
d4,d36_hh226
d4,d33_hh58
d4,d214_hh13
d4,d51_hh231
d4,d208_hh168
d4,d56_hh262
d4,d21_hh90
d4,d209_hh244
d4,d155_hh210
d4,d125_hh3
d4,d75_hh102
d4,d80_hh186
d4,d141_hh27
d4,d162_hh47
d4,d101_hh155
d4,d54_hh222
d4,d36_hh226
d4,d93_hh66
d4,d55_hh254
d4,d119_hh210
d4,d54_hh57
d4,d56_hh174
d4,d177_hh163
d4,d42_hh202
d4,d31_hh34
d4,d204_hh239
d4,d204_hh56
d4,d67_hh15
d4,d53_hh3
d4,d93_hh18
d4,d132_hh44
d4,d163_hh145
d4,d158_hh86
d4,d165_hh107
d4,d83_hh204
d4,d39_hh99
d4,d182_hh74
d4,d191_hh246
d4,d95_hh56
d4,d16_hh287
d4,d4_hh202
d4,d26_hh40
d4,d193_hh138
d4,d85_hh144
d4,d132_hh46
d4,d147_hh169
d4,d65_hh101
d4,d135_hh17
d4,d74_hh142
d4,d66_hh213
d4,d65_hh242
d4,d158_hh107
d4,d141_hh128
d4,d215_hh105
d4,d98_hh100
d4,d131_hh24
d4,d82_hh154
d4,d160_hh88
d4,d158_hh136
d4,d16_hh287
d4,d91_hh199
d4,d66_hh240
d4,d15_hh103
d4,d75_hh102
d4,d23_hh233
d4,d199_hh49
d4,d128_hh126
d4,d51_hh231
d4,d39_hh66
d4,d85_hh110
d4,d179_hh1
d4,d97_hh156
d4,d104_hh58
d4,d127_hh89
d4,d119_hh95
d4,d187_hh61
d4,d57_hh286
d4,d147_hh54
d4,d98_hh100
d4,d182_hh226
d4,d101_hh155
d4,d7_hh257
d4,d117_hh11
d4,d163_hh145
d4,d200_hh77
d4,d213_hh178
d4,d119_hh64
d4,d152_hh168
d4,d205_hh196
d4,d138_hh82
d4,d200_hh102
d4,d30_hh267
d4,d178_hh272
d4,d85_hh184
d4,d213_hh178
d4,d56_hh174
d4,d41_hh71
d4,d100_hh145
d4,d207_hh219
d4,d137_hh119
d4,d40_hh200
d4,d182_hh195
d4,d200_hh102
d4,d122_hh144
d4,d21_hh90
d4,d83_hh193
d4,d2_hh68
d4,d21_hh97
d4,d186_hh185
d4,d134_hh270
d4,d182_hh229
d4,d42_hh88
d4,d51_hh231
d4,d198_hh152
d4,d182_hh149
d4,d127_hh89
d4,d23_hh233
d4,d98_hh177
d4,d120_hh269
d4,d122_hh159
d4,d213_hh178
d4,d195_hh109
d4,d187_hh7
d4,d207_hh219
d4,d83_hh117
d4,d197_hh151
d4,d169_hh190
d16,d160_hh0
d16,d4_hh87
d16,d85_hh184
d16,d113_hh175
d16,d143_hh28
d16,d67_hh209
d16,d135_hh2
d16,d158_hh239
d16,d75_hh227
d16,d74_hh257
d16,d187_hh7
d16,d87_hh156
d16,d72_hh42
d16,d124_hh40
d16,d143_hh28
d16,d98_hh100
d16,d57_hh16
d16,d56_hh262
d16,d75_hh25
d16,d195_hh109
d16,d163_hh213
d16,d131_hh174
d16,d2_hh173
d16,d112_hh8
d16,d42_hh185
d16,d34_hh77
d16,d59_hh112
d16,d214_hh47
d16,d95_hh201
d16,d200_hh77
d16,d36_hh226
d16,d82_hh154
d16,d149_hh1
d16,d95_hh56
d16,d213_hh247
d16,d147_hh54
d16,d67_hh15
d16,d204_hh87
d16,d187_hh42
d16,d119_hh177
d16,d173_hh163
d16,d101_hh129
d16,d161_hh21
d16,d213_hh178
d16,d100_hh91
d16,d59_hh251
d16,d178_hh157
d16,d97_hh26
d16,d42_hh58
d16,d173_hh163
d16,d80_hh236
d16,d135_hh17
d16,d114_hh66
d16,d198_hh188
d16,d109_hh67
d16,d174_hh42
d16,d120_hh161
d16,d91_hh138
d16,d214_hh47
d16,d161_hh203
d16,d214_hh70
d16,d102_hh201
d16,d126_hh167
d16,d95_hh164
d16,d85_hh110
d16,d44_hh164
d16,d102_hh200
d16,d74_hh107
d16,d85_hh144
d16,d54_hh218
d16,d114_hh47
d16,d140_hh85
d16,d134_hh223
d16,d130_hh142
d16,d126_hh4
d16,d154_hh2
d16,d133_hh241
d16,d46_hh53
d16,d119_hh64
d16,d54_hh218
d16,d5_hh5
d16,d104_hh175
d16,d204_hh87
d16,d44_hh164
d16,d129_hh122
d16,d193_hh248
d16,d182_hh226
d16,d161_hh185
d16,d138_hh82
d16,d123_hh119
d16,d178_hh272
d16,d54_hh218
d16,d110_hh193
d16,d163_hh213
d16,d123_hh129
d16,d123_hh119
d16,d57_hh250
d16,d122_hh144
d16,d46_hh69
d16,d126_hh207
d16,d78_hh223
d16,d210_hh200
d16,d174_hh213
d16,d174_hh42
d16,d118_hh244
d16,d114_hh219
d16,d111_hh131
d16,d122_hh159
d16,d199_hh180
d16,d83_hh204
d16,d141_hh27
d16,d2_hh68
d16,d7_hh257
d16,d59_hh251
d16,d174_hh242
d16,d19_hh38
d16,d134_hh270
d16,d39_hh154
d16,d173_hh163
d16,d97_hh156
d16,d50_hh272
d16,d99_hh225
d16,d169_hh216
d16,d100_hh145
d16,d187_hh61
d16,d100_hh91
d16,d42_hh202
d16,d175_hh52
d16,d138_hh150
d16,d133_hh135
d16,d67_hh15
d16,d74_hh15
d16,d182_hh74
d16,d23_hh93
d16,d200_hh102
d16,d187_hh42
d16,d158_hh86
d16,d18_hh227
d16,d90_hh233
d16,d88_hh195
d16,d214_hh47
d16,d150_hh207
d16,d133_hh135
d16,d24_hh92
d16,d150_hh203
d16,d173_hh163
d16,d90_hh207
d16,d2_hh68
d16,d90_hh151
d16,d97_hh156
d16,d52_hh33
d16,d117_hh11
d16,d165_hh94
d16,d2_hh287
d16,d186_hh185
d16,d147_hh43
d16,d109_hh67
d16,d87_hh245
d16,d57_hh216
d16,d182_hh229
d16,d21_hh97
d16,d171_hh71
d16,d66_hh240
d16,d75_hh25
d16,d38_hh159
d16,d41_hh163
d16,d210_hh142
d16,d177_hh145
d16,d140_hh85
d16,d54_hh57
d16,d141_hh128
d16,d191_hh246
d16,d120_hh161
d16,d17_hh213
d16,d109_hh88
d16,d126_hh167
d16,d150_hh203
d16,d174_hh24
d16,d123_hh57
d16,d90_hh207
d16,d133_hh135
d16,d54_hh218
d16,d52_hh165
d16,d193_hh85
d16,d75_hh102
d16,d143_hh28
d16,d59_hh251
d16,d149_hh14
d16,d67_hh15
d16,d75_hh264
d16,d73_hh184
d16,d55_hh94
d16,d95_hh56
d16,d101_hh155
d16,d41_hh150
d16,d202_hh264
d16,d169_hh199
d16,d44_hh38
d16,d104_hh270
d16,d51_hh151
d16,d197_hh151
d16,d74_hh107
d16,d21_hh97
d16,d15_hh264
d16,d138_hh150
d16,d155_hh148
d16,d31_hh34
d16,d182_hh149
d16,d90_hh151
d16,d102_hh242
d16,d91_hh90
d16,d57_hh216
d16,d132_hh188
d16,d174_hh42
d16,d57_hh250
d16,d197_hh151
d16,d166_hh239
d16,d182_hh226
d16,d138_hh82
d16,d111_hh131
d16,d147_hh43
d16,d62_hh98
d16,d175_hh52
d16,d209_hh244
d16,d123_hh160
d16,d154_hh2
d16,d2_hh180
d16,d4_hh29
d16,d133_hh111
d16,d44_hh38
d16,d193_hh248
d16,d2_hh173
d16,d209_hh254
d16,d21_hh97
d16,d122_hh16
d16,d69_hh240
d16,d46_hh12
d16,d101_hh129
d16,d97_hh26
d16,d199_hh49
d16,d61_hh41
d16,d66_hh240
d16,d90_hh233
d16,d199_hh71
d16,d102_hh201
d16,d57_hh216
d16,d135_hh17
d16,d26_hh40
d16,d123_hh104
d16,d197_hh151
d16,d133_hh135
d16,d195_hh109
d16,d104_hh175
d16,d175_hh52
d16,d75_hh25
d16,d114_hh66
d16,d75_hh264
d16,d67_hh15
d16,d102_hh242
d16,d96_hh110
d16,d135_hh17
d16,d88_hh195
d16,d98_hh84
d16,d191_hh53
d16,d213_hh247
d16,d40_hh200
d16,d195_hh19
d16,d69_hh240
d16,d161_hh21
d16,d31_hh139
d16,d155_hh18
d16,d40_hh152
d16,d111_hh131
d16,d7_hh257
d16,d143_hh28
d16,d178_hh191
d16,d119_hh222
d16,d155_hh148
d16,d112_hh8
d16,d114_hh66
d16,d187_hh61
d16,d81_hh89
d16,d182_hh39
d16,d72_hh208
d16,d66_hh213
d16,d213_hh252
d16,d69_hh240
d16,d109_hh67
d16,d195_hh47
d16,d152_hh29
d16,d17_hh12
d16,d155_hh148
d16,d184_hh238
d16,d159_hh64
d16,d161_hh185
d16,d132_hh188
d16,d209_hh219
d16,d166_hh150
d17,d15_hh186
d17,d42_hh202
d17,d120_hh269
d17,d110_hh193
d17,d137_hh119
d17,d7_hh257
d17,d135_hh2
d17,d62_hh251
d17,d200_hh21
d17,d75_hh53
d17,d187_hh87
d17,d175_hh52
d17,d39_hh99
d17,d147_hh43
d17,d199_hh71
d17,d119_hh177
d17,d141_hh128
d17,d133_hh111
d17,d72_hh42
d17,d23_hh93
d17,d23_hh21
d17,d202_hh264
d17,d21_hh105
d17,d118_hh118
d17,d56_hh262
d17,d97_hh156
d17,d23_hh93
d17,d15_hh186
d17,d128_hh126
d17,d187_hh87
d17,d50_hh7
d17,d101_hh129
d17,d52_hh165
d17,d15_hh80
d17,d207_hh219
d17,d133_hh135
d17,d175_hh52
d17,d54_hh44
d17,d78_hh223
d17,d186_hh185
d17,d83_hh193
d17,d57_hh286
d17,d104_hh116
d17,d15_hh76
d17,d31_hh34
d17,d141_hh129
d17,d74_hh243
d17,d123_hh119
d17,d199_hh71
d17,d97_hh26
d17,d197_hh151
d17,d23_hh156
d17,d213_hh2
d17,d182_hh226
d17,d197_hh151
d17,d207_hh191
d17,d75_hh227
d17,d208_hh253
d17,d75_hh102
d17,d65_hh29
d17,d15_hh103
d17,d202_hh205
d17,d44_hh38
d17,d16_hh294
d17,d4_hh202
d17,d54_hh189
d17,d133_hh241
d17,d178_hh157
d17,d30_hh267
d17,d91_hh138
d17,d40_hh200
d17,d15_hh186
d17,d75_hh227
d17,d40_hh152
d17,d7_hh257
d17,d44_hh38
d17,d16_hh287
d17,d132_hh46
d17,d100_hh48
d17,d57_hh286
d17,d173_hh163
d17,d74_hh257
d17,d150_hh207
d17,d98_hh177
d17,d104_hh116
d17,d190_hh38
d17,d4_hh29
d17,d62_hh98
d17,d154_hh2
d17,d87_hh156
d17,d143_hh241
d17,d26_hh40
d17,d152_hh29
d17,d177_hh163
d17,d101_hh129
d17,d75_hh102
d17,d182_hh149
d17,d174_hh213
d17,d50_hh272
d17,d195_hh109
d17,d171_hh23
d17,d91_hh90
d17,d131_hh174
d17,d18_hh227
d17,d29_hh131
d17,d177_hh163
d17,d129_hh122
d17,d132_hh76
d17,d53_hh147
d17,d90_hh207
d17,d38_hh159
d17,d187_hh87
d17,d159_hh183
d17,d174_hh213
d17,d15_hh76
d17,d158_hh136
d17,d41_hh71
d17,d171_hh71
d17,d178_hh58
d17,d39_hh99
d17,d214_hh47
d17,d74_hh142
d17,d44_hh164
d17,d17_hh210
d17,d66_hh207
d17,d187_hh61
d17,d210_hh200
d17,d161_hh21
d17,d40_hh152
d17,d46_hh69
d17,d91_hh138
d17,d204_hh239
d17,d42_hh58
d17,d48_hh118
d17,d102_hh242
d17,d117_hh140
d17,d213_hh2
d17,d75_hh216
d17,d15_hh210
d17,d91_hh90
d17,d161_hh203
d17,d155_hh210
d17,d4_hh80
d17,d83_hh204
d17,d54_hh218
d17,d40_hh152
d17,d175_hh131
d17,d75_hh227
d17,d85_hh110
d17,d198_hh152
d17,d123_hh106
d17,d57_hh166
d17,d193_hh248
d17,d159_hh64
d17,d74_hh15
d17,d123_hh129
d17,d38_hh165
d17,d69_hh240
d17,d198_hh152
d17,d48_hh118
d17,d75_hh227
d17,d4_hh80
d17,d122_hh144
d17,d31_hh34
d17,d120_hh248
d17,d214_hh70
d17,d83_hh204
d17,d209_hh11
d17,d90_hh151
d17,d57_hh166
d17,d15_hh186
d17,d155_hh210
d17,d120_hh248
d17,d149_hh107
d17,d56_hh262
d17,d158_hh136
d17,d2_hh180
d17,d117_hh74
d17,d98_hh177
d17,d62_hh251
d17,d165_hh94
d17,d187_hh0
d17,d198_hh136
d17,d155_hh18
d17,d54_hh44
d17,d162_hh213
d17,d164_hh122
d17,d57_hh250
d17,d171_hh23
d17,d164_hh122
d17,d131_hh205
d17,d74_hh257
d17,d119_hh177
d17,d125_hh3
d17,d7_hh257
d17,d169_hh199
d17,d178_hh173
d17,d13_hh58
d17,d54_hh189
d17,d126_hh167
d17,d15_hh80
d17,d208_hh240
d17,d119_hh210
d17,d122_hh144
d17,d209_hh244
d17,d213_hh252
d17,d143_hh241
d17,d104_hh270
d17,d159_hh64
d17,d174_hh213
d17,d62_hh22
d17,d202_hh264
d17,d126_hh263
d17,d40_hh200
d17,d15_hh76
d17,d134_hh223
d17,d134_hh270
d17,d109_hh67
d17,d40_hh152
d17,d184_hh238
d17,d42_hh19
d17,d125_hh3
d17,d127_hh89
d17,d17_hh12
d17,d132_hh76
d17,d155_hh210
d17,d154_hh2
d17,d182_hh74
d17,d57_hh216
d17,d43_hh125
d17,d138_hh83
d17,d147_hh169
d17,d98_hh100
d17,d42_hh202
d17,d59_hh251
d17,d122_hh16
d17,d133_hh111
d17,d125_hh135
d17,d15_hh186
d17,d56_hh4
d17,d74_hh142
d17,d91_hh21
d17,d190_hh38
d17,d126_hh167
d17,d54_hh218
d17,d16_hh287
d17,d110_hh252
d17,d204_hh87
d17,d119_hh95
d17,d208_hh240
d17,d99_hh225
d17,d15_hh103
d17,d98_hh84
d17,d126_hh263
d17,d109_hh88
d17,d122_hh16
d17,d50_hh272
d17,d174_hh213
d17,d131_hh205
d17,d140_hh85
d17,d26_hh40
d17,d95_hh56
d17,d48_hh118
d17,d213_hh2
d17,d200_hh261
d17,d138_hh83
d17,d169_hh199
d17,d122_hh16
d17,d208_hh253
d17,d39_hh99
d17,d59_hh251
d17,d209_hh11
d17,d66_hh14
d17,d182_hh39
d17,d67_hh209
d17,d15_hh103
d17,d56_hh174
d17,d134_hh223
d17,d53_hh147
d17,d164_hh122
d17,d50_hh7
d17,d200_hh261
d17,d178_hh191
d17,d169_hh190
d17,d23_hh21
d17,d132_hh44
d17,d124_hh40
d17,d65_hh29
d17,d57_hh166
d17,d74_hh257
d17,d166_hh24
d17,d166_hh239
d17,d66_hh14
d17,d50_hh249
d17,d182_hh229
d17,d15_hh22
d17,d169_hh216
d17,d54_hh218
d3,d103_hh175
d3,d60_hh172
d3,d206_hh74
d3,d206_hh74
d3,d196_hh34
d3,d71_hh292
d3,d9_hh176
d3,d14_hh160
d3,d105_hh238
d3,d203_hh11
d3,d14_hh160
d3,d84_hh62
d3,d148_hh221
d3,d103_hh89
d3,d107_hh143
d3,d151_hh93
d3,d79_hh76
d3,d27_hh65
d3,d107_hh143
d3,d49_hh131
d3,d9_hh176
d3,d45_hh282
d3,d49_hh237
d3,d189_hh106
d3,d84_hh101
d3,d86_hh136
d3,d27_hh133
d3,d192_hh28
d3,d189_hh237
d3,d167_hh41
d3,d84_hh62
d3,d192_hh0
d3,d145_hh150
d3,d10_hh110
d3,d180_hh34
d3,d196_hh42
d3,d9_hh176
d3,d194_hh224
d3,d103_hh172
d3,d68_hh230
d3,d45_hh282
d3,d64_hh137
d3,d107_hh76
d3,d206_hh256
d3,d188_hh137
d3,d151_hh93
d3,d145_hh145
d3,d151_hh146
d3,d89_hh65
d3,d27_hh65
d3,d27_hh65
d3,d121_hh238
d3,d45_hh183
d3,d3_hh279
d3,d148_hh82
d3,d103_hh172
d3,d79_hh76
d3,d49_hh149
d3,d172_hh102
d3,d167_hh167
d3,d9_hh97
d3,d151_hh93
d3,d176_hh122
d3,d148_hh189
d3,d103_hh89
d3,d115_hh2
d3,d167_hh120
d3,d136_hh236
d3,d63_hh98
d3,d176_hh183
d3,d64_hh165
d3,d201_hh21
d3,d60_hh172
d3,d121_hh238
d3,d45_hh183
d3,d49_hh131
d3,d14_hh160
d3,d84_hh101
d3,d49_hh198
d3,d10_hh46
d3,d68_hh230
d3,d70_hh135
d3,d145_hh2
d3,d84_hh6
d3,d3_hh279
d3,d103_hh264
d3,d167_hh120
d3,d70_hh79
d3,d6_hh77
d3,d167_hh36
d3,d10_hh60
d3,d64_hh45
d3,d22_hh0
d3,d64_hh133
d3,d115_hh2
d3,d176_hh122
d3,d107_hh76
d3,d194_hh13
d3,d49_hh89
d3,d22_hh0
d3,d103_hh115
d3,d60_hh165
d3,d49_hh89
d3,d22_hh219
d3,d49_hh89
d3,d196_hh42
d3,d45_hh183
d3,d107_hh0
d3,d27_hh145
d3,d107_hh0
d3,d181_hh63
d3,d45_hh282
d3,d103_hh115
d3,d206_hh74
d3,d172_hh102
d3,d49_hh245
d3,d49_hh155
d3,d79_hh76
d3,d86_hh136
d3,d64_hh45
d3,d49_hh89
d3,d151_hh1
d3,d145_hh145
d3,d45_hh183
d3,d49_hh119
d3,d71_hh292
d3,d206_hh256
d3,d49_hh237
d3,d151_hh194
d3,d148_hh82
d3,d28_hh260
d3,d84_hh101
d3,d148_hh82
d3,d189_hh237
d3,d27_hh133
d3,d6_hh77
d3,d60_hh165
d3,d107_hh260
d3,d172_hh1
d3,d188_hh137
d3,d206_hh188
d3,d189_hh80
d3,d94_hh137
d3,d60_hh165
d3,d148_hh97
d3,d64_hh165
d3,d79_hh93
d3,d60_hh210
d3,d79_hh76
d3,d172_hh102
d3,d25_hh250
d3,d185_hh17
d3,d196_hh175
d3,d8_hh179
d3,d203_hh11
d3,d107_hh76
d3,d63_hh98
d3,d79_hh182
d3,d107_hh6
d3,d107_hh6
d3,d189_hh237
d3,d60_hh165
d3,d194_hh102
d3,d148_hh98
d3,d151_hh194
d3,d86_hh136
d3,d172_hh1
d3,d188_hh223
d3,d201_hh28
d3,d84_hh220
d3,d103_hh53
d3,d189_hh237
d3,d89_hh65
d3,d151_hh1
d3,d192_hh28
d3,d196_hh42
d3,d148_hh98
d3,d70_hh135
d3,d176_hh183
d3,d84_hh220
d3,d203_hh11
d3,d94_hh178
d3,d63_hh98
d3,d176_hh183
d3,d49_hh119
d3,d181_hh267
d3,d211_hh181
d3,d103_hh89
d3,d64_hh45
d3,d151_hh207
d3,d148_hh98
d3,d49_hh89
d3,d71_hh292
d3,d49_hh155
d3,d167_hh120
d3,d188_hh137
d3,d9_hh56
d3,d64_hh133
d3,d148_hh82
d3,d103_hh53
d3,d167_hh41
d3,d151_hh194
d3,d94_hh137
d3,d206_hh188
d3,d84_hh220
d3,d71_hh292
d3,d94_hh178
d3,d188_hh137
d3,d71_hh169
d3,d71_hh292
d3,d107_hh260
d3,d86_hh136
d3,d157_hh104
d3,d84_hh220
d3,d180_hh34
d3,d45_hh9
d3,d22_hh225
d3,d108_hh127
d3,d103_hh115
d3,d84_hh15
d3,d206_hh283
d3,d10_hh110
d3,d144_hh235
d3,d185_hh17
d3,d60_hh165
d3,d49_hh89
d3,d86_hh136
d3,d121_hh238
d3,d84_hh6
d3,d9_hh176
d3,d145_hh145
d3,d107_hh6
d3,d10_hh46
d3,d108_hh277
d3,d64_hh165
d3,d10_hh110
d3,d108_hh127
d3,d60_hh165
d3,d84_hh6
d3,d84_hh62
d3,d107_hh0
d3,d196_hh42
d3,d84_hh6
d3,d206_hh74
d3,d145_hh2
d3,d181_hh59
d3,d107_hh6
d3,d45_hh9
d3,d151_hh1
d3,d49_hh198
d3,d84_hh101
d3,d49_hh155
d3,d148_hh82
d3,d151_hh1
d3,d194_hh102
d3,d49_hh131
d3,d206_hh283
d3,d196_hh60
d3,d103_hh72
d3,d206_hh283
d3,d185_hh17
d3,d181_hh63
d3,d49_hh237
d3,d103_hh172
d3,d45_hh282
d3,d148_hh97
d3,d86_hh136
d3,d103_hh72
d3,d60_hh172
d3,d151_hh1
d3,d103_hh115
d3,d188_hh137
d3,d188_hh137
d3,d192_hh169
d3,d10_hh60
d3,d172_hh263
d3,d60_hh210
d3,d167_hh120
d3,d185_hh17
d3,d172_hh102
d3,d196_hh34
d3,d194_hh13
d3,d103_hh172
d3,d49_hh89
d3,d71_hh292
d3,d63_hh98
d3,d64_hh271
d3,d84_hh101
d3,d103_hh115
d3,d86_hh114
d3,d206_hh74
d3,d151_hh1
d3,d84_hh101
d3,d27_hh133
d3,d201_hh86
d3,d181_hh59
d3,d64_hh165
d3,d201_hh21
d3,d64_hh165
d6,d189_hh237
d6,d64_hh165
d6,d151_hh194
d6,d9_hh97
d6,d203_hh30
d6,d70_hh243
d6,d60_hh172
d6,d84_hh62
d6,d206_hh188
d6,d45_hh282
d6,d45_hh282
d6,d86_hh167
d6,d107_hh76
d6,d103_hh53
d6,d105_hh161
d6,d27_hh65
d6,d3_hh7
d6,d151_hh146
d6,d148_hh82
d6,d196_hh42
d6,d27_hh145
d6,d172_hh102
d6,d64_hh69
d6,d64_hh271
d6,d3_hh98
d6,d145_hh2
d6,d151_hh207
d6,d3_hh279
d6,d27_hh65
d6,d145_hh150
d6,d45_hh9
d6,d9_hh97
d6,d86_hh136
d6,d86_hh70
d6,d105_hh238
d6,d201_hh21
d6,d206_hh283
d6,d167_hh41
d6,d64_hh45
d6,d60_hh210
d6,d49_hh119
d6,d68_hh230
d6,d108_hh35
d6,d144_hh235
d6,d89_hh77
d6,d45_hh140
d6,d145_hh150
d6,d70_hh135
d6,d201_hh21
d6,d103_hh175
d6,d94_hh178
d6,d71_hh292
d6,d6_hh77
d6,d70_hh135
d6,d103_hh53
d6,d103_hh89
d6,d71_hh292
d6,d145_hh145
d6,d49_hh198
d6,d206_hh188
d6,d176_hh183
d6,d27_hh65
d6,d103_hh115
d6,d64_hh165
d6,d28_hh260
d6,d8_hh179
d6,d45_hh282
d6,d63_hh98
d6,d144_hh235
d6,d79_hh93
d6,d10_hh46
d6,d89_hh65
d6,d64_hh165
d6,d148_hh189
d6,d10_hh46
d6,d144_hh235
d6,d27_hh133
d6,d144_hh235
d6,d64_hh137
d6,d84_hh6
d6,d3_hh7
d6,d22_hh155
d6,d206_hh74
d6,d68_hh230
d6,d108_hh277
d6,d64_hh133
d6,d151_hh1
d6,d89_hh77
d6,d3_hh279
d6,d64_hh45
d6,d27_hh65
d6,d189_hh237
d6,d105_hh238
d6,d203_hh11
d6,d185_hh70
d6,d181_hh267
d6,d10_hh46
d6,d49_hh245
d6,d64_hh45
d6,d103_hh172
d6,d176_hh183
d6,d206_hh283
d6,d71_hh169
d6,d49_hh237
d6,d71_hh152
d6,d105_hh238
d6,d148_hh189
d6,d89_hh77
d6,d63_hh98
d6,d206_hh188
d6,d105_hh48
d6,d84_hh220
d6,d192_hh159
d6,d192_hh169
d6,d167_hh167
d6,d148_hh82
d6,d71_hh169
d6,d196_hh60
d6,d89_hh65
d6,d49_hh237
d6,d49_hh245
d6,d94_hh178
d6,d10_hh110
d6,d89_hh43
d6,d71_hh152
d6,d103_hh89
d6,d189_hh106
d6,d27_hh145
d6,d71_hh292
d6,d70_hh188
d6,d70_hh135
d6,d3_hh98
d6,d148_hh189
d6,d145_hh150
d6,d60_hh210
d6,d151_hh93
d6,d103_hh115
d6,d121_hh146
d6,d89_hh77
d6,d71_hh169
d6,d180_hh130
d6,d49_hh131
d6,d189_hh106
d6,d145_hh212
d6,d167_hh41
d6,d103_hh72
d6,d172_hh1
d6,d145_hh145
d6,d105_hh161
d6,d84_hh15
d6,d64_hh165
d6,d192_hh28
d6,d196_hh60
d6,d3_hh279
d6,d28_hh124
d6,d64_hh271
d6,d79_hh93
d6,d64_hh165
d6,d189_hh237
d6,d201_hh86
d6,d148_hh189
d6,d64_hh271
d6,d108_hh127
d6,d136_hh186
d6,d45_hh183
d6,d148_hh189
d6,d6_hh77
d6,d89_hh65
d6,d49_hh119
d6,d189_hh237
d6,d8_hh179
d6,d167_hh41
d6,d148_hh98
d6,d188_hh98
d6,d8_hh179
d6,d14_hh160
d6,d151_hh207
d6,d206_hh74
d6,d60_hh210
d6,d103_hh175
d6,d196_hh42
d6,d148_hh98
d6,d189_hh237
d6,d151_hh93
d6,d185_hh17
d6,d71_hh169
d6,d45_hh183
d6,d167_hh120
d6,d45_hh282
d6,d3_hh279
d6,d60_hh172
d6,d176_hh122
d6,d84_hh6
d6,d89_hh43
d6,d6_hh77
d6,d189_hh80
d6,d10_hh60
d6,d22_hh155
d6,d64_hh271
d6,d60_hh210
d6,d49_hh198
d6,d70_hh79
d6,d10_hh46
d6,d108_hh127
d6,d60_hh172
d6,d28_hh260
d6,d3_hh98
d6,d86_hh136
d6,d89_hh65
d6,d103_hh175
d6,d49_hh155
d6,d9_hh176
d6,d105_hh238
d6,d107_hh143
d6,d167_hh120
d6,d105_hh238
d6,d84_hh6
d6,d22_hh0
d6,d176_hh183
d6,d196_hh60
d6,d121_hh146
d6,d196_hh42
d6,d70_hh135
d6,d136_hh236
d6,d79_hh182
d6,d196_hh34
d6,d45_hh9
d6,d64_hh165
d6,d79_hh93
d6,d206_hh188
d6,d49_hh198
d6,d60_hh172
d6,d49_hh89
d6,d64_hh271
d6,d192_hh159
d6,d105_hh161
d6,d79_hh76
d6,d121_hh146
d6,d196_hh42
d6,d176_hh122
d6,d188_hh223
d6,d71_hh292
d6,d189_hh106
d6,d185_hh70
d6,d189_hh237
d6,d84_hh15
d6,d107_hh6
d6,d94_hh137
d6,d192_hh159
d6,d203_hh11
d6,d151_hh93
d6,d206_hh151
d6,d89_hh43
d6,d103_hh115
d6,d185_hh70
d6,d176_hh122
d6,d27_hh133
d6,d89_hh65
d6,d103_hh172
d6,d172_hh102
d6,d148_hh98
d6,d79_hh182
d7,d200_hh21
d7,d34_hh77
d7,d123_hh119
d7,d128_hh28
d7,d75_hh102
d7,d66_hh213
d7,d21_hh105
d7,d178_hh191
d7,d30_hh130
d7,d126_hh207
d7,d213_hh62
d7,d109_hh88
d7,d46_hh245
d7,d120_hh248
d7,d17_hh213
d7,d90_hh151
d7,d57_hh16
d7,d54_hh57
d7,d214_hh41
d7,d186_hh185
d7,d99_hh225
d7,d187_hh61
d7,d132_hh76
d7,d147_hh54
d7,d91_hh199
d7,d73_hh242
d7,d73_hh242
d7,d135_hh2
d7,d129_hh122
d7,d109_hh88
d7,d210_hh200
d7,d120_hh248
d7,d128_hh246
d7,d209_hh254
d7,d114_hh219
d7,d75_hh227
d7,d163_hh145
d7,d104_hh270
d7,d95_hh205
d7,d135_hh17
d7,d117_hh140
d7,d54_hh57
d7,d4_hh80
d7,d29_hh131
d7,d88_hh36
d7,d170_hh130
d7,d165_hh107
d7,d141_hh128
d7,d34_hh77
d7,d20_hh166
d7,d213_hh211
d7,d141_hh129
d7,d75_hh227
d7,d75_hh25
d7,d16_hh287
d7,d52_hh115
d7,d90_hh233
d7,d17_hh213
d7,d104_hh270
d7,d117_hh74
d7,d131_hh205
d7,d39_hh154
d7,d137_hh106
d7,d38_hh159
d7,d158_hh239
d7,d57_hh216
d7,d90_hh233
d7,d162_hh213
d7,d199_hh180
d7,d123_hh84
d7,d163_hh145
d7,d95_hh56
d7,d187_hh87
d7,d114_hh219
d7,d109_hh67
d7,d199_hh180
d7,d135_hh2
d7,d213_hh125
d7,d164_hh122
d7,d98_hh84
d7,d169_hh190
d7,d17_hh12
d7,d182_hh149
d7,d2_hh68
d7,d161_hh21
d7,d131_hh205
d7,d46_hh245
d7,d174_hh213
d7,d83_hh117
d7,d135_hh17
d7,d75_hh25
d7,d80_hh236
d7,d42_hh185
d7,d90_hh207
d7,d175_hh52
d7,d209_hh159
d7,d169_hh199
d7,d34_hh160
d7,d31_hh139
d7,d48_hh118
d7,d91_hh21
d7,d174_hh242
d7,d83_hh76
d7,d54_hh222
d7,d195_hh19
d7,d160_hh0
d7,d16_hh287
d7,d138_hh150
d7,d170_hh117
d7,d53_hh3
d7,d59_hh251
d7,d208_hh240
d7,d34_hh77
d7,d66_hh14
d7,d174_hh24
d7,d155_hh151
d7,d98_hh223
d7,d205_hh196
d7,d117_hh140
d7,d160_hh0
d7,d95_hh201
d7,d91_hh138
d7,d4_hh87
d7,d100_hh48
d7,d125_hh3
d7,d74_hh107
d7,d2_hh68
d7,d205_hh196
d7,d66_hh18
d7,d137_hh119
d7,d91_hh178
d7,d66_hh14
d7,d119_hh210
d7,d208_hh253
d7,d81_hh89
d7,d155_hh148
d7,d83_hh76
d7,d52_hh115
d7,d96_hh110
d7,d12_hh23
d7,d98_hh100
d7,d97_hh26
d7,d57_hh286
d7,d93_hh66
d7,d158_hh107
d7,d191_hh246
d7,d4_hh87
d7,d182_hh74
d7,d178_hh272
d7,d34_hh77
d7,d120_hh248
d7,d91_hh90
d7,d184_hh238
d7,d104_hh116
d7,d17_hh213
d7,d209_hh149
d7,d137_hh119
d7,d46_hh69
d7,d15_hh80
d7,d143_hh28
d7,d138_hh82
d7,d141_hh27
d7,d199_hh49
d7,d42_hh202
d7,d85_hh144
d7,d178_hh58
d7,d42_hh88
d7,d158_hh86
d7,d90_hh207
d7,d54_hh222
d7,d34_hh160
d7,d118_hh118
d7,d123_hh57
d7,d74_hh107
d7,d15_hh76
d7,d182_hh226
d7,d39_hh66
d7,d147_hh169
d7,d91_hh21
d7,d199_hh49
d7,d51_hh151
d7,d158_hh239
d7,d182_hh195
d7,d162_hh47
d7,d195_hh109
d7,d209_hh149
d7,d5_hh5
d7,d177_hh145
d7,d91_hh138
d7,d138_hh150
d7,d160_hh0
d7,d110_hh252
d7,d209_hh219
d7,d23_hh156
d7,d122_hh231
d7,d209_hh219
d7,d24_hh92
d7,d193_hh248
d7,d170_hh130
d7,d113_hh175
d7,d118_hh118
d7,d53_hh3
d7,d74_hh243
d7,d169_hh216
d7,d88_hh195
d7,d132_hh188
d7,d213_hh62
d7,d97_hh26
d7,d122_hh144
d7,d91_hh21
d7,d66_hh213
d7,d174_hh24
d7,d24_hh92
d7,d97_hh26
d7,d98_hh245
d7,d193_hh248
d7,d16_hh287
d7,d132_hh76
d7,d18_hh227
d7,d210_hh142
d7,d198_hh152
d7,d85_hh110
d7,d178_hh173
d7,d143_hh28
d7,d83_hh76
d7,d177_hh163
d7,d104_hh58
d7,d83_hh153
d7,d175_hh52
d7,d152_hh168
d7,d208_hh240
d7,d182_hh229
d7,d130_hh244
d7,d214_hh210
d7,d128_hh246
d7,d166_hh164
d7,d111_hh131
d7,d150_hh207
d7,d83_hh76
d7,d174_hh24
d7,d173_hh163
d7,d158_hh86
d7,d52_hh165
d7,d123_hh119
d7,d80_hh106
d7,d41_hh150
d7,d21_hh105
d7,d209_hh11
d7,d21_hh105
d7,d125_hh3
d7,d208_hh168
d7,d141_hh128
d7,d87_hh156
d7,d42_hh19
d7,d42_hh202
d7,d50_hh7
d7,d39_hh67
d7,d80_hh186
d7,d160_hh88
d7,d66_hh18
d7,d149_hh107
d7,d93_hh18
d7,d147_hh54
d7,d83_hh193
d7,d57_hh216
d7,d163_hh145
d7,d90_hh207
d7,d109_hh88
d7,d34_hh77
d7,d88_hh36
d7,d62_hh22
d7,d126_hh167
d7,d98_hh245
d7,d178_hh173
d7,d123_hh106
d7,d23_hh204
d11,d74_hh107
d11,d173_hh163
d11,d30_hh130
d11,d38_hh165
d11,d24_hh176
d11,d111_hh131
d11,d162_hh47
d11,d205_hh196
d11,d54_hh189
d11,d53_hh147
d11,d131_hh174
d11,d59_hh251
d11,d143_hh241
d11,d127_hh89
d11,d36_hh94
d11,d72_hh208
d11,d138_hh150
d11,d50_hh7
d11,d215_hh105
d11,d106_hh207
d11,d128_hh246
d11,d66_hh14
d11,d163_hh213
d11,d149_hh1
d11,d122_hh16
d11,d54_hh222
d11,d215_hh105
d11,d204_hh56
d11,d200_hh102
d11,d128_hh246
d11,d90_hh151
d11,d54_hh57
d11,d197_hh151
d11,d117_hh74
d11,d17_hh12
d11,d99_hh225
d11,d174_hh242
d11,d39_hh67
d11,d160_hh88
d11,d15_hh210
d11,d199_hh180
d11,d61_hh41
d11,d39_hh99
d11,d128_hh28
d11,d131_hh102
d11,d74_hh243
d11,d72_hh208
d11,d74_hh257
d11,d72_hh42
d11,d15_hh210
d11,d120_hh161
d11,d119_hh210
d11,d187_hh0
d11,d149_hh107
d11,d163_hh213
d11,d15_hh103
d11,d173_hh163
d11,d101_hh155
d11,d15_hh80
d11,d159_hh64
d11,d31_hh34
d11,d207_hh219
d11,d38_hh165
d11,d213_hh252
d11,d75_hh102
d11,d15_hh264
d11,d213_hh125
d11,d95_hh201
d11,d67_hh15
d11,d15_hh186
d11,d182_hh39
d11,d177_hh145
d11,d132_hh46
d11,d42_hh185
d11,d178_hh272
d11,d163_hh213
d11,d173_hh262
d11,d119_hh95
d11,d41_hh150
d11,d202_hh205
d11,d54_hh222
d11,d52_hh115
d11,d59_hh243
d11,d16_hh287
d11,d129_hh122
d11,d2_hh68
d11,d40_hh152
d11,d182_hh149
d11,d191_hh246
d11,d46_hh194
d11,d169_hh225
d11,d74_hh257
d11,d65_hh29
d11,d208_hh168
d11,d119_hh177
d11,d40_hh152
d11,d74_hh142
d11,d54_hh61
d11,d213_hh252
d11,d91_hh199
d11,d98_hh245
d11,d123_hh104
d11,d56_hh262
d11,d187_hh0
d11,d62_hh22
d11,d21_hh105
d11,d100_hh91
d11,d91_hh21
d11,d62_hh251
d11,d174_hh242
d11,d106_hh207
d11,d51_hh231
d11,d73_hh184
d11,d12_hh23
d11,d122_hh159
d11,d127_hh89
d11,d158_hh136
d11,d42_hh202
d11,d174_hh42
d11,d137_hh119
d11,d149_hh14
d11,d21_hh105
d11,d30_hh58
d11,d13_hh58
d11,d75_hh102
d11,d67_hh15
d11,d34_hh77
d11,d186_hh185
d11,d197_hh151
d11,d42_hh88
d11,d209_hh244
d11,d91_hh90
d11,d117_hh140
d11,d55_hh254
d11,d75_hh102
d11,d55_hh254
d11,d46_hh53
d11,d200_hh77
d11,d209_hh159
d11,d97_hh26
d11,d83_hh153
d11,d66_hh240
d11,d200_hh261
d11,d209_hh254
d11,d83_hh204
d11,d40_hh200
d11,d104_hh58
d11,d140_hh85
d11,d54_hh61
d11,d165_hh94
d11,d98_hh177
d11,d111_hh131
d11,d17_hh12
d11,d126_hh167
d11,d147_hh43
d11,d202_hh205
d11,d125_hh3
d11,d62_hh98
d11,d56_hh174
d11,d57_hh16
d11,d195_hh19
d11,d124_hh40
d11,d162_hh213
d11,d175_hh52
d11,d35_hh263
d11,d23_hh93
d11,d54_hh61
d11,d191_hh246
d11,d59_hh251
d11,d102_hh179
d11,d118_hh118
d11,d124_hh40
d11,d102_hh179
d11,d158_hh107
d11,d214_hh210
d11,d207_hh219
d11,d88_hh195
d11,d163_hh213
d11,d162_hh47
d11,d75_hh216
d11,d177_hh163
d11,d152_hh168
d11,d198_hh152
d11,d213_hh178
d11,d4_hh65
d11,d193_hh85
d11,d75_hh227
d11,d165_hh94
d11,d182_hh74
d11,d160_hh88
d11,d138_hh83
d11,d106_hh207
d11,d74_hh243
d11,d62_hh98
d11,d215_hh105
d11,d160_hh88
d11,d2_hh180
d11,d161_hh21
d11,d213_hh62
d11,d4_hh87
d11,d202_hh170
d11,d104_hh58
d11,d15_hh22
d11,d182_hh195
d11,d18_hh137
d11,d125_hh3
d11,d30_hh58
d11,d56_hh174
d11,d193_hh85
d11,d161_hh21
d11,d193_hh138
d11,d169_hh190
d11,d85_hh110
d11,d74_hh142
d11,d4_hh202
d11,d29_hh131
d11,d44_hh38
d11,d123_hh160
d11,d15_hh80
d11,d104_hh270
d11,d126_hh263
d11,d147_hh43
d11,d65_hh242
d11,d202_hh170
d11,d163_hh145
d11,d101_hh129
d11,d59_hh251
d11,d210_hh142
d11,d111_hh227
d11,d91_hh199
d11,d195_hh109
d11,d104_hh58
d11,d141_hh128
d11,d52_hh33
d11,d134_hh270
d11,d50_hh217
d11,d209_hh219
d11,d209_hh159
d11,d213_hh211
d11,d4_hh80
d11,d128_hh126
d11,d21_hh97
d11,d41_hh71
d11,d110_hh252
d11,d62_hh98
d11,d34_hh160
d11,d191_hh53
d11,d178_hh157
d11,d166_hh239
d11,d202_hh170
d11,d198_hh188
d11,d170_hh117
d11,d56_hh174
d11,d36_hh226
d11,d75_hh102
d11,d83_hh193
d11,d119_hh222
d11,d23_hh204
d11,d5_hh5
d11,d198_hh188
d11,d54_hh189
d11,d155_hh210
d11,d62_hh98
d11,d166_hh24
d11,d17_hh228
d11,d110_hh252
d11,d100_hh48
d11,d147_hh169
d11,d149_hh107
d11,d96_hh110
d11,d165_hh94
d11,d97_hh156
d11,d135_hh17
d11,d195_hh19
d11,d57_hh207
d11,d119_hh95
d11,d15_hh76
d11,d2_hh151
d11,d147_hh169
d11,d50_hh272
d11,d23_hh204
d11,d122_hh144
d11,d31_hh127
d11,d152_hh88
d11,d50_hh249
d11,d159_hh183
d11,d66_hh213
d11,d18_hh137
d11,d12_hh23
d11,d17_hh210
d12,d17_hh228
d12,d78_hh223
d12,d88_hh36
d12,d23_hh233
d12,d59_hh243
d12,d204_hh56
d12,d55_hh254
d12,d61_hh155
d12,d23_hh21
d12,d215_hh105
d12,d158_hh107
d12,d179_hh1
d12,d140_hh85
d12,d75_hh102
d12,d74_hh107
d12,d119_hh64
d12,d200_hh102
d12,d152_hh29
d12,d42_hh88
d12,d123_hh104
d12,d41_hh163
d12,d162_hh47
d12,d83_hh153
d12,d2_hh151
d12,d152_hh168
d12,d11_hh53
d12,d187_hh42
d12,d161_hh203
d12,d131_hh174
d12,d193_hh85
d12,d16_hh294
d12,d120_hh161
d12,d21_hh105
d12,d159_hh64
d12,d19_hh130
d12,d158_hh136
d12,d205_hh196
d12,d15_hh76
d12,d149_hh1
d12,d21_hh105
d12,d23_hh93
d12,d214_hh70
d12,d17_hh12
d12,d178_hh157
d12,d195_hh109
d12,d159_hh183
d12,d83_hh76
d12,d54_hh152
d12,d175_hh131
d12,d141_hh128
d12,d33_hh58
d12,d117_hh140
d12,d162_hh47
d12,d98_hh84
d12,d138_hh83
d12,d42_hh19
d12,d123_hh119
d12,d17_hh12
d12,d15_hh210
d12,d159_hh64
d12,d42_hh19
d12,d39_hh67
d12,d114_hh219
d12,d82_hh154
d12,d24_hh92
d12,d50_hh217
d12,d66_hh18
d12,d38_hh165
d12,d187_hh42
d12,d131_hh180
d12,d54_hh222
d12,d178_hh58
d12,d102_hh201
d12,d209_hh219
d12,d21_hh105
d12,d119_hh24
d12,d207_hh219
d12,d133_hh111
d12,d164_hh123
d12,d104_hh116
d12,d119_hh210
d12,d204_hh56
d12,d209_hh219
d12,d138_hh150
d12,d42_hh58
d12,d161_hh203
d12,d123_hh129
d12,d52_hh33
d12,d74_hh257
d12,d51_hh151
d12,d15_hh210
d12,d23_hh21
d12,d39_hh66
d12,d85_hh110
d12,d202_hh264
d12,d61_hh155
d12,d178_hh134
d12,d46_hh245
d12,d213_hh247
d12,d102_hh201
d12,d160_hh0
d12,d43_hh125
d12,d131_hh180
d12,d83_hh204
d12,d41_hh206
d12,d91_hh138
d12,d91_hh21
d12,d17_hh106
d12,d98_hh100
d12,d182_hh74
d12,d17_hh12
d12,d102_hh242
d12,d39_hh99
d12,d187_hh87
d12,d141_hh129
d12,d186_hh185
d12,d46_hh245
d12,d39_hh66
d12,d147_hh43
d12,d137_hh119
d12,d61_hh155
d12,d52_hh33
d12,d141_hh128
d12,d125_hh135
d12,d199_hh49
d12,d213_hh62
d12,d184_hh158
d12,d140_hh85
d12,d91_hh138
d12,d90_hh233
d12,d122_hh16
d12,d4_hh80
d12,d178_hh58
d12,d90_hh207
d12,d147_hh43
d12,d55_hh254
d12,d31_hh127
d12,d187_hh42
d12,d174_hh42
d12,d134_hh223
d12,d55_hh94
d12,d161_hh185
d12,d74_hh15
d12,d150_hh203
d12,d125_hh135
d12,d2_hh217
d12,d125_hh135
d12,d133_hh135
d12,d42_hh88
d12,d131_hh205
d12,d200_hh77
d12,d152_hh168
d12,d61_hh41
d12,d41_hh150
d12,d66_hh207
d12,d173_hh163
d12,d4_hh87
d12,d132_hh44
d12,d30_hh130
d12,d59_hh251
d12,d184_hh158
d12,d174_hh213
d12,d214_hh47
d12,d66_hh207
d12,d31_hh127
d12,d164_hh122
d12,d56_hh174
d12,d65_hh101
d12,d204_hh87
d12,d209_hh149
d12,d57_hh16
d12,d155_hh18
d12,d101_hh155
d12,d65_hh101
d12,d95_hh201
d12,d44_hh164
d12,d39_hh99
d12,d30_hh130
d12,d19_hh130
d12,d40_hh152
d12,d31_hh127
d12,d178_hh157
d12,d66_hh240
d12,d118_hh173
d12,d187_hh87
d12,d101_hh129
d12,d131_hh24
d12,d95_hh164
d12,d208_hh240
d12,d210_hh142
d12,d91_hh178
d12,d23_hh233
d12,d29_hh243
d12,d95_hh201
d12,d52_hh115
d12,d66_hh14
d12,d65_hh242
d12,d166_hh164
d12,d54_hh222
d12,d208_hh253
d12,d57_hh250
d12,d199_hh49
d12,d141_hh128
d12,d119_hh177
d12,d128_hh246
d12,d113_hh175
d12,d138_hh82
d12,d81_hh89
d12,d208_hh240
d12,d193_hh248
d12,d46_hh194
d12,d15_hh186
d12,d209_hh219
d12,d90_hh207
d12,d152_hh88
d12,d83_hh153
d12,d132_hh188
d12,d20_hh166
d12,d18_hh137
d12,d160_hh88
d12,d126_hh207
d12,d85_hh110
d12,d29_hh85
d12,d2_hh68
d12,d161_hh203
d12,d83_hh117
d12,d36_hh94
d12,d158_hh239
d12,d123_hh104
d12,d52_hh165
d12,d209_hh219
d12,d133_hh135
d12,d170_hh117
d12,d158_hh86
d12,d91_hh21
d12,d120_hh248
d12,d213_hh62
d12,d15_hh264
d12,d169_hh199
d12,d42_hh202
d12,d209_hh11
d12,d48_hh118
d12,d91_hh138
d12,d23_hh93
d12,d91_hh138
d12,d95_hh56
d12,d133_hh135
d12,d214_hh70
d8,d108_hh127
d8,d201_hh21
d8,d49_hh131
d8,d27_hh16
d8,d136_hh236
d8,d176_hh239
d8,d89_hh65
d8,d211_hh181
d8,d64_hh133
d8,d105_hh48
d8,d176_hh239
d8,d105_hh161
d8,d94_hh178
d8,d201_hh21
d8,d49_hh119
d8,d71_hh169
d8,d121_hh238
d8,d22_hh225
d8,d89_hh43
d8,d70_hh243
d8,d206_hh188
d8,d49_hh131
d8,d89_hh77
d8,d189_hh106
d8,d49_hh131
d8,d108_hh35
d8,d176_hh183
d8,d194_hh224
d8,d49_hh237
d8,d63_hh98
d8,d136_hh186
d8,d103_hh72
d8,d63_hh157
d8,d121_hh238
d8,d3_hh7
d8,d108_hh195
d8,d188_hh98
d8,d115_hh85
d8,d206_hh188
d8,d27_hh16
d8,d121_hh238
d8,d84_hh220
d8,d157_hh104
d8,d64_hh133
d8,d136_hh236
d8,d45_hh9
d8,d196_hh60
d8,d89_hh77
d8,d49_hh89
d8,d167_hh36
d8,d151_hh146
d8,d176_hh122
d8,d194_hh224
d8,d144_hh285
d8,d10_hh46
d8,d70_hh85
d8,d196_hh34
d8,d196_hh175
d8,d49_hh131
d8,d45_hh9
d8,d192_hh28
d8,d180_hh34
d8,d49_hh119
d8,d103_hh53
d8,d196_hh34
d8,d64_hh271
d8,d189_hh80
d8,d201_hh86
d8,d63_hh157
d8,d144_hh285
d8,d136_hh186
d8,d89_hh43
d8,d28_hh260
d8,d188_hh98
d8,d105_hh238
d8,d203_hh30
d8,d194_hh224
d8,d136_hh236
d8,d151_hh194
d8,d108_hh35
d8,d196_hh60
d8,d121_hh238
d8,d108_hh277
d8,d63_hh157
d8,d70_hh79
d8,d86_hh136
d8,d103_hh172
d8,d70_hh85
d8,d49_hh131
d8,d27_hh16
d8,d108_hh277
d8,d211_hh181
d8,d121_hh238
d8,d22_hh219
d8,d10_hh110
d8,d49_hh149
d8,d28_hh260
d8,d167_hh36
d8,d153_hh185
d8,d108_hh277
d8,d108_hh127
d8,d105_hh48
d8,d103_hh115
d8,d136_hh236
d8,d196_hh42
d8,d206_hh256
d8,d192_hh159
d8,d22_hh225
d8,d172_hh1
d8,d176_hh122
d8,d203_hh30
d8,d45_hh183
d8,d203_hh30
d8,d151_hh194
d8,d64_hh271
d8,d192_hh169
d8,d188_hh98
d8,d94_hh178
d8,d84_hh62
d8,d28_hh260
d8,d68_hh230
d8,d60_hh165
d8,d10_hh60
d8,d14_hh160
d8,d49_hh245
d8,d206_hh151
d8,d189_hh80
d8,d22_hh0
d8,d86_hh70
d8,d64_hh69
d8,d107_hh0
d8,d151_hh146
d8,d188_hh98
d8,d211_hh181
d8,d86_hh114
d8,d60_hh210
d8,d188_hh223
d8,d49_hh155
d8,d9_hh56
d8,d167_hh41
d8,d185_hh70
d8,d108_hh35
d8,d201_hh28
d8,d64_hh271
d8,d49_hh245
d8,d49_hh155
d8,d107_hh211
d8,d115_hh2
d8,d103_hh115
d8,d22_hh155
d8,d108_hh40
d8,d49_hh149
d8,d89_hh43
d8,d136_hh186
d8,d64_hh271
d8,d201_hh28
d8,d136_hh236
d8,d107_hh76
d8,d6_hh77
d8,d121_hh146
d8,d206_hh188
d8,d151_hh1
d8,d167_hh167
d8,d60_hh165
d8,d136_hh236
d8,d70_hh243
d8,d185_hh17
d8,d68_hh230
d8,d181_hh63
d8,d10_hh60
d8,d136_hh236
d8,d3_hh7
d8,d8_hh179
d8,d145_hh150
d8,d108_hh195
d8,d192_hh169
d8,d192_hh169
d8,d136_hh236
d8,d148_hh82
d8,d68_hh230
d8,d121_hh146
d8,d189_hh106
d8,d60_hh210
d8,d49_hh149
d8,d151_hh1
d8,d176_hh122
d8,d206_hh188
d8,d3_hh7
d8,d28_hh124
d8,d136_hh236
d8,d3_hh279
d8,d167_hh36
d8,d9_hh176
d8,d115_hh51
d8,d49_hh198
d8,d103_hh175
d8,d70_hh135
d8,d144_hh285
d8,d105_hh238
d8,d60_hh172
d8,d103_hh264
d8,d188_hh98
d8,d10_hh110
d8,d25_hh250
d8,d49_hh131
d8,d49_hh198
d8,d107_hh0
d8,d105_hh238
d8,d105_hh48
d8,d94_hh178
d8,d172_hh1
d8,d188_hh98
d8,d25_hh250
d8,d196_hh60
d8,d167_hh120
d8,d64_hh165
d8,d148_hh97
d8,d64_hh271
d8,d10_hh60
d8,d49_hh131
d8,d136_hh236
d8,d108_hh127
d8,d108_hh277
d8,d189_hh237
d8,d84_hh62
d8,d172_hh1
d8,d94_hh137
d8,d201_hh28
d8,d136_hh186
d8,d107_hh211
d8,d167_hh167
d8,d167_hh120
d8,d206_hh151
d8,d211_hh181
d8,d25_hh250
d8,d3_hh7
d8,d94_hh178
d8,d194_hh224
d8,d144_hh285
d8,d27_hh16
d8,d192_hh169
d8,d84_hh6
d8,d107_hh76
d8,d22_hh0
d8,d105_hh48
d8,d115_hh51
d8,d103_hh264
d8,d70_hh79
d8,d172_hh102
d8,d28_hh260
d8,d22_hh155
d8,d28_hh260
d8,d151_hh1
d8,d105_hh48
d8,d115_hh2
d8,d167_hh167
d8,d86_hh70
d8,d14_hh160
d8,d212_hh78
d8,d89_hh43
d8,d94_hh137
d8,d105_hh238
d8,d49_hh119
d8,d192_hh0
d8,d64_hh69
d8,d121_hh238
d8,d107_hh143
d8,d49_hh89
d8,d27_hh16
d8,d89_hh65
d8,d167_hh36
d8,d103_hh175
d8,d45_hh9
d8,d22_hh155
d8,d176_hh122
d8,d84_hh220
d8,d167_hh167
d8,d25_hh250
d8,d167_hh36
d8,d107_hh211
d8,d27_hh145
d8,d211_hh181
d8,d49_hh155
d8,d144_hh285
d8,d70_hh243
d8,d3_hh98
d8,d49_hh149
d8,d14_hh160
d8,d64_hh45
d8,d151_hh146
d8,d136_hh186
d8,d103_hh175
d13,d42_hh19
d13,d131_hh174
d13,d96_hh110
d13,d117_hh74
d13,d101_hh155
d13,d98_hh100
d13,d101_hh129
d13,d17_hh210
d13,d213_hh247
d13,d209_hh254
d13,d120_hh269
d13,d163_hh145
d13,d134_hh223
d13,d162_hh213
d13,d159_hh183
d13,d137_hh119
d13,d2_hh287
d13,d19_hh130
d13,d11_hh53
d13,d29_hh243
d13,d135_hh17
d13,d169_hh216
d13,d158_hh239
d13,d81_hh89
d13,d75_hh264
d13,d174_hh213
d13,d21_hh97
d13,d50_hh217
d13,d98_hh100
d13,d173_hh262
d13,d171_hh23
d13,d123_hh84
d13,d5_hh5
d13,d31_hh139
d13,d200_hh21
d13,d17_hh228
d13,d128_hh28
d13,d50_hh217
d13,d191_hh246
d13,d141_hh128
d13,d123_hh104
d13,d42_hh185
d13,d132_hh188
d13,d135_hh17
d13,d178_hh134
d13,d23_hh204
d13,d213_hh247
d13,d123_hh129
d13,d67_hh15
d13,d177_hh163
d13,d169_hh199
d13,d164_hh122
d13,d182_hh74
d13,d113_hh175
d13,d193_hh85
d13,d66_hh207
d13,d195_hh109
d13,d214_hh13
d13,d200_hh21
d13,d133_hh241
d13,d174_hh24
d13,d59_hh112
d13,d174_hh24
d13,d42_hh88
d13,d50_hh217
d13,d191_hh53
d13,d17_hh106
d13,d209_hh254
d13,d54_hh218
d13,d170_hh117
d13,d132_hh44
d13,d55_hh254
d13,d95_hh205
d13,d169_hh190
d13,d163_hh213
d13,d13_hh58
d13,d193_hh85
d13,d169_hh216
d13,d75_hh264
d13,d21_hh105
d13,d141_hh27
d13,d85_hh110
d13,d2_hh151
d13,d166_hh150
d13,d210_hh200
d13,d130_hh142
d13,d57_hh166
d13,d62_hh259
d13,d31_hh34
d13,d149_hh107
d13,d137_hh119
d13,d52_hh33
d13,d17_hh106
d13,d26_hh40
d13,d202_hh264
d13,d97_hh26
d13,d161_hh185
d13,d101_hh129
d13,d51_hh231
d13,d140_hh85
d13,d11_hh128
d13,d62_hh22
d13,d186_hh185
d13,d214_hh210
d13,d111_hh131
d13,d123_hh119
d13,d118_hh173
d13,d122_hh159
d13,d59_hh112
d13,d95_hh56
d13,d17_hh106
d13,d96_hh110
d13,d34_hh77
d13,d18_hh137
d13,d199_hh49
d13,d209_hh219
d13,d67_hh209
d13,d35_hh263
d13,d193_hh85
d13,d118_hh118
d13,d69_hh240
d13,d131_hh24
d13,d191_hh246
d13,d122_hh231
d13,d72_hh42
d13,d38_hh159
d13,d186_hh185
d13,d163_hh213
d13,d155_hh148
d13,d44_hh38
d13,d214_hh47
d13,d184_hh238
d13,d80_hh186
d13,d117_hh74
d13,d2_hh287
d13,d95_hh205
d13,d213_hh178
d13,d213_hh252
d13,d162_hh47
d13,d179_hh1
d13,d150_hh203
d13,d4_hh29
d13,d52_hh115
d13,d178_hh134
d13,d198_hh152
d13,d208_hh253
d13,d118_hh244
d13,d52_hh33
d13,d150_hh207
d13,d34_hh77
d13,d129_hh122
d13,d162_hh213
d13,d112_hh8
d13,d39_hh99
d13,d161_hh185
d13,d57_hh166
d13,d102_hh179
d13,d98_hh245
d13,d128_hh28
d13,d46_hh53
d13,d169_hh190
d13,d87_hh156
d13,d209_hh219
d13,d46_hh245
d13,d191_hh246
d13,d51_hh231
d13,d135_hh2
d13,d12_hh23
d13,d44_hh38
d13,d4_hh80
d13,d128_hh28
d13,d214_hh41
d13,d114_hh47
d13,d133_hh135
d13,d174_hh24
d13,d191_hh246
d13,d104_hh58
d13,d141_hh129
d13,d93_hh18
d13,d51_hh151
d13,d5_hh5
d13,d178_hh272
d13,d46_hh194
d13,d109_hh88
d13,d135_hh17
d13,d20_hh166
d13,d46_hh12
d13,d91_hh90
d13,d87_hh245
d13,d66_hh14
d13,d161_hh185
d13,d53_hh3
d13,d39_hh66
d13,d54_hh152
d13,d2_hh217
d13,d122_hh16
d13,d98_hh245
d13,d164_hh123
d13,d119_hh177
d13,d174_hh242
d13,d20_hh166
d13,d21_hh97
d13,d54_hh189
d13,d204_hh239
d13,d120_hh269
d13,d4_hh80
d13,d65_hh101
d13,d119_hh222
d13,d12_hh23
d13,d174_hh242
d13,d29_hh85
d13,d134_hh223
d13,d31_hh139
d13,d39_hh66
d13,d197_hh151
d13,d91_hh21
d13,d197_hh151
d13,d122_hh144
d13,d123_hh129
d13,d213_hh247
d13,d128_hh126
d13,d74_hh107
d13,d199_hh180
d13,d98_hh100
d13,d62_hh22
d13,d44_hh38
d13,d11_hh53
d13,d43_hh125
d13,d123_hh129
d13,d208_hh168
d13,d75_hh216
d13,d187_hh0
d13,d177_hh145
d13,d182_hh229
d13,d17_hh12
d13,d165_hh107
d13,d200_hh77
d13,d213_hh211
d13,d78_hh39
d13,d164_hh123
d13,d174_hh24
d13,d187_hh61
d13,d132_hh44
d13,d131_hh174
d13,d106_hh207
d13,d175_hh131
d13,d204_hh56
d13,d93_hh66
d13,d18_hh137
d13,d75_hh216
d13,d15_hh264
d13,d54_hh218
d13,d15_hh22
d9,d86_hh136
d9,d3_hh279
d9,d60_hh172
d9,d180_hh34
d9,d206_hh74
d9,d151_hh194
d9,d84_hh101
d9,d84_hh6
d9,d194_hh102
d9,d63_hh98
d9,d86_hh167
d9,d145_hh150
d9,d180_hh34
d9,d45_hh140
d9,d148_hh82
d9,d107_hh6
d9,d64_hh165
d9,d105_hh238
d9,d10_hh46
d9,d84_hh220
d9,d151_hh146
d9,d103_hh53
d9,d22_hh219
d9,d49_hh237
d9,d27_hh133
d9,d60_hh210
d9,d194_hh224
d9,d192_hh169
d9,d188_hh223
d9,d145_hh150
d9,d121_hh238
d9,d108_hh195
d9,d103_hh72
d9,d9_hh56
d9,d22_hh219
d9,d151_hh146
d9,d185_hh17
d9,d10_hh110
d9,d60_hh210
d9,d172_hh1
d9,d196_hh60
d9,d172_hh1
d9,d49_hh131
d9,d89_hh65
d9,d89_hh77
d9,d188_hh223
d9,d70_hh85
d9,d70_hh79
d9,d49_hh198
d9,d148_hh221
d9,d3_hh279
d9,d176_hh183
d9,d188_hh223
d9,d84_hh15
d9,d70_hh243
d9,d27_hh145
d9,d151_hh207
d9,d148_hh189
d9,d64_hh45
d9,d22_hh155
d9,d84_hh6
d9,d103_hh53
d9,d64_hh69
d9,d22_hh155
d9,d94_hh137
d9,d70_hh79
d9,d71_hh152
d9,d45_hh183
d9,d167_hh120
d9,d22_hh155
d9,d103_hh89
d9,d105_hh161
d9,d84_hh15
d9,d3_hh98
d9,d45_hh140
d9,d6_hh77
d9,d189_hh80
d9,d60_hh165
d9,d79_hh76
d9,d63_hh157
d9,d79_hh93
d9,d70_hh188
d9,d27_hh145
d9,d148_hh97
d9,d196_hh34
d9,d144_hh235
d9,d103_hh115
d9,d108_hh127
d9,d103_hh172
d9,d192_hh169
d9,d84_hh101
d9,d89_hh65
d9,d22_hh155
d9,d148_hh97
d9,d84_hh15
d9,d108_hh277
d9,d108_hh195
d9,d108_hh195
d9,d103_hh115
d9,d89_hh77
d9,d79_hh93
d9,d3_hh279
d9,d70_hh243
d9,d45_hh282
d9,d181_hh63
d9,d45_hh183
d9,d84_hh101
d9,d71_hh292
d9,d49_hh89
d9,d181_hh59
d9,d79_hh93
d9,d86_hh70
d9,d107_hh42
d9,d27_hh65
d9,d144_hh235
d9,d45_hh9
d9,d60_hh210
d9,d107_hh0
d9,d167_hh120
d9,d60_hh210
d9,d206_hh256
d9,d136_hh186
d9,d206_hh256
d9,d70_hh135
d9,d64_hh69
d9,d108_hh277
d9,d8_hh179
d9,d194_hh224
d9,d148_hh97
d9,d84_hh101
d9,d22_hh155
d9,d27_hh65
d9,d10_hh46
d9,d206_hh283
d9,d103_hh264
d9,d79_hh93
d9,d27_hh133
d9,d49_hh89
d9,d192_hh159
d9,d14_hh160
d9,d153_hh185
d9,d196_hh42
d9,d188_hh137
d9,d27_hh133
d9,d70_hh135
d9,d148_hh97
d9,d121_hh146
d9,d79_hh182
d9,d189_hh106
d9,d107_hh76
d9,d28_hh260
d9,d180_hh34
d9,d79_hh76
d9,d6_hh77
d9,d10_hh110
d9,d148_hh189
d9,d6_hh77
d9,d172_hh263
d9,d103_hh89
d9,d167_hh41
d9,d10_hh46
d9,d70_hh85
d9,d196_hh34
d9,d45_hh183
d9,d89_hh77
d9,d27_hh145
d9,d64_hh165
d9,d71_hh169
d9,d68_hh230
d9,d45_hh282
d9,d68_hh230
d9,d9_hh97
d9,d148_hh97
d9,d107_hh143
d9,d49_hh198
d9,d107_hh260
d9,d28_hh260
d9,d63_hh157
d9,d105_hh161
d9,d107_hh143
d9,d189_hh80
d9,d49_hh198
d9,d151_hh146
d9,d203_hh11
d9,d89_hh77
d9,d189_hh80
d9,d148_hh189
d9,d9_hh176
d9,d60_hh210
d9,d185_hh17
d9,d206_hh256
d9,d10_hh46
d9,d185_hh70
d9,d206_hh283
d9,d3_hh98
d9,d196_hh60
d9,d22_hh225
d9,d121_hh238
d9,d71_hh292
d9,d28_hh260
d9,d6_hh77
d9,d10_hh60
d9,d70_hh79
d9,d86_hh167
d9,d103_hh89
d9,d79_hh76
d9,d103_hh175
d9,d84_hh220
d9,d172_hh1
d9,d108_hh277
d9,d63_hh98
d9,d3_hh279
d9,d64_hh165
d9,d148_hh98
d9,d151_hh207
d9,d107_hh143
d9,d107_hh143
d9,d180_hh130
d9,d25_hh250
d9,d64_hh133
d9,d105_hh238
d9,d49_hh149
d9,d60_hh165
d9,d10_hh46
d9,d14_hh160
d9,d196_hh34
d9,d89_hh43
d9,d151_hh1
d9,d203_hh11
d9,d64_hh165
d9,d84_hh220
d9,d28_hh124
d9,d71_hh292
d9,d115_hh2
d9,d8_hh179
d9,d3_hh98
d9,d176_hh183
d9,d9_hh97
d9,d64_hh45
d9,d27_hh145
d9,d121_hh238
d9,d196_hh42
d9,d64_hh165
d9,d172_hh263
d9,d206_hh74
d9,d194_hh102
d9,d192_hh169
d9,d8_hh179
d9,d60_hh210
d9,d71_hh169
d9,d68_hh230
d9,d28_hh260
d9,d70_hh243
d9,d103_hh72
d9,d180_hh34
d9,d121_hh146
d9,d108_hh277
d9,d145_hh145
d9,d89_hh77
d9,d94_hh137
d9,d10_hh60
d9,d27_hh145
d9,d60_hh210
d9,d79_hh76
d9,d206_hh74
d9,d10_hh110
d9,d27_hh145
d9,d192_hh169
d9,d63_hh157
d9,d151_hh146
d9,d79_hh76
d9,d188_hh223
d9,d212_hh78
d9,d86_hh114
d9,d9_hh56
d9,d3_hh98
d9,d94_hh137
d9,d10_hh46
d9,d45_hh183
d9,d144_hh285
d9,d70_hh79
d9,d180_hh130
d9,d103_hh72
d9,d196_hh60
d9,d70_hh79
d9,d10_hh46
d9,d25_hh250
d15,d12_hh23
d15,d125_hh3
d15,d198_hh136
d15,d46_hh53
d15,d44_hh38
d15,d123_hh104
d15,d209_hh11
d15,d4_hh80
d15,d88_hh36
d15,d208_hh253
d15,d123_hh160
d15,d155_hh210
d15,d122_hh231
d15,d102_hh200
d15,d165_hh107
d15,d187_hh42
d15,d209_hh244
d15,d130_hh244
d15,d50_hh217
d15,d21_hh97
d15,d199_hh180
d15,d198_hh188
d15,d30_hh130
d15,d95_hh205
d15,d177_hh145
d15,d204_hh56
d15,d118_hh244
d15,d57_hh286
d15,d126_hh167
d15,d152_hh168
d15,d44_hh38
d15,d80_hh186
d15,d50_hh7
d15,d90_hh207
d15,d104_hh116
d15,d23_hh156
d15,d126_hh167
d15,d160_hh0
d15,d50_hh249
d15,d174_hh24
d15,d171_hh23
d15,d170_hh130
d15,d165_hh107
d15,d137_hh119
d15,d66_hh14
d15,d100_hh48
d15,d150_hh207
d15,d191_hh53
d15,d73_hh242
d15,d117_hh140
d15,d195_hh19
d15,d11_hh128
d15,d23_hh233
d15,d122_hh159
d15,d133_hh241
d15,d87_hh156
d15,d83_hh76
d15,d72_hh208
d15,d118_hh118
d15,d57_hh166
d15,d102_hh200
d15,d52_hh115
d15,d152_hh88
d15,d15_hh186
d15,d171_hh23
d15,d41_hh71
d15,d21_hh105
d15,d39_hh66
d15,d85_hh184
d15,d15_hh264
d15,d169_hh199
d15,d98_hh100
d15,d50_hh272
d15,d41_hh206
d15,d123_hh57
d15,d150_hh203
d15,d191_hh246
d15,d54_hh44
d15,d171_hh23
d15,d132_hh188
d15,d66_hh213
d15,d51_hh231
d15,d42_hh19
d15,d98_hh100
d15,d124_hh40
d15,d61_hh155
d15,d193_hh138
d15,d29_hh131
d15,d15_hh103
d15,d51_hh151
d15,d166_hh150
d15,d83_hh193
d15,d77_hh123
d15,d135_hh17
d15,d173_hh163
d15,d101_hh129
d15,d67_hh209
d15,d104_hh270
d15,d131_hh102
d15,d80_hh186
d15,d134_hh270
d15,d132_hh76
d15,d174_hh24
d15,d18_hh227
d15,d88_hh36
d15,d57_hh166
d15,d209_hh244
d15,d51_hh151
d15,d46_hh194
d15,d67_hh15
d15,d104_hh58
d15,d209_hh254
d15,d122_hh16
d15,d198_hh136
d15,d15_hh264
d15,d210_hh200
d15,d72_hh208
d15,d119_hh95
d15,d123_hh160
d15,d124_hh40
d15,d16_hh287
d15,d208_hh240
d15,d159_hh64
d15,d15_hh210
d15,d177_hh163
d15,d178_hh157
d15,d80_hh186
d15,d152_hh168
d15,d2_hh173
d15,d175_hh52
d15,d42_hh185
d15,d214_hh41
d15,d158_hh136
d15,d119_hh222
d15,d202_hh90
d15,d122_hh16
d15,d170_hh117
d15,d61_hh155
d15,d213_hh125
d15,d199_hh71
d15,d120_hh161
d15,d138_hh83
d15,d125_hh3
d15,d65_hh101
d15,d17_hh213
d15,d104_hh116
d15,d102_hh200
d15,d66_hh18
d15,d119_hh95
d15,d174_hh24
d15,d132_hh76
d15,d164_hh122
d15,d23_hh93
d15,d93_hh18
d15,d117_hh74
d15,d127_hh89
d15,d213_hh178
d15,d77_hh123
d15,d125_hh3
d15,d152_hh168
d15,d199_hh180
d15,d75_hh53
d15,d114_hh47
d15,d125_hh3
d15,d174_hh242
d15,d114_hh47
d15,d141_hh27
d15,d16_hh287
d15,d150_hh203
d15,d134_hh223
d15,d208_hh253
d15,d191_hh53
d15,d91_hh138
d15,d208_hh168
d15,d213_hh125
d15,d130_hh142
d15,d109_hh67
d15,d97_hh156
d15,d118_hh173
d15,d100_hh48
d15,d57_hh250
d15,d83_hh153
d15,d207_hh191
d15,d213_hh211
d15,d59_hh243
d15,d208_hh240
d15,d165_hh94
d15,d193_hh248
d15,d62_hh251
d15,d152_hh168
d15,d137_hh106
d15,d2_hh173
d15,d174_hh24
d15,d42_hh19
d15,d202_hh170
d15,d97_hh156
d15,d66_hh14
d15,d186_hh185
d15,d51_hh151
d15,d23_hh21
d15,d131_hh180
d15,d190_hh38
d15,d166_hh150
d15,d179_hh1
d15,d166_hh150
d15,d88_hh195
d15,d75_hh216
d15,d96_hh145
d15,d169_hh225
d15,d62_hh251
d15,d191_hh53
d15,d57_hh16
d15,d104_hh58
d15,d17_hh213
d15,d66_hh207
d15,d102_hh201
d15,d213_hh2
d15,d98_hh100
d15,d123_hh57
d15,d135_hh17
d15,d85_hh110
d15,d195_hh19
d15,d160_hh88
d15,d29_hh131
d15,d174_hh24
d15,d123_hh106
d15,d46_hh194
d15,d171_hh71
d15,d130_hh142
d15,d209_hh254
d15,d46_hh53
d15,d29_hh131
d15,d17_hh210
d15,d199_hh49
d15,d2_hh287
d15,d199_hh71
d15,d38_hh159
d15,d132_hh76
d15,d132_hh188
d15,d169_hh199
d15,d120_hh248
d15,d15_hh210
d15,d50_hh217
d15,d177_hh163
d15,d54_hh222
d15,d162_hh47
d15,d175_hh131
d15,d2_hh287
d15,d17_hh213
d15,d191_hh246
d15,d26_hh40
d15,d123_hh160
d15,d118_hh118
d15,d117_hh140
d15,d65_hh242
d15,d44_hh164
d15,d19_hh130
d15,d65_hh29
d15,d31_hh127
d15,d75_hh102
d15,d122_hh16
d15,d173_hh163
d15,d90_hh207
d15,d62_hh98
d15,d4_hh202
d15,d46_hh69
d15,d21_hh90
d15,d74_hh142
d15,d171_hh23
d15,d160_hh88
d15,d62_hh98
d15,d67_hh15
d15,d171_hh88
d14,d176_hh239
d14,d148_hh82
d14,d211_hh181
d14,d192_hh0
d14,d136_hh186
d14,d194_hh13
d14,d105_hh48
d14,d64_hh45
d14,d167_hh36
d14,d107_hh211
d14,d192_hh159
d14,d176_hh122
d14,d167_hh36
d14,d206_hh188
d14,d64_hh271
d14,d68_hh230
d14,d103_hh72
d14,d105_hh238
d14,d206_hh256
d14,d86_hh70
d14,d176_hh239
d14,d64_hh271
d14,d172_hh102
d14,d189_hh237
d14,d103_hh72
d14,d64_hh165
d14,d194_hh224
d14,d14_hh160
d14,d49_hh237
d14,d64_hh165
d14,d49_hh237
d14,d194_hh224
d14,d181_hh267
d14,d194_hh13
d14,d203_hh30
d14,d121_hh238
d14,d60_hh210
d14,d63_hh157
d14,d84_hh220
d14,d206_hh151
d14,d167_hh41
d14,d136_hh186
d14,d176_hh122
d14,d188_hh137
d14,d181_hh63
d14,d103_hh264
d14,d71_hh169
d14,d49_hh198
d14,d70_hh243
d14,d22_hh225
d14,d108_hh195
d14,d14_hh160
d14,d176_hh183
d14,d189_hh237
d14,d121_hh238
d14,d206_hh256
d14,d79_hh182
d14,d201_hh21
d14,d192_hh159
d14,d10_hh60
d14,d167_hh167
d14,d121_hh238
d14,d192_hh159
d14,d60_hh210
d14,d70_hh85
d14,d68_hh230
d14,d49_hh237
d14,d49_hh155
d14,d22_hh225
d14,d181_hh267
d14,d192_hh169
d14,d70_hh243
d14,d63_hh157
d14,d49_hh198
d14,d108_hh35
d14,d145_hh212
d14,d70_hh135
d14,d89_hh77
d14,d201_hh86
d14,d196_hh34
d14,d194_hh13
d14,d192_hh28
d14,d25_hh250
d14,d108_hh40
d14,d107_hh143
d14,d14_hh160
d14,d188_hh98
d14,d8_hh179
d14,d10_hh60
d14,d70_hh135
d14,d79_hh93
d14,d9_hh176
d14,d167_hh36
d14,d14_hh160
d14,d176_hh239
d14,d8_hh179
d14,d68_hh230
d14,d103_hh115
d14,d136_hh236
d14,d148_hh221
d14,d70_hh243
d14,d194_hh13
d14,d45_hh282
d14,d196_hh34
d14,d79_hh76
d14,d172_hh102
d14,d203_hh30
d14,d167_hh36
d14,d63_hh157
d14,d79_hh182
d14,d136_hh236
d14,d136_hh236
d14,d27_hh16
d14,d105_hh161
d14,d103_hh53
d14,d70_hh79
d14,d108_hh40
d14,d201_hh86
d14,d167_hh36
d14,d203_hh30
d14,d188_hh223
d14,d115_hh51
d14,d28_hh124
d14,d136_hh186
d14,d8_hh179
d14,d157_hh104
d14,d105_hh238
d14,d153_hh185
d14,d211_hh181
d14,d180_hh34
d14,d176_hh239
d14,d181_hh59
d14,d188_hh223
d14,d145_hh2
d14,d49_hh131
d14,d64_hh165
d14,d71_hh292
d14,d60_hh210
d14,d84_hh62
d14,d22_hh219
d14,d103_hh89
d14,d145_hh150
d14,d194_hh13
d14,d180_hh130
d14,d188_hh98
d14,d3_hh98
d14,d60_hh210
d14,d107_hh211
d14,d107_hh0
d14,d60_hh172
d14,d49_hh131
d14,d89_hh43
d14,d84_hh220
d14,d181_hh59
d14,d45_hh9
d14,d196_hh34
d14,d194_hh224
d14,d167_hh36
d14,d148_hh221
d14,d27_hh133
d14,d206_hh151
d14,d192_hh159
d14,d84_hh220
d14,d145_hh2
d14,d103_hh115
d14,d71_hh169
d14,d136_hh186
d14,d60_hh210
d14,d89_hh43
d14,d89_hh65
d14,d206_hh151
d14,d64_hh271
d14,d10_hh60
d14,d3_hh7
d14,d107_hh143
d14,d25_hh250
d14,d63_hh157
d14,d8_hh179
d14,d70_hh85
d14,d105_hh48
d14,d49_hh119
d14,d64_hh271
d14,d192_hh28
d14,d188_hh137
d14,d196_hh175
d14,d10_hh60
d14,d188_hh98
d14,d22_hh225
d14,d60_hh210
d14,d3_hh7
d14,d108_hh40
d14,d49_hh131
d14,d196_hh60
d14,d201_hh28
d14,d192_hh0
d14,d176_hh239
d14,d10_hh60
d14,d84_hh6
d14,d107_hh42
d14,d10_hh60
d14,d108_hh40
d14,d206_hh283
d14,d108_hh35
d14,d70_hh85
d14,d49_hh237
d14,d194_hh224
d14,d60_hh172
d14,d136_hh186
d14,d203_hh30
d14,d70_hh85
d14,d144_hh285
d14,d194_hh13
d14,d108_hh35
d14,d108_hh35
d14,d105_hh48
d14,d10_hh110
d14,d136_hh186
d14,d181_hh59
d14,d153_hh185
d14,d148_hh189
d14,d68_hh230
d14,d115_hh85
d14,d108_hh35
d14,d64_hh165
d14,d206_hh283
d14,d201_hh86
d14,d64_hh69
d14,d64_hh271
d14,d103_hh175
d14,d115_hh2
d14,d115_hh51
d14,d60_hh172
d14,d201_hh86
d14,d115_hh2
d14,d70_hh243
d14,d172_hh102
d14,d64_hh69
d14,d108_hh35
d14,d176_hh239
d14,d203_hh30
d14,d181_hh267
d14,d49_hh119
d14,d107_hh260
d14,d28_hh124
d14,d64_hh137
d14,d136_hh236
d14,d136_hh236
d14,d192_hh169
d14,d188_hh98
d14,d151_hh1
d14,d68_hh230
d14,d63_hh157
d14,d10_hh60
d14,d64_hh69
d14,d49_hh237
d14,d105_hh161
d14,d10_hh110
d14,d194_hh224
d14,d64_hh45
d14,d84_hh62
d14,d181_hh267
d14,d105_hh238
d14,d196_hh175
d14,d201_hh86
d14,d84_hh220
d14,d108_hh35
d14,d64_hh69
d14,d121_hh238
d14,d181_hh59
d14,d181_hh59
d14,d49_hh119
d14,d180_hh34
d14,d196_hh175
d14,d49_hh131
d14,d201_hh28
d14,d194_hh13
d14,d68_hh230
d14,d86_hh136
d18,d104_hh270
d18,d54_hh189
d18,d164_hh123
d18,d98_hh84
d18,d4_hh202
d18,d73_hh242
d18,d154_hh2
d18,d169_hh190
d18,d178_hh272
d18,d134_hh270
d18,d187_hh87
d18,d135_hh17
d18,d213_hh2
d18,d159_hh64
d18,d62_hh251
d18,d18_hh137
d18,d133_hh135
d18,d161_hh21
d18,d30_hh58
d18,d21_hh90
d18,d158_hh107
d18,d169_hh199
d18,d178_hh272
d18,d131_hh174
d18,d90_hh151
d18,d2_hh173
d18,d11_hh53
d18,d134_hh223
d18,d104_hh116
d18,d131_hh24
d18,d69_hh240
d18,d155_hh148
d18,d57_hh216
d18,d171_hh23
d18,d126_hh207
d18,d2_hh68
d18,d120_hh161
d18,d135_hh2
d18,d4_hh87
d18,d191_hh53
d18,d150_hh203
d18,d15_hh264
d18,d143_hh28
d18,d120_hh248
d18,d119_hh210
d18,d159_hh64
d18,d174_hh242
d18,d177_hh163
d18,d56_hh174
d18,d35_hh263
d18,d119_hh177
d18,d4_hh87
d18,d85_hh144
d18,d11_hh128
d18,d59_hh243
d18,d15_hh210
d18,d170_hh117
d18,d191_hh246
d18,d138_hh83
d18,d175_hh131
d18,d24_hh176
d18,d160_hh0
d18,d182_hh74
d18,d104_hh270
d18,d131_hh174
d18,d75_hh102
d18,d5_hh5
d18,d202_hh90
d18,d20_hh166
d18,d110_hh193
d18,d182_hh149
d18,d15_hh103
d18,d38_hh165
d18,d114_hh219
d18,d169_hh199
d18,d98_hh177
d18,d52_hh33
d18,d57_hh286
d18,d87_hh156
d18,d169_hh216
d18,d2_hh68
d18,d150_hh207
d18,d55_hh94
d18,d42_hh19
d18,d54_hh61
d18,d96_hh110
d18,d147_hh54
d18,d102_hh200
d18,d43_hh125
d18,d95_hh205
d18,d187_hh61
d18,d191_hh246
d18,d126_hh263
d18,d133_hh111
d18,d123_hh129
d18,d91_hh21
d18,d42_hh58
d18,d54_hh61
d18,d126_hh207
d18,d109_hh88
d18,d215_hh105
d18,d170_hh117
d18,d150_hh207
d18,d174_hh242
d18,d102_hh201
d18,d159_hh183
d18,d173_hh163
d18,d162_hh47
d18,d66_hh240
d18,d182_hh39
d18,d200_hh261
d18,d119_hh222
d18,d147_hh43
d18,d69_hh240
d18,d4_hh29
d18,d174_hh42
d18,d110_hh193
d18,d2_hh151
d18,d123_hh160
d18,d2_hh173
d18,d54_hh44
d18,d147_hh169
d18,d193_hh138
d18,d65_hh101
d18,d17_hh213
d18,d166_hh239
d18,d2_hh68
d18,d134_hh223
d18,d85_hh110
d18,d143_hh241
d18,d46_hh12
d18,d54_hh152
d18,d118_hh244
d18,d35_hh263
d18,d119_hh222
d18,d158_hh136
d18,d50_hh272
d18,d114_hh66
d18,d132_hh76
d18,d83_hh76
d18,d4_hh29
d18,d93_hh18
d18,d214_hh210
d18,d205_hh196
d18,d23_hh93
d18,d83_hh117
d18,d182_hh39
d18,d98_hh100
d18,d90_hh207
d18,d195_hh109
d18,d59_hh243
d18,d123_hh160
d18,d29_hh243
d18,d67_hh15
d18,d104_hh270
d18,d117_hh140
d18,d173_hh262
d18,d11_hh53
d18,d30_hh58
d18,d147_hh54
d18,d15_hh210
d18,d166_hh150
d18,d104_hh270
d18,d23_hh21
d18,d125_hh135
d18,d42_hh58
d18,d162_hh47
d18,d174_hh213
d18,d123_hh57
d18,d42_hh202
d18,d204_hh239
d18,d51_hh231
d18,d74_hh243
d18,d166_hh24
d18,d199_hh180
d18,d163_hh145
d18,d198_hh152
d18,d15_hh80
d18,d147_hh54
d18,d46_hh245
d18,d177_hh163
d18,d30_hh267
d18,d74_hh15
d18,d149_hh107
d18,d21_hh105
d18,d137_hh106
d18,d100_hh63
d18,d21_hh105
d18,d182_hh195
d18,d213_hh125
d18,d117_hh140
d18,d23_hh93
d18,d72_hh208
d18,d13_hh58
d18,d135_hh17
d18,d51_hh231
d18,d187_hh42
d18,d178_hh191
d18,d171_hh88
d18,d46_hh245
d18,d31_hh34
d18,d48_hh118
d18,d34_hh160
d18,d62_hh22
d18,d170_hh117
d18,d46_hh245
d18,d52_hh165
d18,d75_hh25
d18,d98_hh223
d18,d129_hh122
d18,d178_hh58
d18,d209_hh11
d18,d124_hh40
d18,d129_hh122
d18,d20_hh166
d18,d46_hh194
d18,d91_hh90
d18,d174_hh242
d18,d126_hh207
d18,d187_hh7
d18,d173_hh262
d18,d98_hh100
d18,d36_hh94
d18,d135_hh2
d18,d59_hh243
d18,d36_hh94
d18,d169_hh216
d18,d202_hh205
d18,d61_hh155
d18,d42_hh19
d18,d141_hh128
d18,d102_hh242
d18,d66_hh18
d18,d48_hh118
d18,d164_hh122
d18,d16_hh294
d18,d93_hh18
d18,d123_hh106
d18,d15_hh210
d18,d135_hh2
d18,d119_hh64
d18,d178_hh157
d18,d187_hh42
d18,d132_hh76
d18,d207_hh219
d18,d122_hh144
d18,d52_hh165
d18,d119_hh177
d18,d56_hh262
d18,d17_hh12
d18,d126_hh4
d18,d193_hh248
d18,d36_hh226
d18,d213_hh125
d18,d119_hh177
d18,d93_hh66
d18,d39_hh154
d18,d48_hh118
d18,d190_hh38
d18,d132_hh46
d18,d44_hh164
d18,d75_hh264
d18,d29_hh131
d18,d174_hh42
d18,d215_hh105
d18,d120_hh248
d18,d155_hh18
d18,d162_hh213
d18,d88_hh195
d18,d158_hh86
d18,d119_hh177
d20,d123_hh106
d20,d56_hh4
d20,d215_hh105
d20,d204_hh87
d20,d2_hh180
d20,d161_hh185
d20,d97_hh26
d20,d57_hh286
d20,d135_hh2
d20,d166_hh24
d20,d209_hh219
d20,d193_hh248
d20,d204_hh56
d20,d149_hh107
d20,d214_hh210
d20,d2_hh180
d20,d187_hh7
d20,d174_hh42
d20,d41_hh71
d20,d54_hh189
d20,d83_hh193
d20,d46_hh194
d20,d152_hh88
d20,d42_hh19
d20,d65_hh29
d20,d96_hh110
d20,d2_hh151
d20,d42_hh202
d20,d52_hh33
d20,d199_hh71
d20,d46_hh194
d20,d124_hh40
d20,d48_hh118
d20,d52_hh33
d20,d208_hh253
d20,d214_hh47
d20,d213_hh211
d20,d40_hh152
d20,d83_hh193
d20,d198_hh188
d20,d169_hh190
d20,d65_hh101
d20,d7_hh257
d20,d164_hh123
d20,d120_hh248
d20,d91_hh138
d20,d83_hh204
d20,d31_hh34
d20,d164_hh123
d20,d54_hh61
d20,d178_hh272
d20,d214_hh70
d20,d87_hh156
d20,d29_hh243
d20,d132_hh76
d20,d158_hh86
d20,d187_hh0
d20,d78_hh223
d20,d75_hh102
d20,d95_hh205
d20,d21_hh90
d20,d165_hh94
d20,d213_hh247
d20,d208_hh168
d20,d120_hh248
d20,d213_hh178
d20,d24_hh176
d20,d165_hh107
d20,d74_hh257
d20,d187_hh61
d20,d65_hh29
d20,d4_hh202
d20,d158_hh239
d20,d214_hh41
d20,d119_hh222
d20,d36_hh94
d20,d15_hh76
d20,d56_hh4
d20,d120_hh248
d20,d127_hh89
d20,d93_hh18
d20,d67_hh15
d20,d187_hh0
d20,d147_hh43
d20,d17_hh210
d20,d193_hh248
d20,d30_hh267
d20,d164_hh122
d20,d23_hh21
d20,d83_hh204
d20,d66_hh213
d20,d50_hh272
d20,d98_hh223
d20,d20_hh166
d20,d65_hh29
d20,d204_hh56
d20,d42_hh58
d20,d137_hh106
d20,d90_hh151
d20,d42_hh202
d20,d72_hh208
d20,d53_hh3
d20,d82_hh154
d20,d62_hh259
d20,d75_hh53
d20,d51_hh231
d20,d195_hh47
d20,d2_hh180
d20,d213_hh62
d20,d207_hh191
d20,d169_hh199
d20,d77_hh123
d20,d213_hh125
d20,d50_hh272
d20,d195_hh47
d20,d132_hh46
d20,d174_hh242
d20,d38_hh159
d20,d12_hh23
d20,d122_hh159
d20,d182_hh74
d20,d75_hh25
d20,d83_hh193
d20,d104_hh58
d20,d39_hh67
d20,d16_hh287
d20,d199_hh49
d20,d104_hh270
d20,d159_hh183
d20,d40_hh152
d20,d214_hh41
d20,d120_hh161
d20,d23_hh93
d20,d26_hh40
d20,d17_hh12
d20,d165_hh94
d20,d199_hh49
d20,d169_hh225
d20,d125_hh135
d20,d197_hh151
d20,d147_hh169
d20,d23_hh21
d20,d152_hh168
d20,d98_hh84
d20,d178_hh173
d20,d117_hh74
d20,d17_hh12
d20,d4_hh65
d20,d126_hh4
d20,d215_hh105
d20,d74_hh107
d20,d119_hh95
d20,d174_hh213
d20,d177_hh163
d20,d42_hh202
d20,d39_hh99
d20,d93_hh66
d20,d198_hh188
d20,d202_hh90
d20,d110_hh193
d20,d33_hh58
d20,d43_hh125
d20,d54_hh44
d20,d138_hh82
d20,d164_hh123
d20,d202_hh264
d20,d169_hh190
d20,d147_hh169
d20,d129_hh122
d20,d31_hh34
d20,d149_hh1
d20,d36_hh94
d20,d214_hh47
d20,d170_hh130
d20,d11_hh53
d20,d117_hh74
d20,d87_hh245
d20,d178_hh134
d20,d59_hh243
d20,d214_hh70
d20,d112_hh8
d20,d187_hh0
d20,d200_hh261
d20,d128_hh28
d20,d207_hh191
d20,d162_hh213
d20,d137_hh119
d20,d120_hh269
d20,d207_hh219
d20,d158_hh107
d20,d23_hh204
d20,d36_hh94
d20,d93_hh18
d20,d155_hh210
d20,d98_hh245
d20,d75_hh102
d20,d169_hh216
d20,d160_hh88
d20,d120_hh248
d20,d54_hh61
d20,d69_hh240
d20,d36_hh226
d20,d30_hh58
d20,d39_hh66
d20,d111_hh131
d20,d23_hh204
d20,d122_hh16
d20,d174_hh242
d20,d31_hh127
d20,d54_hh44
d20,d54_hh44
d20,d31_hh139
d20,d149_hh14
d20,d87_hh156
d20,d57_hh16
d20,d77_hh123
d20,d51_hh231
d20,d173_hh163
d20,d65_hh242
d20,d122_hh144
d20,d17_hh12
d20,d93_hh18
d20,d82_hh154
d20,d46_hh69
d20,d149_hh14
d20,d198_hh188
d20,d158_hh107
d20,d202_hh170
d20,d129_hh122
d20,d132_hh44
d20,d15_hh186
d20,d4_hh80
d20,d208_hh253
d20,d18_hh137
d20,d135_hh2
d20,d51_hh231
d20,d102_hh179
d20,d2_hh180
d20,d209_hh149
d20,d67_hh15
d20,d55_hh254
d20,d46_hh12
d20,d159_hh64
d20,d123_hh106
d20,d15_hh210
d20,d31_hh34
d20,d133_hh241
d20,d75_hh227
d20,d200_hh261
d20,d74_hh142
d20,d83_hh76
d20,d83_hh76
d20,d21_hh105
d20,d209_hh244
d20,d36_hh226
d20,d143_hh28
d20,d75_hh227
d20,d209_hh254
d20,d161_hh203
d20,d182_hh229
d20,d213_hh178
d20,d52_hh33
d20,d23_hh204
d20,d91_hh138
d20,d202_hh205
d20,d120_hh248
d20,d132_hh188
d20,d123_hh160
d19,d24_hh92
d19,d74_hh142
d19,d199_hh49
d19,d187_hh42
d19,d178_hh58
d19,d62_hh251
d19,d139_hh214
d19,d150_hh207
d19,d152_hh168
d19,d204_hh87
d19,d173_hh163
d19,d91_hh138
d19,d138_hh150
d19,d56_hh174
d19,d187_hh87
d19,d152_hh168
d19,d198_hh188
d19,d77_hh123
d19,d133_hh135
d19,d46_hh194
d19,d131_hh205
d19,d200_hh102
d19,d199_hh49
d19,d87_hh156
d19,d74_hh142
d19,d195_hh109
d19,d16_hh287
d19,d178_hh157
d19,d17_hh228
d19,d214_hh70
d19,d165_hh94
d19,d2_hh180
d19,d149_hh107
d19,d93_hh18
d19,d53_hh147
d19,d152_hh168
d19,d50_hh272
d19,d118_hh173
d19,d137_hh106
d19,d214_hh41
d19,d187_hh42
d19,d65_hh29
d19,d15_hh76
d19,d95_hh164
d19,d13_hh58
d19,d177_hh163
d19,d42_hh202
d19,d123_hh119
d19,d54_hh222
d19,d166_hh24
d19,d213_hh178
d19,d131_hh174
d19,d124_hh40
d19,d44_hh164
d19,d17_hh228
d19,d147_hh43
d19,d158_hh107
d19,d187_hh42
d19,d191_hh246
d19,d44_hh38
d19,d23_hh233
d19,d2_hh287
d19,d83_hh193
d19,d195_hh19
d19,d83_hh76
d19,d57_hh250
d19,d117_hh11
d19,d30_hh267
d19,d72_hh208
d19,d31_hh34
d19,d162_hh213
d19,d98_hh177
d19,d195_hh19
d19,d182_hh149
d19,d50_hh7
d19,d73_hh184
d19,d125_hh3
d19,d177_hh163
d19,d4_hh65
d19,d29_hh131
d19,d98_hh245
d19,d184_hh238
d19,d41_hh163
d19,d100_hh48
d19,d15_hh103
d19,d106_hh207
d19,d83_hh193
d19,d149_hh14
d19,d91_hh138
d19,d182_hh39
d19,d169_hh190
d19,d12_hh23
d19,d170_hh117
d19,d88_hh36
d19,d95_hh164
d19,d166_hh164
d19,d82_hh154
d19,d59_hh243
d19,d4_hh80
d19,d39_hh99
d19,d110_hh193
d19,d29_hh85
d19,d50_hh7
d19,d83_hh204
d19,d2_hh68
d19,d46_hh53
d19,d191_hh246
d19,d74_hh15
d19,d95_hh56
d19,d178_hh157
d19,d160_hh88
d19,d174_hh213
d19,d41_hh206
d19,d200_hh102
d19,d209_hh254
d19,d149_hh14
d19,d178_hh173
d19,d118_hh118
d19,d20_hh166
d19,d4_hh87
d19,d135_hh17
d19,d174_hh24
d19,d118_hh244
d19,d33_hh58
d19,d54_hh218
d19,d57_hh207
d19,d65_hh101
d19,d213_hh2
d19,d74_hh243
d19,d184_hh158
d19,d214_hh210
d19,d95_hh201
d19,d123_hh104
d19,d110_hh252
d19,d41_hh150
d19,d98_hh84
d19,d33_hh58
d19,d41_hh150
d19,d104_hh270
d19,d31_hh139
d19,d200_hh261
d19,d174_hh242
d19,d199_hh49
d19,d195_hh47
d19,d39_hh66
d19,d132_hh76
d19,d39_hh154
d19,d98_hh177
d19,d102_hh200
d19,d161_hh185
d19,d214_hh47
d19,d56_hh262
d19,d214_hh70
d19,d200_hh261
d19,d177_hh145
d19,d16_hh287
d19,d182_hh226
d19,d15_hh264
d19,d169_hh199
d19,d138_hh150
d19,d123_hh106
d19,d208_hh168
d19,d198_hh136
d19,d75_hh227
d19,d17_hh228
d19,d29_hh85
d19,d166_hh164
d19,d23_hh21
d19,d54_hh222
d19,d210_hh200
d19,d215_hh105
d19,d41_hh71
d19,d200_hh261
d19,d174_hh24
d19,d124_hh40
d19,d98_hh100
d19,d59_hh112
d19,d159_hh183
d19,d21_hh97
d19,d95_hh205
d19,d104_hh116
d19,d113_hh175
d19,d165_hh107
d19,d54_hh189
d19,d98_hh84
d19,d53_hh3
d19,d106_hh207
d19,d169_hh190
d19,d2_hh287
d19,d67_hh209
d19,d17_hh213
d19,d182_hh74
d19,d85_hh110
d19,d41_hh71
d19,d17_hh213
d19,d56_hh4
d19,d178_hh58
d19,d123_hh84
d19,d56_hh262
d19,d209_hh11
d19,d113_hh175
d19,d207_hh191
d19,d150_hh207
d19,d29_hh85
d19,d123_hh84
d19,d12_hh23
d19,d122_hh16
d19,d30_hh267
d19,d159_hh183
d19,d141_hh27
d19,d56_hh174
d19,d31_hh34
d19,d29_hh85
d19,d155_hh210
d19,d98_hh100
d19,d155_hh18
d19,d2_hh287
d19,d102_hh179
d19,d122_hh16
d19,d101_hh129
d19,d19_hh130
d19,d178_hh191
d19,d112_hh8
d19,d132_hh188
d19,d54_hh57
d19,d106_hh207
d19,d200_hh102
d19,d98_hh245
d19,d16_hh287
d19,d75_hh25
d19,d57_hh250
d19,d50_hh217
d19,d135_hh2
d19,d101_hh129
d19,d193_hh138
d19,d150_hh207
d19,d54_hh152
d19,d41_hh71
d19,d53_hh3
d19,d15_hh22
d19,d21_hh90
d19,d41_hh163
d19,d200_hh102
d19,d4_hh80
d19,d21_hh105
d19,d155_hh151
d19,d158_hh107
d19,d50_hh272
d19,d82_hh154
d19,d122_hh16
d19,d30_hh58
d19,d123_hh106
d19,d202_hh205
d19,d21_hh90
d19,d98_hh84
d19,d82_hh154
d19,d209_hh244
d19,d195_hh19
d19,d213_hh62
d19,d61_hh155
d19,d149_hh1
d19,d90_hh233
d19,d91_hh178
d19,d197_hh151
d19,d177_hh163
d19,d21_hh97
d19,d46_hh245
d19,d147_hh43
d19,d67_hh15
d19,d104_hh270
d19,d134_hh223
d21,d152_hh29
d21,d29_hh85
d21,d15_hh186
d21,d195_hh19
d21,d169_hh216
d21,d40_hh152
d21,d4_hh202
d21,d199_hh49
d21,d119_hh24
d21,d202_hh264
d21,d17_hh12
d21,d213_hh62
d21,d100_hh48
d21,d155_hh148
d21,d95_hh56
d21,d15_hh22
d21,d149_hh14
d21,d174_hh42
d21,d104_hh175
d21,d138_hh83
d21,d26_hh40
d21,d155_hh210
d21,d132_hh44
d21,d210_hh142
d21,d111_hh227
d21,d131_hh180
d21,d104_hh270
d21,d202_hh170
d21,d65_hh101
d21,d127_hh89
d21,d91_hh90
d21,d193_hh248
d21,d91_hh90
d21,d120_hh269
d21,d91_hh138
d21,d208_hh253
d21,d174_hh242
d21,d198_hh152
d21,d174_hh24
d21,d90_hh151
d21,d159_hh183
d21,d182_hh229
d21,d83_hh117
d21,d5_hh5
d21,d34_hh160
d21,d132_hh44
d21,d42_hh88
d21,d41_hh150
d21,d23_hh233
d21,d209_hh254
d21,d161_hh203
d21,d214_hh47
d21,d204_hh239
d21,d51_hh231
d21,d208_hh253
d21,d46_hh245
d21,d62_hh98
d21,d174_hh24
d21,d55_hh254
d21,d11_hh128
d21,d214_hh13
d21,d199_hh180
d21,d17_hh12
d21,d184_hh238
d21,d193_hh85
d21,d40_hh200
d21,d26_hh40
d21,d55_hh94
d21,d66_hh240
d21,d75_hh227
d21,d111_hh227
d21,d202_hh205
d21,d54_hh57
d21,d59_hh243
d21,d66_hh207
d21,d104_hh270
d21,d177_hh163
d21,d130_hh142
d21,d214_hh47
d21,d114_hh47
d21,d30_hh58
d21,d104_hh270
d21,d42_hh58
d21,d207_hh219
d21,d46_hh53
d21,d91_hh90
d21,d96_hh145
d21,d54_hh222
d21,d83_hh117
d21,d133_hh241
d21,d23_hh156
d21,d200_hh261
d21,d131_hh205
d21,d127_hh89
d21,d21_hh105
d21,d59_hh251
d21,d134_hh223
d21,d85_hh110
d21,d40_hh152
d21,d131_hh180
d21,d4_hh202
d21,d62_hh98
d21,d20_hh166
d21,d87_hh156
d21,d177_hh163
d21,d13_hh58
d21,d119_hh177
d21,d178_hh157
d21,d134_hh270
d21,d198_hh136
d21,d208_hh253
d21,d65_hh29
d21,d166_hh164
d21,d85_hh110
d21,d207_hh219
d21,d131_hh174
d21,d182_hh39
d21,d44_hh38
d21,d163_hh145
d21,d200_hh21
d21,d120_hh161
d21,d182_hh39
d21,d164_hh122
d21,d135_hh17
d21,d187_hh87
d21,d200_hh261
d21,d209_hh149
d21,d131_hh180
d21,d149_hh107
d21,d141_hh128
d21,d207_hh191
d21,d110_hh193
d21,d91_hh90
d21,d199_hh180
d21,d208_hh240
d21,d209_hh149
d21,d15_hh22
d21,d72_hh42
d21,d143_hh28
d21,d126_hh167
d21,d93_hh18
d21,d19_hh38
d21,d2_hh173
d21,d57_hh250
d21,d175_hh52
d21,d15_hh210
d21,d65_hh29
d21,d149_hh14
d21,d80_hh106
d21,d101_hh129
d21,d137_hh119
d21,d149_hh14
d21,d178_hh58
d21,d36_hh226
d21,d214_hh41
d21,d152_hh168
d21,d178_hh173
d21,d52_hh115
d21,d149_hh1
d21,d120_hh269
d21,d119_hh64
d21,d125_hh135
d21,d18_hh227
d21,d75_hh216
d21,d74_hh243
d21,d152_hh88
d21,d127_hh89
d21,d129_hh122
d21,d15_hh264
d21,d54_hh57
d21,d81_hh89
d21,d39_hh66
d21,d117_hh11
d21,d213_hh211
d21,d190_hh38
d21,d130_hh142
d21,d54_hh222
d21,d2_hh287
d21,d54_hh57
d21,d187_hh61
d21,d213_hh2
d21,d19_hh38
d21,d4_hh29
d21,d83_hh193
d21,d106_hh207
d21,d100_hh145
d21,d91_hh199
d21,d159_hh183
d21,d159_hh64
d21,d132_hh44
d21,d163_hh145
d21,d178_hh58
d21,d17_hh210
d21,d39_hh67
d21,d171_hh23
d21,d23_hh21
d21,d18_hh227
d21,d15_hh76
d21,d23_hh233
d21,d96_hh110
d21,d213_hh178
d21,d198_hh188
d21,d30_hh130
d21,d30_hh130
d21,d62_hh259
d21,d54_hh57
d21,d100_hh91
d21,d209_hh159
d21,d130_hh244
d21,d39_hh66
d21,d195_hh19
d21,d46_hh53
d21,d147_hh54
d21,d162_hh47
d21,d207_hh219
d21,d17_hh213
d21,d138_hh83
d21,d59_hh243
d21,d200_hh77
d21,d61_hh41
d21,d53_hh3
d21,d21_hh97
d21,d57_hh286
d21,d48_hh118
d21,d59_hh243
d21,d85_hh110
d21,d80_hh236
d21,d205_hh196
d21,d55_hh254
d21,d90_hh233
d21,d155_hh151
d21,d210_hh142
d21,d160_hh0
d21,d209_hh219
d21,d182_hh39
d21,d171_hh23
d21,d80_hh186
d21,d66_hh18
d21,d98_hh84
d21,d170_hh130
d21,d187_hh7
d21,d161_hh21
d21,d133_hh111
d21,d209_hh11
d21,d209_hh254
d21,d178_hh134
d21,d4_hh80
d21,d214_hh70
d21,d184_hh238
d21,d39_hh99
d21,d197_hh151
d21,d90_hh233
d21,d104_hh175
d21,d198_hh136
d21,d118_hh173
d21,d46_hh53
d21,d95_hh205
d22,d185_hh17
d22,d22_hh0
d22,d49_hh131
d22,d84_hh62
d22,d27_hh133
d22,d86_hh167
d22,d79_hh93
d22,d3_hh7
d22,d71_hh152
d22,d192_hh159
d22,d108_hh277
d22,d27_hh145
d22,d84_hh15
d22,d103_hh89
d22,d89_hh43
d22,d107_hh76
d22,d151_hh146
d22,d188_hh223
d22,d103_hh72
d22,d79_hh93
d22,d64_hh45
d22,d84_hh101
d22,d121_hh146
d22,d63_hh98
d22,d60_hh172
d22,d10_hh46
d22,d148_hh98
d22,d136_hh186
d22,d180_hh34
d22,d148_hh221
d22,d108_hh40
d22,d145_hh2
d22,d8_hh179
d22,d108_hh127
d22,d181_hh59
d22,d60_hh210
d22,d108_hh277
d22,d145_hh150
d22,d206_hh74
d22,d45_hh282
d22,d157_hh104
d22,d45_hh282
d22,d145_hh212
d22,d115_hh51
d22,d157_hh104
d22,d79_hh93
d22,d3_hh7
d22,d63_hh98
d22,d206_hh151
d22,d64_hh271
d22,d192_hh28
d22,d28_hh260
d22,d84_hh6
d22,d103_hh72
d22,d206_hh74
d22,d14_hh160
d22,d63_hh98
d22,d196_hh42
d22,d148_hh98
d22,d144_hh235
d22,d151_hh93
d22,d27_hh65
d22,d148_hh189
d22,d107_hh143
d22,d27_hh145
d22,d192_hh28
d22,d64_hh137
d22,d196_hh42
d22,d201_hh86
d22,d108_hh127
d22,d64_hh165
d22,d201_hh28
d22,d189_hh237
d22,d68_hh230
d22,d107_hh211
d22,d63_hh98
d22,d64_hh45
d22,d60_hh210
d22,d145_hh2
d22,d84_hh62
d22,d148_hh82
d22,d84_hh101
d22,d68_hh230
d22,d144_hh235
d22,d108_hh277
d22,d107_hh6
d22,d107_hh6
d22,d148_hh189
d22,d188_hh223
d22,d3_hh7
d22,d172_hh263
d22,d103_hh72
d22,d10_hh46
d22,d206_hh283
d22,d28_hh124
d22,d6_hh77
d22,d86_hh167
d22,d45_hh9
d22,d185_hh70
d22,d10_hh46
d22,d107_hh6
d22,d107_hh6
d22,d206_hh188
d22,d10_hh110
d22,d22_hh155
d22,d22_hh219
d22,d105_hh238
d22,d151_hh207
d22,d144_hh235
d22,d180_hh34
d22,d188_hh98
d22,d181_hh59
d22,d64_hh271
d22,d6_hh77
d22,d180_hh130
d22,d189_hh237
d22,d194_hh224
d22,d49_hh119
d22,d107_hh76
d22,d64_hh69
d22,d68_hh230
d22,d189_hh237
d22,d108_hh277
d22,d206_hh256
d22,d45_hh183
d22,d49_hh119
d22,d151_hh1
d22,d27_hh65
d22,d189_hh237
d22,d71_hh152
d22,d71_hh292
d22,d49_hh119
d22,d103_hh89
d22,d176_hh183
d22,d201_hh21
d22,d167_hh41
d22,d189_hh80
d22,d6_hh77
d22,d196_hh42
d22,d9_hh176
d22,d60_hh165
d22,d68_hh230
d22,d167_hh41
d22,d107_hh260
d22,d188_hh137
d22,d103_hh89
d22,d103_hh72
d22,d194_hh102
d22,d181_hh59
d22,d6_hh77
d22,d145_hh145
d22,d64_hh133
d22,d189_hh80
d22,d148_hh189
d22,d70_hh79
d22,d45_hh282
d22,d107_hh143
d22,d136_hh236
d22,d105_hh238
d22,d206_hh283
d22,d189_hh237
d22,d9_hh176
d22,d22_hh155
d22,d68_hh230
d22,d84_hh101
d22,d148_hh82
d22,d176_hh183
d22,d49_hh149
d22,d84_hh220
d22,d211_hh181
d22,d201_hh28
d22,d148_hh189
d22,d206_hh151
d22,d71_hh292
d22,d60_hh210
d22,d25_hh250
d22,d49_hh131
d22,d145_hh150
d22,d144_hh235
d22,d8_hh179
d22,d172_hh1
d22,d89_hh43
d22,d206_hh188
d22,d86_hh114
d22,d49_hh131
d22,d145_hh212
d22,d89_hh43
d22,d70_hh135
d22,d194_hh13
d22,d84_hh101
d22,d71_hh152
d22,d203_hh30
d22,d176_hh122
d22,d153_hh185
d22,d172_hh102
d22,d64_hh137
d22,d49_hh245
d22,d172_hh1
d22,d189_hh80
d22,d148_hh82
d22,d211_hh181
d22,d27_hh145
d22,d70_hh79
d22,d70_hh243
d22,d188_hh137
d22,d79_hh182
d22,d206_hh283
d22,d172_hh1
d22,d103_hh175
d22,d64_hh165
d22,d79_hh76
d22,d71_hh169
d22,d148_hh82
d22,d108_hh127
d22,d86_hh114
d22,d86_hh167
d22,d84_hh6
d22,d185_hh17
d22,d185_hh70
d22,d8_hh179
d22,d86_hh70
d22,d10_hh46
d22,d60_hh165
d22,d136_hh236
d22,d176_hh122
d22,d84_hh6
d22,d172_hh1
d22,d206_hh283
d22,d151_hh1
d22,d27_hh145
d22,d3_hh98
d22,d27_hh145
d22,d167_hh167
d22,d60_hh172
d22,d79_hh182
d22,d181_hh267
d22,d172_hh102
d22,d84_hh15
d22,d84_hh15
d22,d148_hh98
d22,d22_hh219
d22,d194_hh13
d22,d121_hh146
d22,d145_hh212
d22,d107_hh76
d22,d206_hh256
d22,d107_hh6
d22,d10_hh46
d22,d45_hh183
d22,d148_hh82
d22,d105_hh161
d22,d63_hh98
d22,d6_hh77
d22,d70_hh135
d22,d45_hh183
d22,d71_hh152
d22,d148_hh98
d22,d107_hh211
d22,d79_hh93
d22,d89_hh43
d22,d45_hh9
d22,d64_hh69
d22,d94_hh178
d22,d49_hh89
d22,d206_hh256
d22,d49_hh89
d22,d60_hh172
d22,d189_hh106
d22,d201_hh86
d22,d167_hh120
d22,d79_hh76
d22,d107_hh211
d22,d6_hh77
d22,d60_hh172
d22,d185_hh70
d22,d89_hh77
d22,d172_hh102
d22,d185_hh70
d22,d27_hh16
d22,d49_hh198
d22,d49_hh245
d22,d188_hh223
d22,d45_hh282
d22,d84_hh62
d23,d52_hh115
d23,d73_hh184
d23,d100_hh63
d23,d54_hh44
d23,d119_hh64
d23,d161_hh21
d23,d73_hh242
d23,d57_hh16
d23,d23_hh21
d23,d184_hh238
d23,d13_hh58
d23,d4_hh65
d23,d57_hh16
d23,d99_hh225
d23,d114_hh66
d23,d132_hh188
d23,d135_hh17
d23,d214_hh41
d23,d204_hh87
d23,d199_hh180
d23,d87_hh156
d23,d187_hh42
d23,d143_hh28
d23,d113_hh175
d23,d191_hh246
d23,d90_hh207
d23,d134_hh223
d23,d209_hh254
d23,d158_hh239
d23,d186_hh185
d23,d46_hh194
d23,d46_hh245
d23,d117_hh74
d23,d98_hh245
d23,d44_hh38
d23,d96_hh110
d23,d91_hh90
d23,d53_hh3
d23,d182_hh229
d23,d100_hh145
d23,d150_hh207
d23,d177_hh145
d23,d96_hh110
d23,d17_hh106
d23,d61_hh155
d23,d213_hh2
d23,d213_hh62
d23,d174_hh213
d23,d15_hh76
d23,d106_hh207
d23,d170_hh117
d23,d118_hh118
d23,d123_hh129
d23,d131_hh102
d23,d43_hh125
d23,d80_hh106
d23,d62_hh98
d23,d158_hh107
d23,d53_hh147
d23,d36_hh226
d23,d85_hh144
d23,d39_hh66
d23,d150_hh203
d23,d50_hh249
d23,d119_hh95
d23,d98_hh177
d23,d174_hh24
d23,d85_hh110
d23,d169_hh216
d23,d138_hh82
d23,d123_hh129
d23,d44_hh164
d23,d133_hh135
d23,d171_hh88
d23,d104_hh58
d23,d7_hh257
d23,d31_hh34
d23,d197_hh151
d23,d149_hh14
d23,d162_hh213
d23,d91_hh199
d23,d23_hh93
d23,d42_hh202
d23,d2_hh217
d23,d19_hh130
d23,d134_hh270
d23,d162_hh213
d23,d73_hh242
d23,d164_hh122
d23,d152_hh168
d23,d213_hh252
d23,d51_hh231
d23,d210_hh200
d23,d85_hh110
d23,d15_hh264
d23,d209_hh219
d23,d205_hh196
d23,d123_hh119
d23,d11_hh128
d23,d174_hh242
d23,d24_hh92
d23,d154_hh2
d23,d141_hh128
d23,d213_hh178
d23,d128_hh28
d23,d17_hh106
d23,d209_hh219
d23,d104_hh116
d23,d75_hh264
d23,d54_hh61
d23,d214_hh13
d23,d177_hh163
d23,d87_hh245
d23,d2_hh180
d23,d54_hh44
d23,d158_hh107
d23,d173_hh163
d23,d158_hh107
d23,d199_hh71
d23,d78_hh39
d23,d80_hh186
d23,d135_hh17
d23,d155_hh148
d23,d54_hh222
d23,d119_hh210
d23,d74_hh107
d23,d214_hh41
d23,d131_hh24
d23,d182_hh229
d23,d54_hh222
d23,d31_hh34
d23,d214_hh210
d23,d81_hh89
d23,d62_hh98
d23,d42_hh19
d23,d87_hh156
d23,d214_hh210
d23,d67_hh15
d23,d31_hh139
d23,d31_hh127
d23,d161_hh21
d23,d137_hh106
d23,d61_hh41
d23,d122_hh231
d23,d80_hh106
d23,d123_hh106
d23,d182_hh195
d23,d122_hh159
d23,d178_hh58
d23,d12_hh23
d23,d31_hh34
d23,d123_hh160
d23,d131_hh174
d23,d31_hh127
d23,d100_hh91
d23,d66_hh213
d23,d174_hh242
d23,d138_hh150
d23,d152_hh88
d23,d149_hh14
d23,d78_hh223
d23,d13_hh58
d23,d50_hh249
d23,d24_hh92
d23,d184_hh158
d23,d17_hh213
d23,d184_hh238
d23,d80_hh106
d23,d57_hh166
d23,d66_hh14
d23,d126_hh263
d23,d100_hh91
d23,d62_hh98
d23,d166_hh150
d23,d7_hh257
d23,d46_hh12
d23,d111_hh131
d23,d131_hh180
d23,d75_hh264
d23,d43_hh125
d23,d175_hh131
d23,d128_hh246
d23,d133_hh241
d23,d209_hh254
d23,d34_hh77
d23,d200_hh261
d23,d120_hh248
d23,d91_hh178
d23,d128_hh126
d23,d207_hh219
d23,d141_hh128
d23,d152_hh88
d23,d123_hh104
d23,d123_hh84
d23,d42_hh185
d23,d193_hh248
d23,d46_hh12
d23,d98_hh245
d23,d11_hh53
d23,d174_hh24
d23,d54_hh44
d23,d182_hh149
d23,d39_hh99
d23,d133_hh241
d23,d149_hh14
d23,d74_hh257
d23,d202_hh205
d23,d75_hh264
d23,d52_hh165
d23,d174_hh24
d23,d98_hh245
d23,d12_hh23
d23,d126_hh263
d23,d128_hh246
d23,d61_hh155
d23,d175_hh52
d23,d34_hh77
d23,d126_hh167
d23,d158_hh107
d23,d23_hh233
d23,d132_hh188
d23,d75_hh227
d23,d138_hh150
d23,d69_hh240
d23,d11_hh128
d23,d62_hh22
d23,d132_hh76
d23,d174_hh242
d23,d158_hh107
d23,d104_hh58
d23,d93_hh66
d23,d200_hh77
d23,d122_hh144
d23,d104_hh116
d23,d42_hh19
d23,d143_hh28
d23,d210_hh142
d23,d178_hh58
d23,d213_hh178
d23,d17_hh228
d23,d83_hh204
d23,d50_hh217
d23,d100_hh48
d23,d209_hh159
d23,d50_hh217
d23,d200_hh21
d23,d161_hh185
d23,d106_hh207
d23,d74_hh243
d23,d57_hh286
d23,d83_hh117
d23,d169_hh190
d23,d138_hh83
d23,d17_hh228
d23,d160_hh88
d23,d44_hh38
d23,d31_hh127
d23,d135_hh17
d23,d184_hh238
d23,d91_hh199
d23,d95_hh56
d23,d90_hh207
d23,d7_hh257
d23,d165_hh94
d23,d128_hh28
d23,d38_hh165
d23,d160_hh88
d23,d67_hh15
d23,d133_hh241
d23,d215_hh105
d23,d155_hh148
d23,d74_hh142
d24,d100_hh145
d24,d209_hh244
d24,d7_hh257
d24,d54_hh189
d24,d31_hh139
d24,d75_hh227
d24,d46_hh194
d24,d2_hh180
d24,d74_hh257
d24,d98_hh100
d24,d4_hh29
d24,d38_hh165
d24,d122_hh16
d24,d213_hh2
d24,d143_hh28
d24,d187_hh7
d24,d204_hh239
d24,d213_hh211
d24,d95_hh56
d24,d209_hh159
d24,d125_hh3
d24,d135_hh2
d24,d137_hh119
d24,d44_hh38
d24,d75_hh53
d24,d143_hh241
d24,d199_hh49
d24,d31_hh127
d24,d75_hh264
d24,d50_hh217
d24,d99_hh225
d24,d125_hh135
d24,d75_hh102
d24,d119_hh95
d24,d75_hh264
d24,d209_hh244
d24,d119_hh64
d24,d129_hh122
d24,d162_hh47
d24,d207_hh219
d24,d42_hh88
d24,d106_hh207
d24,d119_hh95
d24,d29_hh131
d24,d210_hh200
d24,d2_hh173
d24,d46_hh12
d24,d174_hh24
d24,d143_hh241
d24,d50_hh272
d24,d52_hh115
d24,d4_hh80
d24,d97_hh156
d24,d118_hh244
d24,d20_hh166
d24,d209_hh244
d24,d213_hh125
d24,d199_hh49
d24,d174_hh213
d24,d117_hh140
d24,d123_hh129
d24,d91_hh199
d24,d130_hh142
d24,d197_hh151
d24,d214_hh47
d24,d15_hh22
d24,d123_hh119
d24,d195_hh109
d24,d2_hh217
d24,d187_hh87
d24,d152_hh88
d24,d120_hh161
d24,d46_hh12
d24,d120_hh248
d24,d126_hh263
d24,d15_hh22
d24,d52_hh115
d24,d202_hh170
d24,d83_hh204
d24,d83_hh193
d24,d141_hh27
d24,d23_hh204
d24,d55_hh94
d24,d21_hh105
d24,d29_hh243
d24,d169_hh225
d24,d133_hh241
d24,d187_hh42
d24,d213_hh62
d24,d213_hh2
d24,d39_hh67
d24,d123_hh57
d24,d117_hh11
d24,d102_hh201
d24,d42_hh88
d24,d42_hh19
d24,d213_hh125
d24,d74_hh243
d24,d31_hh34
d24,d15_hh76
d24,d88_hh195
d24,d56_hh262
d24,d122_hh16
d24,d91_hh138
d24,d195_hh109
d24,d202_hh90
d24,d34_hh160
d24,d43_hh125
d24,d155_hh151
d24,d2_hh217
d24,d42_hh185
d24,d17_hh12
d24,d83_hh153
d24,d74_hh142
d24,d159_hh183
d24,d120_hh161
d24,d101_hh155
d24,d209_hh159
d24,d62_hh98
d24,d17_hh213
d24,d149_hh107
d24,d155_hh151
d24,d95_hh164
d24,d182_hh229
d24,d38_hh165
d24,d120_hh161
d24,d186_hh185
d24,d65_hh101
d24,d178_hh157
d24,d119_hh64
d24,d4_hh65
d24,d50_hh272
d24,d182_hh149
d24,d135_hh2
d24,d38_hh165
d24,d74_hh142
d24,d134_hh223
d24,d102_hh200
d24,d50_hh272
d24,d75_hh25
d24,d169_hh190
d24,d209_hh219
d24,d80_hh106
d24,d19_hh130
d24,d82_hh154
d24,d98_hh100
d24,d100_hh48
d24,d18_hh137
d24,d187_hh61
d24,d186_hh185
d24,d38_hh165
d24,d119_hh210
d24,d54_hh57
d24,d17_hh213
d24,d83_hh193
d24,d66_hh240
d24,d199_hh71
d24,d191_hh246
d24,d155_hh148
d24,d182_hh229
d24,d193_hh138
d24,d21_hh90
d24,d123_hh119
d24,d154_hh2
d24,d30_hh58
d24,d131_hh174
d24,d74_hh142
d24,d54_hh218
d24,d114_hh47
d24,d17_hh106
d24,d91_hh21
d24,d204_hh56
d24,d74_hh257
d24,d182_hh74
d24,d40_hh200
d24,d199_hh180
d24,d209_hh11
d24,d199_hh71
d24,d154_hh2
d24,d215_hh105
d24,d126_hh263
d24,d80_hh186
d24,d23_hh156
d24,d209_hh254
d24,d173_hh163
d24,d52_hh115
d24,d66_hh213
d24,d164_hh123
d24,d165_hh94
d24,d119_hh210
d24,d123_hh129
d24,d54_hh57
d24,d74_hh15
d24,d209_hh254
d24,d138_hh150
d24,d80_hh186
d24,d2_hh173
d24,d143_hh241
d24,d82_hh154
d24,d55_hh94
d24,d57_hh216
d24,d54_hh189
d24,d75_hh25
d24,d91_hh178
d24,d57_hh286
d24,d149_hh14
d24,d17_hh228
d24,d102_hh242
d24,d35_hh263
d24,d202_hh170
d24,d198_hh152
d24,d149_hh14
d24,d152_hh168
d24,d51_hh151
d24,d56_hh262
d24,d41_hh150
d24,d11_hh53
d24,d53_hh3
d24,d55_hh94
d24,d91_hh21
d24,d171_hh88
d24,d210_hh200
d24,d75_hh25
d24,d30_hh130
d24,d31_hh34
d24,d213_hh178
d24,d134_hh223
d24,d67_hh209
d24,d111_hh131
d24,d200_hh261
d24,d200_hh77
d24,d30_hh130
d24,d23_hh204
d24,d112_hh8
d24,d133_hh111
d24,d23_hh93
d24,d209_hh159
d24,d65_hh101
d24,d122_hh144
d24,d205_hh196
d24,d139_hh214
d24,d120_hh161
d24,d59_hh184
d24,d214_hh41
d24,d169_hh190
d24,d54_hh222
d24,d214_hh47
d24,d204_hh239
d24,d95_hh201
d24,d39_hh154
d24,d57_hh216
d24,d41_hh150
d24,d50_hh249
d24,d11_hh128
d24,d31_hh127
d24,d2_hh68
d24,d208_hh253
d24,d65_hh29
d24,d57_hh216
d24,d44_hh38
d24,d178_hh58
d24,d128_hh126
d24,d54_hh189
d24,d91_hh178
d24,d120_hh161
d24,d117_hh74
d24,d67_hh209
d24,d42_hh19
d24,d200_hh21
d35,d42_hh19
d35,d187_hh0
d35,d57_hh216
d35,d95_hh201
d35,d131_hh174
d35,d11_hh53
d35,d208_hh168
d35,d141_hh128
d35,d50_hh217
d35,d57_hh250
d35,d177_hh163
d35,d113_hh175
d35,d126_hh167
d35,d134_hh270
d35,d50_hh272
d35,d104_hh175
d35,d57_hh16
d35,d19_hh38
d35,d39_hh99
d35,d61_hh155
d35,d200_hh261
d35,d23_hh156
d35,d130_hh244
d35,d213_hh2
d35,d17_hh228
d35,d13_hh58
d35,d202_hh205
d35,d13_hh58
d35,d182_hh39
d35,d62_hh251
d35,d150_hh203
d35,d98_hh245
d35,d41_hh71
d35,d174_hh242
d35,d135_hh2
d35,d21_hh105
d35,d46_hh245
d35,d141_hh128
d35,d55_hh254
d35,d182_hh74
d35,d91_hh90
d35,d158_hh239
d35,d120_hh269
d35,d100_hh91
d35,d155_hh210
d35,d117_hh74
d35,d21_hh105
d35,d213_hh252
d35,d209_hh244
d35,d213_hh125
d35,d17_hh210
d35,d178_hh173
d35,d126_hh207
d35,d119_hh177
d35,d139_hh214
d35,d166_hh24
d35,d7_hh257
d35,d15_hh186
d35,d104_hh270
d35,d141_hh128
d35,d114_hh66
d35,d97_hh156
d35,d165_hh94
d35,d91_hh199
d35,d177_hh145
d35,d149_hh14
d35,d46_hh69
d35,d2_hh151
d35,d178_hh157
d35,d90_hh233
d35,d199_hh71
d35,d41_hh163
d35,d155_hh210
d35,d208_hh253
d35,d51_hh231
d35,d104_hh270
d35,d42_hh19
d35,d80_hh186
d35,d46_hh194
d35,d187_hh7
d35,d67_hh209
d35,d123_hh160
d35,d93_hh66
d35,d99_hh225
d35,d53_hh3
d35,d91_hh138
d35,d2_hh287
d35,d53_hh147
d35,d23_hh21
d35,d177_hh163
d35,d36_hh226
d35,d40_hh152
d35,d78_hh39
d35,d120_hh161
d35,d213_hh211
d35,d123_hh57
d35,d34_hh160
d35,d2_hh68
d35,d204_hh87
d35,d112_hh8
d35,d160_hh88
d35,d118_hh118
d35,d85_hh184
d35,d30_hh267
d35,d46_hh245
d35,d213_hh62
d35,d152_hh88
d35,d152_hh88
d35,d65_hh101
d35,d55_hh94
d35,d30_hh130
d35,d150_hh207
d35,d90_hh207
d35,d209_hh219
d35,d155_hh18
d35,d31_hh139
d35,d96_hh145
d35,d102_hh179
d35,d133_hh135
d35,d141_hh27
d35,d74_hh15
d35,d213_hh125
d35,d106_hh207
d35,d2_hh180
d35,d91_hh138
d35,d213_hh178
d35,d98_hh245
d35,d133_hh111
d35,d59_hh112
d35,d143_hh28
d35,d213_hh62
d35,d170_hh130
d35,d62_hh251
d35,d170_hh130
d35,d178_hh272
d35,d141_hh128
d35,d158_hh107
d35,d178_hh191
d35,d208_hh240
d35,d155_hh151
d35,d154_hh2
d35,d48_hh118
d35,d213_hh2
d35,d208_hh168
d35,d46_hh69
d35,d74_hh107
d35,d59_hh243
d35,d120_hh161
d35,d75_hh264
d35,d166_hh24
d35,d75_hh264
d35,d62_hh259
d35,d114_hh219
d35,d16_hh294
d35,d178_hh191
d35,d209_hh149
d35,d141_hh128
d35,d72_hh42
d35,d200_hh261
d35,d187_hh42
d35,d177_hh145
d35,d104_hh116
d35,d17_hh213
d35,d80_hh186
d35,d202_hh170
d35,d97_hh26
d35,d126_hh167
d35,d117_hh11
d35,d164_hh123
d35,d131_hh24
d35,d93_hh18
d35,d100_hh145
d35,d35_hh2
d35,d135_hh2
d35,d134_hh223
d35,d35_hh263
d35,d117_hh74
d35,d149_hh1
d35,d213_hh2
d35,d80_hh186
d35,d178_hh58
d35,d195_hh19
d35,d210_hh142
d35,d57_hh16
d35,d210_hh142
d35,d59_hh112
d35,d149_hh1
d35,d213_hh247
d35,d67_hh209
d35,d42_hh202
d35,d23_hh204
d35,d200_hh261
d35,d95_hh201
d35,d122_hh16
d35,d131_hh102
d35,d39_hh67
d35,d195_hh47
d35,d17_hh228
d35,d57_hh166
d35,d150_hh207
d35,d62_hh98
d35,d85_hh184
d35,d54_hh44
d35,d126_hh167
d35,d23_hh233
d35,d150_hh207
d35,d123_hh129
d35,d207_hh219
d35,d75_hh53
d35,d75_hh102
d35,d16_hh287
d35,d213_hh247
d35,d90_hh151
d35,d88_hh36
d35,d187_hh61
d35,d18_hh137
d35,d195_hh19
d35,d198_hh152
d35,d75_hh264
d35,d126_hh207
d35,d114_hh219
d35,d128_hh126
d35,d66_hh213
d35,d21_hh105
d35,d209_hh149
d35,d73_hh184
d35,d193_hh248
d35,d19_hh130
d35,d122_hh159
d35,d102_hh200
d35,d36_hh226
d35,d147_hh54
d35,d160_hh88
d35,d97_hh156
d35,d91_hh178
d35,d202_hh170
d35,d198_hh152
d35,d4_hh65
d35,d77_hh123
d35,d54_hh44
d35,d165_hh94
d35,d213_hh62
d35,d99_hh225
d35,d125_hh3
d35,d85_hh110
d35,d213_hh178
d35,d12_hh23
d35,d119_hh24
d35,d97_hh26
d35,d123_hh106
d35,d52_hh33
d35,d198_hh188
d35,d23_hh21
d35,d138_hh83
d35,d15_hh22
d35,d78_hh39
d35,d87_hh156
d35,d2_hh151
d35,d208_hh240
d35,d117_hh11
d35,d67_hh15
d35,d4_hh80
d35,d200_hh102
d35,d17_hh213
d35,d41_hh163
d35,d207_hh219
d35,d187_hh61
d35,d204_hh239
d35,d193_hh248
d35,d132_hh76
d35,d65_hh101
d35,d74_hh142
d35,d213_hh62
d35,d208_hh240
d35,d155_hh210
d35,d213_hh247
d35,d119_hh95
d25,d188_hh98
d25,d105_hh161
d25,d115_hh51
d25,d27_hh16
d25,d192_hh0
d25,d84_hh220
d25,d108_hh195
d25,d28_hh260
d25,d45_hh9
d25,d10_hh110
d25,d64_hh69
d25,d136_hh236
d25,d194_hh224
d25,d108_hh277
d25,d70_hh79
d25,d189_hh237
d25,d108_hh195
d25,d180_hh130
d25,d108_hh35
d25,d153_hh185
d25,d203_hh30
d25,d103_hh72
d25,d144_hh285
d25,d63_hh157
d25,d10_hh60
d25,d86_hh70
d25,d203_hh30
d25,d188_hh137
d25,d94_hh178
d25,d60_hh210
d25,d189_hh106
d25,d10_hh60
d25,d60_hh165
d25,d121_hh146
d25,d103_hh89
d25,d153_hh185
d25,d107_hh211
d25,d28_hh260
d25,d89_hh43
d25,d211_hh181
d25,d153_hh185
d25,d22_hh0
d25,d107_hh260
d25,d153_hh185
d25,d115_hh85
d25,d108_hh127
d25,d103_hh264
d25,d151_hh146
d25,d167_hh36
d25,d108_hh35
d25,d64_hh69
d25,d107_hh42
d25,d196_hh175
d25,d22_hh0
d25,d94_hh178
d25,d196_hh175
d25,d185_hh17
d25,d148_hh221
d25,d60_hh172
d25,d115_hh85
d25,d203_hh30
d25,d8_hh179
d25,d136_hh236
d25,d145_hh2
d25,d25_hh250
d25,d196_hh42
d25,d206_hh188
d25,d70_hh243
d25,d64_hh133
d25,d212_hh78
d25,d64_hh133
d25,d157_hh104
d25,d68_hh230
d25,d136_hh186
d25,d201_hh86
d25,d108_hh127
d25,d22_hh0
d25,d115_hh85
d25,d64_hh45
d25,d86_hh136
d25,d45_hh140
d25,d45_hh140
d25,d79_hh93
d25,d28_hh260
d25,d201_hh28
d25,d136_hh236
d25,d151_hh146
d25,d60_hh210
d25,d212_hh78
d25,d188_hh137
d25,d10_hh60
d25,d194_hh13
d25,d45_hh282
d25,d108_hh40
d25,d103_hh89
d25,d121_hh146
d25,d84_hh220
d25,d188_hh98
d25,d28_hh260
d25,d103_hh89
d25,d108_hh35
d25,d94_hh178
d25,d45_hh183
d25,d49_hh237
d25,d194_hh224
d25,d194_hh13
d25,d49_hh119
d25,d201_hh86
d25,d189_hh80
d25,d70_hh85
d25,d176_hh239
d25,d64_hh69
d25,d70_hh135
d25,d10_hh110
d25,d136_hh236
d25,d144_hh285
d25,d60_hh210
d25,d115_hh51
d25,d45_hh9
d25,d103_hh264
d25,d121_hh146
d25,d64_hh69
d25,d64_hh137
d25,d167_hh120
d25,d145_hh212
d25,d153_hh185
d25,d172_hh1
d25,d107_hh42
d25,d103_hh53
d25,d10_hh110
d25,d203_hh30
d25,d8_hh179
d25,d181_hh267
d25,d27_hh65
d25,d153_hh185
d25,d196_hh175
d25,d60_hh210
d25,d28_hh260
d25,d103_hh89
d25,d49_hh155
d25,d121_hh146
d25,d136_hh186
d25,d64_hh133
d25,d45_hh140
d25,d201_hh21
d25,d25_hh250
d25,d94_hh137
d25,d206_hh188
d25,d28_hh124
d25,d108_hh195
d25,d25_hh250
d25,d103_hh264
d25,d84_hh220
d25,d136_hh236
d25,d63_hh157
d25,d49_hh245
d25,d121_hh146
d25,d103_hh53
d25,d115_hh51
d25,d86_hh70
d25,d105_hh48
d25,d203_hh30
d25,d153_hh185
d25,d3_hh98
d25,d108_hh35
d25,d107_hh76
d25,d60_hh210
d25,d185_hh70
d25,d79_hh76
d25,d136_hh236
d25,d103_hh264
d25,d194_hh224
d25,d49_hh237
d25,d107_hh260
d25,d60_hh210
d25,d194_hh13
d25,d136_hh236
d25,d194_hh13
d25,d145_hh145
d25,d49_hh237
d25,d108_hh40
d25,d86_hh114
d25,d148_hh221
d25,d49_hh119
d25,d64_hh45
d25,d188_hh98
d25,d94_hh178
d25,d211_hh181
d25,d28_hh124
d25,d176_hh183
d25,d94_hh137
d25,d25_hh250
d25,d188_hh98
d25,d192_hh169
d25,d172_hh1
d25,d136_hh236
d25,d60_hh210
d25,d167_hh167
d25,d63_hh157
d25,d180_hh130
d25,d105_hh48
d25,d115_hh2
d25,d107_hh42
d25,d70_hh85
d25,d212_hh78
d25,d194_hh102
d25,d108_hh35
d25,d9_hh97
d25,d3_hh279
d25,d181_hh63
d25,d176_hh239
d25,d105_hh48
d25,d64_hh133
d25,d194_hh224
d25,d22_hh0
d25,d192_hh159
d25,d115_hh51
d25,d148_hh97
d25,d194_hh13
d25,d64_hh69
d25,d192_hh159
d25,d103_hh175
d25,d196_hh60
d25,d49_hh149
d25,d108_hh35
d25,d94_hh178
d25,d115_hh85
d25,d63_hh157
d25,d181_hh63
d25,d115_hh51
d25,d63_hh157
d25,d189_hh80
d25,d3_hh7
d25,d86_hh70
d25,d27_hh65
d25,d167_hh36
d25,d22_hh155
d25,d3_hh7
d25,d10_hh46
d25,d181_hh267
d25,d27_hh16
d25,d180_hh130
d25,d94_hh178
d25,d108_hh195
d25,d108_hh40
d25,d84_hh62
d25,d108_hh40
d25,d49_hh149
d25,d86_hh167
d25,d107_hh76
d25,d176_hh122
d25,d86_hh70
d25,d136_hh186
d25,d206_hh283
d25,d27_hh16
d25,d176_hh122
d25,d64_hh69
d25,d27_hh145
d25,d107_hh260
d25,d28_hh124
d25,d153_hh185
d25,d206_hh151
d25,d107_hh6
d25,d105_hh48
d25,d136_hh236
d25,d192_hh159
d25,d203_hh11
d25,d212_hh78
d25,d188_hh98
d25,d203_hh30
d25,d206_hh283
d25,d49_hh149
d25,d115_hh2
d25,d151_hh146
d25,d192_hh0
d25,d153_hh185
d27,d70_hh243
d27,d64_hh271
d27,d121_hh238
d27,d192_hh169
d27,d107_hh211
d27,d115_hh51
d27,d211_hh181
d27,d45_hh183
d27,d189_hh80
d27,d172_hh263
d27,d151_hh93
d27,d153_hh185
d27,d64_hh165
d27,d107_hh211
d27,d84_hh220
d27,d79_hh93
d27,d167_hh120
d27,d10_hh60
d27,d206_hh283
d27,d45_hh183
d27,d103_hh115
d27,d3_hh98
d27,d167_hh36
d27,d176_hh122
d27,d9_hh56
d27,d89_hh77
d27,d84_hh62
d27,d79_hh182
d27,d196_hh42
d27,d203_hh11
d27,d148_hh97
d27,d60_hh172
d27,d103_hh72
d27,d45_hh282
d27,d84_hh220
d27,d136_hh186
d27,d49_hh155
d27,d107_hh42
d27,d71_hh292
d27,d189_hh80
d27,d60_hh172
d27,d9_hh97
d27,d71_hh169
d27,d84_hh220
d27,d70_hh79
d27,d201_hh21
d27,d108_hh127
d27,d70_hh188
d27,d9_hh176
d27,d70_hh135
d27,d64_hh69
d27,d145_hh150
d27,d60_hh210
d27,d185_hh70
d27,d10_hh46
d27,d206_hh188
d27,d64_hh165
d27,d94_hh137
d27,d45_hh183
d27,d148_hh189
d27,d45_hh282
d27,d9_hh176
d27,d49_hh149
d27,d172_hh1
d27,d103_hh172
d27,d212_hh78
d27,d70_hh135
d27,d206_hh283
d27,d148_hh189
d27,d28_hh124
d27,d70_hh135
d27,d63_hh157
d27,d10_hh110
d27,d86_hh114
d27,d84_hh6
d27,d188_hh223
d27,d89_hh77
d27,d71_hh169
d27,d89_hh65
d27,d70_hh243
d27,d84_hh101
d27,d192_hh159
d27,d108_hh127
d27,d45_hh183
d27,d144_hh235
d27,d84_hh15
d27,d70_hh85
d27,d189_hh80
d27,d103_hh264
d27,d194_hh102
d27,d180_hh34
d27,d148_hh221
d27,d89_hh43
d27,d144_hh235
d27,d206_hh256
d27,d22_hh155
d27,d151_hh146
d27,d94_hh137
d27,d45_hh140
d27,d107_hh6
d27,d185_hh17
d27,d71_hh169
d27,d189_hh237
d27,d176_hh239
d27,d89_hh77
d27,d84_hh220
d27,d107_hh143
d27,d151_hh93
d27,d189_hh106
d27,d115_hh85
d27,d103_hh172
d27,d64_hh69
d27,d86_hh114
d27,d151_hh194
d27,d157_hh104
d27,d60_hh210
d27,d206_hh188
d27,d60_hh210
d27,d151_hh1
d27,d28_hh124
d27,d45_hh9
d27,d115_hh196
d27,d196_hh60
d27,d196_hh175
d27,d108_hh127
d27,d71_hh152
d27,d70_hh135
d27,d203_hh11
d27,d6_hh77
d27,d71_hh292
d27,d148_hh189
d27,d89_hh77
d27,d196_hh42
d27,d148_hh189
d27,d49_hh237
d27,d148_hh189
d27,d121_hh238
d27,d70_hh135
d27,d192_hh159
d27,d64_hh45
d27,d84_hh220
d27,d103_hh53
d27,d27_hh145
d27,d180_hh130
d27,d84_hh15
d27,d86_hh114
d27,d206_hh74
d27,d49_hh131
d27,d3_hh279
d27,d121_hh238
d27,d206_hh151
d27,d192_hh0
d27,d151_hh207
d27,d49_hh245
d27,d189_hh106
d27,d108_hh40
d27,d192_hh0
d27,d63_hh98
d27,d63_hh157
d27,d172_hh1
d27,d22_hh219
d27,d206_hh283
d27,d70_hh79
d27,d196_hh34
d27,d121_hh238
d27,d45_hh140
d27,d151_hh194
d27,d45_hh282
d27,d121_hh238
d27,d64_hh165
d27,d172_hh102
d27,d84_hh220
d27,d206_hh74
d27,d103_hh175
d27,d84_hh15
d27,d9_hh176
d27,d10_hh60
d27,d148_hh98
d27,d201_hh21
d27,d49_hh237
d27,d3_hh279
d27,d9_hh176
d27,d45_hh183
d27,d121_hh146
d27,d107_hh211
d27,d144_hh235
d27,d103_hh72
d27,d196_hh42
d27,d108_hh127
d27,d70_hh243
d27,d71_hh152
d27,d22_hh219
d27,d64_hh45
d27,d185_hh70
d27,d107_hh211
d27,d94_hh178
d27,d64_hh165
d27,d64_hh45
d27,d3_hh7
d27,d63_hh98
d27,d89_hh65
d27,d107_hh143
d27,d107_hh76
d27,d22_hh0
d27,d27_hh145
d27,d45_hh9
d27,d196_hh42
d27,d105_hh161
d27,d94_hh137
d27,d181_hh59
d27,d103_hh172
d27,d89_hh77
d27,d201_hh86
d27,d107_hh76
d27,d79_hh182
d27,d22_hh0
d27,d103_hh264
d27,d103_hh53
d27,d189_hh80
d27,d115_hh85
d27,d192_hh159
d27,d180_hh34
d27,d84_hh15
d27,d103_hh172
d27,d71_hh152
d27,d145_hh150
d27,d22_hh225
d27,d45_hh140
d27,d22_hh155
d27,d189_hh106
d27,d3_hh279
d27,d27_hh145
d27,d188_hh223
d27,d157_hh104
d27,d10_hh46
d27,d121_hh146
d27,d49_hh245
d27,d108_hh127
d27,d10_hh46
d27,d60_hh210
d27,d45_hh183
d27,d151_hh146
d27,d60_hh259
d27,d10_hh110
d27,d71_hh292
d27,d148_hh98
d27,d89_hh65
d27,d189_hh237
d27,d188_hh223
d27,d70_hh79
d27,d103_hh172
d27,d49_hh89
d27,d86_hh167
d27,d70_hh79
d27,d49_hh198
d27,d22_hh219
d27,d60_hh172
d27,d68_hh230
d27,d121_hh238
d27,d151_hh207
d27,d49_hh155
d27,d107_hh143
d27,d79_hh182
d27,d108_hh277
d27,d84_hh15
d27,d108_hh35
d27,d136_hh186
d27,d192_hh159
d27,d49_hh131
d27,d105_hh238
d27,d176_hh122
d27,d103_hh175
d27,d206_hh188
d27,d49_hh131
d27,d194_hh13
d27,d192_hh28
d27,d121_hh146
d27,d145_hh145
d27,d151_hh93
d27,d206_hh74
d26,d61_hh155
d26,d34_hh77
d26,d128_hh28
d26,d41_hh71
d26,d23_hh233
d26,d143_hh28
d26,d66_hh207
d26,d126_hh4
d26,d128_hh246
d26,d143_hh28
d26,d132_hh76
d26,d66_hh240
d26,d15_hh186
d26,d202_hh264
d26,d75_hh25
d26,d200_hh261
d26,d59_hh243
d26,d30_hh130
d26,d53_hh147
d26,d90_hh207
d26,d4_hh80
d26,d209_hh219
d26,d123_hh129
d26,d57_hh286
d26,d4_hh65
d26,d140_hh85
d26,d191_hh53
d26,d132_hh76
d26,d11_hh128
d26,d165_hh94
d26,d178_hh157
d26,d202_hh205
d26,d20_hh166
d26,d38_hh159
d26,d178_hh272
d26,d57_hh216
d26,d131_hh205
d26,d132_hh46
d26,d139_hh214
d26,d56_hh4
d26,d31_hh127
d26,d83_hh76
d26,d169_hh216
d26,d75_hh53
d26,d147_hh54
d26,d204_hh56
d26,d48_hh118
d26,d111_hh131
d26,d110_hh193
d26,d129_hh122
d26,d178_hh191
d26,d118_hh244
d26,d50_hh217
d26,d150_hh207
d26,d204_hh56
d26,d128_hh246
d26,d213_hh178
d26,d184_hh158
d26,d195_hh47
d26,d120_hh269
d26,d143_hh241
d26,d11_hh128
d26,d126_hh207
d26,d15_hh22
d26,d35_hh263
d26,d169_hh216
d26,d155_hh210
d26,d2_hh68
d26,d59_hh112
d26,d119_hh24
d26,d2_hh287
d26,d209_hh254
d26,d88_hh195
d26,d207_hh191
d26,d166_hh239
d26,d120_hh248
d26,d214_hh13
d26,d42_hh58
d26,d128_hh246
d26,d131_hh205
d26,d91_hh178
d26,d17_hh12
d26,d193_hh138
d26,d73_hh242
d26,d120_hh248
d26,d90_hh233
d26,d73_hh242
d26,d74_hh257
d26,d29_hh243
d26,d90_hh151
d26,d132_hh46
d26,d57_hh250
d26,d159_hh64
d26,d34_hh77
d26,d35_hh2
d26,d42_hh19
d26,d2_hh287
d26,d215_hh105
d26,d210_hh142
d26,d166_hh164
d26,d90_hh207
d26,d31_hh127
d26,d57_hh250
d26,d18_hh137
d26,d207_hh219
d26,d54_hh44
d26,d98_hh245
d26,d55_hh254
d26,d165_hh107
d26,d170_hh130
d26,d18_hh137
d26,d135_hh2
d26,d160_hh88
d26,d62_hh251
d26,d166_hh24
d26,d7_hh257
d26,d122_hh144
d26,d93_hh66
d26,d152_hh168
d26,d202_hh170
d26,d130_hh142
d26,d81_hh89
d26,d41_hh206
d26,d140_hh85
d26,d177_hh145
d26,d59_hh112
d26,d82_hh154
d26,d163_hh213
d26,d113_hh175
d26,d150_hh207
d26,d91_hh138
d26,d195_hh109
d26,d125_hh135
d26,d174_hh242
d26,d95_hh205
d26,d132_hh76
d26,d125_hh3
d26,d85_hh144
d26,d42_hh185
d26,d66_hh207
d26,d29_hh243
d26,d149_hh14
d26,d125_hh3
d26,d98_hh245
d26,d147_hh54
d26,d155_hh148
d26,d122_hh16
d26,d54_hh61
d26,d23_hh204
d26,d187_hh61
d26,d155_hh151
d26,d190_hh38
d26,d193_hh85
d26,d38_hh165
d26,d195_hh109
d26,d174_hh213
d26,d75_hh102
d26,d4_hh80
d26,d213_hh252
d26,d95_hh56
d26,d46_hh53
d26,d174_hh24
d26,d75_hh264
d26,d13_hh58
d26,d209_hh254
d26,d95_hh205
d26,d12_hh23
d26,d186_hh185
d26,d166_hh239
d26,d38_hh159
d26,d85_hh144
d26,d50_hh7
d26,d124_hh40
d26,d120_hh269
d26,d214_hh210
d26,d141_hh27
d26,d90_hh151
d26,d152_hh29
d26,d149_hh107
d26,d56_hh4
d26,d50_hh217
d26,d119_hh222
d26,d182_hh195
d26,d85_hh110
d26,d15_hh76
d26,d155_hh18
d26,d78_hh223
d26,d59_hh112
d26,d62_hh22
d26,d90_hh151
d26,d159_hh183
d26,d119_hh24
d26,d174_hh213
d26,d97_hh156
d26,d161_hh203
d26,d135_hh17
d26,d52_hh115
d26,d54_hh218
d26,d177_hh145
d26,d213_hh178
d26,d4_hh29
d26,d169_hh190
d26,d199_hh71
d26,d200_hh21
d26,d50_hh217
d26,d46_hh69
d26,d202_hh205
d26,d43_hh125
d26,d209_hh219
d26,d42_hh202
d26,d50_hh272
d26,d62_hh259
d26,d120_hh161
d26,d126_hh207
d26,d62_hh98
d26,d7_hh257
d26,d118_hh244
d26,d54_hh57
d26,d101_hh129
d26,d169_hh199
d26,d90_hh233
d26,d61_hh155
d26,d91_hh199
d26,d213_hh62
d26,d104_hh58
d26,d122_hh144
d26,d152_hh168
d26,d209_hh244
d26,d118_hh244
d26,d202_hh170
d26,d100_hh63
d26,d39_hh99
d26,d214_hh13
d26,d91_hh90
d26,d170_hh130
d26,d54_hh218
d26,d131_hh24
d26,d119_hh24
d26,d123_hh160
d26,d126_hh263
d26,d141_hh27
d26,d2_hh180
d26,d133_hh111
d26,d35_hh263
d26,d123_hh106
d26,d120_hh248
d26,d91_hh178
d26,d126_hh167
d26,d159_hh64
d26,d75_hh102
d26,d150_hh203
d26,d123_hh160
d26,d182_hh226
d26,d117_hh140
d26,d202_hh205
d26,d33_hh58
d30,d191_hh53
d30,d120_hh161
d30,d190_hh38
d30,d210_hh142
d30,d11_hh53
d30,d55_hh94
d30,d34_hh77
d30,d31_hh127
d30,d111_hh227
d30,d202_hh90
d30,d161_hh185
d30,d4_hh29
d30,d209_hh159
d30,d97_hh156
d30,d91_hh90
d30,d78_hh223
d30,d198_hh152
d30,d155_hh148
d30,d41_hh163
d30,d163_hh145
d30,d209_hh11
d30,d110_hh193
d30,d41_hh163
d30,d117_hh140
d30,d123_hh57
d30,d59_hh243
d30,d174_hh242
d30,d101_hh155
d30,d104_hh270
d30,d147_hh169
d30,d2_hh287
d30,d114_hh66
d30,d65_hh29
d30,d182_hh226
d30,d198_hh136
d30,d54_hh61
d30,d119_hh64
d30,d2_hh180
d30,d132_hh76
d30,d96_hh145
d30,d36_hh226
d30,d169_hh216
d30,d75_hh25
d30,d169_hh225
d30,d177_hh145
d30,d42_hh202
d30,d34_hh77
d30,d96_hh145
d30,d4_hh80
d30,d187_hh42
d30,d209_hh244
d30,d40_hh200
d30,d147_hh169
d30,d149_hh1
d30,d39_hh154
d30,d137_hh106
d30,d133_hh135
d30,d169_hh199
d30,d50_hh272
d30,d44_hh164
d30,d158_hh86
d30,d155_hh148
d30,d114_hh66
d30,d17_hh106
d30,d80_hh106
d30,d164_hh123
d30,d208_hh168
d30,d4_hh80
d30,d39_hh67
d30,d106_hh207
d30,d57_hh166
d30,d104_hh116
d30,d66_hh18
d30,d31_hh34
d30,d53_hh147
d30,d122_hh144
d30,d213_hh211
d30,d93_hh18
d30,d199_hh49
d30,d165_hh94
d30,d62_hh259
d30,d41_hh150
d30,d20_hh166
d30,d85_hh144
d30,d75_hh227
d30,d100_hh63
d30,d117_hh11
d30,d46_hh245
d30,d46_hh69
d30,d193_hh138
d30,d100_hh145
d30,d134_hh223
d30,d104_hh270
d30,d138_hh150
d30,d195_hh47
d30,d178_hh272
d30,d59_hh243
d30,d59_hh243
d30,d91_hh199
d30,d132_hh76
d30,d150_hh207
d30,d174_hh42
d30,d90_hh151
d30,d88_hh195
d30,d178_hh173
d30,d120_hh269
d30,d23_hh93
d30,d7_hh257
d30,d57_hh216
d30,d191_hh246
d30,d104_hh175
d30,d169_hh216
d30,d166_hh164
d30,d24_hh176
d30,d83_hh193
d30,d132_hh188
d30,d158_hh136
d30,d52_hh165
d30,d80_hh236
d30,d29_hh243
d30,d200_hh261
d30,d65_hh101
d30,d127_hh89
d30,d198_hh188
d30,d202_hh264
d30,d2_hh68
d30,d130_hh142
d30,d162_hh213
d30,d41_hh163
d30,d44_hh38
d30,d5_hh5
d30,d50_hh272
d30,d77_hh123
d30,d169_hh225
d30,d160_hh88
d30,d2_hh287
d30,d13_hh58
d30,d51_hh231
d30,d87_hh245
d30,d170_hh117
d30,d23_hh156
d30,d109_hh67
d30,d123_hh104
d30,d199_hh49
d30,d11_hh53
d30,d209_hh159
d30,d91_hh178
d30,d18_hh137
d30,d82_hh154
d30,d155_hh151
d30,d134_hh223
d30,d15_hh76
d30,d135_hh17
d30,d41_hh150
d30,d165_hh94
d30,d213_hh252
d30,d39_hh99
d30,d18_hh137
d30,d20_hh166
d30,d200_hh261
d30,d19_hh38
d30,d207_hh219
d30,d113_hh175
d30,d200_hh261
d30,d17_hh210
d30,d199_hh49
d30,d44_hh38
d30,d178_hh58
d30,d65_hh29
d30,d65_hh29
d30,d61_hh41
d30,d98_hh177
d30,d19_hh38
d30,d158_hh136
d30,d159_hh183
d30,d91_hh21
d30,d177_hh145
d30,d166_hh24
d30,d163_hh213
d30,d66_hh207
d30,d140_hh85
d30,d149_hh107
d30,d191_hh53
d30,d166_hh164
d30,d161_hh21
d30,d117_hh11
d30,d54_hh218
d30,d2_hh180
d30,d81_hh89
d30,d161_hh203
d30,d15_hh80
d30,d214_hh41
d30,d93_hh66
d30,d54_hh189
d30,d132_hh76
d30,d30_hh267
d30,d149_hh14
d30,d77_hh123
d30,d170_hh130
d30,d4_hh80
d30,d135_hh2
d30,d50_hh217
d30,d110_hh252
d30,d213_hh125
d30,d42_hh19
d30,d104_hh270
d30,d95_hh164
d30,d178_hh58
d30,d112_hh8
d30,d59_hh243
d30,d132_hh46
d30,d202_hh205
d30,d104_hh175
d30,d155_hh210
d30,d36_hh226
d30,d21_hh105
d30,d165_hh94
d30,d29_hh131
d30,d38_hh159
d30,d184_hh158
d30,d65_hh101
d30,d83_hh193
d30,d80_hh186
d30,d150_hh207
d30,d98_hh245
d30,d193_hh138
d30,d137_hh106
d30,d59_hh243
d30,d141_hh27
d30,d169_hh199
d30,d195_hh47
d30,d171_hh23
d30,d77_hh123
d30,d30_hh267
d30,d17_hh106
d30,d163_hh213
d30,d56_hh4
d30,d123_hh84
d30,d126_hh4
d30,d75_hh53
d30,d24_hh92
d30,d62_hh22
d30,d175_hh131
d30,d131_hh102
d30,d80_hh186
d30,d165_hh107
d30,d174_hh213
d30,d182_hh74
d30,d141_hh128
d30,d80_hh236
d30,d114_hh219
d30,d40_hh200
d30,d41_hh206
d30,d74_hh107
d30,d117_hh140
d30,d123_hh106
d30,d67_hh209
d30,d93_hh18
d30,d73_hh184
d30,d62_hh98
d30,d85_hh110
d30,d137_hh119
d30,d200_hh77
d30,d132_hh76
d30,d213_hh62
d30,d33_hh58
d30,d191_hh53
d30,d147_hh169
d30,d59_hh112
d30,d132_hh44
d30,d178_hh157
d30,d133_hh241
d30,d174_hh42
d30,d134_hh223
d30,d214_hh210
d30,d182_hh149
d30,d134_hh270
d30,d82_hh154
d30,d52_hh33
d30,d214_hh70
d29,d209_hh254
d29,d141_hh129
d29,d46_hh194
d29,d214_hh47
d29,d195_hh109
d29,d209_hh149
d29,d98_hh245
d29,d26_hh40
d29,d11_hh128
d29,d209_hh254
d29,d54_hh222
d29,d30_hh267
d29,d170_hh117
d29,d12_hh23
d29,d213_hh211
d29,d117_hh140
d29,d54_hh61
d29,d202_hh205
d29,d171_hh88
d29,d164_hh123
d29,d204_hh239
d29,d125_hh3
d29,d138_hh82
d29,d4_hh202
d29,d178_hh58
d29,d123_hh104
d29,d200_hh21
d29,d171_hh71
d29,d15_hh80
d29,d158_hh86
d29,d77_hh123
d29,d137_hh106
d29,d56_hh174
d29,d87_hh156
d29,d158_hh239
d29,d123_hh84
d29,d17_hh12
d29,d24_hh92
d29,d132_hh44
d29,d209_hh254
d29,d125_hh3
d29,d193_hh85
d29,d131_hh102
d29,d147_hh169
d29,d99_hh225
d29,d91_hh90
d29,d100_hh48
d29,d166_hh24
d29,d15_hh103
d29,d66_hh207
d29,d78_hh223
d29,d51_hh231
d29,d149_hh107
d29,d198_hh152
d29,d178_hh173
d29,d213_hh211
d29,d31_hh34
d29,d182_hh229
d29,d169_hh190
d29,d122_hh16
d29,d104_hh270
d29,d102_hh179
d29,d200_hh261
d29,d75_hh227
d29,d137_hh119
d29,d175_hh131
d29,d59_hh243
d29,d118_hh173
d29,d65_hh242
d29,d182_hh195
d29,d122_hh144
d29,d2_hh68
d29,d187_hh42
d29,d178_hh134
d29,d141_hh129
d29,d57_hh286
d29,d54_hh57
d29,d208_hh168
d29,d43_hh125
d29,d178_hh272
d29,d169_hh216
d29,d210_hh200
d29,d123_hh106
d29,d98_hh100
d29,d24_hh92
d29,d159_hh64
d29,d42_hh19
d29,d122_hh16
d29,d120_hh248
d29,d34_hh160
d29,d98_hh84
d29,d59_hh243
d29,d57_hh216
d29,d135_hh2
d29,d187_hh7
d29,d56_hh174
d29,d166_hh150
d29,d213_hh252
d29,d119_hh210
d29,d214_hh41
d29,d197_hh151
d29,d96_hh145
d29,d169_hh216
d29,d30_hh130
d29,d208_hh253
d29,d140_hh85
d29,d57_hh250
d29,d143_hh28
d29,d200_hh77
d29,d39_hh66
d29,d96_hh145
d29,d23_hh21
d29,d187_hh42
d29,d15_hh264
d29,d123_hh129
d29,d132_hh76
d29,d23_hh21
d29,d170_hh130
d29,d215_hh105
d29,d38_hh165
d29,d130_hh244
d29,d80_hh106
d29,d50_hh272
d29,d104_hh270
d29,d104_hh58
d29,d140_hh85
d29,d83_hh204
d29,d177_hh163
d29,d138_hh150
d29,d102_hh200
d29,d51_hh231
d29,d138_hh82
d29,d123_hh57
d29,d31_hh127
d29,d2_hh217
d29,d195_hh19
d29,d159_hh183
d29,d98_hh245
d29,d59_hh243
d29,d143_hh241
d29,d213_hh62
d29,d24_hh176
d29,d193_hh248
d29,d109_hh88
d29,d129_hh122
d29,d175_hh52
d29,d114_hh219
d29,d29_hh243
d29,d119_hh24
d29,d95_hh201
d29,d126_hh167
d29,d98_hh177
d29,d21_hh97
d29,d177_hh145
d29,d39_hh154
d29,d128_hh246
d29,d126_hh207
d29,d56_hh262
d29,d214_hh70
d29,d38_hh159
d29,d208_hh253
d29,d72_hh42
d29,d174_hh242
d29,d80_hh186
d29,d119_hh177
d29,d141_hh128
d29,d11_hh128
d29,d80_hh186
d29,d147_hh54
d29,d143_hh28
d29,d24_hh176
d29,d134_hh270
d29,d102_hh179
d29,d193_hh248
d29,d62_hh98
d29,d155_hh148
d29,d131_hh174
d29,d124_hh40
d29,d57_hh16
d29,d171_hh71
d29,d123_hh129
d29,d54_hh152
d29,d132_hh188
d29,d124_hh40
d29,d72_hh208
d29,d4_hh87
d29,d96_hh145
d29,d213_hh2
d29,d155_hh151
d29,d83_hh204
d29,d132_hh76
d29,d119_hh95
d29,d17_hh12
d29,d193_hh138
d29,d72_hh42
d29,d31_hh34
d29,d87_hh156
d29,d20_hh166
d29,d207_hh191
d29,d135_hh17
d29,d12_hh23
d29,d118_hh173
d29,d74_hh243
d29,d208_hh253
d29,d149_hh1
d29,d17_hh228
d29,d55_hh94
d29,d164_hh123
d29,d65_hh101
d29,d57_hh286
d29,d4_hh65
d29,d132_hh188
d29,d123_hh106
d29,d207_hh219
d29,d23_hh204
d29,d36_hh226
d29,d72_hh42
d29,d173_hh163
d29,d36_hh226
d29,d91_hh138
d29,d66_hh207
d29,d102_hh179
d29,d13_hh58
d29,d132_hh76
d29,d161_hh203
d29,d98_hh84
d29,d65_hh29
d29,d88_hh36
d29,d90_hh151
d29,d122_hh16
d29,d132_hh44
d29,d82_hh154
d29,d74_hh15
d29,d80_hh236
d29,d120_hh248
d29,d120_hh248
d29,d133_hh111
d29,d29_hh85
d29,d50_hh217
d29,d110_hh252
d29,d147_hh54
d29,d98_hh245
d29,d182_hh74
d29,d174_hh213
d29,d83_hh76
d29,d24_hh176
d29,d169_hh190
d29,d122_hh144
d29,d166_hh164
d29,d66_hh14
d29,d62_hh251
d29,d164_hh123
d29,d174_hh24
d29,d61_hh155
d29,d30_hh267
d29,d118_hh173
d29,d178_hh272
d29,d193_hh85
d29,d213_hh247
d29,d141_hh27
d29,d175_hh131
d29,d97_hh26
d29,d178_hh58
d29,d48_hh118
d29,d170_hh117
d29,d31_hh127
d29,d16_hh287
d29,d7_hh257
d29,d143_hh28
d31,d213_hh125
d31,d82_hh154
d31,d161_hh203
d31,d15_hh210
d31,d57_hh216
d31,d67_hh15
d31,d131_hh205
d31,d29_hh85
d31,d23_hh156
d31,d202_hh205
d31,d91_hh21
d31,d97_hh156
d31,d54_hh189
d31,d35_hh2
d31,d147_hh169
d31,d117_hh140
d31,d158_hh107
d31,d50_hh249
d31,d75_hh102
d31,d30_hh58
d31,d66_hh18
d31,d34_hh77
d31,d128_hh28
d31,d149_hh107
d31,d75_hh25
d31,d83_hh117
d31,d209_hh254
d31,d213_hh178
d31,d126_hh263
d31,d152_hh168
d31,d15_hh80
d31,d82_hh154
d31,d184_hh158
d31,d213_hh211
d31,d41_hh150
d31,d159_hh183
d31,d99_hh225
d31,d53_hh3
d31,d164_hh123
d31,d208_hh253
d31,d134_hh270
d31,d59_hh112
d31,d123_hh57
d31,d137_hh106
d31,d44_hh164
d31,d57_hh166
d31,d133_hh111
d31,d207_hh219
d31,d149_hh1
d31,d100_hh48
d31,d91_hh138
d31,d57_hh216
d31,d160_hh88
d31,d164_hh123
d31,d98_hh177
d31,d135_hh2
d31,d214_hh13
d31,d46_hh194
d31,d169_hh199
d31,d117_hh11
d31,d74_hh15
d31,d43_hh125
d31,d66_hh207
d31,d16_hh294
d31,d15_hh264
d31,d66_hh213
d31,d21_hh105
d31,d198_hh136
d31,d4_hh65
d31,d67_hh15
d31,d57_hh166
d31,d53_hh3
d31,d95_hh56
d31,d130_hh244
d31,d208_hh240
d31,d97_hh156
d31,d100_hh91
d31,d15_hh103
d31,d177_hh163
d31,d158_hh136
d31,d100_hh145
d31,d75_hh264
d31,d159_hh183
d31,d169_hh216
d31,d88_hh36
d31,d178_hh58
d31,d128_hh28
d31,d29_hh85
d31,d55_hh254
d31,d87_hh245
d31,d15_hh264
d31,d50_hh217
d31,d55_hh254
d31,d98_hh177
d31,d111_hh131
d31,d184_hh238
d31,d126_hh263
d31,d118_hh118
d31,d83_hh153
d31,d120_hh161
d31,d54_hh152
d31,d17_hh106
d31,d214_hh70
d31,d19_hh38
d31,d149_hh107
d31,d17_hh228
d31,d13_hh58
d31,d191_hh246
d31,d90_hh233
d31,d54_hh44
d31,d158_hh86
d31,d122_hh159
d31,d158_hh86
d31,d140_hh85
d31,d30_hh267
d31,d120_hh248
d31,d41_hh206
d31,d57_hh250
d31,d213_hh211
d31,d155_hh148
d31,d43_hh125
d31,d52_hh165
d31,d52_hh165
d31,d130_hh244
d31,d165_hh107
d31,d75_hh216
d31,d177_hh163
d31,d75_hh102
d31,d187_hh42
d31,d166_hh24
d31,d119_hh177
d31,d11_hh128
d31,d42_hh88
d31,d106_hh207
d31,d17_hh210
d31,d29_hh131
d31,d53_hh3
d31,d91_hh90
d31,d55_hh94
d31,d182_hh149
d31,d164_hh122
d31,d74_hh243
d31,d101_hh129
d31,d56_hh174
d31,d4_hh80
d31,d209_hh11
d31,d75_hh53
d31,d150_hh207
d31,d214_hh47
d31,d35_hh263
d31,d187_hh0
d31,d50_hh249
d31,d23_hh233
d31,d213_hh125
d31,d99_hh225
d31,d155_hh148
d31,d85_hh144
d31,d213_hh211
d31,d57_hh16
d31,d15_hh264
d31,d182_hh149
d31,d147_hh169
d31,d51_hh231
d31,d202_hh205
d31,d36_hh226
d31,d152_hh168
d31,d19_hh130
d31,d182_hh74
d31,d123_hh160
d31,d56_hh262
d31,d93_hh18
d31,d152_hh29
d31,d195_hh47
d31,d125_hh135
d31,d95_hh205
d31,d204_hh239
d31,d66_hh14
d31,d202_hh170
d31,d128_hh28
d31,d42_hh202
d31,d199_hh49
d31,d130_hh142
d31,d117_hh74
d31,d56_hh174
d31,d53_hh3
d31,d117_hh11
d31,d187_hh0
d31,d166_hh164
d31,d207_hh219
d31,d141_hh27
d31,d207_hh191
d31,d202_hh205
d31,d51_hh231
d31,d18_hh227
d31,d15_hh210
d31,d131_hh102
d31,d111_hh227
d31,d112_hh8
d31,d57_hh207
d31,d162_hh47
d31,d100_hh63
d31,d4_hh87
d31,d128_hh246
d31,d200_hh261
d31,d66_hh18
d31,d95_hh205
d31,d16_hh287
d31,d91_hh90
d31,d131_hh24
d31,d95_hh205
d31,d54_hh189
d31,d83_hh153
d31,d179_hh1
d31,d36_hh94
d31,d90_hh207
d31,d178_hh191
d31,d95_hh205
d31,d191_hh246
d31,d54_hh222
d31,d125_hh3
d31,d184_hh238
d31,d110_hh193
d31,d129_hh122
d31,d135_hh17
d31,d39_hh66
d31,d15_hh210
d31,d83_hh76
d31,d57_hh250
d31,d87_hh245
d31,d162_hh47
d31,d122_hh16
d31,d52_hh33
d31,d52_hh165
d31,d174_hh213
d31,d141_hh128
d31,d81_hh89
d31,d54_hh222
d31,d74_hh243
d31,d214_hh70
d31,d158_hh107
d31,d98_hh245
d31,d199_hh180
d31,d135_hh2
d31,d178_hh58
d31,d123_hh129
d31,d209_hh244
d31,d117_hh74
d31,d169_hh199
d31,d160_hh88
d31,d113_hh175
d31,d175_hh52
d31,d75_hh53
d31,d200_hh102
d31,d55_hh254
d31,d93_hh18
d31,d34_hh160
d31,d44_hh38
d31,d204_hh87
d31,d152_hh29
d31,d134_hh223
d31,d166_hh150
d31,d15_hh103
d31,d98_hh84
d31,d209_hh254
d31,d208_hh240
d31,d34_hh160
d31,d34_hh77
d31,d213_hh252
d31,d17_hh210
d31,d104_hh270
d31,d155_hh151
d31,d114_hh66
d31,d131_hh24
d31,d184_hh158
d31,d55_hh254
d31,d96_hh145
d31,d174_hh42
d31,d83_hh153
d31,d102_hh242
d31,d138_hh150
d31,d160_hh0
d31,d131_hh24
d31,d31_hh127
d31,d123_hh160
d31,d187_hh7
d31,d209_hh219
d33,d17_hh213
d33,d31_hh127
d33,d109_hh88
d33,d166_hh239
d33,d200_hh261
d33,d177_hh163
d33,d208_hh253
d33,d55_hh254
d33,d59_hh251
d33,d182_hh149
d33,d93_hh18
d33,d39_hh99
d33,d104_hh58
d33,d109_hh88
d33,d112_hh8
d33,d17_hh213
d33,d159_hh183
d33,d51_hh231
d33,d163_hh213
d33,d141_hh129
d33,d149_hh14
d33,d162_hh213
d33,d78_hh39
d33,d40_hh152
d33,d131_hh180
d33,d120_hh248
d33,d128_hh28
d33,d209_hh219
d33,d122_hh16
d33,d30_hh267
d33,d23_hh93
d33,d193_hh138
d33,d53_hh147
d33,d186_hh185
d33,d130_hh244
d33,d100_hh48
d33,d2_hh287
d33,d2_hh217
d33,d55_hh254
d33,d132_hh188
d33,d158_hh86
d33,d134_hh270
d33,d126_hh263
d33,d159_hh64
d33,d101_hh129
d33,d114_hh219
d33,d34_hh77
d33,d208_hh240
d33,d119_hh222
d33,d74_hh142
d33,d214_hh210
d33,d73_hh184
d33,d98_hh100
d33,d199_hh49
d33,d52_hh165
d33,d204_hh87
d33,d174_hh213
d33,d209_hh219
d33,d57_hh216
d33,d213_hh62
d33,d123_hh129
d33,d187_hh87
d33,d59_hh251
d33,d59_hh251
d33,d23_hh156
d33,d195_hh19
d33,d53_hh3
d33,d134_hh270
d33,d141_hh128
d33,d213_hh178
d33,d50_hh272
d33,d42_hh19
d33,d7_hh257
d33,d126_hh4
d33,d161_hh203
d33,d100_hh63
d33,d174_hh42
d33,d80_hh106
d33,d178_hh58
d33,d41_hh163
d33,d51_hh151
d33,d91_hh21
d33,d30_hh130
d33,d213_hh252
d33,d175_hh131
d33,d74_hh257
d33,d39_hh99
d33,d133_hh135
d33,d119_hh177
d33,d34_hh77
d33,d41_hh206
d33,d72_hh208
d33,d112_hh8
d33,d42_hh88
d33,d75_hh102
d33,d155_hh151
d33,d23_hh156
d33,d182_hh39
d33,d132_hh44
d33,d198_hh152
d33,d2_hh217
d33,d75_hh102
d33,d169_hh199
d33,d178_hh173
d33,d125_hh3
d33,d193_hh138
d33,d122_hh159
d33,d193_hh248
d33,d111_hh227
d33,d178_hh191
d33,d213_hh252
d33,d23_hh156
d33,d30_hh267
d33,d102_hh201
d33,d213_hh62
d33,d74_hh15
d33,d87_hh156
d33,d17_hh210
d33,d62_hh98
d33,d123_hh106
d33,d75_hh264
d33,d177_hh145
d33,d122_hh159
d33,d198_hh152
d33,d5_hh5
d33,d114_hh47
d33,d132_hh188
d33,d57_hh286
d33,d67_hh15
d33,d193_hh138
d33,d195_hh109
d33,d162_hh213
d33,d46_hh245
d33,d120_hh161
d33,d199_hh71
d33,d124_hh40
d33,d161_hh21
d33,d198_hh152
d33,d173_hh163
d33,d61_hh155
d33,d91_hh138
d33,d69_hh240
d33,d38_hh159
d33,d83_hh204
d33,d122_hh16
d33,d209_hh159
d33,d214_hh13
d33,d61_hh155
d33,d100_hh63
d33,d17_hh228
d33,d59_hh251
d33,d111_hh227
d33,d162_hh47
d33,d213_hh125
d33,d128_hh126
d33,d36_hh94
d33,d155_hh148
d33,d17_hh228
d33,d120_hh269
d33,d204_hh56
d33,d199_hh71
d33,d30_hh267
d33,d195_hh109
d33,d141_hh27
d33,d4_hh29
d33,d2_hh180
d33,d17_hh213
d33,d111_hh227
d33,d110_hh252
d33,d31_hh139
d33,d53_hh3
d33,d104_hh58
d33,d11_hh53
d33,d163_hh145
d33,d150_hh203
d33,d200_hh77
d33,d119_hh177
d33,d80_hh106
d33,d41_hh71
d33,d23_hh204
d33,d52_hh33
d33,d184_hh238
d33,d78_hh223
d33,d215_hh105
d33,d96_hh110
d33,d16_hh294
d33,d42_hh185
d33,d129_hh122
d33,d134_hh223
d33,d207_hh191
d33,d74_hh142
d33,d59_hh243
d33,d87_hh245
d33,d209_hh219
d33,d36_hh94
d33,d159_hh183
d33,d12_hh23
d33,d109_hh88
d33,d178_hh157
d33,d46_hh69
d33,d74_hh15
d33,d208_hh240
d33,d93_hh66
d33,d38_hh165
d33,d34_hh77
d33,d21_hh97
d33,d214_hh70
d33,d117_hh74
d33,d56_hh174
d33,d173_hh262
d33,d62_hh22
d33,d17_hh213
d33,d147_hh54
d33,d123_hh57
d33,d75_hh102
d33,d137_hh119
d33,d42_hh185
d33,d90_hh207
d33,d2_hh180
d33,d141_hh27
d33,d123_hh160
d33,d138_hh150
d33,d44_hh38
d33,d126_hh4
d33,d210_hh200
d33,d132_hh76
d33,d4_hh87
d33,d13_hh58
d33,d23_hh156
d33,d16_hh294
d33,d200_hh261
d33,d2_hh217
d33,d141_hh128
d33,d166_hh150
d33,d130_hh142
d33,d88_hh195
d33,d46_hh194
d33,d59_hh243
d33,d81_hh89
d33,d57_hh216
d33,d198_hh136
d33,d139_hh214
d33,d41_hh150
d33,d75_hh227
d33,d2_hh173
d33,d56_hh262
d33,d134_hh223
d33,d44_hh164
d33,d13_hh58
d33,d98_hh245
d33,d96_hh110
d33,d163_hh213
d33,d35_hh263
d33,d24_hh92
d33,d80_hh186
d33,d178_hh191
d33,d91_hh90
d33,d147_hh54
d33,d141_hh128
d33,d138_hh150
d33,d2_hh151
d33,d42_hh88
d33,d52_hh33
d33,d143_hh241
d33,d213_hh62
d33,d114_hh47
d33,d55_hh94
d33,d85_hh110
d33,d36_hh226
d33,d125_hh135
d33,d46_hh53
d33,d21_hh90
d33,d159_hh183
d33,d83_hh117
d33,d143_hh28
d33,d187_hh87
d32,d102_hh242
d32,d85_hh144
d32,d200_hh102
d32,d164_hh122
d32,d171_hh23
d32,d99_hh225
d32,d155_hh210
d32,d141_hh128
d32,d126_hh207
d32,d213_hh252
d32,d7_hh257
d32,d98_hh223
d32,d213_hh125
d32,d81_hh89
d32,d162_hh213
d32,d17_hh12
d32,d56_hh4
d32,d62_hh251
d32,d57_hh250
d32,d72_hh208
d32,d46_hh69
d32,d199_hh49
d32,d65_hh29
d32,d59_hh184
d32,d162_hh47
d32,d4_hh65
d32,d184_hh238
d32,d18_hh227
d32,d166_hh150
d32,d34_hh160
d32,d213_hh178
d32,d36_hh94
d32,d39_hh66
d32,d171_hh23
d32,d187_hh87
d32,d122_hh159
d32,d75_hh25
d32,d160_hh88
d32,d95_hh201
d32,d123_hh84
d32,d208_hh168
d32,d11_hh128
d32,d57_hh250
d32,d135_hh17
d32,d119_hh24
d32,d2_hh68
d32,d204_hh56
d32,d149_hh1
d32,d42_hh19
d32,d54_hh152
d32,d208_hh253
d32,d93_hh66
d32,d7_hh257
d32,d61_hh155
d32,d20_hh166
d32,d21_hh97
d32,d75_hh264
d32,d95_hh205
d32,d178_hh58
d32,d166_hh239
d32,d182_hh149
d32,d57_hh207
d32,d158_hh136
d32,d62_hh98
d32,d54_hh152
d32,d85_hh184
d32,d122_hh144
d32,d90_hh233
d32,d97_hh26
d32,d200_hh261
d32,d15_hh210
d32,d193_hh85
d32,d41_hh71
d32,d160_hh0
d32,d80_hh106
d32,d35_hh263
d32,d31_hh127
d32,d57_hh207
d32,d200_hh102
d32,d36_hh226
d32,d160_hh88
d32,d213_hh2
d32,d75_hh264
d32,d101_hh129
d32,d182_hh229
d32,d120_hh248
d32,d166_hh24
d32,d57_hh166
d32,d66_hh18
d32,d166_hh24
d32,d42_hh202
d32,d158_hh239
d32,d120_hh161
d32,d4_hh80
d32,d133_hh135
d32,d193_hh248
d32,d46_hh245
d32,d36_hh226
d32,d50_hh249
d32,d54_hh152
d32,d110_hh252
d32,d5_hh5
d32,d193_hh85
d32,d161_hh203
d32,d17_hh213
d32,d41_hh150
d32,d125_hh135
d32,d178_hh134
d32,d90_hh207
d32,d30_hh267
d32,d101_hh155
d32,d120_hh248
d32,d128_hh126
d32,d150_hh207
d32,d191_hh246
d32,d198_hh136
d32,d137_hh106
d32,d169_hh199
d32,d44_hh164
d32,d174_hh24
d32,d169_hh199
d32,d166_hh239
d32,d78_hh39
d32,d131_hh180
d32,d54_hh44
d32,d50_hh272
d32,d111_hh131
d32,d214_hh47
d32,d55_hh254
d32,d110_hh193
d32,d182_hh195
d32,d55_hh94
d32,d67_hh209
d32,d33_hh58
d32,d104_hh58
d32,d113_hh175
d32,d102_hh201
d32,d4_hh202
d32,d204_hh87
d32,d134_hh270
d32,d123_hh104
d32,d111_hh131
d32,d125_hh135
d32,d4_hh87
d32,d133_hh111
d32,d54_hh189
d32,d57_hh16
d32,d90_hh233
d32,d50_hh272
d32,d7_hh257
d32,d187_hh87
d32,d174_hh42
d32,d74_hh107
d32,d122_hh231
d32,d138_hh82
d32,d91_hh178
d32,d141_hh128
d32,d31_hh139
d32,d123_hh84
d32,d193_hh248
d32,d4_hh65
d32,d186_hh185
d32,d187_hh7
d32,d15_hh210
d32,d197_hh151
d32,d214_hh210
d32,d110_hh193
d32,d85_hh144
d32,d126_hh263
d32,d132_hh188
d32,d171_hh23
d32,d164_hh123
d32,d160_hh88
d32,d173_hh163
d32,d26_hh40
d32,d141_hh128
d32,d21_hh90
d32,d187_hh7
d32,d214_hh13
d32,d91_hh138
d32,d15_hh186
d32,d104_hh175
d32,d119_hh24
d32,d39_hh99
d32,d169_hh199
d32,d126_hh167
d32,d41_hh71
d32,d74_hh243
d32,d31_hh34
d32,d198_hh152
d32,d141_hh128
d32,d139_hh214
d32,d140_hh85
d32,d62_hh98
d32,d42_hh19
d32,d119_hh210
d32,d91_hh138
d32,d42_hh202
d32,d208_hh168
d32,d147_hh169
d32,d111_hh131
d32,d15_hh22
d32,d99_hh225
d32,d12_hh23
d32,d170_hh117
d32,d124_hh40
d32,d169_hh190
d32,d127_hh89
d32,d91_hh199
d32,d54_hh61
d32,d95_hh205
d32,d33_hh58
d32,d91_hh90
d32,d110_hh252
d32,d204_hh87
d32,d66_hh240
d32,d50_hh7
d32,d100_hh145
d32,d202_hh205
d32,d195_hh19
d32,d174_hh213
d32,d80_hh186
d32,d42_hh88
d32,d2_hh180
d32,d57_hh207
d32,d179_hh1
d32,d12_hh23
d32,d166_hh24
d32,d69_hh240
d32,d134_hh223
d32,d42_hh202
d32,d17_hh210
d32,d24_hh92
d32,d120_hh248
d32,d134_hh223
d32,d163_hh213
d32,d126_hh263
d32,d174_hh24
d32,d161_hh21
d32,d209_hh11
d32,d23_hh204
d32,d187_hh7
d32,d150_hh207
d32,d59_hh251
d32,d174_hh213
d32,d78_hh223
d32,d128_hh28
d32,d150_hh203
d32,d31_hh34
d32,d161_hh21
d32,d119_hh64
d32,d165_hh94
d32,d198_hh152
d32,d54_hh222
d32,d204_hh56
d32,d158_hh239
d32,d53_hh147
d32,d126_hh4
d32,d66_hh213
d32,d39_hh99
d32,d73_hh184
d32,d90_hh233
d32,d31_hh127
d32,d202_hh205
d32,d2_hh151
d32,d117_hh74
d32,d182_hh229
d32,d26_hh40
d32,d59_hh112
d32,d118_hh244
d34,d178_hh157
d34,d11_hh53
d34,d138_hh82
d34,d123_hh106
d34,d114_hh47
d34,d35_hh2
d34,d104_hh116
d34,d57_hh286
d34,d72_hh208
d34,d173_hh262
d34,d155_hh210
d34,d162_hh47
d34,d18_hh227
d34,d109_hh67
d34,d101_hh155
d34,d147_hh169
d34,d57_hh166
d34,d15_hh264
d34,d75_hh264
d34,d128_hh246
d34,d52_hh165
d34,d35_hh2
d34,d114_hh66
d34,d51_hh151
d34,d175_hh131
d34,d51_hh151
d34,d158_hh107
d34,d78_hh223
d34,d125_hh3
d34,d91_hh90
d34,d13_hh58
d34,d169_hh216
d34,d104_hh116
d34,d202_hh90
d34,d184_hh158
d34,d100_hh91
d34,d162_hh47
d34,d87_hh156
d34,d66_hh213
d34,d207_hh219
d34,d61_hh41
d34,d85_hh184
d34,d17_hh106
d34,d4_hh65
d34,d74_hh107
d34,d16_hh287
d34,d155_hh210
d34,d21_hh90
d34,d130_hh142
d34,d34_hh77
d34,d126_hh207
d34,d72_hh208
d34,d12_hh23
d34,d53_hh3
d34,d138_hh83
d34,d138_hh82
d34,d62_hh259
d34,d12_hh23
d34,d57_hh216
d34,d96_hh145
d34,d38_hh159
d34,d5_hh5
d34,d152_hh29
d34,d155_hh148
d34,d187_hh7
d34,d173_hh163
d34,d132_hh188
d34,d130_hh142
d34,d50_hh217
d34,d19_hh130
d34,d184_hh158
d34,d80_hh236
d34,d169_hh199
d34,d199_hh71
d34,d118_hh244
d34,d184_hh238
d34,d178_hh157
d34,d54_hh57
d34,d17_hh213
d34,d193_hh138
d34,d30_hh130
d34,d137_hh106
d34,d75_hh216
d34,d50_hh272
d34,d209_hh11
d34,d54_hh189
d34,d195_hh19
d34,d155_hh151
d34,d213_hh247
d34,d131_hh24
d34,d214_hh13
d34,d100_hh48
d34,d182_hh149
d34,d4_hh80
d34,d41_hh71
d34,d65_hh242
d34,d44_hh164
d34,d56_hh262
d34,d104_hh270
d34,d11_hh128
d34,d125_hh3
d34,d96_hh145
d34,d90_hh207
d34,d204_hh56
d34,d173_hh163
d34,d112_hh8
d34,d23_hh21
d34,d44_hh164
d34,d46_hh245
d34,d65_hh242
d34,d66_hh18
d34,d80_hh106
d34,d209_hh244
d34,d46_hh53
d34,d78_hh39
d34,d132_hh188
d34,d85_hh144
d34,d23_hh21
d34,d41_hh163
d34,d62_hh251
d34,d59_hh243
d34,d100_hh48
d34,d95_hh205
d34,d114_hh66
d34,d50_hh272
d34,d178_hh58
d34,d118_hh173
d34,d38_hh165
d34,d104_hh58
d34,d75_hh216
d34,d55_hh254
d34,d204_hh239
d34,d214_hh41
d34,d23_hh204
d34,d91_hh90
d34,d125_hh135
d34,d57_hh286
d34,d30_hh58
d34,d31_hh34
d34,d65_hh242
d34,d81_hh89
d34,d158_hh239
d34,d111_hh131
d34,d120_hh248
d34,d52_hh33
d34,d214_hh47
d34,d83_hh153
d34,d174_hh242
d34,d128_hh246
d34,d209_hh11
d34,d2_hh173
d34,d50_hh217
d34,d66_hh18
d34,d95_hh201
d34,d54_hh57
d34,d18_hh137
d34,d131_hh24
d34,d140_hh85
d34,d147_hh54
d34,d93_hh18
d34,d207_hh191
d34,d125_hh3
d34,d75_hh25
d34,d44_hh164
d34,d87_hh245
d34,d130_hh142
d34,d13_hh58
d34,d214_hh70
d34,d30_hh267
d34,d90_hh151
d34,d150_hh207
d34,d119_hh210
d34,d130_hh142
d34,d215_hh105
d34,d30_hh58
d34,d52_hh165
d34,d38_hh159
d34,d123_hh160
d34,d13_hh58
d34,d15_hh264
d34,d46_hh245
d34,d119_hh222
d34,d53_hh3
d34,d100_hh91
d34,d23_hh156
d34,d4_hh87
d34,d16_hh287
d34,d91_hh138
d34,d162_hh213
d34,d215_hh105
d34,d73_hh184
d34,d95_hh201
d34,d75_hh216
d34,d118_hh118
d34,d77_hh123
d34,d214_hh41
d34,d80_hh186
d34,d53_hh3
d34,d15_hh186
d34,d110_hh193
d34,d209_hh149
d34,d214_hh41
d34,d11_hh128
d34,d100_hh91
d34,d17_hh12
d34,d202_hh170
d34,d162_hh213
d34,d73_hh242
d34,d209_hh244
d34,d91_hh199
d34,d31_hh127
d34,d66_hh240
d34,d214_hh41
d34,d133_hh241
d34,d53_hh147
d34,d36_hh94
d34,d5_hh5
d34,d59_hh184
d34,d75_hh25
d34,d5_hh5
d34,d165_hh94
d34,d46_hh53
d34,d200_hh77
d34,d98_hh84
d34,d57_hh216
d34,d21_hh105
d34,d195_hh109
d34,d119_hh24
d34,d46_hh69
d34,d117_hh140
d34,d93_hh18
d34,d127_hh89
d34,d207_hh191
d34,d2_hh68
d34,d102_hh200
d34,d132_hh44
d34,d169_hh199
d34,d30_hh130
d34,d210_hh200
d34,d213_hh62
d34,d134_hh270
d34,d152_hh88
d34,d215_hh105
d34,d97_hh156
d34,d150_hh207
d34,d122_hh144
d34,d150_hh203
d34,d69_hh240
d34,d39_hh99
d34,d55_hh254
d34,d143_hh28
d34,d209_hh219
d34,d114_hh66
d34,d50_hh272
d34,d120_hh161
d34,d123_hh106
d34,d62_hh259
d34,d23_hh204
d34,d187_hh42
d34,d147_hh43
d34,d174_hh242
d34,d213_hh247
d34,d101_hh155
d34,d80_hh186
d34,d125_hh3
d34,d74_hh243
d34,d54_hh189
d34,d166_hh24
d34,d67_hh209
d34,d44_hh164
d34,d213_hh178
d34,d133_hh135
d36,d147_hh54
d36,d17_hh12
d36,d102_hh242
d36,d75_hh25
d36,d59_hh184
d36,d42_hh202
d36,d75_hh264
d36,d77_hh123
d36,d23_hh93
d36,d98_hh223
d36,d126_hh263
d36,d48_hh118
d36,d161_hh203
d36,d155_hh151
d36,d33_hh58
d36,d204_hh56
d36,d204_hh87
d36,d91_hh21
d36,d141_hh129
d36,d51_hh231
d36,d59_hh184
d36,d75_hh102
d36,d184_hh238
d36,d91_hh21
d36,d169_hh216
d36,d134_hh270
d36,d213_hh2
d36,d147_hh54
d36,d110_hh193
d36,d132_hh188
d36,d75_hh25
d36,d2_hh287
d36,d162_hh213
d36,d166_hh24
d36,d143_hh28
d36,d128_hh28
d36,d155_hh151
d36,d87_hh245
d36,d117_hh11
d36,d166_hh150
d36,d2_hh180
d36,d197_hh151
d36,d93_hh66
d36,d40_hh200
d36,d159_hh183
d36,d57_hh166
d36,d91_hh138
d36,d182_hh226
d36,d152_hh29
d36,d75_hh25
d36,d123_hh160
d36,d155_hh210
d36,d93_hh18
d36,d204_hh87
d36,d170_hh130
d36,d213_hh211
d36,d91_hh178
d36,d214_hh41
d36,d123_hh160
d36,d46_hh245
d36,d50_hh217
d36,d57_hh166
d36,d46_hh245
d36,d178_hh134
d36,d81_hh89
d36,d16_hh287
d36,d39_hh66
d36,d90_hh207
d36,d214_hh13
d36,d66_hh213
d36,d57_hh207
d36,d16_hh294
d36,d75_hh102
d36,d207_hh219
d36,d152_hh29
d36,d75_hh53
d36,d51_hh151
d36,d30_hh130
d36,d141_hh128
d36,d12_hh23
d36,d209_hh149
d36,d213_hh247
d36,d78_hh39
d36,d48_hh118
d36,d149_hh14
d36,d170_hh117
d36,d178_hh272
d36,d161_hh21
d36,d85_hh110
d36,d66_hh240
d36,d152_hh88
d36,d16_hh287
d36,d59_hh184
d36,d41_hh206
d36,d2_hh287
d36,d17_hh213
d36,d21_hh90
d36,d54_hh189
d36,d141_hh129
d36,d54_hh189
d36,d67_hh209
d36,d72_hh42
d36,d118_hh173
d36,d131_hh24
d36,d175_hh131
d36,d21_hh97
d36,d120_hh248
d36,d169_hh225
d36,d15_hh103
d36,d155_hh151
d36,d57_hh250
d36,d35_hh263
d36,d54_hh61
d36,d204_hh87
d36,d132_hh76
d36,d75_hh53
d36,d187_hh7
d36,d152_hh168
d36,d143_hh28
d36,d215_hh105
d36,d15_hh22
d36,d53_hh147
d36,d152_hh168
d36,d62_hh98
d36,d39_hh99
d36,d137_hh106
d36,d214_hh70
d36,d23_hh21
d36,d30_hh267
d36,d46_hh12
d36,d120_hh269
d36,d102_hh242
d36,d174_hh42
d36,d4_hh87
d36,d161_hh185
d36,d50_hh7
d36,d88_hh36
d36,d119_hh64
d36,d164_hh122
d36,d99_hh225
d36,d131_hh180
d36,d198_hh188
d36,d169_hh216
d36,d62_hh22
d36,d160_hh0
d36,d119_hh24
d36,d7_hh257
d36,d147_hh43
d36,d87_hh156
d36,d138_hh150
d36,d109_hh88
d36,d208_hh168
d36,d74_hh243
d36,d132_hh188
d36,d198_hh188
d36,d138_hh83
d36,d122_hh16
d36,d158_hh136
d36,d133_hh241
d36,d122_hh144
d36,d96_hh110
d36,d177_hh145
d36,d214_hh41
d36,d30_hh267
d36,d100_hh63
d36,d75_hh25
d36,d178_hh173
d36,d42_hh185
d36,d17_hh228
d36,d74_hh107
d36,d208_hh168
d36,d104_hh175
d36,d57_hh286
d36,d158_hh86
d36,d140_hh85
d36,d130_hh142
d36,d132_hh188
d36,d118_hh244
d36,d57_hh166
d36,d83_hh117
d36,d130_hh244
d36,d2_hh180
d36,d62_hh98
d36,d85_hh184
d36,d187_hh0
d36,d182_hh74
d36,d16_hh287
d36,d98_hh84
d36,d197_hh151
d36,d91_hh199
d36,d118_hh173
d36,d39_hh66
d36,d67_hh15
d36,d140_hh85
d36,d23_hh93
d36,d184_hh158
d36,d125_hh3
d36,d62_hh259
d36,d207_hh219
d36,d83_hh117
d36,d83_hh153
d36,d35_hh2
d36,d159_hh183
d36,d41_hh206
d36,d93_hh18
d36,d114_hh47
d36,d40_hh200
d36,d46_hh53
d36,d2_hh173
d36,d198_hh136
d36,d198_hh152
d36,d147_hh43
d36,d159_hh183
d36,d200_hh102
d36,d190_hh38
d36,d44_hh38
d36,d193_hh138
d36,d207_hh191
d36,d179_hh1
d36,d120_hh269
d36,d54_hh222
d36,d141_hh128
d36,d74_hh15
d36,d54_hh152
d36,d31_hh127
d36,d59_hh251
d36,d214_hh41
d36,d130_hh244
d36,d193_hh248
d36,d69_hh240
d36,d57_hh286
d36,d187_hh7
d36,d159_hh64
d36,d177_hh145
d36,d75_hh216
d36,d90_hh151
d36,d23_hh204
d36,d213_hh2
d36,d62_hh98
d36,d30_hh267
d36,d11_hh53
d36,d177_hh163
d36,d59_hh251
d36,d209_hh219
d36,d125_hh3
d36,d5_hh5
d36,d205_hh196
d36,d174_hh24
d36,d98_hh177
d36,d195_hh19
d36,d31_hh127
d36,d57_hh166
d36,d2_hh217
d36,d137_hh119
d36,d104_hh58
d36,d143_hh28
d36,d209_hh219
d36,d195_hh19
d36,d54_hh222
d36,d15_hh264
d36,d184_hh238
d36,d127_hh89
d36,d42_hh185
d36,d171_hh88
d36,d159_hh64
d36,d214_hh41
d36,d2_hh180
d36,d41_hh150
d36,d213_hh252
d36,d46_hh53
d36,d52_hh165
d36,d61_hh41
d36,d54_hh222
d36,d90_hh207
d36,d81_hh89
d36,d11_hh53
d36,d169_hh199
d36,d193_hh85
d36,d200_hh102
d36,d138_hh82
d36,d4_hh87
d36,d200_hh102
d36,d17_hh12
d38,d114_hh219
d38,d164_hh123
d38,d128_hh28
d38,d128_hh126
d38,d195_hh109
d38,d128_hh246
d38,d182_hh226
d38,d131_hh205
d38,d140_hh85
d38,d29_hh85
d38,d23_hh93
d38,d132_hh188
d38,d41_hh206
d38,d36_hh94
d38,d111_hh227
d38,d62_hh251
d38,d159_hh64
d38,d2_hh180
d38,d178_hh58
d38,d175_hh52
d38,d50_hh272
d38,d39_hh67
d38,d55_hh254
d38,d111_hh131
d38,d110_hh252
d38,d205_hh196
d38,d75_hh227
d38,d158_hh239
d38,d15_hh22
d38,d41_hh150
d38,d158_hh136
d38,d132_hh188
d38,d126_hh263
d38,d98_hh100
d38,d199_hh49
d38,d170_hh130
d38,d15_hh22
d38,d213_hh252
d38,d162_hh47
d38,d174_hh213
d38,d213_hh178
d38,d30_hh267
d38,d122_hh16
d38,d111_hh131
d38,d59_hh112
d38,d214_hh41
d38,d96_hh145
d38,d161_hh185
d38,d44_hh164
d38,d114_hh47
d38,d67_hh15
d38,d123_hh104
d38,d83_hh76
d38,d48_hh118
d38,d132_hh76
d38,d97_hh26
d38,d173_hh163
d38,d31_hh127
d38,d149_hh14
d38,d137_hh106
d38,d213_hh247
d38,d46_hh53
d38,d202_hh170
d38,d129_hh122
d38,d57_hh216
d38,d85_hh110
d38,d2_hh180
d38,d91_hh90
d38,d77_hh123
d38,d169_hh199
d38,d205_hh196
d38,d100_hh145
d38,d83_hh117
d38,d169_hh225
d38,d54_hh57
d38,d123_hh104
d38,d85_hh184
d38,d106_hh207
d38,d213_hh125
d38,d187_hh61
d38,d15_hh22
d38,d162_hh47
d38,d31_hh127
d38,d100_hh91
d38,d199_hh49
d38,d91_hh21
d38,d66_hh240
d38,d182_hh149
d38,d57_hh16
d38,d204_hh239
d38,d61_hh155
d38,d160_hh0
d38,d74_hh107
d38,d34_hh77
d38,d191_hh53
d38,d143_hh241
d38,d51_hh151
d38,d160_hh88
d38,d143_hh241
d38,d162_hh213
d38,d126_hh207
d38,d57_hh216
d38,d141_hh129
d38,d18_hh227
d38,d54_hh44
d38,d83_hh193
d38,d75_hh216
d38,d30_hh267
d38,d17_hh12
d38,d182_hh74
d38,d90_hh207
d38,d101_hh155
d38,d106_hh207
d38,d42_hh185
d38,d20_hh166
d38,d114_hh47
d38,d126_hh207
d38,d72_hh42
d38,d72_hh208
d38,d62_hh259
d38,d57_hh286
d38,d152_hh168
d38,d174_hh24
d38,d90_hh151
d38,d174_hh24
d38,d123_hh129
d38,d126_hh207
d38,d29_hh131
d38,d53_hh147
d38,d209_hh254
d38,d125_hh135
d38,d135_hh2
d38,d65_hh101
d38,d162_hh47
d38,d2_hh217
d38,d213_hh211
d38,d13_hh58
d38,d15_hh80
d38,d174_hh242
d38,d99_hh225
d38,d147_hh43
d38,d80_hh236
d38,d158_hh136
d38,d34_hh77
d38,d178_hh58
d38,d198_hh188
d38,d149_hh1
d38,d110_hh252
d38,d36_hh226
d38,d213_hh247
d38,d187_hh42
d38,d174_hh213
d38,d137_hh119
d38,d29_hh243
d38,d182_hh226
d38,d50_hh272
d38,d193_hh138
d38,d214_hh41
d38,d143_hh28
d38,d135_hh17
d38,d132_hh188
d38,d130_hh142
d38,d98_hh100
d38,d59_hh243
d38,d119_hh24
d38,d210_hh142
d38,d155_hh210
d38,d117_hh74
d38,d54_hh222
d38,d163_hh145
d38,d53_hh147
d38,d11_hh128
d38,d187_hh42
d38,d114_hh47
d38,d95_hh164
d38,d52_hh33
d38,d187_hh87
d38,d4_hh29
d38,d132_hh46
d38,d114_hh219
d38,d214_hh41
d38,d54_hh44
d38,d171_hh23
d38,d122_hh159
d38,d214_hh47
d38,d57_hh207
d38,d2_hh173
d38,d66_hh14
d38,d117_hh140
d38,d38_hh159
d38,d15_hh103
d38,d140_hh85
d38,d39_hh67
d38,d134_hh270
d38,d4_hh65
d38,d214_hh13
d38,d57_hh216
d38,d15_hh80
d38,d147_hh54
d38,d131_hh174
d38,d16_hh294
d38,d132_hh188
d38,d202_hh264
d38,d109_hh88
d38,d65_hh29
d38,d101_hh129
d38,d2_hh68
d38,d91_hh90
d38,d100_hh91
d38,d54_hh218
d38,d40_hh200
d38,d130_hh244
d38,d163_hh213
d38,d50_hh272
d38,d11_hh128
d38,d85_hh110
d38,d119_hh95
d38,d75_hh53
d38,d161_hh21
d38,d85_hh110
d38,d171_hh88
d38,d4_hh65
d38,d83_hh193
d38,d166_hh24
d38,d187_hh61
d38,d163_hh145
d38,d31_hh127
d38,d111_hh227
d38,d18_hh227
d38,d123_hh129
d38,d169_hh216
d38,d13_hh58
d38,d56_hh174
d38,d122_hh159
d38,d171_hh88
d38,d169_hh190
d38,d184_hh158
d38,d214_hh70
d38,d91_hh90
d38,d90_hh233
d38,d41_hh150
d38,d75_hh227
d38,d193_hh138
d38,d61_hh41
d38,d117_hh140
d38,d31_hh139
d38,d175_hh52
d38,d128_hh246
d38,d50_hh217
d38,d65_hh29
d38,d125_hh135
d38,d161_hh185
d38,d191_hh246
d38,d81_hh89
d38,d23_hh204
d38,d171_hh88
d38,d46_hh194
d38,d98_hh245
d39,d4_hh65
d39,d39_hh67
d39,d207_hh219
d39,d66_hh18
d39,d122_hh144
d39,d122_hh16
d39,d29_hh131
d39,d2_hh217
d39,d73_hh184
d39,d114_hh47
d39,d59_hh243
d39,d51_hh151
d39,d67_hh209
d39,d59_hh112
d39,d74_hh142
d39,d137_hh106
d39,d23_hh156
d39,d178_hh58
d39,d186_hh185
d39,d110_hh193
d39,d113_hh175
d39,d123_hh129
d39,d213_hh2
d39,d166_hh164
d39,d7_hh257
d39,d11_hh128
d39,d123_hh119
d39,d51_hh231
d39,d54_hh44
d39,d2_hh180
d39,d90_hh151
d39,d114_hh219
d39,d35_hh2
d39,d119_hh64
d39,d184_hh238
d39,d164_hh122
d39,d4_hh65
d39,d34_hh160
d39,d65_hh242
d39,d122_hh144
d39,d118_hh173
d39,d213_hh2
d39,d125_hh3
d39,d200_hh102
d39,d59_hh251
d39,d182_hh229
d39,d46_hh53
d39,d209_hh244
d39,d98_hh100
d39,d209_hh11
d39,d123_hh119
d39,d98_hh100
d39,d75_hh264
d39,d33_hh58
d39,d123_hh84
d39,d213_hh2
d39,d114_hh47
d39,d74_hh107
d39,d198_hh152
d39,d4_hh29
d39,d204_hh56
d39,d182_hh229
d39,d122_hh16
d39,d177_hh145
d39,d138_hh82
d39,d147_hh43
d39,d39_hh154
d39,d171_hh71
d39,d54_hh222
d39,d57_hh166
d39,d207_hh191
d39,d104_hh270
d39,d126_hh263
d39,d95_hh201
d39,d149_hh14
d39,d152_hh88
d39,d2_hh217
d39,d11_hh128
d39,d114_hh219
d39,d124_hh40
d39,d46_hh245
d39,d170_hh117
d39,d162_hh47
d39,d78_hh223
d39,d174_hh242
d39,d186_hh185
d39,d123_hh129
d39,d139_hh214
d39,d155_hh210
d39,d152_hh29
d39,d125_hh135
d39,d72_hh208
d39,d90_hh207
d39,d75_hh264
d39,d179_hh1
d39,d38_hh165
d39,d83_hh153
d39,d118_hh118
d39,d174_hh242
d39,d17_hh210
d39,d21_hh97
d39,d128_hh28
d39,d199_hh180
d39,d117_hh11
d39,d193_hh138
d39,d21_hh97
d39,d31_hh139
d39,d42_hh185
d39,d33_hh58
d39,d35_hh2
d39,d69_hh240
d39,d152_hh168
d39,d161_hh21
d39,d42_hh202
d39,d75_hh25
d39,d118_hh118
d39,d174_hh24
d39,d17_hh210
d39,d182_hh226
d39,d16_hh294
d39,d34_hh77
d39,d2_hh151
d39,d193_hh248
d39,d198_hh152
d39,d143_hh28
d39,d66_hh213
d39,d104_hh175
d39,d36_hh226
d39,d15_hh22
d39,d91_hh199
d39,d80_hh186
d39,d184_hh238
d39,d50_hh272
d39,d54_hh222
d39,d214_hh41
d39,d143_hh28
d39,d51_hh231
d39,d91_hh199
d39,d2_hh68
d39,d117_hh140
d39,d214_hh41
d39,d46_hh53
d39,d74_hh142
d39,d150_hh207
d39,d171_hh71
d39,d39_hh99
d39,d166_hh164
d39,d96_hh110
d39,d42_hh19
d39,d59_hh251
d39,d15_hh76
d39,d191_hh246
d39,d119_hh222
d39,d191_hh53
d39,d187_hh42
d39,d213_hh178
d39,d31_hh139
d39,d66_hh18
d39,d23_hh93
d39,d87_hh156
d39,d165_hh107
d39,d214_hh210
d39,d141_hh27
d39,d138_hh83
d39,d143_hh28
d39,d55_hh254
d39,d163_hh145
d39,d67_hh209
d39,d75_hh53
d39,d57_hh250
d39,d209_hh159
d39,d82_hh154
d39,d119_hh95
d39,d17_hh12
d39,d175_hh52
d39,d132_hh44
d39,d46_hh12
d39,d132_hh46
d39,d65_hh29
d39,d191_hh246
d39,d209_hh244
d39,d193_hh85
d39,d56_hh4
d39,d119_hh210
d39,d119_hh64
d39,d100_hh145
d39,d155_hh148
d39,d174_hh213
d39,d164_hh123
d39,d104_hh58
d39,d75_hh216
d39,d198_hh136
d39,d51_hh231
d39,d139_hh214
d39,d158_hh136
d39,d166_hh150
d39,d174_hh242
d39,d166_hh24
d39,d100_hh91
d39,d88_hh195
d39,d62_hh98
d39,d114_hh66
d39,d62_hh98
d39,d179_hh1
d39,d55_hh94
d39,d147_hh169
d39,d182_hh39
d39,d213_hh211
d39,d163_hh145
d39,d16_hh294
d39,d73_hh184
d39,d81_hh89
d39,d155_hh210
d39,d4_hh202
d39,d4_hh80
d39,d155_hh210
d39,d118_hh244
d39,d91_hh138
d39,d61_hh41
d39,d213_hh178
d39,d15_hh22
d39,d104_hh116
d39,d150_hh207
d39,d178_hh173
d39,d46_hh245
d39,d54_hh218
d39,d66_hh18
d39,d4_hh202
d39,d134_hh270
d39,d4_hh202
d39,d91_hh90
d39,d166_hh239
d39,d2_hh151
d39,d12_hh23
d39,d38_hh159
d39,d200_hh21
d39,d67_hh15
d39,d2_hh180
d39,d72_hh208
d39,d182_hh195
d39,d95_hh205
d39,d186_hh185
d39,d52_hh115
d39,d83_hh117
d39,d152_hh88
d39,d164_hh122
d39,d213_hh178
d39,d174_hh24
d39,d164_hh122
d39,d198_hh152
d39,d117_hh140
d39,d164_hh123
d39,d90_hh151
d39,d130_hh142
d39,d54_hh152
d39,d21_hh90
d39,d127_hh89
d39,d182_hh74
d39,d54_hh57
d39,d85_hh144
d39,d130_hh244
d39,d80_hh236
d39,d34_hh77
d39,d18_hh137
d39,d2_hh68
d39,d117_hh74
d39,d19_hh130
d39,d169_hh225
d39,d177_hh163
d39,d96_hh110
d39,d187_hh42
d39,d42_hh185
d39,d46_hh69
d39,d186_hh185
d39,d195_hh19
d39,d41_hh71
d39,d126_hh167
d39,d123_hh129
d39,d104_hh175
d28,d105_hh161
d28,d28_hh124
d28,d188_hh223
d28,d115_hh2
d28,d115_hh196
d28,d196_hh175
d28,d148_hh98
d28,d84_hh62
d28,d22_hh155
d28,d206_hh256
d28,d45_hh183
d28,d86_hh136
d28,d115_hh51
d28,d94_hh137
d28,d8_hh179
d28,d172_hh1
d28,d49_hh245
d28,d14_hh160
d28,d64_hh133
d28,d176_hh122
d28,d145_hh2
d28,d64_hh133
d28,d172_hh1
d28,d194_hh224
d28,d107_hh260
d28,d68_hh230
d28,d70_hh79
d28,d49_hh198
d28,d60_hh210
d28,d115_hh51
d28,d203_hh11
d28,d70_hh85
d28,d153_hh185
d28,d203_hh30
d28,d194_hh102
d28,d148_hh98
d28,d203_hh30
d28,d145_hh150
d28,d89_hh65
d28,d201_hh28
d28,d49_hh149
d28,d108_hh127
d28,d108_hh195
d28,d206_hh188
d28,d64_hh45
d28,d108_hh35
d28,d188_hh137
d28,d49_hh245
d28,d49_hh149
d28,d6_hh77
d28,d8_hh179
d28,d70_hh85
d28,d206_hh256
d28,d151_hh1
d28,d151_hh146
d28,d103_hh264
d28,d108_hh35
d28,d49_hh245
d28,d79_hh182
d28,d144_hh285
d28,d151_hh207
d28,d115_hh2
d28,d153_hh185
d28,d27_hh145
d28,d60_hh172
d28,d172_hh102
d28,d9_hh176
d28,d167_hh120
d28,d136_hh236
d28,d45_hh140
d28,d86_hh136
d28,d167_hh167
d28,d172_hh263
d28,d84_hh220
d28,d70_hh188
d28,d105_hh48
d28,d192_hh169
d28,d167_hh41
d28,d189_hh106
d28,d180_hh130
d28,d203_hh11
d28,d176_hh239
d28,d115_hh85
d28,d144_hh285
d28,d203_hh11
d28,d60_hh210
d28,d115_hh85
d28,d136_hh236
d28,d108_hh195
d28,d188_hh98
d28,d14_hh160
d28,d172_hh263
d28,d115_hh196
d28,d188_hh137
d28,d70_hh85
d28,d10_hh60
d28,d211_hh181
d28,d103_hh172
d28,d27_hh133
d28,d107_hh42
d28,d136_hh236
d28,d206_hh151
d28,d115_hh2
d28,d115_hh51
d28,d25_hh250
d28,d49_hh149
d28,d108_hh35
d28,d70_hh135
d28,d3_hh98
d28,d60_hh210
d28,d203_hh30
d28,d172_hh102
d28,d196_hh175
d28,d145_hh2
d28,d151_hh194
d28,d71_hh292
d28,d103_hh264
d28,d27_hh65
d28,d181_hh59
d28,d103_hh53
d28,d49_hh237
d28,d68_hh230
d28,d22_hh219
d28,d136_hh186
d28,d79_hh182
d28,d196_hh34
d28,d49_hh89
d28,d86_hh70
d28,d167_hh36
d28,d206_hh188
d28,d103_hh89
d28,d94_hh178
d28,d60_hh210
d28,d176_hh239
d28,d22_hh219
d28,d60_hh210
d28,d196_hh34
d28,d9_hh176
d28,d180_hh34
d28,d107_hh143
d28,d25_hh250
d28,d115_hh196
d28,d192_hh169
d28,d27_hh16
d28,d103_hh89
d28,d121_hh238
d28,d70_hh79
d28,d192_hh169
d28,d167_hh120
d28,d49_hh149
d28,d49_hh149
d28,d192_hh169
d28,d121_hh238
d28,d176_hh122
d28,d194_hh13
d28,d108_hh35
d28,d194_hh13
d28,d167_hh36
d28,d49_hh89
d28,d64_hh69
d28,d194_hh224
d28,d45_hh9
d28,d105_hh48
d28,d107_hh76
d28,d115_hh85
d28,d206_hh188
d28,d157_hh104
d28,d188_hh98
d28,d49_hh198
d28,d151_hh93
d28,d206_hh188
d28,d27_hh16
d28,d49_hh119
d28,d60_hh210
d28,d194_hh224
d28,d45_hh9
d28,d45_hh9
d28,d27_hh145
d28,d45_hh183
d28,d60_hh210
d28,d136_hh236
d28,d3_hh7
d28,d185_hh70
d28,d22_hh0
d28,d49_hh149
d28,d136_hh236
d28,d167_hh36
d28,d176_hh239
d28,d136_hh236
d28,d27_hh133
d28,d176_hh183
d28,d203_hh30
d28,d28_hh124
d28,d189_hh80
d28,d28_hh260
d28,d188_hh98
d28,d64_hh271
d28,d167_hh36
d28,d70_hh243
d28,d8_hh179
d28,d136_hh236
d28,d203_hh11
d28,d201_hh28
d28,d185_hh70
d28,d49_hh149
d28,d176_hh239
d28,d121_hh238
d28,d60_hh210
d28,d105_hh161
d28,d151_hh194
d28,d172_hh263
d28,d10_hh60
d28,d108_hh195
d28,d22_hh219
d28,d86_hh136
d28,d64_hh69
d28,d27_hh16
d28,d27_hh16
d28,d107_hh0
d28,d9_hh56
d28,d22_hh225
d28,d176_hh122
d28,d194_hh224
d28,d212_hh78
d28,d203_hh30
d28,d49_hh131
d28,d108_hh277
d28,d121_hh146
d28,d115_hh2
d28,d194_hh224
d28,d68_hh230
d28,d167_hh36
d28,d60_hh210
d28,d172_hh102
d28,d121_hh238
d28,d103_hh172
d28,d103_hh172
d28,d176_hh239
d28,d145_hh212
d28,d107_hh76
d28,d27_hh16
d28,d196_hh60
d28,d103_hh53
d28,d192_hh0
d28,d136_hh186
d28,d189_hh237
d28,d49_hh245
d28,d211_hh181
d28,d49_hh131
d28,d181_hh267
d28,d25_hh250
d28,d49_hh89
d28,d70_hh135
d28,d64_hh69
d28,d70_hh135
d28,d144_hh285
d28,d105_hh48
d28,d148_hh221
d28,d188_hh98
d28,d196_hh42
d28,d212_hh78
d28,d192_hh159
d28,d151_hh146
d28,d115_hh85
d28,d181_hh63
d28,d201_hh28
d28,d86_hh136
d28,d167_hh36
d28,d22_hh0
d28,d172_hh102
d28,d145_hh2
d28,d194_hh224
d28,d167_hh120
d28,d3_hh98
d28,d25_hh250
d28,d28_hh124
d28,d70_hh79
d28,d70_hh188
d40,d120_hh248
d40,d128_hh126
d40,d52_hh33
d40,d170_hh117
d40,d123_hh106
d40,d24_hh92
d40,d17_hh210
d40,d62_hh251
d40,d4_hh87
d40,d52_hh33
d40,d95_hh201
d40,d97_hh26
d40,d177_hh163
d40,d15_hh76
d40,d209_hh244
d40,d23_hh156
d40,d120_hh269
d40,d90_hh207
d40,d67_hh15
d40,d150_hh203
d40,d213_hh2
d40,d178_hh173
d40,d134_hh270
d40,d75_hh102
d40,d23_hh93
d40,d57_hh207
d40,d17_hh12
d40,d132_hh76
d40,d31_hh139
d40,d78_hh223
d40,d95_hh205
d40,d143_hh28
d40,d54_hh61
d40,d173_hh163
d40,d187_hh7
d40,d187_hh87
d40,d53_hh3
d40,d118_hh118
d40,d111_hh227
d40,d158_hh136
d40,d4_hh29
d40,d166_hh164
d40,d187_hh0
d40,d213_hh247
d40,d186_hh185
d40,d158_hh86
d40,d53_hh3
d40,d31_hh34
d40,d74_hh243
d40,d48_hh118
d40,d2_hh217
d40,d210_hh142
d40,d118_hh118
d40,d104_hh270
d40,d215_hh105
d40,d207_hh191
d40,d72_hh208
d40,d106_hh207
d40,d66_hh207
d40,d160_hh88
d40,d44_hh38
d40,d75_hh216
d40,d17_hh12
d40,d100_hh145
d40,d50_hh272
d40,d65_hh242
d40,d83_hh117
d40,d82_hh154
d40,d128_hh246
d40,d13_hh58
d40,d111_hh227
d40,d21_hh105
d40,d177_hh163
d40,d46_hh53
d40,d52_hh115
d40,d38_hh165
d40,d46_hh53
d40,d123_hh84
d40,d159_hh64
d40,d138_hh82
d40,d213_hh247
d40,d173_hh262
d40,d143_hh241
d40,d132_hh44
d40,d17_hh12
d40,d199_hh180
d40,d135_hh2
d40,d83_hh193
d40,d4_hh29
d40,d138_hh150
d40,d38_hh159
d40,d62_hh259
d40,d175_hh52
d40,d125_hh3
d40,d67_hh209
d40,d102_hh242
d40,d57_hh16
d40,d131_hh205
d40,d169_hh199
d40,d57_hh216
d40,d87_hh156
d40,d164_hh122
d40,d23_hh204
d40,d36_hh94
d40,d214_hh13
d40,d66_hh207
d40,d170_hh130
d40,d72_hh42
d40,d83_hh117
d40,d15_hh80
d40,d120_hh248
d40,d123_hh57
d40,d190_hh38
d40,d42_hh58
d40,d101_hh155
d40,d163_hh213
d40,d126_hh263
d40,d30_hh58
d40,d23_hh93
d40,d57_hh207
d40,d62_hh22
d40,d15_hh22
d40,d177_hh163
d40,d75_hh25
d40,d102_hh200
d40,d57_hh250
d40,d155_hh148
d40,d23_hh204
d40,d100_hh145
d40,d141_hh27
d40,d155_hh210
d40,d114_hh66
d40,d18_hh137
d40,d166_hh239
d40,d117_hh74
d40,d182_hh74
d40,d125_hh3
d40,d4_hh202
d40,d132_hh44
d40,d73_hh184
d40,d119_hh177
d40,d150_hh207
d40,d62_hh22
d40,d173_hh262
d40,d166_hh150
d40,d114_hh66
d40,d175_hh131
d40,d191_hh246
d40,d97_hh156
d40,d100_hh63
d40,d35_hh2
d40,d155_hh18
d40,d190_hh38
d40,d161_hh185
d40,d2_hh180
d40,d163_hh213
d40,d50_hh7
d40,d214_hh47
d40,d17_hh210
d40,d42_hh58
d40,d12_hh23
d40,d21_hh97
d40,d152_hh29
d40,d129_hh122
d40,d66_hh18
d40,d42_hh88
d40,d69_hh240
d40,d122_hh16
d40,d24_hh176
d40,d161_hh203
d40,d23_hh93
d40,d31_hh127
d40,d66_hh14
d40,d102_hh242
d40,d127_hh89
d40,d15_hh103
d40,d17_hh228
d40,d112_hh8
d40,d62_hh98
d40,d123_hh104
d40,d132_hh76
d40,d169_hh225
d40,d174_hh42
d40,d20_hh166
d40,d98_hh223
d40,d161_hh21
d40,d126_hh4
d40,d178_hh191
d40,d204_hh87
d40,d66_hh207
d40,d69_hh240
d40,d131_hh180
d40,d214_hh41
d40,d162_hh47
d40,d155_hh210
d40,d93_hh18
d40,d137_hh106
d40,d178_hh191
d40,d202_hh264
d40,d50_hh272
d40,d114_hh66
d40,d4_hh80
d40,d54_hh61
d40,d174_hh242
d40,d57_hh216
d40,d165_hh107
d40,d191_hh53
d40,d74_hh107
d40,d126_hh207
d40,d54_hh222
d40,d187_hh61
d40,d74_hh15
d40,d38_hh159
d40,d122_hh144
d40,d73_hh184
d40,d120_hh248
d40,d93_hh18
d40,d152_hh88
d40,d46_hh245
d40,d123_hh57
d40,d16_hh294
d40,d128_hh246
d40,d114_hh66
d40,d182_hh39
d40,d54_hh222
d40,d200_hh261
d40,d54_hh44
d40,d74_hh257
d40,d174_hh242
d40,d179_hh1
d40,d123_hh160
d40,d83_hh153
d40,d65_hh101
d40,d54_hh152
d40,d202_hh264
d40,d100_hh91
d40,d31_hh34
d40,d15_hh76
d40,d15_hh264
d40,d18_hh227
d40,d17_hh210
d40,d208_hh168
d40,d112_hh8
d40,d193_hh248
d40,d204_hh56
d37,d9_hh97
d37,d107_hh260
d37,d49_hh198
d37,d180_hh130
d37,d28_hh260
d37,d107_hh42
d37,d188_hh223
d37,d103_hh89
d37,d105_hh238
d37,d107_hh143
d37,d206_hh74
d37,d9_hh176
d37,d107_hh6
d37,d181_hh63
d37,d201_hh21
d37,d71_hh152
d37,d148_hh98
d37,d22_hh155
d37,d148_hh82
d37,d121_hh146
d37,d172_hh1
d37,d189_hh237
d37,d70_hh243
d37,d192_hh169
d37,d60_hh210
d37,d89_hh65
d37,d64_hh133
d37,d64_hh165
d37,d107_hh143
d37,d64_hh137
d37,d49_hh131
d37,d49_hh198
d37,d188_hh223
d37,d94_hh178
d37,d49_hh155
d37,d10_hh110
d37,d196_hh42
d37,d63_hh98
d37,d10_hh110
d37,d8_hh179
d37,d86_hh167
d37,d89_hh77
d37,d60_hh165
d37,d167_hh36
d37,d103_hh175
d37,d8_hh179
d37,d103_hh264
d37,d8_hh179
d37,d28_hh124
d37,d167_hh120
d37,d172_hh1
d37,d49_hh155
d37,d27_hh65
d37,d188_hh223
d37,d27_hh133
d37,d151_hh93
d37,d103_hh53
d37,d49_hh198
d37,d6_hh77
d37,d70_hh79
d37,d9_hh56
d37,d107_hh211
d37,d201_hh86
d37,d206_hh74
d37,d148_hh97
d37,d103_hh115
d37,d60_hh210
d37,d148_hh189
d37,d103_hh115
d37,d145_hh2
d37,d107_hh0
d37,d105_hh161
d37,d172_hh1
d37,d89_hh43
d37,d181_hh267
d37,d151_hh1
d37,d103_hh175
d37,d68_hh230
d37,d206_hh74
d37,d172_hh102
d37,d64_hh45
d37,d107_hh6
d37,d70_hh79
d37,d60_hh172
d37,d60_hh165
d37,d64_hh45
d37,d71_hh292
d37,d192_hh28
d37,d103_hh115
d37,d22_hh155
d37,d84_hh220
d37,d71_hh292
d37,d79_hh93
d37,d148_hh82
d37,d211_hh181
d37,d71_hh152
d37,d8_hh179
d37,d49_hh131
d37,d107_hh143
d37,d45_hh183
d37,d107_hh260
d37,d49_hh131
d37,d45_hh183
d37,d79_hh76
d37,d172_hh102
d37,d192_hh0
d37,d185_hh17
d37,d167_hh120
d37,d6_hh77
d37,d64_hh137
d37,d22_hh155
d37,d148_hh82
d37,d10_hh46
d37,d188_hh223
d37,d71_hh152
d37,d151_hh146
d37,d84_hh101
d37,d64_hh45
d37,d84_hh62
d37,d192_hh28
d37,d22_hh155
d37,d103_hh72
d37,d14_hh160
d37,d70_hh79
d37,d68_hh230
d37,d9_hh97
d37,d64_hh165
d37,d107_hh211
d37,d151_hh93
d37,d176_hh183
d37,d192_hh159
d37,d107_hh6
d37,d181_hh63
d37,d148_hh221
d37,d71_hh292
d37,d196_hh42
d37,d176_hh183
d37,d49_hh198
d37,d145_hh2
d37,d22_hh219
d37,d196_hh34
d37,d49_hh155
d37,d103_hh172
d37,d10_hh46
d37,d145_hh2
d37,d167_hh167
d37,d196_hh34
d37,d196_hh42
d37,d45_hh183
d37,d60_hh172
d37,d194_hh102
d37,d27_hh145
d37,d89_hh77
d37,d49_hh89
d37,d71_hh292
d37,d194_hh13
d37,d151_hh93
d37,d3_hh7
d37,d148_hh82
d37,d196_hh175
d37,d192_hh169
d37,d49_hh149
d37,d107_hh76
d37,d105_hh161
d37,d84_hh101
d37,d8_hh179
d37,d151_hh207
d37,d105_hh161
d37,d167_hh167
d37,d86_hh167
d37,d10_hh46
d37,d105_hh238
d37,d84_hh220
d37,d189_hh106
d37,d49_hh155
d37,d86_hh114
d37,d86_hh136
d37,d49_hh149
d37,d148_hh98
d37,d9_hh176
d37,d151_hh146
d37,d45_hh183
d37,d148_hh221
d37,d180_hh130
d37,d108_hh277
d37,d84_hh6
d37,d103_hh115
d37,d94_hh137
d37,d45_hh282
d37,d148_hh221
d37,d201_hh21
d37,d185_hh70
d37,d60_hh172
d37,d145_hh2
d37,d151_hh146
d37,d49_hh149
d37,d86_hh167
d37,d189_hh80
d37,d71_hh152
d37,d6_hh77
d37,d71_hh152
d37,d189_hh80
d37,d103_hh264
d37,d192_hh28
d37,d49_hh198
d37,d70_hh85
d37,d108_hh127
d37,d188_hh137
d37,d212_hh78
d37,d151_hh146
d37,d70_hh135
d37,d192_hh28
d37,d103_hh175
d37,d167_hh120
d37,d201_hh21
d37,d206_hh74
d37,d103_hh175
d37,d9_hh176
d37,d151_hh146
d37,d49_hh131
d37,d103_hh175
d37,d103_hh53
d37,d84_hh220
d37,d86_hh114
d37,d201_hh21
d37,d49_hh237
d37,d176_hh122
d37,d145_hh150
d37,d181_hh63
d37,d181_hh63
d37,d151_hh93
d37,d79_hh76
d37,d206_hh188
d37,d108_hh127
d37,d148_hh98
d37,d79_hh76
d37,d151_hh207
d37,d64_hh165
d37,d9_hh56
d37,d167_hh120
d37,d3_hh98
d37,d10_hh110
d37,d105_hh48
d37,d70_hh135
d37,d107_hh211
d37,d10_hh60
d37,d45_hh282
d37,d189_hh237
d37,d3_hh98
d37,d71_hh152
d37,d28_hh124
d37,d181_hh267
d37,d84_hh101
d37,d3_hh7
d37,d64_hh271
d37,d107_hh6
d37,d107_hh0
d37,d68_hh230
d37,d196_hh60
d37,d108_hh195
d37,d70_hh135
d37,d115_hh196
d37,d145_hh145
d37,d206_hh188
d37,d22_hh0
d37,d89_hh77
d37,d71_hh292
d37,d103_hh264
d37,d3_hh98
d37,d108_hh127
d37,d10_hh46
d37,d22_hh219
d37,d103_hh115
d37,d49_hh198
d37,d9_hh97
d37,d185_hh17
d37,d206_hh74
d37,d148_hh189
d37,d63_hh157
d37,d151_hh1
d37,d105_hh48
d37,d189_hh237
d37,d103_hh264
d37,d194_hh224
d37,d25_hh250
d42,d57_hh207
d42,d119_hh210
d42,d119_hh64
d42,d122_hh231
d42,d13_hh58
d42,d169_hh216
d42,d2_hh287
d42,d81_hh89
d42,d120_hh161
d42,d155_hh151
d42,d83_hh117
d42,d208_hh168
d42,d46_hh194
d42,d42_hh19
d42,d62_hh98
d42,d213_hh2
d42,d54_hh218
d42,d138_hh150
d42,d93_hh18
d42,d2_hh68
d42,d123_hh129
d42,d163_hh213
d42,d207_hh219
d42,d149_hh107
d42,d4_hh202
d42,d93_hh66
d42,d39_hh154
d42,d93_hh66
d42,d75_hh227
d42,d95_hh164
d42,d131_hh102
d42,d166_hh150
d42,d122_hh144
d42,d2_hh68
d42,d111_hh227
d42,d158_hh107
d42,d75_hh25
d42,d187_hh7
d42,d174_hh213
d42,d96_hh110
d42,d75_hh25
d42,d4_hh29
d42,d80_hh106
d42,d147_hh169
d42,d139_hh214
d42,d102_hh179
d42,d4_hh87
d42,d120_hh248
d42,d182_hh149
d42,d165_hh94
d42,d87_hh245
d42,d50_hh217
d42,d15_hh264
d42,d117_hh11
d42,d143_hh28
d42,d44_hh38
d42,d104_hh175
d42,d44_hh164
d42,d120_hh161
d42,d62_hh251
d42,d72_hh42
d42,d74_hh243
d42,d62_hh251
d42,d202_hh205
d42,d202_hh90
d42,d187_hh87
d42,d17_hh213
d42,d202_hh205
d42,d52_hh33
d42,d187_hh42
d42,d50_hh272
d42,d30_hh130
d42,d65_hh29
d42,d75_hh264
d42,d46_hh69
d42,d29_hh131
d42,d39_hh67
d42,d98_hh100
d42,d52_hh115
d42,d128_hh246
d42,d123_hh160
d42,d193_hh138
d42,d175_hh52
d42,d77_hh123
d42,d23_hh233
d42,d171_hh71
d42,d128_hh126
d42,d109_hh88
d42,d152_hh29
d42,d19_hh38
d42,d50_hh7
d42,d209_hh11
d42,d16_hh287
d42,d174_hh42
d42,d4_hh80
d42,d154_hh2
d42,d178_hh58
d42,d75_hh227
d42,d209_hh254
d42,d199_hh49
d42,d174_hh24
d42,d62_hh98
d42,d123_hh160
d42,d91_hh21
d42,d114_hh219
d42,d40_hh200
d42,d126_hh263
d42,d91_hh178
d42,d54_hh44
d42,d133_hh111
d42,d59_hh184
d42,d207_hh219
d42,d207_hh191
d42,d75_hh53
d42,d16_hh294
d42,d129_hh122
d42,d15_hh22
d42,d50_hh7
d42,d123_hh119
d42,d197_hh151
d42,d202_hh205
d42,d74_hh15
d42,d125_hh135
d42,d171_hh71
d42,d161_hh203
d42,d137_hh119
d42,d164_hh123
d42,d110_hh193
d42,d83_hh193
d42,d213_hh125
d42,d34_hh77
d42,d177_hh163
d42,d83_hh204
d42,d122_hh231
d42,d114_hh66
d42,d213_hh252
d42,d123_hh129
d42,d67_hh209
d42,d200_hh21
d42,d213_hh178
d42,d29_hh85
d42,d140_hh85
d42,d134_hh270
d42,d163_hh145
d42,d24_hh92
d42,d81_hh89
d42,d18_hh137
d42,d35_hh2
d42,d38_hh159
d42,d118_hh244
d42,d104_hh175
d42,d75_hh216
d42,d73_hh184
d42,d199_hh180
d42,d208_hh168
d42,d161_hh185
d42,d78_hh223
d42,d62_hh98
d42,d131_hh174
d42,d18_hh137
d42,d91_hh90
d42,d178_hh173
d42,d134_hh270
d42,d125_hh3
d42,d98_hh100
d42,d109_hh67
d42,d131_hh180
d42,d99_hh225
d42,d182_hh149
d42,d90_hh207
d42,d122_hh159
d42,d213_hh178
d42,d66_hh207
d42,d187_hh42
d42,d134_hh223
d42,d36_hh94
d42,d66_hh213
d42,d114_hh219
d42,d99_hh225
d42,d112_hh8
d42,d110_hh252
d42,d66_hh240
d42,d184_hh158
d42,d50_hh272
d42,d170_hh117
d42,d177_hh163
d42,d7_hh257
d42,d125_hh3
d42,d191_hh53
d42,d134_hh270
d42,d187_hh61
d42,d66_hh207
d42,d213_hh2
d42,d66_hh240
d42,d154_hh2
d42,d21_hh105
d42,d106_hh207
d42,d83_hh204
d42,d147_hh43
d42,d125_hh3
d42,d100_hh145
d42,d186_hh185
d42,d87_hh156
d42,d100_hh63
d42,d100_hh91
d42,d159_hh183
d42,d155_hh18
d42,d52_hh165
d42,d46_hh245
d42,d200_hh261
d42,d39_hh66
d42,d16_hh294
d42,d128_hh28
d42,d166_hh239
d42,d119_hh210
d42,d39_hh99
d42,d122_hh16
d42,d31_hh139
d42,d125_hh135
d42,d56_hh174
d42,d42_hh19
d42,d59_hh251
d42,d41_hh163
d42,d133_hh135
d42,d204_hh87
d42,d132_hh188
d42,d66_hh213
d42,d75_hh25
d42,d119_hh222
d42,d100_hh91
d42,d170_hh117
d42,d134_hh270
d42,d169_hh216
d42,d143_hh241
d42,d150_hh207
d42,d132_hh188
d42,d150_hh203
d42,d161_hh185
d42,d155_hh148
d42,d23_hh21
d42,d133_hh241
d42,d187_hh61
d42,d154_hh2
d42,d100_hh48
d42,d162_hh47
d42,d83_hh204
d42,d134_hh223
d42,d171_hh23
d42,d174_hh24
d42,d184_hh238
d42,d74_hh142
d42,d39_hh67
d42,d91_hh138
d42,d4_hh202
d42,d30_hh267
d42,d119_hh222
d42,d78_hh39
d42,d81_hh89
d42,d178_hh191
d42,d178_hh58
d42,d39_hh99
d42,d123_hh106
d42,d161_hh203
d42,d128_hh28
d42,d56_hh262
d42,d54_hh57
d42,d96_hh145
d42,d15_hh210
d42,d17_hh228
d42,d182_hh149
d42,d61_hh155
d42,d122_hh144
d42,d100_hh63
d41,d100_hh63
d41,d4_hh202
d41,d130_hh244
d41,d80_hh186
d41,d53_hh3
d41,d29_hh243
d41,d15_hh103
d41,d195_hh47
d41,d41_hh150
d41,d120_hh248
d41,d169_hh190
d41,d91_hh138
d41,d73_hh184
d41,d155_hh151
d41,d202_hh90
d41,d31_hh34
d41,d126_hh263
d41,d80_hh106
d41,d140_hh85
d41,d135_hh17
d41,d73_hh184
d41,d16_hh294
d41,d74_hh257
d41,d120_hh248
d41,d193_hh138
d41,d155_hh18
d41,d24_hh92
d41,d42_hh19
d41,d54_hh57
d41,d73_hh184
d41,d30_hh130
d41,d202_hh90
d41,d7_hh257
d41,d198_hh152
d41,d110_hh252
d41,d164_hh122
d41,d90_hh151
d41,d150_hh207
d41,d43_hh125
d41,d66_hh240
d41,d213_hh2
d41,d91_hh178
d41,d54_hh152
d41,d174_hh213
d41,d13_hh58
d41,d125_hh135
d41,d111_hh227
d41,d24_hh92
d41,d99_hh225
d41,d101_hh129
d41,d29_hh243
d41,d133_hh111
d41,d41_hh206
d41,d16_hh287
d41,d42_hh19
d41,d23_hh21
d41,d209_hh254
d41,d43_hh125
d41,d193_hh138
d41,d141_hh128
d41,d77_hh123
d41,d15_hh186
d41,d2_hh68
d41,d81_hh89
d41,d78_hh39
d41,d54_hh218
d41,d126_hh207
d41,d57_hh286
d41,d131_hh180
d41,d200_hh102
d41,d104_hh58
d41,d213_hh2
d41,d187_hh7
d41,d209_hh254
d41,d159_hh183
d41,d17_hh213
d41,d100_hh145
d41,d178_hh173
d41,d170_hh130
d41,d91_hh199
d41,d2_hh173
d41,d171_hh23
d41,d122_hh231
d41,d78_hh223
d41,d123_hh160
d41,d169_hh216
d41,d24_hh92
d41,d72_hh42
d41,d53_hh3
d41,d98_hh177
d41,d113_hh175
d41,d158_hh86
d41,d30_hh58
d41,d119_hh24
d41,d141_hh27
d41,d46_hh53
d41,d23_hh204
d41,d102_hh201
d41,d178_hh191
d41,d158_hh107
d41,d177_hh145
d41,d213_hh247
d41,d56_hh174
d41,d62_hh98
d41,d62_hh22
d41,d204_hh239
d41,d207_hh219
d41,d42_hh202
d41,d149_hh1
d41,d104_hh270
d41,d125_hh3
d41,d147_hh43
d41,d155_hh151
d41,d138_hh83
d41,d124_hh40
d41,d213_hh252
d41,d195_hh109
d41,d72_hh42
d41,d65_hh29
d41,d59_hh112
d41,d62_hh251
d41,d125_hh3
d41,d198_hh152
d41,d114_hh219
d41,d55_hh254
d41,d126_hh263
d41,d96_hh110
d41,d83_hh117
d41,d104_hh58
d41,d214_hh41
d41,d57_hh166
d41,d193_hh138
d41,d30_hh267
d41,d200_hh261
d41,d20_hh166
d41,d114_hh47
d41,d87_hh156
d41,d69_hh240
d41,d55_hh254
d41,d164_hh123
d41,d129_hh122
d41,d170_hh117
d41,d42_hh58
d41,d177_hh145
d41,d147_hh169
d41,d100_hh91
d41,d13_hh58
d41,d164_hh122
d41,d67_hh209
d41,d166_hh239
d41,d31_hh127
d41,d205_hh196
d41,d208_hh253
d41,d54_hh222
d41,d213_hh2
d41,d53_hh147
d41,d215_hh105
d41,d133_hh135
d41,d214_hh47
d41,d134_hh270
d41,d57_hh216
d41,d182_hh226
d41,d83_hh153
d41,d102_hh179
d41,d59_hh243
d41,d85_hh110
d41,d191_hh246
d41,d23_hh21
d41,d122_hh144
d41,d59_hh251
d41,d200_hh77
d41,d15_hh80
d41,d67_hh209
d41,d61_hh41
d41,d30_hh130
d41,d17_hh210
d41,d57_hh166
d41,d77_hh123
d41,d96_hh110
d41,d46_hh69
d41,d95_hh205
d41,d169_hh199
d41,d23_hh21
d41,d152_hh29
d41,d23_hh21
d41,d132_hh76
d41,d96_hh145
d41,d15_hh186
d41,d90_hh233
d41,d195_hh109
d41,d215_hh105
d41,d164_hh123
d41,d182_hh229
d41,d75_hh264
d41,d40_hh200
d41,d90_hh151
d41,d83_hh153
d41,d164_hh122
d41,d104_hh270
d41,d97_hh156
d41,d54_hh57
d41,d173_hh163
d41,d52_hh33
d41,d4_hh29
d41,d162_hh47
d41,d46_hh245
d41,d15_hh210
d41,d204_hh56
d41,d111_hh227
d41,d23_hh21
d41,d29_hh131
d41,d202_hh205
d41,d96_hh110
d41,d95_hh205
d41,d46_hh245
d41,d57_hh286
d41,d133_hh135
d41,d150_hh203
d41,d205_hh196
d41,d191_hh53
d41,d39_hh67
d41,d213_hh252
d41,d199_hh71
d41,d100_hh63
d41,d123_hh84
d41,d15_hh264
d41,d42_hh88
d41,d120_hh248
d41,d75_hh102
d41,d133_hh135
d41,d126_hh167
d41,d202_hh205
d41,d35_hh2
d41,d39_hh66
d41,d138_hh150
d41,d178_hh134
d41,d161_hh185
d41,d57_hh286
d41,d38_hh159
d41,d117_hh11
d41,d11_hh53
d41,d159_hh183
d41,d102_hh201
d41,d52_hh33
d41,d171_hh23
d41,d199_hh180
d41,d214_hh41
d41,d90_hh207
d41,d72_hh42
d41,d96_hh145
d41,d13_hh58
d41,d42_hh202
d41,d24_hh176
d41,d7_hh257
d41,d52_hh165
d41,d74_hh15
d41,d158_hh136
d41,d164_hh123
d41,d7_hh257
d41,d149_hh1
d41,d204_hh87
d41,d41_hh150
d41,d61_hh41
d41,d96_hh110
d41,d213_hh247
d41,d7_hh257
d41,d30_hh130
d41,d4_hh202
d41,d75_hh102
d41,d57_hh286
d41,d75_hh264
d41,d34_hh77
d43,d126_hh167
d43,d209_hh159
d43,d123_hh160
d43,d133_hh135
d43,d117_hh74
d43,d54_hh222
d43,d179_hh1
d43,d29_hh243
d43,d29_hh85
d43,d182_hh229
d43,d17_hh106
d43,d81_hh89
d43,d178_hh134
d43,d18_hh137
d43,d83_hh204
d43,d175_hh52
d43,d161_hh21
d43,d17_hh210
d43,d91_hh90
d43,d75_hh227
d43,d191_hh53
d43,d61_hh155
d43,d123_hh160
d43,d11_hh128
d43,d95_hh56
d43,d75_hh227
d43,d166_hh150
d43,d29_hh131
d43,d18_hh227
d43,d214_hh13
d43,d15_hh186
d43,d200_hh102
d43,d160_hh88
d43,d53_hh147
d43,d140_hh85
d43,d132_hh188
d43,d17_hh12
d43,d178_hh134
d43,d4_hh87
d43,d131_hh174
d43,d143_hh28
d43,d182_hh39
d43,d43_hh125
d43,d11_hh53
d43,d110_hh193
d43,d161_hh21
d43,d57_hh16
d43,d7_hh257
d43,d158_hh86
d43,d55_hh254
d43,d162_hh213
d43,d122_hh16
d43,d93_hh66
d43,d109_hh67
d43,d204_hh87
d43,d214_hh41
d43,d187_hh42
d43,d123_hh129
d43,d158_hh239
d43,d91_hh199
d43,d187_hh61
d43,d39_hh99
d43,d120_hh248
d43,d91_hh90
d43,d202_hh205
d43,d159_hh64
d43,d119_hh177
d43,d117_hh74
d43,d109_hh88
d43,d208_hh168
d43,d182_hh39
d43,d95_hh205
d43,d178_hh157
d43,d85_hh110
d43,d17_hh106
d43,d117_hh11
d43,d195_hh19
d43,d62_hh259
d43,d128_hh246
d43,d163_hh213
d43,d101_hh155
d43,d208_hh253
d43,d61_hh41
d43,d109_hh67
d43,d40_hh200
d43,d174_hh24
d43,d137_hh119
d43,d132_hh188
d43,d17_hh228
d43,d195_hh109
d43,d199_hh49
d43,d128_hh126
d43,d54_hh218
d43,d162_hh213
d43,d85_hh184
d43,d208_hh168
d43,d163_hh213
d43,d132_hh46
d43,d119_hh24
d43,d31_hh34
d43,d174_hh24
d43,d130_hh142
d43,d119_hh64
d43,d2_hh68
d43,d17_hh12
d43,d202_hh264
d43,d208_hh240
d43,d44_hh38
d43,d138_hh150
d43,d213_hh178
d43,d11_hh53
d43,d46_hh194
d43,d93_hh66
d43,d155_hh210
d43,d34_hh160
d43,d48_hh118
d43,d73_hh184
d43,d131_hh180
d43,d131_hh24
d43,d21_hh90
d43,d123_hh129
d43,d5_hh5
d43,d178_hh58
d43,d131_hh205
d43,d164_hh123
d43,d152_hh88
d43,d72_hh42
d43,d140_hh85
d43,d126_hh4
d43,d126_hh167
d43,d30_hh58
d43,d132_hh188
d43,d78_hh223
d43,d24_hh92
d43,d169_hh216
d43,d202_hh205
d43,d195_hh19
d43,d209_hh254
d43,d120_hh269
d43,d123_hh119
d43,d141_hh128
d43,d191_hh246
d43,d123_hh57
d43,d123_hh57
d43,d104_hh116
d43,d2_hh68
d43,d2_hh68
d43,d141_hh128
d43,d214_hh70
d43,d65_hh242
d43,d15_hh103
d43,d93_hh18
d43,d104_hh116
d43,d164_hh123
d43,d133_hh241
d43,d169_hh190
d43,d31_hh34
d43,d143_hh28
d43,d95_hh164
d43,d96_hh110
d43,d101_hh155
d43,d97_hh156
d43,d178_hh157
d43,d209_hh244
d43,d175_hh52
d43,d182_hh74
d43,d52_hh115
d43,d133_hh241
d43,d184_hh158
d43,d119_hh95
d43,d24_hh176
d43,d72_hh42
d43,d35_hh263
d43,d80_hh236
d43,d113_hh175
d43,d160_hh88
d43,d51_hh151
d43,d182_hh226
d43,d83_hh117
d43,d39_hh66
d43,d178_hh134
d43,d62_hh251
d43,d52_hh33
d43,d119_hh177
d43,d149_hh107
d43,d170_hh130
d43,d17_hh106
d43,d150_hh207
d43,d31_hh34
d43,d36_hh226
d43,d123_hh106
d43,d43_hh125
d43,d74_hh107
d43,d41_hh150
d43,d57_hh286
d43,d127_hh89
d43,d143_hh241
d43,d214_hh210
d43,d163_hh213
d43,d21_hh90
d43,d50_hh217
d43,d190_hh38
d43,d193_hh248
d43,d126_hh263
d43,d46_hh69
d43,d123_hh106
d43,d46_hh245
d43,d75_hh102
d43,d213_hh178
d43,d120_hh161
d43,d139_hh214
d43,d18_hh137
d43,d111_hh227
d43,d190_hh38
d43,d182_hh74
d43,d138_hh83
d43,d4_hh65
d43,d118_hh173
d43,d141_hh128
d43,d122_hh144
d43,d182_hh149
d43,d213_hh211
d43,d123_hh104
d43,d4_hh29
d43,d202_hh170
d43,d199_hh180
d43,d149_hh1
d43,d93_hh18
d43,d214_hh210
d43,d52_hh33
d43,d90_hh207
d43,d118_hh244
d43,d41_hh150
d43,d2_hh68
d43,d75_hh25
d43,d21_hh97
d43,d143_hh28
d43,d51_hh151
d43,d44_hh164
d43,d208_hh253
d43,d2_hh287
d43,d96_hh110
d43,d195_hh19
d43,d164_hh122
d43,d204_hh87
d43,d36_hh94
d43,d208_hh253
d43,d134_hh270
d43,d87_hh156
d43,d160_hh0
d43,d2_hh180
d43,d213_hh178
d43,d19_hh130
d43,d138_hh150
d43,d213_hh125
d43,d162_hh213
d43,d129_hh122
d43,d177_hh145
d43,d15_hh76
d43,d46_hh194
d43,d15_hh103
d50,d18_hh137
d50,d75_hh227
d50,d147_hh169
d50,d55_hh94
d50,d101_hh129
d50,d65_hh29
d50,d214_hh41
d50,d177_hh145
d50,d75_hh216
d50,d61_hh41
d50,d215_hh105
d50,d195_hh47
d50,d126_hh4
d50,d75_hh264
d50,d160_hh88
d50,d119_hh210
d50,d165_hh94
d50,d182_hh74
d50,d50_hh217
d50,d98_hh84
d50,d50_hh7
d50,d31_hh127
d50,d215_hh105
d50,d77_hh123
d50,d23_hh21
d50,d171_hh88
d50,d165_hh94
d50,d159_hh64
d50,d209_hh219
d50,d171_hh23
d50,d166_hh239
d50,d57_hh207
d50,d163_hh213
d50,d74_hh15
d50,d99_hh225
d50,d39_hh99
d50,d195_hh109
d50,d26_hh40
d50,d197_hh151
d50,d34_hh160
d50,d80_hh186
d50,d88_hh36
d50,d213_hh2
d50,d199_hh180
d50,d54_hh61
d50,d19_hh130
d50,d98_hh100
d50,d57_hh250
d50,d2_hh173
d50,d161_hh21
d50,d114_hh66
d50,d75_hh264
d50,d173_hh163
d50,d140_hh85
d50,d147_hh54
d50,d199_hh180
d50,d132_hh188
d50,d11_hh128
d50,d102_hh200
d50,d214_hh41
d50,d2_hh287
d50,d51_hh231
d50,d59_hh243
d50,d174_hh242
d50,d42_hh202
d50,d75_hh227
d50,d204_hh239
d50,d204_hh56
d50,d123_hh160
d50,d54_hh222
d50,d174_hh24
d50,d75_hh227
d50,d210_hh142
d50,d67_hh15
d50,d113_hh175
d50,d120_hh248
d50,d214_hh210
d50,d48_hh118
d50,d57_hh216
d50,d75_hh216
d50,d62_hh22
d50,d35_hh263
d50,d155_hh210
d50,d57_hh166
d50,d184_hh238
d50,d143_hh241
d50,d202_hh205
d50,d209_hh244
d50,d143_hh28
d50,d119_hh210
d50,d161_hh203
d50,d205_hh196
d50,d109_hh67
d50,d15_hh80
d50,d46_hh69
d50,d72_hh208
d50,d195_hh19
d50,d16_hh294
d50,d29_hh131
d50,d2_hh68
d50,d202_hh264
d50,d30_hh267
d50,d2_hh180
d50,d75_hh102
d50,d210_hh200
d50,d39_hh99
d50,d83_hh76
d50,d75_hh102
d50,d44_hh164
d50,d210_hh142
d50,d119_hh177
d50,d100_hh48
d50,d214_hh70
d50,d209_hh254
d50,d77_hh123
d50,d102_hh242
d50,d34_hh77
d50,d200_hh261
d50,d207_hh219
d50,d91_hh90
d50,d164_hh123
d50,d39_hh67
d50,d147_hh54
d50,d57_hh207
d50,d164_hh123
d50,d15_hh80
d50,d56_hh174
d50,d74_hh15
d50,d83_hh76
d50,d88_hh195
d50,d7_hh257
d50,d101_hh129
d50,d31_hh34
d50,d75_hh264
d50,d82_hh154
d50,d23_hh156
d50,d213_hh211
d50,d195_hh19
d50,d24_hh176
d50,d184_hh238
d50,d80_hh236
d50,d169_hh190
d50,d41_hh206
d50,d141_hh128
d50,d62_hh22
d50,d169_hh216
d50,d55_hh94
d50,d56_hh174
d50,d123_hh104
d50,d97_hh26
d50,d104_hh116
d50,d90_hh151
d50,d179_hh1
d50,d209_hh159
d50,d174_hh42
d50,d18_hh227
d50,d119_hh95
d50,d2_hh217
d50,d4_hh80
d50,d54_hh222
d50,d155_hh148
d50,d95_hh205
d50,d57_hh207
d50,d133_hh241
d50,d52_hh115
d50,d114_hh219
d50,d118_hh118
d50,d51_hh231
d50,d114_hh66
d50,d111_hh131
d50,d174_hh242
d50,d128_hh126
d50,d2_hh180
d50,d152_hh168
d50,d21_hh90
d50,d21_hh97
d50,d104_hh175
d50,d113_hh175
d50,d118_hh118
d50,d21_hh90
d50,d46_hh194
d50,d72_hh208
d50,d147_hh43
d50,d54_hh44
d50,d65_hh29
d50,d199_hh49
d50,d24_hh176
d50,d214_hh13
d50,d164_hh123
d50,d78_hh39
d50,d19_hh130
d50,d54_hh61
d50,d29_hh85
d50,d163_hh213
d50,d123_hh160
d50,d186_hh185
d50,d26_hh40
d50,d75_hh102
d50,d50_hh249
d50,d119_hh222
d50,d187_hh0
d50,d83_hh117
d50,d140_hh85
d50,d46_hh245
d50,d36_hh94
d50,d150_hh203
d50,d98_hh84
d50,d149_hh14
d50,d15_hh22
d50,d13_hh58
d50,d44_hh38
d50,d21_hh90
d50,d199_hh71
d50,d162_hh47
d50,d178_hh173
d50,d31_hh139
d50,d160_hh0
d50,d152_hh168
d50,d41_hh206
d50,d131_hh174
d50,d104_hh58
d50,d83_hh153
d50,d98_hh100
d50,d119_hh210
d50,d54_hh218
d50,d54_hh44
d50,d165_hh107
d50,d95_hh56
d50,d56_hh4
d50,d2_hh217
d50,d23_hh204
d50,d12_hh23
d50,d52_hh165
d50,d120_hh248
d50,d133_hh111
d50,d91_hh199
d50,d193_hh248
d50,d141_hh128
d50,d161_hh185
d50,d191_hh53
d50,d50_hh249
d50,d128_hh28
d50,d102_hh179
d50,d91_hh90
d50,d208_hh253
d50,d200_hh261
d50,d210_hh142
d50,d141_hh27
d50,d171_hh88
d50,d132_hh76
d50,d67_hh15
d50,d135_hh17
d50,d179_hh1
d50,d20_hh166
d50,d123_hh160
d50,d147_hh169
d50,d24_hh176
d50,d62_hh259
d50,d123_hh104
d50,d130_hh142
d50,d91_hh138
d50,d65_hh101
d50,d15_hh76
d50,d99_hh225
d50,d155_hh18
d50,d26_hh40
d50,d123_hh106
d50,d57_hh286
d50,d21_hh105
d50,d147_hh54
d50,d175_hh52
d50,d83_hh76
d50,d164_hh123
d50,d66_hh240
d50,d46_hh12
d50,d29_hh85
d50,d169_hh216
d50,d102_hh242
d50,d213_hh125
d50,d72_hh42
d50,d133_hh241
d50,d69_hh240
d50,d44_hh38
d50,d23_hh21
d50,d57_hh286
d50,d57_hh216
d50,d13_hh58
d51,d4_hh29
d51,d24_hh92
d51,d161_hh203
d51,d193_hh85
d51,d163_hh145
d51,d55_hh94
d51,d199_hh180
d51,d66_hh240
d51,d134_hh223
d51,d202_hh264
d51,d169_hh216
d51,d174_hh42
d51,d11_hh53
d51,d182_hh195
d51,d40_hh200
d51,d155_hh148
d51,d85_hh110
d51,d46_hh53
d51,d195_hh109
d51,d123_hh129
d51,d65_hh29
d51,d184_hh238
d51,d123_hh160
d51,d126_hh263
d51,d187_hh7
d51,d119_hh210
d51,d74_hh243
d51,d15_hh186
d51,d30_hh58
d51,d61_hh41
d51,d54_hh222
d51,d161_hh21
d51,d209_hh219
d51,d152_hh29
d51,d119_hh222
d51,d56_hh262
d51,d114_hh66
d51,d158_hh239
d51,d17_hh106
d51,d98_hh100
d51,d158_hh136
d51,d169_hh190
d51,d46_hh12
d51,d123_hh106
d51,d83_hh193
d51,d41_hh163
d51,d42_hh58
d51,d11_hh53
d51,d133_hh135
d51,d134_hh270
d51,d16_hh287
d51,d165_hh107
d51,d44_hh38
d51,d123_hh104
d51,d65_hh29
d51,d204_hh87
d51,d19_hh130
d51,d53_hh3
d51,d169_hh225
d51,d123_hh106
d51,d141_hh129
d51,d213_hh2
d51,d30_hh58
d51,d122_hh16
d51,d95_hh205
d51,d119_hh24
d51,d198_hh152
d51,d187_hh87
d51,d75_hh25
d51,d54_hh222
d51,d114_hh47
d51,d214_hh47
d51,d93_hh18
d51,d119_hh222
d51,d198_hh152
d51,d73_hh184
d51,d209_hh149
d51,d51_hh231
d51,d162_hh213
d51,d104_hh270
d51,d147_hh54
d51,d15_hh264
d51,d50_hh7
d51,d131_hh102
d51,d30_hh58
d51,d80_hh236
d51,d139_hh214
d51,d204_hh87
d51,d83_hh153
d51,d130_hh142
d51,d149_hh107
d51,d4_hh65
d51,d2_hh287
d51,d54_hh44
d51,d97_hh26
d51,d102_hh200
d51,d165_hh107
d51,d90_hh207
d51,d15_hh186
d51,d215_hh105
d51,d169_hh190
d51,d209_hh219
d51,d44_hh164
d51,d173_hh262
d51,d131_hh180
d51,d29_hh131
d51,d169_hh190
d51,d129_hh122
d51,d137_hh106
d51,d213_hh62
d51,d110_hh252
d51,d23_hh204
d51,d155_hh18
d51,d66_hh240
d51,d78_hh39
d51,d147_hh54
d51,d215_hh105
d51,d57_hh286
d51,d113_hh175
d51,d171_hh23
d51,d165_hh107
d51,d97_hh156
d51,d169_hh216
d51,d114_hh219
d51,d96_hh145
d51,d34_hh160
d51,d57_hh250
d51,d96_hh145
d51,d59_hh112
d51,d135_hh2
d51,d213_hh211
d51,d143_hh241
d51,d209_hh219
d51,d30_hh130
d51,d179_hh1
d51,d54_hh189
d51,d31_hh34
d51,d57_hh286
d51,d187_hh87
d51,d85_hh110
d51,d50_hh7
d51,d174_hh242
d51,d135_hh17
d51,d75_hh102
d51,d147_hh54
d51,d20_hh166
d51,d62_hh259
d51,d80_hh186
d51,d152_hh88
d51,d11_hh128
d51,d30_hh130
d51,d193_hh85
d51,d66_hh14
d51,d4_hh29
d51,d95_hh56
d51,d29_hh131
d51,d120_hh269
d51,d197_hh151
d51,d208_hh240
d51,d209_hh254
d51,d152_hh168
d51,d80_hh186
d51,d119_hh95
d51,d75_hh216
d51,d53_hh147
d51,d119_hh24
d51,d155_hh151
d51,d83_hh204
d51,d65_hh242
d51,d83_hh193
d51,d15_hh22
d51,d30_hh58
d51,d193_hh248
d51,d2_hh180
d51,d36_hh226
d51,d193_hh248
d51,d75_hh53
d51,d72_hh208
d51,d74_hh15
d51,d66_hh207
d51,d44_hh164
d51,d50_hh249
d51,d75_hh102
d51,d178_hh157
d51,d35_hh2
d51,d57_hh286
d51,d98_hh100
d51,d187_hh42
d51,d149_hh107
d51,d126_hh207
d51,d138_hh83
d51,d51_hh151
d51,d91_hh138
d51,d46_hh245
d51,d132_hh188
d51,d170_hh117
d51,d80_hh106
d51,d59_hh184
d51,d127_hh89
d51,d174_hh42
d51,d15_hh76
d51,d53_hh147
d51,d147_hh43
d51,d135_hh17
d51,d193_hh138
d51,d104_hh175
d51,d170_hh130
d51,d213_hh252
d51,d158_hh136
d51,d208_hh240
d51,d186_hh185
d51,d53_hh147
d51,d15_hh80
d51,d73_hh242
d51,d23_hh93
d51,d96_hh145
d51,d56_hh262
d51,d152_hh29
d51,d169_hh216
d51,d102_hh179
d51,d133_hh135
d51,d40_hh200
d51,d209_hh254
d51,d213_hh62
d51,d12_hh23
d51,d207_hh191
d51,d62_hh22
d51,d42_hh19
d51,d101_hh129
d51,d34_hh77
d51,d199_hh180
d51,d122_hh16
d51,d104_hh58
d51,d169_hh190
d51,d31_hh34
d51,d118_hh118
d51,d166_hh164
d51,d75_hh216
d51,d120_hh248
d51,d26_hh40
d51,d69_hh240
d51,d120_hh269
d51,d83_hh204
d51,d93_hh18
d51,d109_hh67
d51,d161_hh185
d51,d44_hh38
d51,d187_hh42
d51,d111_hh131
d51,d83_hh153
d51,d152_hh88
d51,d200_hh77
d51,d23_hh93
d51,d199_hh180
d51,d199_hh180
d51,d93_hh18
d51,d152_hh168
d51,d213_hh62
d51,d193_hh138
d51,d67_hh209
d51,d62_hh251
d51,d165_hh94
d51,d182_hh74
d51,d184_hh158
d51,d132_hh188
d51,d162_hh47
d51,d16_hh287
d51,d74_hh243
d51,d93_hh18
d51,d162_hh213
d51,d90_hh151
d51,d202_hh205
d51,d200_hh102
d51,d163_hh145
d51,d93_hh18
d51,d109_hh88
d51,d98_hh100
d51,d120_hh248
d51,d135_hh2
d51,d214_hh70
d51,d202_hh205
d51,d62_hh98
d51,d174_hh242
d51,d165_hh94
d51,d91_hh90
d51,d102_hh201
d51,d83_hh117
d51,d138_hh150
d51,d26_hh40
d51,d135_hh17
d51,d187_hh87
d51,d114_hh66
d51,d191_hh53
d51,d202_hh170
d51,d174_hh24
d51,d98_hh177
d51,d44_hh38
d51,d29_hh85
d54,d213_hh211
d54,d170_hh130
d54,d139_hh214
d54,d52_hh115
d54,d213_hh62
d54,d197_hh151
d54,d91_hh199
d54,d93_hh18
d54,d182_hh229
d54,d4_hh80
d54,d29_hh131
d54,d129_hh122
d54,d114_hh47
d54,d184_hh158
d54,d59_hh184
d54,d102_hh201
d54,d62_hh98
d54,d186_hh185
d54,d40_hh152
d54,d178_hh272
d54,d177_hh145
d54,d109_hh67
d54,d44_hh164
d54,d23_hh233
d54,d141_hh129
d54,d42_hh19
d54,d42_hh58
d54,d2_hh173
d54,d73_hh242
d54,d30_hh58
d54,d122_hh231
d54,d171_hh88
d54,d38_hh159
d54,d80_hh186
d54,d96_hh145
d54,d36_hh226
d54,d36_hh226
d54,d159_hh64
d54,d7_hh257
d54,d57_hh216
d54,d43_hh125
d54,d42_hh202
d54,d42_hh58
d54,d120_hh269
d54,d99_hh225
d54,d209_hh159
d54,d82_hh154
d54,d98_hh100
d54,d199_hh49
d54,d104_hh116
d54,d102_hh242
d54,d15_hh264
d54,d104_hh116
d54,d91_hh138
d54,d98_hh177
d54,d209_hh219
d54,d98_hh177
d54,d54_hh57
d54,d149_hh14
d54,d26_hh40
d54,d62_hh22
d54,d82_hh154
d54,d57_hh286
d54,d102_hh242
d54,d56_hh174
d54,d72_hh208
d54,d123_hh57
d54,d50_hh217
d54,d36_hh94
d54,d18_hh227
d54,d102_hh201
d54,d207_hh191
d54,d215_hh105
d54,d83_hh153
d54,d131_hh205
d54,d50_hh7
d54,d117_hh140
d54,d54_hh218
d54,d44_hh164
d54,d123_hh106
d54,d75_hh25
d54,d50_hh217
d54,d66_hh213
d54,d80_hh236
d54,d21_hh105
d54,d195_hh19
d54,d65_hh29
d54,d135_hh17
d54,d182_hh195
d54,d131_hh24
d54,d2_hh217
d54,d77_hh123
d54,d17_hh213
d54,d110_hh252
d54,d122_hh231
d54,d100_hh63
d54,d29_hh131
d54,d158_hh86
d54,d209_hh244
d54,d187_hh42
d54,d213_hh252
d54,d87_hh245
d54,d117_hh140
d54,d123_hh129
d54,d147_hh169
d54,d110_hh252
d54,d11_hh53
d54,d166_hh239
d54,d165_hh94
d54,d46_hh194
d54,d54_hh44
d54,d147_hh43
d54,d17_hh213
d54,d46_hh194
d54,d17_hh106
d54,d117_hh74
d54,d159_hh183
d54,d114_hh47
d54,d97_hh156
d54,d15_hh186
d54,d66_hh240
d54,d38_hh159
d54,d169_hh190
d54,d73_hh242
d54,d195_hh109
d54,d118_hh244
d54,d67_hh15
d54,d187_hh7
d54,d74_hh107
d54,d87_hh156
d54,d158_hh239
d54,d119_hh24
d54,d122_hh159
d54,d190_hh38
d54,d15_hh186
d54,d57_hh16
d54,d166_hh150
d54,d29_hh85
d54,d120_hh248
d54,d195_hh19
d54,d213_hh211
d54,d117_hh11
d54,d122_hh144
d54,d155_hh151
d54,d178_hh272
d54,d81_hh89
d54,d13_hh58
d54,d178_hh272
d54,d42_hh58
d54,d20_hh166
d54,d195_hh19
d54,d160_hh88
d54,d166_hh164
d54,d91_hh90
d54,d182_hh149
d54,d137_hh106
d54,d51_hh151
d54,d210_hh142
d54,d161_hh185
d54,d200_hh261
d54,d193_hh138
d54,d98_hh177
d54,d177_hh163
d54,d158_hh107
d54,d164_hh122
d54,d133_hh135
d54,d169_hh199
d54,d132_hh76
d54,d174_hh24
d54,d155_hh151
d54,d59_hh251
d54,d50_hh249
d54,d120_hh269
d54,d182_hh149
d54,d46_hh194
d54,d158_hh136
d54,d41_hh150
d54,d128_hh246
d54,d127_hh89
d54,d50_hh272
d54,d187_hh87
d54,d44_hh38
d54,d52_hh33
d54,d198_hh136
d54,d207_hh219
d54,d170_hh130
d54,d46_hh69
d54,d59_hh184
d54,d66_hh18
d54,d140_hh85
d54,d213_hh178
d54,d4_hh80
d54,d202_hh264
d54,d93_hh66
d54,d171_hh88
d54,d97_hh156
d54,d143_hh28
d54,d56_hh174
d54,d208_hh240
d54,d133_hh135
d54,d149_hh107
d54,d75_hh25
d54,d97_hh26
d54,d162_hh213
d54,d101_hh155
d54,d195_hh19
d54,d2_hh68
d54,d162_hh213
d54,d51_hh151
d54,d114_hh47
d54,d169_hh190
d54,d83_hh204
d54,d159_hh64
d54,d78_hh39
d54,d117_hh74
d54,d57_hh250
d54,d140_hh85
d54,d126_hh263
d54,d54_hh44
d54,d166_hh164
d54,d187_hh42
d54,d21_hh105
d54,d169_hh199
d54,d215_hh105
d54,d131_hh205
d54,d91_hh21
d54,d149_hh1
d54,d80_hh106
d54,d202_hh90
d54,d177_hh163
d54,d102_hh179
d54,d42_hh19
d54,d117_hh74
d54,d137_hh119
d54,d208_hh168
d54,d214_hh47
d54,d182_hh195
d54,d122_hh144
d54,d41_hh71
d54,d202_hh264
d54,d114_hh66
d54,d208_hh240
d54,d117_hh74
d54,d137_hh119
d54,d23_hh233
d54,d50_hh217
d54,d114_hh47
d54,d169_hh190
d54,d128_hh28
d54,d149_hh107
d54,d125_hh3
d54,d162_hh213
d54,d23_hh204
d54,d62_hh22
d54,d93_hh66
d54,d169_hh190
d54,d98_hh223
d54,d51_hh151
d54,d95_hh164
d54,d160_hh0
d54,d38_hh159
d54,d130_hh142
d54,d209_hh11
d54,d147_hh169
d54,d52_hh115
d54,d51_hh231
d44,d177_hh163
d44,d57_hh166
d44,d159_hh183
d44,d15_hh76
d44,d134_hh270
d44,d174_hh242
d44,d187_hh42
d44,d110_hh252
d44,d96_hh145
d44,d209_hh254
d44,d204_hh87
d44,d74_hh107
d44,d137_hh106
d44,d61_hh155
d44,d65_hh29
d44,d2_hh287
d44,d74_hh142
d44,d187_hh61
d44,d160_hh88
d44,d187_hh61
d44,d54_hh222
d44,d160_hh88
d44,d23_hh204
d44,d128_hh28
d44,d17_hh213
d44,d30_hh130
d44,d23_hh204
d44,d54_hh152
d44,d161_hh21
d44,d85_hh184
d44,d48_hh118
d44,d213_hh247
d44,d147_hh169
d44,d150_hh207
d44,d134_hh270
d44,d207_hh219
d44,d209_hh159
d44,d24_hh92
d44,d178_hh173
d44,d133_hh241
d44,d91_hh21
d44,d174_hh24
d44,d199_hh71
d44,d35_hh2
d44,d83_hh76
d44,d39_hh154
d44,d123_hh57
d44,d74_hh107
d44,d187_hh87
d44,d178_hh191
d44,d75_hh216
d44,d106_hh207
d44,d5_hh5
d44,d104_hh116
d44,d149_hh107
d44,d93_hh18
d44,d119_hh64
d44,d75_hh25
d44,d81_hh89
d44,d171_hh71
d44,d215_hh105
d44,d184_hh238
d44,d39_hh67
d44,d85_hh144
d44,d30_hh130
d44,d46_hh245
d44,d85_hh110
d44,d11_hh128
d44,d202_hh205
d44,d123_hh57
d44,d158_hh107
d44,d141_hh128
d44,d54_hh61
d44,d182_hh195
d44,d104_hh58
d44,d161_hh203
d44,d132_hh44
d44,d39_hh154
d44,d178_hh58
d44,d24_hh92
d44,d104_hh175
d44,d74_hh142
d44,d54_hh222
d44,d162_hh213
d44,d104_hh116
d44,d17_hh228
d44,d202_hh170
d44,d106_hh207
d44,d195_hh19
d44,d53_hh3
d44,d15_hh210
d44,d100_hh145
d44,d4_hh202
d44,d122_hh16
d44,d209_hh254
d44,d164_hh122
d44,d137_hh119
d44,d24_hh92
d44,d120_hh161
d44,d131_hh24
d44,d169_hh199
d44,d67_hh15
d44,d98_hh177
d44,d62_hh22
d44,d135_hh2
d44,d170_hh130
d44,d128_hh126
d44,d55_hh94
d44,d91_hh90
d44,d11_hh128
d44,d39_hh67
d44,d38_hh165
d44,d93_hh18
d44,d95_hh205
d44,d102_hh242
d44,d100_hh48
d44,d69_hh240
d44,d4_hh65
d44,d171_hh88
d44,d102_hh201
d44,d29_hh131
d44,d66_hh207
d44,d66_hh240
d44,d135_hh2
d44,d69_hh240
d44,d169_hh199
d44,d29_hh243
d44,d57_hh286
d44,d178_hh134
d44,d119_hh95
d44,d34_hh77
d44,d132_hh76
d44,d210_hh142
d44,d171_hh23
d44,d75_hh25
d44,d74_hh257
d44,d62_hh259
d44,d11_hh53
d44,d123_hh84
d44,d169_hh199
d44,d187_hh87
d44,d160_hh0
d44,d178_hh134
d44,d123_hh129
d44,d173_hh163
d44,d118_hh173
d44,d123_hh129
d44,d128_hh28
d44,d166_hh239
d44,d62_hh259
d44,d132_hh188
d44,d171_hh23
d44,d125_hh135
d44,d30_hh267
d44,d62_hh98
d44,d81_hh89
d44,d149_hh1
d44,d165_hh94
d44,d15_hh80
d44,d143_hh28
d44,d110_hh193
d44,d95_hh56
d44,d118_hh118
d44,d111_hh131
d44,d17_hh213
d44,d46_hh194
d44,d15_hh76
d44,d56_hh262
d44,d117_hh140
d44,d214_hh210
d44,d53_hh3
d44,d143_hh241
d44,d158_hh107
d44,d67_hh209
d44,d93_hh66
d44,d23_hh93
d44,d83_hh117
d44,d143_hh28
d44,d200_hh261
d44,d16_hh287
d44,d31_hh127
d44,d195_hh19
d44,d110_hh252
d44,d11_hh128
d44,d174_hh42
d44,d178_hh157
d44,d34_hh77
d44,d178_hh134
d44,d141_hh128
d44,d123_hh160
d44,d2_hh173
d44,d91_hh138
d44,d29_hh243
d44,d213_hh178
d44,d132_hh44
d44,d11_hh53
d44,d178_hh157
d44,d123_hh106
d44,d199_hh49
d44,d21_hh105
d44,d131_hh205
d44,d169_hh199
d44,d132_hh44
d44,d161_hh203
d44,d200_hh77
d44,d169_hh199
d44,d66_hh240
d44,d98_hh245
d44,d170_hh117
d44,d57_hh216
d44,d15_hh22
d44,d152_hh29
d44,d150_hh207
d44,d39_hh66
d44,d23_hh93
d44,d80_hh236
d44,d162_hh213
d44,d195_hh19
d44,d74_hh107
d44,d147_hh169
d44,d39_hh154
d44,d83_hh153
d44,d163_hh145
d44,d199_hh180
d44,d113_hh175
d44,d160_hh88
d44,d20_hh166
d44,d200_hh21
d44,d164_hh122
d44,d209_hh11
d44,d54_hh222
d44,d65_hh101
d44,d83_hh76
d44,d53_hh147
d44,d131_hh205
d44,d7_hh257
d44,d90_hh207
d44,d4_hh87
d44,d213_hh178
d44,d59_hh251
d44,d213_hh62
d44,d75_hh227
d44,d57_hh250
d44,d147_hh54
d44,d141_hh129
d44,d213_hh178
d44,d110_hh193
d44,d74_hh142
d44,d191_hh53
d44,d50_hh7
d44,d198_hh188
d44,d15_hh186
d44,d174_hh242
d44,d74_hh15
d44,d42_hh88
d44,d126_hh167
d44,d120_hh161
d44,d91_hh90
d44,d137_hh106
d44,d30_hh130
d44,d80_hh236
d44,d195_hh19
d44,d124_hh40
d44,d137_hh106
d44,d159_hh64
d44,d208_hh168
d44,d152_hh29
d44,d174_hh42
d44,d98_hh245
d44,d15_hh22
d44,d209_hh219
d44,d2_hh287
d44,d141_hh128
d44,d39_hh99
d44,d205_hh196
d44,d72_hh42
d44,d46_hh12
d44,d11_hh53
d44,d178_hh272
d44,d21_hh90
d44,d39_hh67
d44,d46_hh69
d44,d160_hh0
d44,d174_hh242
d44,d35_hh263
d44,d83_hh76
d44,d132_hh76
d44,d128_hh246
d44,d66_hh240
d44,d29_hh243
d44,d110_hh193
d44,d17_hh210
d46,d2_hh180
d46,d204_hh87
d46,d26_hh40
d46,d143_hh28
d46,d4_hh202
d46,d51_hh231
d46,d83_hh193
d46,d119_hh95
d46,d162_hh47
d46,d186_hh185
d46,d74_hh142
d46,d200_hh21
d46,d59_hh251
d46,d209_hh159
d46,d169_hh216
d46,d62_hh259
d46,d36_hh226
d46,d177_hh163
d46,d214_hh210
d46,d119_hh95
d46,d20_hh166
d46,d195_hh109
d46,d30_hh130
d46,d124_hh40
d46,d128_hh246
d46,d40_hh152
d46,d34_hh160
d46,d120_hh248
d46,d147_hh169
d46,d209_hh219
d46,d50_hh7
d46,d85_hh184
d46,d78_hh39
d46,d162_hh47
d46,d97_hh156
d46,d213_hh178
d46,d16_hh294
d46,d18_hh227
d46,d214_hh13
d46,d53_hh147
d46,d39_hh154
d46,d65_hh101
d46,d209_hh244
d46,d88_hh195
d46,d104_hh58
d46,d143_hh28
d46,d134_hh270
d46,d34_hh160
d46,d57_hh286
d46,d80_hh186
d46,d123_hh129
d46,d15_hh103
d46,d95_hh56
d46,d39_hh154
d46,d195_hh19
d46,d112_hh8
d46,d4_hh65
d46,d80_hh186
d46,d147_hh169
d46,d36_hh226
d46,d39_hh99
d46,d118_hh244
d46,d97_hh156
d46,d59_hh184
d46,d120_hh161
d46,d109_hh88
d46,d54_hh218
d46,d15_hh264
d46,d50_hh249
d46,d16_hh287
d46,d174_hh24
d46,d51_hh231
d46,d117_hh11
d46,d97_hh156
d46,d214_hh210
d46,d129_hh122
d46,d34_hh77
d46,d2_hh151
d46,d85_hh110
d46,d36_hh94
d46,d98_hh223
d46,d40_hh200
d46,d87_hh245
d46,d104_hh270
d46,d118_hh244
d46,d48_hh118
d46,d21_hh105
d46,d129_hh122
d46,d39_hh154
d46,d173_hh262
d46,d46_hh53
d46,d197_hh151
d46,d119_hh95
d46,d83_hh76
d46,d119_hh210
d46,d187_hh0
d46,d122_hh16
d46,d126_hh263
d46,d163_hh145
d46,d100_hh48
d46,d66_hh240
d46,d4_hh202
d46,d87_hh245
d46,d200_hh21
d46,d2_hh151
d46,d155_hh148
d46,d111_hh131
d46,d122_hh16
d46,d12_hh23
d46,d126_hh207
d46,d91_hh21
d46,d119_hh222
d46,d214_hh13
d46,d178_hh157
d46,d119_hh64
d46,d166_hh150
d46,d214_hh13
d46,d119_hh222
d46,d38_hh165
d46,d91_hh90
d46,d90_hh233
d46,d18_hh227
d46,d186_hh185
d46,d109_hh67
d46,d69_hh240
d46,d41_hh206
d46,d73_hh184
d46,d85_hh184
d46,d57_hh216
d46,d15_hh103
d46,d98_hh177
d46,d67_hh15
d46,d30_hh267
d46,d169_hh216
d46,d187_hh0
d46,d74_hh257
d46,d205_hh196
d46,d46_hh12
d46,d73_hh184
d46,d193_hh248
d46,d90_hh233
d46,d110_hh252
d46,d174_hh24
d46,d209_hh244
d46,d187_hh61
d46,d177_hh145
d46,d15_hh264
d46,d158_hh239
d46,d66_hh207
d46,d62_hh251
d46,d102_hh242
d46,d80_hh236
d46,d159_hh64
d46,d119_hh64
d46,d161_hh21
d46,d155_hh148
d46,d125_hh3
d46,d15_hh76
d46,d214_hh41
d46,d135_hh17
d46,d124_hh40
d46,d39_hh99
d46,d175_hh52
d46,d120_hh269
d46,d65_hh242
d46,d75_hh102
d46,d118_hh244
d46,d128_hh28
d46,d23_hh21
d46,d109_hh88
d46,d91_hh138
d46,d118_hh244
d46,d208_hh240
d46,d179_hh1
d46,d169_hh216
d46,d171_hh88
d46,d46_hh194
d46,d198_hh136
d46,d17_hh210
d46,d75_hh227
d46,d138_hh82
d46,d85_hh110
d46,d158_hh239
d46,d67_hh15
d46,d98_hh245
d46,d210_hh142
d46,d57_hh286
d46,d178_hh134
d46,d179_hh1
d46,d175_hh131
d46,d15_hh22
d46,d30_hh267
d46,d4_hh29
d46,d23_hh21
d46,d209_hh159
d46,d209_hh219
d46,d119_hh64
d46,d130_hh244
d46,d101_hh129
d46,d118_hh173
d46,d31_hh127
d46,d19_hh130
d46,d123_hh106
d46,d164_hh123
d46,d29_hh243
d46,d91_hh90
d46,d83_hh153
d46,d123_hh129
d46,d20_hh166
d46,d207_hh191
d46,d39_hh99
d46,d110_hh193
d46,d29_hh243
d46,d179_hh1
d46,d39_hh66
d46,d118_hh173
d46,d19_hh38
d46,d187_hh7
d46,d120_hh269
d46,d50_hh249
d46,d214_hh70
d46,d2_hh217
d46,d122_hh16
d46,d166_hh150
d46,d213_hh211
d46,d126_hh4
d46,d114_hh66
d46,d75_hh53
d46,d125_hh135
d46,d123_hh104
d46,d120_hh269
d46,d213_hh211
d46,d104_hh58
d46,d214_hh41
d46,d29_hh85
d46,d119_hh95
d46,d93_hh66
d46,d31_hh34
d46,d182_hh74
d46,d213_hh2
d46,d55_hh254
d46,d59_hh184
d46,d2_hh217
d46,d91_hh199
d46,d207_hh191
d46,d184_hh238
d46,d90_hh207
d46,d193_hh248
d46,d214_hh41
d46,d2_hh217
d46,d85_hh110
d46,d75_hh25
d46,d169_hh199
d46,d120_hh161
d46,d24_hh92
d46,d164_hh122
d46,d193_hh138
d46,d41_hh71
d46,d214_hh70
d46,d200_hh261
d46,d173_hh262
d46,d149_hh14
d46,d160_hh88
d46,d36_hh226
d46,d72_hh208
d46,d150_hh207
d46,d57_hh250
d46,d65_hh101
d46,d133_hh241
d46,d133_hh111
d46,d208_hh168
d46,d160_hh0
d46,d96_hh110
d46,d40_hh200
d46,d169_hh199
d46,d215_hh105
d46,d158_hh107
d46,d163_hh213
d45,d185_hh17
d45,d206_hh151
d45,d22_hh155
d45,d194_hh13
d45,d84_hh101
d45,d70_hh188
d45,d79_hh93
d45,d68_hh230
d45,d145_hh212
d45,d70_hh188
d45,d148_hh98
d45,d180_hh34
d45,d192_hh159
d45,d148_hh221
d45,d71_hh152
d45,d45_hh282
d45,d188_hh98
d45,d145_hh212
d45,d185_hh17
d45,d70_hh188
d45,d45_hh282
d45,d144_hh235
d45,d10_hh110
d45,d103_hh172
d45,d201_hh86
d45,d49_hh155
d45,d49_hh155
d45,d172_hh1
d45,d103_hh72
d45,d108_hh195
d45,d49_hh119
d45,d188_hh98
d45,d86_hh136
d45,d70_hh85
d45,d185_hh70
d45,d60_hh210
d45,d148_hh189
d45,d70_hh79
d45,d64_hh165
d45,d148_hh97
d45,d108_hh277
d45,d60_hh210
d45,d151_hh207
d45,d176_hh122
d45,d64_hh271
d45,d71_hh152
d45,d86_hh136
d45,d49_hh89
d45,d45_hh9
d45,d60_hh210
d45,d107_hh211
d45,d71_hh292
d45,d94_hh137
d45,d151_hh1
d45,d194_hh13
d45,d27_hh65
d45,d151_hh194
d45,d8_hh179
d45,d145_hh150
d45,d6_hh77
d45,d206_hh256
d45,d64_hh137
d45,d86_hh136
d45,d105_hh161
d45,d172_hh1
d45,d206_hh283
d45,d107_hh6
d45,d60_hh172
d45,d189_hh80
d45,d192_hh159
d45,d68_hh230
d45,d49_hh198
d45,d49_hh237
d45,d103_hh89
d45,d60_hh259
d45,d94_hh137
d45,d86_hh136
d45,d64_hh165
d45,d189_hh80
d45,d151_hh146
d45,d71_hh152
d45,d107_hh42
d45,d64_hh69
d45,d70_hh79
d45,d192_hh28
d45,d10_hh46
d45,d148_hh221
d45,d84_hh101
d45,d192_hh28
d45,d105_hh48
d45,d64_hh137
d45,d86_hh114
d45,d121_hh146
d45,d206_hh74
d45,d71_hh169
d45,d145_hh145
d45,d84_hh101
d45,d148_hh189
d45,d84_hh220
d45,d84_hh6
d45,d107_hh0
d45,d108_hh40
d45,d89_hh43
d45,d176_hh239
d45,d103_hh53
d45,d84_hh62
d45,d172_hh102
d45,d188_hh137
d45,d144_hh285
d45,d148_hh82
d45,d212_hh78
d45,d167_hh120
d45,d148_hh82
d45,d14_hh160
d45,d201_hh28
d45,d49_hh119
d45,d203_hh30
d45,d148_hh97
d45,d89_hh77
d45,d201_hh86
d45,d105_hh48
d45,d79_hh93
d45,d49_hh198
d45,d201_hh21
d45,d107_hh260
d45,d14_hh160
d45,d49_hh119
d45,d94_hh178
d45,d172_hh263
d45,d49_hh131
d45,d148_hh97
d45,d144_hh235
d45,d192_hh28
d45,d49_hh237
d45,d86_hh136
d45,d89_hh65
d45,d189_hh237
d45,d10_hh60
d45,d71_hh169
d45,d107_hh6
d45,d181_hh267
d45,d60_hh210
d45,d45_hh282
d45,d201_hh86
d45,d60_hh172
d45,d115_hh2
d45,d14_hh160
d45,d45_hh282
d45,d172_hh1
d45,d151_hh93
d45,d89_hh65
d45,d64_hh271
d45,d107_hh6
d45,d60_hh165
d45,d3_hh98
d45,d107_hh143
d45,d3_hh7
d45,d89_hh65
d45,d79_hh93
d45,d151_hh207
d45,d27_hh133
d45,d108_hh127
d45,d180_hh130
d45,d84_hh6
d45,d180_hh130
d45,d71_hh169
d45,d206_hh188
d45,d188_hh98
d45,d148_hh189
d45,d68_hh230
d45,d196_hh42
d45,d145_hh150
d45,d27_hh145
d45,d203_hh11
d45,d196_hh34
d45,d49_hh245
d45,d107_hh143
d45,d189_hh80
d45,d145_hh150
d45,d86_hh136
d45,d108_hh127
d45,d206_hh256
d45,d167_hh120
d45,d145_hh212
d45,d103_hh89
d45,d10_hh60
d45,d107_hh0
d45,d181_hh59
d45,d206_hh151
d45,d194_hh102
d45,d192_hh28
d45,d84_hh62
d45,d148_hh98
d45,d172_hh1
d45,d10_hh46
d45,d151_hh146
d45,d49_hh155
d45,d70_hh79
d45,d9_hh97
d45,d185_hh17
d45,d45_hh282
d45,d103_hh264
d45,d22_hh0
d45,d3_hh98
d45,d108_hh195
d45,d84_hh6
d45,d145_hh145
d45,d151_hh146
d45,d108_hh35
d45,d151_hh194
d45,d103_hh53
d45,d172_hh102
d45,d105_hh48
d45,d27_hh145
d45,d49_hh89
d45,d49_hh198
d45,d89_hh65
d45,d115_hh51
d45,d212_hh78
d45,d64_hh137
d45,d107_hh260
d45,d151_hh207
d45,d27_hh65
d45,d70_hh243
d45,d189_hh106
d45,d71_hh292
d45,d71_hh152
d45,d3_hh7
d45,d148_hh97
d45,d71_hh292
d45,d28_hh124
d45,d108_hh127
d45,d176_hh183
d45,d94_hh178
d45,d10_hh46
d45,d151_hh93
d45,d103_hh175
d45,d121_hh238
d45,d86_hh70
d45,d151_hh146
d45,d201_hh21
d45,d148_hh97
d45,d22_hh155
d45,d107_hh42
d45,d64_hh45
d45,d64_hh165
d45,d108_hh127
d45,d180_hh130
d45,d3_hh98
d45,d60_hh259
d45,d60_hh259
d45,d196_hh42
d45,d6_hh77
d45,d70_hh188
d45,d71_hh152
d45,d64_hh69
d45,d89_hh65
d45,d172_hh263
d45,d148_hh221
d45,d68_hh230
d45,d70_hh188
d45,d181_hh63
d45,d192_hh159
d45,d189_hh237
d45,d6_hh77
d45,d103_hh115
d45,d49_hh198
d45,d192_hh0
d45,d148_hh189
d45,d167_hh120
d45,d27_hh65
d45,d196_hh175
d45,d79_hh182
d45,d188_hh223
d45,d49_hh131
d45,d192_hh169
d45,d201_hh86
d45,d89_hh77
d45,d22_hh155
d45,d60_hh172
d45,d22_hh155
d45,d172_hh1
d45,d192_hh0
d45,d145_hh145
d45,d71_hh292
d45,d144_hh235
d45,d60_hh210
d45,d84_hh101
d45,d181_hh63
d45,d206_hh188
d45,d148_hh189
d45,d206_hh151
d45,d189_hh237
d45,d70_hh135
d45,d84_hh220
d45,d105_hh48
d48,d123_hh104
d48,d161_hh203
d48,d104_hh270
d48,d208_hh240
d48,d62_hh22
d48,d210_hh142
d48,d23_hh233
d48,d158_hh86
d48,d21_hh105
d48,d93_hh66
d48,d193_hh138
d48,d4_hh29
d48,d210_hh200
d48,d101_hh155
d48,d16_hh294
d48,d122_hh231
d48,d131_hh205
d48,d120_hh248
d48,d52_hh33
d48,d42_hh202
d48,d152_hh88
d48,d46_hh194
d48,d199_hh180
d48,d204_hh87
d48,d98_hh100
d48,d75_hh25
d48,d170_hh130
d48,d62_hh22
d48,d83_hh153
d48,d29_hh85
d48,d140_hh85
d48,d15_hh264
d48,d31_hh34
d48,d85_hh184
d48,d43_hh125
d48,d186_hh185
d48,d178_hh272
d48,d62_hh251
d48,d23_hh93
d48,d160_hh88
d48,d65_hh242
d48,d50_hh272
d48,d83_hh117
d48,d11_hh53
d48,d4_hh65
d48,d38_hh165
d48,d149_hh1
d48,d138_hh150
d48,d75_hh216
d48,d38_hh159
d48,d131_hh102
d48,d174_hh24
d48,d95_hh164
d48,d13_hh58
d48,d161_hh203
d48,d53_hh147
d48,d106_hh207
d48,d95_hh201
d48,d31_hh127
d48,d191_hh246
d48,d197_hh151
d48,d36_hh226
d48,d122_hh144
d48,d174_hh42
d48,d202_hh205
d48,d131_hh24
d48,d83_hh117
d48,d207_hh219
d48,d165_hh107
d48,d75_hh264
d48,d44_hh164
d48,d213_hh125
d48,d80_hh236
d48,d95_hh56
d48,d11_hh128
d48,d91_hh178
d48,d130_hh244
d48,d187_hh0
d48,d166_hh24
d48,d100_hh48
d48,d152_hh29
d48,d178_hh272
d48,d187_hh61
d48,d122_hh16
d48,d91_hh90
d48,d111_hh131
d48,d174_hh24
d48,d165_hh94
d48,d155_hh151
d48,d161_hh185
d48,d147_hh54
d48,d97_hh26
d48,d141_hh128
d48,d159_hh64
d48,d202_hh90
d48,d160_hh0
d48,d205_hh196
d48,d138_hh83
d48,d155_hh148
d48,d46_hh12
d48,d114_hh66
d48,d175_hh52
d48,d119_hh177
d48,d17_hh106
d48,d173_hh163
d48,d88_hh36
d48,d46_hh53
d48,d135_hh2
d48,d123_hh129
d48,d102_hh179
d48,d18_hh227
d48,d66_hh207
d48,d165_hh94
d48,d208_hh168
d48,d200_hh102
d48,d54_hh218
d48,d30_hh267
d48,d184_hh238
d48,d30_hh267
d48,d171_hh23
d48,d100_hh145
d48,d29_hh243
d48,d57_hh250
d48,d30_hh130
d48,d62_hh22
d48,d171_hh71
d48,d91_hh21
d48,d17_hh228
d48,d96_hh110
d48,d17_hh228
d48,d87_hh156
d48,d213_hh62
d48,d160_hh88
d48,d132_hh188
d48,d59_hh112
d48,d57_hh207
d48,d39_hh154
d48,d162_hh47
d48,d83_hh193
d48,d31_hh139
d48,d163_hh213
d48,d55_hh254
d48,d15_hh186
d48,d85_hh144
d48,d109_hh88
d48,d75_hh25
d48,d59_hh112
d48,d16_hh294
d48,d15_hh22
d48,d171_hh71
d48,d61_hh155
d48,d155_hh210
d48,d55_hh254
d48,d131_hh174
d48,d166_hh150
d48,d213_hh125
d48,d99_hh225
d48,d187_hh87
d48,d213_hh178
d48,d59_hh184
d48,d91_hh199
d48,d198_hh136
d48,d75_hh25
d48,d171_hh88
d48,d57_hh216
d48,d134_hh270
d48,d83_hh204
d48,d179_hh1
d48,d158_hh239
d48,d113_hh175
d48,d187_hh0
d48,d122_hh144
d48,d74_hh243
d48,d214_hh70
d48,d95_hh164
d48,d78_hh223
d48,d149_hh107
d48,d205_hh196
d48,d141_hh128
d48,d123_hh129
d48,d158_hh86
d48,d69_hh240
d48,d122_hh144
d48,d213_hh2
d48,d215_hh105
d48,d117_hh140
d48,d31_hh139
d48,d213_hh252
d48,d193_hh138
d48,d182_hh226
d48,d100_hh91
d48,d97_hh156
d48,d169_hh190
d48,d78_hh39
d48,d111_hh227
d48,d123_hh57
d48,d56_hh262
d48,d98_hh84
d48,d184_hh158
d48,d122_hh159
d48,d209_hh254
d48,d52_hh33
d48,d95_hh201
d48,d138_hh150
d48,d133_hh241
d48,d170_hh117
d48,d53_hh147
d48,d187_hh7
d48,d200_hh102
d48,d209_hh254
d48,d160_hh0
d48,d33_hh58
d48,d171_hh71
d48,d122_hh231
d48,d23_hh21
d48,d16_hh287
d48,d114_hh66
d48,d169_hh199
d48,d59_hh184
d48,d21_hh97
d48,d214_hh41
d48,d133_hh241
d48,d50_hh272
d48,d213_hh62
d48,d44_hh164
d48,d2_hh217
d48,d174_hh24
d48,d2_hh180
d48,d164_hh123
d48,d110_hh252
d48,d91_hh138
d48,d44_hh164
d48,d62_hh251
d48,d132_hh188
d48,d104_hh175
d48,d104_hh116
d48,d208_hh168
d48,d166_hh24
d48,d213_hh211
d48,d169_hh216
d48,d214_hh13
d48,d214_hh70
d48,d122_hh159
d48,d182_hh39
d48,d100_hh48
d48,d90_hh207
d48,d80_hh236
d48,d169_hh216
d48,d24_hh176
d48,d164_hh122
d48,d213_hh247
d48,d31_hh34
d48,d187_hh42
d48,d62_hh259
d48,d166_hh164
d48,d90_hh207
d48,d128_hh28
d48,d17_hh213
d48,d59_hh184
d48,d140_hh85
d48,d123_hh160
d48,d178_hh173
d48,d125_hh135
d48,d54_hh218
d48,d75_hh264
d48,d214_hh41
d48,d41_hh163
d48,d209_hh11
d48,d131_hh102
d48,d187_hh42
d48,d30_hh267
d48,d31_hh127
d48,d132_hh76
d48,d54_hh218
d48,d23_hh21
d52,d12_hh23
d52,d100_hh48
d52,d36_hh226
d52,d98_hh223
d52,d209_hh11
d52,d46_hh194
d52,d102_hh179
d52,d178_hh173
d52,d131_hh102
d52,d54_hh222
d52,d209_hh244
d52,d74_hh142
d52,d15_hh103
d52,d75_hh25
d52,d160_hh88
d52,d54_hh61
d52,d104_hh270
d52,d120_hh161
d52,d66_hh240
d52,d208_hh240
d52,d78_hh39
d52,d17_hh228
d52,d197_hh151
d52,d46_hh69
d52,d200_hh102
d52,d184_hh158
d52,d35_hh263
d52,d207_hh219
d52,d67_hh15
d52,d101_hh129
d52,d39_hh66
d52,d74_hh142
d52,d69_hh240
d52,d119_hh95
d52,d65_hh29
d52,d74_hh142
d52,d2_hh180
d52,d186_hh185
d52,d133_hh241
d52,d169_hh225
d52,d109_hh67
d52,d97_hh156
d52,d207_hh191
d52,d177_hh145
d52,d165_hh94
d52,d56_hh4
d52,d12_hh23
d52,d17_hh213
d52,d197_hh151
d52,d83_hh193
d52,d202_hh205
d52,d160_hh88
d52,d72_hh42
d52,d169_hh216
d52,d114_hh219
d52,d54_hh218
d52,d159_hh64
d52,d93_hh18
d52,d50_hh7
d52,d182_hh226
d52,d15_hh186
d52,d182_hh39
d52,d31_hh34
d52,d128_hh126
d52,d93_hh18
d52,d175_hh131
d52,d210_hh142
d52,d166_hh24
d52,d171_hh23
d52,d175_hh52
d52,d46_hh194
d52,d163_hh145
d52,d83_hh117
d52,d182_hh149
d52,d111_hh227
d52,d73_hh184
d52,d65_hh29
d52,d140_hh85
d52,d114_hh47
d52,d31_hh34
d52,d171_hh23
d52,d122_hh16
d52,d173_hh163
d52,d4_hh202
d52,d104_hh58
d52,d40_hh152
d52,d198_hh136
d52,d138_hh82
d52,d158_hh239
d52,d15_hh264
d52,d104_hh175
d52,d174_hh213
d52,d96_hh110
d52,d13_hh58
d52,d175_hh131
d52,d191_hh53
d52,d50_hh217
d52,d26_hh40
d52,d119_hh24
d52,d59_hh184
d52,d18_hh227
d52,d114_hh66
d52,d213_hh2
d52,d38_hh159
d52,d131_hh205
d52,d65_hh101
d52,d33_hh58
d52,d195_hh47
d52,d62_hh22
d52,d162_hh47
d52,d209_hh159
d52,d119_hh210
d52,d72_hh208
d52,d23_hh156
d52,d202_hh170
d52,d15_hh264
d52,d213_hh252
d52,d177_hh163
d52,d104_hh270
d52,d75_hh102
d52,d31_hh139
d52,d57_hh207
d52,d186_hh185
d52,d134_hh270
d52,d53_hh147
d52,d174_hh242
d52,d51_hh151
d52,d98_hh84
d52,d90_hh207
d52,d200_hh261
d52,d54_hh222
d52,d21_hh105
d52,d34_hh77
d52,d109_hh67
d52,d147_hh169
d52,d83_hh117
d52,d119_hh64
d52,d93_hh18
d52,d29_hh85
d52,d200_hh102
d52,d15_hh210
d52,d137_hh119
d52,d54_hh222
d52,d122_hh16
d52,d200_hh102
d52,d15_hh186
d52,d195_hh19
d52,d95_hh201
d52,d182_hh226
d52,d109_hh88
d52,d199_hh49
d52,d175_hh131
d52,d191_hh246
d52,d87_hh156
d52,d113_hh175
d52,d39_hh67
d52,d174_hh42
d52,d55_hh254
d52,d132_hh76
d52,d2_hh173
d52,d74_hh243
d52,d209_hh254
d52,d191_hh246
d52,d133_hh135
d52,d165_hh94
d52,d118_hh173
d52,d7_hh257
d52,d152_hh88
d52,d198_hh152
d52,d208_hh168
d52,d162_hh213
d52,d175_hh52
d52,d21_hh97
d52,d78_hh223
d52,d123_hh57
d52,d59_hh112
d52,d54_hh189
d52,d190_hh38
d52,d166_hh24
d52,d82_hh154
d52,d4_hh202
d52,d155_hh18
d52,d69_hh240
d52,d158_hh107
d52,d51_hh231
d52,d125_hh135
d52,d213_hh252
d52,d41_hh150
d52,d2_hh173
d52,d143_hh28
d52,d158_hh107
d52,d113_hh175
d52,d209_hh149
d52,d57_hh16
d52,d7_hh257
d52,d19_hh130
d52,d135_hh17
d52,d69_hh240
d52,d166_hh164
d52,d39_hh67
d52,d141_hh129
d52,d44_hh164
d52,d29_hh85
d52,d16_hh287
d52,d30_hh267
d52,d119_hh24
d52,d2_hh180
d52,d30_hh130
d52,d59_hh243
d52,d182_hh74
d52,d23_hh93
d52,d173_hh163
d52,d96_hh110
d52,d52_hh165
d52,d164_hh123
d52,d62_hh98
d52,d149_hh14
d52,d123_hh57
d52,d173_hh163
d52,d62_hh98
d52,d174_hh242
d52,d104_hh175
d52,d54_hh222
d52,d29_hh85
d52,d213_hh2
d52,d122_hh231
d52,d199_hh71
d52,d160_hh88
d52,d123_hh106
d52,d69_hh240
d52,d200_hh102
d52,d16_hh294
d52,d169_hh190
d52,d214_hh70
d52,d101_hh155
d52,d88_hh36
d52,d17_hh213
d52,d122_hh16
d52,d15_hh76
d52,d208_hh240
d52,d57_hh207
d52,d72_hh208
d52,d62_hh98
d52,d75_hh216
d52,d169_hh216
d52,d112_hh8
d52,d133_hh135
d52,d138_hh150
d52,d177_hh145
d52,d91_hh138
d52,d104_hh270
d52,d208_hh240
d52,d50_hh272
d52,d35_hh2
d52,d165_hh94
d52,d164_hh123
d52,d134_hh223
d52,d133_hh241
d52,d17_hh210
d52,d195_hh47
d52,d126_hh167
d52,d158_hh86
d52,d178_hh191
d52,d175_hh52
d52,d182_hh39
d52,d75_hh53
d52,d17_hh228
d52,d138_hh82
d52,d214_hh13
d52,d208_hh253
d52,d163_hh213
d52,d102_hh201
d52,d166_hh24
d52,d147_hh169
d52,d127_hh89
d53,d23_hh21
d53,d109_hh67
d53,d141_hh128
d53,d87_hh245
d53,d190_hh38
d53,d123_hh104
d53,d75_hh25
d53,d178_hh134
d53,d43_hh125
d53,d106_hh207
d53,d23_hh21
d53,d134_hh223
d53,d111_hh227
d53,d104_hh270
d53,d23_hh204
d53,d158_hh239
d53,d15_hh76
d53,d209_hh219
d53,d24_hh92
d53,d199_hh180
d53,d85_hh144
d53,d57_hh250
d53,d19_hh130
d53,d114_hh66
d53,d57_hh286
d53,d213_hh252
d53,d66_hh207
d53,d46_hh194
d53,d40_hh152
d53,d213_hh125
d53,d41_hh150
d53,d46_hh245
d53,d118_hh173
d53,d174_hh42
d53,d155_hh210
d53,d177_hh163
d53,d4_hh65
d53,d122_hh231
d53,d62_hh98
d53,d118_hh173
d53,d205_hh196
d53,d117_hh11
d53,d46_hh194
d53,d209_hh11
d53,d213_hh2
d53,d147_hh54
d53,d46_hh194
d53,d90_hh151
d53,d59_hh251
d53,d73_hh184
d53,d178_hh134
d53,d164_hh123
d53,d177_hh145
d53,d77_hh123
d53,d23_hh21
d53,d184_hh238
d53,d195_hh47
d53,d182_hh149
d53,d101_hh129
d53,d87_hh156
d53,d120_hh248
d53,d143_hh28
d53,d166_hh164
d53,d143_hh28
d53,d111_hh227
d53,d169_hh190
d53,d166_hh24
d53,d23_hh156
d53,d42_hh185
d53,d178_hh272
d53,d208_hh253
d53,d178_hh157
d53,d128_hh246
d53,d209_hh219
d53,d177_hh145
d53,d141_hh128
d53,d65_hh29
d53,d85_hh144
d53,d131_hh205
d53,d213_hh125
d53,d66_hh213
d53,d155_hh151
d53,d118_hh118
d53,d214_hh41
d53,d98_hh245
d53,d30_hh58
d53,d98_hh84
d53,d204_hh87
d53,d82_hh154
d53,d143_hh241
d53,d62_hh251
d53,d50_hh7
d53,d100_hh145
d53,d150_hh203
d53,d18_hh227
d53,d114_hh47
d53,d21_hh105
d53,d152_hh88
d53,d100_hh91
d53,d57_hh286
d53,d69_hh240
d53,d111_hh227
d53,d114_hh219
d53,d184_hh238
d53,d54_hh61
d53,d130_hh142
d53,d214_hh41
d53,d119_hh95
d53,d171_hh23
d53,d131_hh174
d53,d122_hh159
d53,d143_hh28
d53,d2_hh68
d53,d90_hh207
d53,d54_hh44
d53,d134_hh223
d53,d199_hh49
d53,d73_hh242
d53,d62_hh22
d53,d143_hh28
d53,d123_hh106
d53,d42_hh202
d53,d30_hh267
d53,d128_hh246
d53,d141_hh128
d53,d83_hh117
d53,d114_hh47
d53,d93_hh18
d53,d88_hh36
d53,d39_hh66
d53,d102_hh201
d53,d208_hh253
d53,d83_hh153
d53,d35_hh263
d53,d93_hh66
d53,d91_hh21
d53,d187_hh61
d53,d2_hh180
d53,d205_hh196
d53,d204_hh87
d53,d100_hh145
d53,d21_hh97
d53,d214_hh47
d53,d171_hh88
d53,d133_hh135
d53,d98_hh100
d53,d162_hh213
d53,d118_hh118
d53,d119_hh64
d53,d43_hh125
d53,d40_hh152
d53,d209_hh244
d53,d104_hh58
d53,d66_hh14
d53,d91_hh138
d53,d173_hh163
d53,d205_hh196
d53,d87_hh245
d53,d160_hh88
d53,d98_hh223
d53,d88_hh36
d53,d41_hh71
d53,d56_hh262
d53,d46_hh53
d53,d85_hh184
d53,d182_hh74
d53,d130_hh244
d53,d207_hh191
d53,d100_hh48
d53,d200_hh261
d53,d54_hh57
d53,d141_hh128
d53,d137_hh106
d53,d173_hh163
d53,d110_hh193
d53,d80_hh186
d53,d213_hh247
d53,d66_hh14
d53,d120_hh248
d53,d178_hh157
d53,d2_hh151
d53,d117_hh74
d53,d120_hh269
d53,d13_hh58
d53,d4_hh29
d53,d174_hh213
d53,d17_hh213
d53,d41_hh163
d53,d74_hh257
d53,d119_hh177
d53,d152_hh168
d53,d75_hh102
d53,d53_hh147
d53,d150_hh203
d53,d80_hh186
d53,d200_hh77
d53,d90_hh207
d53,d122_hh16
d53,d101_hh155
d53,d140_hh85
d53,d155_hh210
d53,d65_hh101
d53,d174_hh42
d53,d130_hh244
d53,d100_hh91
d53,d17_hh106
d53,d91_hh21
d53,d15_hh210
d53,d163_hh213
d53,d213_hh125
d53,d54_hh57
d53,d65_hh101
d53,d40_hh200
d53,d214_hh13
d53,d23_hh93
d53,d143_hh241
d53,d209_hh219
d53,d155_hh18
d53,d213_hh125
d53,d31_hh139
d53,d23_hh21
d53,d209_hh254
d53,d114_hh66
d53,d214_hh41
d53,d57_hh207
d53,d74_hh243
d53,d40_hh200
d53,d17_hh12
d53,d81_hh89
d53,d12_hh23
d53,d69_hh240
d53,d43_hh125
d53,d4_hh65
d53,d97_hh156
d53,d215_hh105
d53,d118_hh173
d53,d119_hh177
d53,d57_hh250
d53,d75_hh264
d53,d169_hh199
d53,d123_hh57
d53,d50_hh272
d53,d179_hh1
d53,d101_hh129
d53,d120_hh161
d53,d120_hh248
d53,d169_hh199
d53,d43_hh125
d53,d41_hh150
d53,d97_hh156
d53,d97_hh156
d53,d57_hh16
d53,d83_hh153
d53,d213_hh62
d53,d95_hh201
d53,d21_hh90
d53,d198_hh188
d53,d187_hh0
d53,d198_hh152
d53,d170_hh117
d53,d209_hh219
d53,d31_hh127
d53,d95_hh201
d53,d197_hh151
d53,d175_hh52
d53,d23_hh233
d53,d214_hh13
d53,d102_hh200
d53,d23_hh156
d53,d164_hh123
d53,d15_hh103
d53,d200_hh77
d53,d209_hh254
d53,d62_hh98
d53,d174_hh24
d53,d122_hh144
d53,d171_hh88
d47,d79_hh93
d47,d194_hh102
d47,d60_hh210
d47,d121_hh238
d47,d63_hh98
d47,d103_hh89
d47,d9_hh97
d47,d60_hh259
d47,d192_hh28
d47,d145_hh2
d47,d10_hh60
d47,d108_hh277
d47,d105_hh48
d47,d49_hh198
d47,d181_hh59
d47,d167_hh167
d47,d8_hh179
d47,d8_hh179
d47,d148_hh221
d47,d148_hh189
d47,d192_hh169
d47,d64_hh69
d47,d64_hh45
d47,d64_hh45
d47,d145_hh145
d47,d107_hh211
d47,d60_hh210
d47,d194_hh102
d47,d189_hh80
d47,d84_hh101
d47,d103_hh172
d47,d49_hh237
d47,d79_hh76
d47,d108_hh127
d47,d60_hh165
d47,d121_hh238
d47,d151_hh146
d47,d181_hh63
d47,d151_hh146
d47,d151_hh146
d47,d103_hh264
d47,d172_hh1
d47,d89_hh77
d47,d14_hh160
d47,d196_hh175
d47,d94_hh137
d47,d71_hh292
d47,d148_hh189
d47,d64_hh45
d47,d108_hh127
d47,d49_hh119
d47,d6_hh77
d47,d148_hh98
d47,d107_hh42
d47,d196_hh60
d47,d84_hh220
d47,d70_hh135
d47,d49_hh89
d47,d45_hh282
d47,d115_hh196
d47,d194_hh102
d47,d107_hh6
d47,d103_hh115
d47,d49_hh131
d47,d103_hh53
d47,d189_hh106
d47,d148_hh97
d47,d172_hh102
d47,d121_hh146
d47,d28_hh124
d47,d64_hh271
d47,d206_hh74
d47,d28_hh124
d47,d79_hh76
d47,d84_hh6
d47,d71_hh152
d47,d68_hh230
d47,d79_hh76
d47,d70_hh79
d47,d107_hh211
d47,d206_hh74
d47,d8_hh179
d47,d60_hh172
d47,d103_hh115
d47,d103_hh89
d47,d145_hh212
d47,d89_hh43
d47,d148_hh98
d47,d103_hh72
d47,d206_hh74
d47,d89_hh65
d47,d203_hh11
d47,d115_hh51
d47,d60_hh165
d47,d89_hh65
d47,d180_hh130
d47,d64_hh137
d47,d64_hh271
d47,d151_hh207
d47,d107_hh260
d47,d70_hh135
d47,d22_hh155
d47,d14_hh160
d47,d27_hh133
d47,d148_hh221
d47,d148_hh97
d47,d151_hh194
d47,d172_hh102
d47,d148_hh189
d47,d189_hh80
d47,d115_hh2
d47,d181_hh267
d47,d94_hh137
d47,d103_hh172
d47,d49_hh198
d47,d64_hh137
d47,d108_hh195
d47,d70_hh243
d47,d49_hh198
d47,d151_hh93
d47,d167_hh41
d47,d10_hh110
d47,d107_hh143
d47,d10_hh110
d47,d136_hh236
d47,d103_hh264
d47,d107_hh143
d47,d145_hh212
d47,d27_hh65
d47,d9_hh56
d47,d103_hh264
d47,d10_hh46
d47,d60_hh172
d47,d148_hh189
d47,d194_hh102
d47,d71_hh292
d47,d185_hh70
d47,d63_hh98
d47,d28_hh260
d47,d176_hh183
d47,d84_hh6
d47,d84_hh220
d47,d107_hh143
d47,d188_hh223
d47,d60_hh165
d47,d148_hh221
d47,d107_hh143
d47,d151_hh93
d47,d49_hh89
d47,d103_hh175
d47,d188_hh137
d47,d49_hh89
d47,d103_hh175
d47,d107_hh211
d47,d103_hh89
d47,d181_hh267
d47,d188_hh137
d47,d148_hh98
d47,d145_hh150
d47,d64_hh133
d47,d103_hh72
d47,d121_hh146
d47,d180_hh130
d47,d70_hh135
d47,d84_hh15
d47,d64_hh133
d47,d196_hh42
d47,d167_hh41
d47,d86_hh136
d47,d206_hh188
d47,d136_hh236
d47,d63_hh98
d47,d60_hh210
d47,d181_hh63
d47,d203_hh30
d47,d84_hh15
d47,d192_hh28
d47,d27_hh145
d47,d8_hh179
d47,d70_hh135
d47,d84_hh6
d47,d203_hh11
d47,d206_hh256
d47,d103_hh115
d47,d27_hh133
d47,d167_hh41
d47,d103_hh53
d47,d185_hh70
d47,d181_hh59
d47,d60_hh210
d47,d206_hh74
d47,d64_hh133
d47,d151_hh194
d47,d148_hh82
d47,d148_hh97
d47,d121_hh146
d47,d22_hh219
d47,d151_hh1
d47,d103_hh175
d47,d8_hh179
d47,d63_hh98
d47,d105_hh238
d47,d60_hh210
d47,d188_hh98
d47,d185_hh17
d47,d181_hh59
d47,d49_hh89
d47,d79_hh76
d47,d22_hh219
d47,d79_hh76
d47,d167_hh41
d47,d84_hh220
d47,d194_hh224
d47,d172_hh1
d47,d84_hh101
d47,d6_hh77
d47,d181_hh267
d47,d60_hh165
d47,d151_hh1
d47,d107_hh6
d47,d144_hh235
d47,d68_hh230
d47,d145_hh150
d47,d79_hh76
d47,d194_hh102
d47,d94_hh178
d47,d22_hh155
d47,d68_hh230
d47,d172_hh102
d47,d181_hh63
d47,d27_hh133
d47,d196_hh42
d47,d167_hh120
d47,d79_hh76
d47,d181_hh59
d47,d89_hh65
d47,d172_hh1
d47,d189_hh237
d47,d49_hh119
d47,d63_hh98
d47,d103_hh264
d47,d172_hh102
d47,d157_hh104
d47,d107_hh0
d47,d188_hh137
d47,d49_hh198
d47,d49_hh198
d47,d71_hh292
d47,d71_hh292
d47,d86_hh136
d47,d89_hh65
d47,d64_hh271
d47,d172_hh1
d47,d27_hh133
d47,d49_hh149
d47,d79_hh76
d47,d27_hh133
d47,d71_hh292
d47,d145_hh2
d47,d89_hh65
d47,d194_hh102
d47,d84_hh62
d47,d196_hh34
d47,d108_hh127
d47,d206_hh256
d47,d148_hh221
d47,d196_hh42
d47,d206_hh256
d47,d60_hh165
d47,d27_hh133
d47,d68_hh230
d47,d103_hh115
d47,d22_hh155
d47,d28_hh124
d47,d64_hh137
d47,d136_hh236
d47,d108_hh127
d47,d196_hh42
d47,d94_hh137
d47,d64_hh165
d47,d103_hh53
d47,d71_hh292
d47,d45_hh282
d47,d71_hh152
d47,d49_hh155
d47,d60_hh210
d47,d60_hh165
d47,d167_hh41
d47,d121_hh238
d47,d49_hh155
d47,d180_hh34
d49,d84_hh6
d49,d103_hh172
d49,d144_hh235
d49,d189_hh80
d49,d27_hh65
d49,d8_hh179
d49,d107_hh143
d49,d79_hh182
d49,d64_hh45
d49,d10_hh46
d49,d71_hh292
d49,d103_hh72
d49,d49_hh237
d49,d188_hh223
d49,d49_hh155
d49,d180_hh34
d49,d167_hh36
d49,d64_hh165
d49,d167_hh41
d49,d180_hh34
d49,d45_hh282
d49,d45_hh282
d49,d79_hh93
d49,d176_hh239
d49,d151_hh194
d49,d105_hh238
d49,d27_hh145
d49,d194_hh13
d49,d107_hh6
d49,d185_hh17
d49,d144_hh235
d49,d45_hh282
d49,d189_hh237
d49,d64_hh271
d49,d60_hh172
d49,d45_hh183
d49,d201_hh28
d49,d14_hh160
d49,d148_hh98
d49,d151_hh93
d49,d192_hh28
d49,d185_hh17
d49,d196_hh42
d49,d79_hh182
d49,d151_hh93
d49,d63_hh98
d49,d206_hh256
d49,d45_hh282
d49,d196_hh42
d49,d148_hh98
d49,d64_hh133
d49,d105_hh161
d49,d68_hh230
d49,d181_hh267
d49,d60_hh172
d49,d189_hh237
d49,d151_hh1
d49,d151_hh194
d49,d49_hh89
d49,d145_hh212
d49,d84_hh6
d49,d70_hh135
d49,d84_hh220
d49,d70_hh79
d49,d3_hh7
d49,d70_hh79
d49,d28_hh124
d49,d71_hh152
d49,d206_hh188
d49,d196_hh34
d49,d196_hh60
d49,d176_hh122
d49,d103_hh115
d49,d27_hh133
d49,d115_hh2
d49,d172_hh102
d49,d45_hh9
d49,d144_hh235
d49,d10_hh110
d49,d49_hh119
d49,d84_hh101
d49,d68_hh230
d49,d49_hh245
d49,d103_hh72
d49,d180_hh130
d49,d196_hh42
d49,d45_hh9
d49,d60_hh172
d49,d84_hh101
d49,d194_hh224
d49,d103_hh89
d49,d64_hh69
d49,d196_hh42
d49,d107_hh211
d49,d71_hh152
d49,d89_hh43
d49,d176_hh183
d49,d86_hh136
d49,d64_hh271
d49,d49_hh237
d49,d45_hh183
d49,d70_hh79
d49,d64_hh133
d49,d86_hh114
d49,d49_hh89
d49,d181_hh267
d49,d108_hh40
d49,d45_hh9
d49,d71_hh292
d49,d103_hh264
d49,d64_hh137
d49,d94_hh178
d49,d148_hh82
d49,d107_hh260
d49,d145_hh150
d49,d10_hh110
d49,d105_hh238
d49,d192_hh28
d49,d10_hh46
d49,d148_hh97
d49,d103_hh89
d49,d70_hh135
d49,d49_hh149
d49,d151_hh93
d49,d206_hh256
d49,d192_hh28
d49,d167_hh120
d49,d60_hh210
d49,d84_hh15
d49,d68_hh230
d49,d103_hh72
d49,d151_hh146
d49,d70_hh135
d49,d64_hh69
d49,d107_hh143
d49,d196_hh42
d49,d9_hh97
d49,d22_hh219
d49,d167_hh167
d49,d84_hh220
d49,d121_hh238
d49,d63_hh98
d49,d27_hh133
d49,d60_hh165
d49,d151_hh207
d49,d45_hh282
d49,d10_hh46
d49,d22_hh0
d49,d64_hh45
d49,d64_hh45
d49,d167_hh41
d49,d49_hh155
d49,d176_hh122
d49,d148_hh98
d49,d70_hh135
d49,d148_hh189
d49,d103_hh115
d49,d108_hh127
d49,d115_hh196
d49,d84_hh6
d49,d60_hh165
d49,d89_hh43
d49,d89_hh65
d49,d148_hh189
d49,d181_hh267
d49,d145_hh145
d49,d151_hh146
d49,d108_hh127
d49,d108_hh195
d49,d151_hh194
d49,d27_hh145
d49,d188_hh98
d49,d79_hh76
d49,d172_hh1
d49,d60_hh172
d49,d70_hh135
d49,d64_hh133
d49,d71_hh152
d49,d145_hh150
d49,d103_hh264
d49,d107_hh260
d49,d14_hh160
d49,d64_hh133
d49,d108_hh127
d49,d192_hh159
d49,d9_hh176
d49,d9_hh97
d49,d206_hh188
d49,d136_hh236
d49,d145_hh212
d49,d151_hh146
d49,d105_hh238
d49,d194_hh13
d49,d45_hh183
d49,d201_hh21
d49,d45_hh282
d49,d60_hh210
d49,d108_hh127
d49,d206_hh74
d49,d103_hh115
d49,d172_hh1
d49,d206_hh256
d49,d60_hh210
d49,d172_hh1
d49,d103_hh115
d49,d151_hh93
d49,d180_hh130
d49,d14_hh160
d49,d107_hh260
d49,d151_hh93
d49,d108_hh127
d49,d84_hh6
d49,d151_hh146
d49,d203_hh11
d49,d176_hh122
d49,d196_hh60
d49,d86_hh70
d49,d196_hh42
d49,d151_hh194
d49,d68_hh230
d49,d49_hh131
d49,d49_hh119
d49,d45_hh9
d49,d9_hh56
d49,d49_hh245
d49,d94_hh137
d49,d176_hh183
d49,d3_hh7
d49,d22_hh225
d49,d6_hh77
d49,d136_hh236
d49,d84_hh15
d49,d64_hh165
d49,d192_hh28
d49,d192_hh28
d49,d206_hh74
d49,d105_hh238
d49,d181_hh267
d49,d84_hh6
d49,d45_hh183
d49,d49_hh155
d49,d94_hh178
d49,d63_hh98
d49,d60_hh165
d49,d49_hh155
d49,d27_hh65
d49,d192_hh28
d49,d70_hh243
d49,d145_hh212
d49,d105_hh161
d49,d206_hh74
d49,d64_hh133
d49,d49_hh89
d49,d45_hh183
d49,d25_hh250
d49,d49_hh155
d49,d70_hh135
d49,d206_hh151
d49,d121_hh146
d49,d49_hh119
d49,d64_hh69
d49,d121_hh146
d49,d185_hh70
d59,d66_hh14
d59,d124_hh40
d59,d91_hh199
d59,d191_hh53
d59,d117_hh140
d59,d158_hh136
d59,d100_hh91
d59,d158_hh239
d59,d143_hh28
d59,d40_hh152
d59,d214_hh210
d59,d213_hh247
d59,d199_hh180
d59,d177_hh163
d59,d26_hh40
d59,d91_hh199
d59,d178_hh272
d59,d40_hh152
d59,d61_hh41
d59,d186_hh185
d59,d57_hh166
d59,d41_hh163
d59,d30_hh267
d59,d162_hh47
d59,d83_hh193
d59,d106_hh207
d59,d163_hh213
d59,d62_hh22
d59,d199_hh49
d59,d88_hh195
d59,d39_hh66
d59,d155_hh210
d59,d100_hh91
d59,d200_hh77
d59,d75_hh227
d59,d100_hh48
d59,d162_hh213
d59,d96_hh110
d59,d124_hh40
d59,d31_hh139
d59,d178_hh157
d59,d21_hh90
d59,d30_hh130
d59,d160_hh0
d59,d30_hh267
d59,d41_hh206
d59,d36_hh94
d59,d123_hh106
d59,d132_hh46
d59,d124_hh40
d59,d83_hh204
d59,d31_hh127
d59,d158_hh239
d59,d164_hh122
d59,d98_hh84
d59,d15_hh186
d59,d62_hh259
d59,d122_hh231
d59,d56_hh262
d59,d119_hh210
d59,d186_hh185
d59,d39_hh67
d59,d195_hh47
d59,d130_hh244
d59,d91_hh178
d59,d46_hh69
d59,d213_hh211
d59,d152_hh88
d59,d4_hh87
d59,d62_hh22
d59,d173_hh163
d59,d67_hh209
d59,d118_hh173
d59,d213_hh178
d59,d182_hh149
d59,d46_hh69
d59,d182_hh149
d59,d100_hh48
d59,d149_hh14
d59,d120_hh248
d59,d178_hh191
d59,d174_hh42
d59,d132_hh188
d59,d34_hh77
d59,d186_hh185
d59,d119_hh177
d59,d24_hh92
d59,d66_hh207
d59,d160_hh88
d59,d127_hh89
d59,d17_hh210
d59,d75_hh102
d59,d46_hh194
d59,d119_hh177
d59,d199_hh49
d59,d83_hh76
d59,d195_hh109
d59,d152_hh29
d59,d123_hh119
d59,d98_hh245
d59,d162_hh47
d59,d200_hh21
d59,d127_hh89
d59,d213_hh247
d59,d205_hh196
d59,d209_hh149
d59,d118_hh244
d59,d159_hh64
d59,d182_hh39
d59,d98_hh245
d59,d30_hh58
d59,d55_hh94
d59,d23_hh233
d59,d67_hh209
d59,d186_hh185
d59,d2_hh180
d59,d23_hh204
d59,d149_hh14
d59,d169_hh190
d59,d100_hh91
d59,d141_hh27
d59,d98_hh223
d59,d204_hh56
d59,d77_hh123
d59,d209_hh11
d59,d52_hh115
d59,d202_hh205
d59,d46_hh245
d59,d128_hh126
d59,d137_hh106
d59,d104_hh58
d59,d131_hh180
d59,d193_hh248
d59,d138_hh82
d59,d57_hh166
d59,d119_hh177
d59,d57_hh216
d59,d200_hh102
d59,d213_hh62
d59,d72_hh42
d59,d164_hh123
d59,d46_hh194
d59,d85_hh110
d59,d186_hh185
d59,d178_hh58
d59,d213_hh211
d59,d213_hh252
d59,d54_hh222
d59,d39_hh66
d59,d119_hh95
d59,d80_hh186
d59,d215_hh105
d59,d53_hh3
d59,d90_hh207
d59,d174_hh213
d59,d52_hh33
d59,d62_hh98
d59,d75_hh25
d59,d26_hh40
d59,d127_hh89
d59,d131_hh24
d59,d161_hh21
d59,d21_hh105
d59,d187_hh0
d59,d75_hh25
d59,d54_hh218
d59,d80_hh236
d59,d56_hh174
d59,d161_hh203
d59,d208_hh253
d59,d77_hh123
d59,d169_hh199
d59,d17_hh213
d59,d95_hh56
d59,d80_hh186
d59,d72_hh42
d59,d199_hh49
d59,d33_hh58
d59,d125_hh3
d59,d95_hh164
d59,d187_hh61
d59,d90_hh233
d59,d169_hh216
d59,d123_hh106
d59,d72_hh208
d59,d173_hh163
d59,d98_hh245
d59,d182_hh39
d59,d38_hh165
d59,d102_hh201
d59,d177_hh163
d59,d207_hh219
d59,d197_hh151
d59,d131_hh102
d59,d57_hh286
d59,d178_hh173
d59,d51_hh231
d59,d31_hh127
d59,d208_hh253
d59,d161_hh203
d59,d117_hh140
d59,d207_hh191
d59,d21_hh90
d59,d56_hh262
d59,d23_hh204
d59,d118_hh244
d59,d159_hh183
d59,d2_hh151
d59,d166_hh239
d59,d34_hh160
d59,d161_hh185
d59,d104_hh116
d59,d166_hh150
d59,d41_hh150
d59,d78_hh39
d59,d175_hh52
d59,d123_hh57
d59,d17_hh213
d59,d102_hh179
d59,d17_hh210
d59,d52_hh115
d59,d213_hh2
d59,d127_hh89
d59,d109_hh88
d59,d135_hh2
d59,d69_hh240
d59,d40_hh200
d59,d67_hh209
d59,d163_hh145
d59,d163_hh213
d59,d170_hh117
d59,d102_hh179
d59,d40_hh200
d59,d193_hh138
d59,d77_hh123
d59,d199_hh180
d59,d187_hh61
d59,d36_hh226
d59,d4_hh87
d59,d93_hh66
d59,d114_hh47
d59,d202_hh90
d59,d18_hh137
d59,d186_hh185
d59,d207_hh191
d59,d123_hh104
d59,d126_hh207
d59,d158_hh239
d59,d44_hh38
d59,d209_hh149
d59,d15_hh103
d59,d95_hh164
d59,d53_hh147
d59,d191_hh53
d59,d2_hh180
d59,d41_hh71
d59,d126_hh167
d59,d2_hh151
d59,d213_hh247
d59,d186_hh185
d59,d57_hh166
d59,d56_hh174
d59,d200_hh261
d59,d214_hh210
d59,d17_hh106
d59,d13_hh58
d59,d174_hh24
d59,d16_hh294
d59,d95_hh56
d59,d56_hh174
d59,d198_hh152
d59,d131_hh102
d59,d132_hh188
d59,d117_hh140
d59,d122_hh16
d59,d44_hh38
d59,d51_hh231
d59,d193_hh248
d59,d122_hh16
d59,d158_hh136
d59,d38_hh165
d59,d96_hh145
d59,d61_hh155
d59,d114_hh47
d59,d126_hh207
d55,d178_hh272
d55,d83_hh117
d55,d96_hh145
d55,d190_hh38
d55,d135_hh17
d55,d193_hh85
d55,d52_hh115
d55,d207_hh191
d55,d149_hh14
d55,d50_hh272
d55,d184_hh238
d55,d119_hh24
d55,d54_hh61
d55,d101_hh155
d55,d117_hh74
d55,d54_hh222
d55,d65_hh29
d55,d83_hh193
d55,d98_hh100
d55,d96_hh110
d55,d147_hh43
d55,d160_hh0
d55,d43_hh125
d55,d187_hh87
d55,d187_hh87
d55,d161_hh185
d55,d15_hh264
d55,d120_hh248
d55,d213_hh62
d55,d106_hh207
d55,d178_hh272
d55,d4_hh80
d55,d187_hh61
d55,d202_hh170
d55,d140_hh85
d55,d204_hh239
d55,d75_hh227
d55,d131_hh102
d55,d11_hh128
d55,d62_hh98
d55,d191_hh53
d55,d31_hh127
d55,d96_hh110
d55,d119_hh64
d55,d174_hh24
d55,d29_hh85
d55,d50_hh272
d55,d26_hh40
d55,d141_hh27
d55,d35_hh263
d55,d178_hh58
d55,d59_hh251
d55,d166_hh239
d55,d42_hh58
d55,d91_hh138
d55,d119_hh222
d55,d160_hh0
d55,d100_hh63
d55,d23_hh156
d55,d30_hh130
d55,d173_hh262
d55,d82_hh154
d55,d42_hh19
d55,d187_hh0
d55,d118_hh118
d55,d23_hh233
d55,d123_hh57
d55,d75_hh216
d55,d161_hh21
d55,d162_hh47
d55,d59_hh184
d55,d52_hh115
d55,d122_hh159
d55,d95_hh56
d55,d85_hh144
d55,d62_hh22
d55,d85_hh144
d55,d197_hh151
d55,d178_hh157
d55,d34_hh77
d55,d182_hh229
d55,d158_hh107
d55,d36_hh226
d55,d75_hh216
d55,d131_hh24
d55,d133_hh111
d55,d98_hh245
d55,d131_hh102
d55,d35_hh263
d55,d83_hh76
d55,d56_hh174
d55,d59_hh243
d55,d191_hh53
d55,d162_hh47
d55,d182_hh229
d55,d62_hh98
d55,d169_hh216
d55,d15_hh22
d55,d149_hh107
d55,d140_hh85
d55,d11_hh128
d55,d214_hh13
d55,d195_hh109
d55,d141_hh128
d55,d140_hh85
d55,d69_hh240
d55,d214_hh70
d55,d96_hh145
d55,d155_hh18
d55,d118_hh173
d55,d18_hh227
d55,d174_hh242
d55,d96_hh110
d55,d34_hh160
d55,d104_hh58
d55,d178_hh134
d55,d30_hh267
d55,d55_hh94
d55,d23_hh93
d55,d123_hh57
d55,d46_hh194
d55,d98_hh100
d55,d199_hh71
d55,d198_hh188
d55,d195_hh47
d55,d209_hh254
d55,d160_hh88
d55,d128_hh126
d55,d149_hh14
d55,d73_hh242
d55,d52_hh115
d55,d140_hh85
d55,d200_hh77
d55,d133_hh241
d55,d78_hh39
d55,d147_hh54
d55,d160_hh88
d55,d39_hh154
d55,d123_hh129
d55,d36_hh226
d55,d35_hh263
d55,d162_hh213
d55,d2_hh173
d55,d66_hh213
d55,d100_hh48
d55,d197_hh151
d55,d186_hh185
d55,d158_hh107
d55,d169_hh225
d55,d7_hh257
d55,d15_hh264
d55,d12_hh23
d55,d150_hh207
d55,d118_hh244
d55,d35_hh263
d55,d178_hh272
d55,d40_hh200
d55,d210_hh200
d55,d178_hh272
d55,d102_hh201
d55,d214_hh47
d55,d66_hh14
d55,d178_hh157
d55,d117_hh140
d55,d209_hh219
d55,d12_hh23
d55,d163_hh145
d55,d187_hh0
d55,d126_hh207
d55,d119_hh64
d55,d213_hh211
d55,d202_hh90
d55,d48_hh118
d55,d34_hh77
d55,d187_hh61
d55,d173_hh262
d55,d72_hh42
d55,d122_hh16
d55,d158_hh239
d55,d52_hh115
d55,d57_hh250
d55,d209_hh11
d55,d39_hh66
d55,d77_hh123
d55,d187_hh0
d55,d15_hh264
d55,d134_hh223
d55,d65_hh29
d55,d15_hh76
d55,d83_hh193
d55,d62_hh259
d55,d125_hh3
d55,d182_hh229
d55,d119_hh95
d55,d120_hh269
d55,d42_hh185
d55,d4_hh29
d55,d30_hh58
d55,d147_hh54
d55,d51_hh231
d55,d131_hh24
d55,d202_hh170
d55,d75_hh102
d55,d35_hh263
d55,d82_hh154
d55,d2_hh68
d55,d213_hh252
d55,d5_hh5
d55,d149_hh107
d55,d15_hh80
d55,d50_hh7
d55,d5_hh5
d55,d114_hh47
d55,d21_hh105
d55,d122_hh231
d55,d178_hh173
d55,d191_hh246
d55,d54_hh44
d55,d81_hh89
d55,d138_hh82
d55,d161_hh21
d55,d85_hh144
d55,d179_hh1
d55,d59_hh251
d55,d59_hh251
d55,d83_hh204
d55,d152_hh168
d55,d44_hh164
d55,d209_hh149
d55,d133_hh111
d55,d54_hh44
d55,d213_hh125
d55,d83_hh193
d55,d98_hh223
d55,d159_hh183
d55,d123_hh104
d55,d126_hh4
d55,d15_hh80
d55,d4_hh29
d55,d170_hh117
d55,d74_hh15
d55,d7_hh257
d55,d54_hh222
d55,d173_hh163
d55,d123_hh129
d55,d66_hh240
d55,d126_hh207
d55,d87_hh156
d55,d57_hh250
d55,d73_hh242
d55,d147_hh169
d55,d166_hh24
d55,d83_hh76
d55,d213_hh125
d55,d57_hh16
d55,d54_hh152
d55,d119_hh95
d55,d96_hh110
d55,d187_hh61
d55,d100_hh91
d55,d11_hh128
d55,d35_hh263
d55,d95_hh201
d55,d166_hh150
d55,d134_hh223
d55,d53_hh147
d57,d213_hh252
d57,d140_hh85
d57,d57_hh250
d57,d42_hh19
d57,d26_hh40
d57,d15_hh22
d57,d171_hh88
d57,d123_hh84
d57,d204_hh87
d57,d171_hh23
d57,d207_hh191
d57,d24_hh176
d57,d135_hh17
d57,d198_hh152
d57,d74_hh243
d57,d200_hh21
d57,d182_hh226
d57,d66_hh18
d57,d31_hh139
d57,d215_hh105
d57,d56_hh174
d57,d138_hh83
d57,d51_hh231
d57,d95_hh205
d57,d44_hh38
d57,d199_hh49
d57,d213_hh247
d57,d178_hh58
d57,d17_hh228
d57,d141_hh128
d57,d171_hh88
d57,d187_hh7
d57,d62_hh251
d57,d80_hh236
d57,d187_hh0
d57,d123_hh129
d57,d90_hh151
d57,d178_hh134
d57,d65_hh101
d57,d175_hh52
d57,d62_hh259
d57,d61_hh155
d57,d62_hh251
d57,d213_hh178
d57,d193_hh85
d57,d170_hh130
d57,d57_hh166
d57,d41_hh150
d57,d117_hh140
d57,d210_hh200
d57,d69_hh240
d57,d50_hh249
d57,d133_hh135
d57,d100_hh91
d57,d123_hh160
d57,d34_hh77
d57,d24_hh92
d57,d17_hh228
d57,d39_hh66
d57,d69_hh240
d57,d120_hh248
d57,d170_hh117
d57,d209_hh254
d57,d191_hh246
d57,d160_hh88
d57,d13_hh58
d57,d155_hh210
d57,d149_hh107
d57,d75_hh227
d57,d208_hh253
d57,d166_hh150
d57,d48_hh118
d57,d97_hh26
d57,d132_hh46
d57,d169_hh216
d57,d134_hh270
d57,d54_hh44
d57,d117_hh74
d57,d138_hh83
d57,d11_hh53
d57,d198_hh136
d57,d178_hh191
d57,d160_hh88
d57,d110_hh252
d57,d29_hh85
d57,d126_hh167
d57,d123_hh106
d57,d91_hh90
d57,d197_hh151
d57,d34_hh160
d57,d120_hh161
d57,d202_hh264
d57,d127_hh89
d57,d23_hh93
d57,d159_hh64
d57,d4_hh87
d57,d81_hh89
d57,d16_hh287
d57,d31_hh127
d57,d50_hh249
d57,d15_hh186
d57,d162_hh213
d57,d166_hh150
d57,d4_hh29
d57,d190_hh38
d57,d123_hh57
d57,d137_hh106
d57,d15_hh264
d57,d207_hh219
d57,d54_hh44
d57,d208_hh253
d57,d102_hh201
d57,d15_hh186
d57,d118_hh244
d57,d42_hh88
d57,d61_hh155
d57,d83_hh117
d57,d186_hh185
d57,d95_hh201
d57,d31_hh139
d57,d23_hh21
d57,d4_hh202
d57,d41_hh71
d57,d128_hh28
d57,d31_hh34
d57,d42_hh202
d57,d13_hh58
d57,d91_hh90
d57,d164_hh122
d57,d123_hh119
d57,d46_hh12
d57,d2_hh151
d57,d169_hh199
d57,d190_hh38
d57,d187_hh7
d57,d159_hh64
d57,d191_hh246
d57,d132_hh46
d57,d15_hh264
d57,d213_hh211
d57,d182_hh229
d57,d100_hh91
d57,d114_hh47
d57,d210_hh200
d57,d5_hh5
d57,d164_hh122
d57,d213_hh247
d57,d162_hh47
d57,d62_hh259
d57,d90_hh207
d57,d44_hh164
d57,d42_hh58
d57,d100_hh48
d57,d91_hh90
d57,d187_hh61
d57,d166_hh150
d57,d195_hh19
d57,d205_hh196
d57,d104_hh116
d57,d166_hh150
d57,d16_hh294
d57,d182_hh226
d57,d204_hh239
d57,d155_hh151
d57,d19_hh38
d57,d208_hh240
d57,d57_hh216
d57,d42_hh88
d57,d11_hh53
d57,d23_hh233
d57,d98_hh100
d57,d54_hh222
d57,d42_hh88
d57,d17_hh210
d57,d177_hh163
d57,d23_hh204
d57,d165_hh94
d57,d24_hh176
d57,d46_hh12
d57,d128_hh126
d57,d149_hh14
d57,d62_hh98
d57,d2_hh217
d57,d39_hh67
d57,d199_hh71
d57,d48_hh118
d57,d31_hh127
d57,d100_hh91
d57,d147_hh169
d57,d163_hh213
d57,d39_hh66
d57,d197_hh151
d57,d138_hh82
d57,d164_hh123
d57,d182_hh39
d57,d29_hh85
d57,d62_hh22
d57,d184_hh158
d57,d199_hh180
d57,d83_hh117
d57,d166_hh24
d57,d21_hh97
d57,d131_hh24
d57,d150_hh207
d57,d184_hh158
d57,d42_hh202
d57,d18_hh227
d57,d159_hh183
d57,d42_hh185
d57,d123_hh106
d57,d50_hh249
d57,d61_hh41
d57,d41_hh71
d57,d124_hh40
d57,d208_hh168
d57,d214_hh70
d57,d102_hh201
d57,d73_hh184
d57,d59_hh112
d57,d23_hh21
d57,d73_hh184
d57,d178_hh134
d57,d90_hh151
d57,d177_hh145
d57,d174_hh242
d57,d134_hh270
d57,d104_hh116
d57,d104_hh58
d57,d102_hh201
d57,d24_hh176
d57,d210_hh200
d57,d187_hh87
d57,d132_hh188
d57,d182_hh74
d57,d29_hh243
d57,d50_hh249
d57,d75_hh53
d57,d132_hh188
d57,d177_hh163
d57,d42_hh202
d57,d96_hh145
d57,d15_hh264
d57,d102_hh200
d57,d213_hh252
d57,d195_hh109
d57,d198_hh136
d57,d91_hh138
d57,d91_hh21
d57,d101_hh155
d57,d178_hh272
d57,d50_hh217
d57,d141_hh129
d57,d21_hh90
d57,d175_hh52
d57,d55_hh94
d57,d208_hh168
d57,d93_hh66
d57,d132_hh188
d57,d118_hh173
d57,d23_hh21
d57,d52_hh33
d57,d122_hh16
d57,d160_hh88
d57,d44_hh38
d57,d161_hh21
d57,d133_hh135
d57,d160_hh0
d57,d72_hh208
d57,d46_hh245
d57,d62_hh22
d57,d152_hh88
d57,d187_hh87
d57,d130_hh142
d57,d134_hh270
d57,d17_hh106
d57,d98_hh84
d57,d202_hh170
d57,d208_hh240
d57,d152_hh168
d57,d13_hh58
d57,d52_hh33
d57,d11_hh53
d57,d170_hh117
d57,d122_hh16
d57,d174_hh242
d57,d2_hh287
d57,d29_hh85
d57,d36_hh94
d57,d130_hh142
d57,d166_hh24
d57,d13_hh58
d58,d106_hh207
d58,d165_hh94
d58,d16_hh294
d58,d207_hh191
d58,d90_hh207
d58,d202_hh170
d58,d119_hh24
d58,d122_hh144
d58,d39_hh154
d58,d204_hh56
d58,d199_hh180
d58,d17_hh12
d58,d200_hh261
d58,d54_hh152
d58,d177_hh163
d58,d18_hh227
d58,d178_hh157
d58,d126_hh263
d58,d66_hh18
d58,d126_hh4
d58,d149_hh107
d58,d147_hh43
d58,d31_hh127
d58,d16_hh287
d58,d85_hh184
d58,d54_hh222
d58,d40_hh152
d58,d112_hh8
d58,d36_hh94
d58,d31_hh139
d58,d199_hh49
d58,d200_hh77
d58,d106_hh207
d58,d104_hh175
d58,d41_hh163
d58,d155_hh148
d58,d17_hh213
d58,d187_hh61
d58,d50_hh7
d58,d213_hh247
d58,d2_hh217
d58,d39_hh67
d58,d2_hh151
d58,d96_hh110
d58,d97_hh26
d58,d46_hh53
d58,d163_hh213
d58,d178_hh191
d58,d131_hh24
d58,d120_hh161
d58,d30_hh130
d58,d46_hh194
d58,d159_hh64
d58,d123_hh129
d58,d184_hh158
d58,d20_hh166
d58,d199_hh71
d58,d202_hh170
d58,d174_hh42
d58,d85_hh184
d58,d182_hh39
d58,d187_hh0
d58,d102_hh242
d58,d162_hh47
d58,d74_hh142
d58,d85_hh144
d58,d85_hh144
d58,d23_hh21
d58,d54_hh57
d58,d109_hh88
d58,d114_hh219
d58,d24_hh92
d58,d178_hh157
d58,d43_hh125
d58,d131_hh180
d58,d213_hh2
d58,d178_hh173
d58,d38_hh165
d58,d214_hh70
d58,d80_hh186
d58,d44_hh38
d58,d119_hh210
d58,d2_hh287
d58,d122_hh144
d58,d147_hh54
d58,d170_hh117
d58,d87_hh156
d58,d35_hh263
d58,d138_hh150
d58,d29_hh131
d58,d83_hh76
d58,d114_hh66
d58,d186_hh185
d58,d135_hh2
d58,d75_hh227
d58,d54_hh57
d58,d102_hh200
d58,d75_hh227
d58,d160_hh88
d58,d119_hh222
d58,d19_hh38
d58,d7_hh257
d58,d51_hh231
d58,d166_hh150
d58,d15_hh22
d58,d2_hh151
d58,d41_hh150
d58,d66_hh18
d58,d209_hh219
d58,d24_hh92
d58,d4_hh87
d58,d182_hh229
d58,d123_hh57
d58,d123_hh104
d58,d193_hh85
d58,d175_hh131
d58,d209_hh149
d58,d62_hh259
d58,d140_hh85
d58,d15_hh264
d58,d122_hh231
d58,d169_hh216
d58,d197_hh151
d58,d159_hh64
d58,d131_hh174
d58,d13_hh58
d58,d132_hh44
d58,d74_hh243
d58,d119_hh95
d58,d149_hh14
d58,d134_hh270
d58,d119_hh222
d58,d29_hh243
d58,d43_hh125
d58,d170_hh117
d58,d2_hh180
d58,d15_hh103
d58,d159_hh183
d58,d114_hh47
d58,d125_hh3
d58,d11_hh128
d58,d104_hh58
d58,d62_hh259
d58,d158_hh86
d58,d59_hh112
d58,d202_hh90
d58,d46_hh12
d58,d133_hh111
d58,d119_hh95
d58,d169_hh190
d58,d41_hh150
d58,d78_hh223
d58,d21_hh97
d58,d214_hh47
d58,d41_hh150
d58,d11_hh53
d58,d87_hh156
d58,d178_hh191
d58,d24_hh92
d58,d118_hh118
d58,d158_hh136
d58,d204_hh56
d58,d85_hh184
d58,d21_hh90
d58,d124_hh40
d58,d95_hh164
d58,d104_hh58
d58,d4_hh65
d58,d112_hh8
d58,d208_hh240
d58,d158_hh239
d58,d109_hh67
d58,d102_hh201
d58,d102_hh242
d58,d128_hh126
d58,d66_hh18
d58,d158_hh136
d58,d120_hh161
d58,d187_hh7
d58,d174_hh24
d58,d199_hh49
d58,d50_hh249
d58,d57_hh216
d58,d126_hh207
d58,d161_hh203
d58,d213_hh62
d58,d54_hh44
d58,d208_hh253
d58,d66_hh14
d58,d66_hh240
d58,d200_hh102
d58,d143_hh28
d58,d114_hh66
d58,d39_hh154
d58,d2_hh68
d58,d75_hh25
d58,d214_hh41
d58,d114_hh47
d58,d88_hh195
d58,d134_hh270
d58,d23_hh204
d58,d161_hh21
d58,d147_hh54
d58,d62_hh251
d58,d91_hh138
d58,d54_hh152
d58,d19_hh38
d58,d208_hh168
d58,d2_hh151
d58,d74_hh257
d58,d46_hh245
d58,d178_hh272
d58,d207_hh191
d58,d95_hh201
d58,d182_hh39
d58,d159_hh183
d58,d128_hh126
d58,d73_hh242
d58,d174_hh242
d58,d53_hh3
d58,d209_hh149
d58,d174_hh24
d58,d215_hh105
d58,d66_hh14
d58,d152_hh88
d58,d38_hh165
d58,d59_hh251
d58,d134_hh270
d58,d147_hh43
d58,d83_hh153
d58,d119_hh177
d58,d31_hh127
d58,d66_hh14
d58,d131_hh102
d58,d133_hh135
d58,d18_hh227
d58,d7_hh257
d58,d120_hh161
d58,d138_hh150
d58,d138_hh150
d58,d132_hh188
d58,d135_hh2
d58,d20_hh166
d58,d100_hh48
d58,d131_hh102
d58,d78_hh39
d58,d23_hh93
d58,d165_hh94
d58,d130_hh142
d58,d174_hh242
d58,d77_hh123
d58,d33_hh58
d58,d117_hh140
d58,d29_hh85
d58,d152_hh29
d58,d119_hh210
d58,d124_hh40
d58,d51_hh151
d58,d83_hh204
d58,d166_hh239
d58,d133_hh241
d58,d109_hh88
d58,d127_hh89
d58,d138_hh150
d58,d150_hh207
d58,d109_hh67
d58,d165_hh107
d58,d200_hh21
d58,d197_hh151
d58,d193_hh248
d58,d31_hh34
d58,d117_hh140
d58,d193_hh138
d58,d42_hh202
d58,d209_hh219
d58,d166_hh164
d58,d65_hh29
d63,d71_hh169
d63,d144_hh235
d63,d45_hh183
d63,d60_hh172
d63,d136_hh236
d63,d68_hh230
d63,d49_hh155
d63,d192_hh28
d63,d151_hh194
d63,d64_hh133
d63,d94_hh137
d63,d89_hh77
d63,d60_hh210
d63,d45_hh183
d63,d64_hh45
d63,d167_hh120
d63,d60_hh210
d63,d103_hh115
d63,d121_hh238
d63,d89_hh77
d63,d188_hh223
d63,d103_hh72
d63,d145_hh150
d63,d167_hh120
d63,d49_hh119
d63,d192_hh28
d63,d64_hh165
d63,d22_hh155
d63,d86_hh114
d63,d145_hh2
d63,d49_hh237
d63,d89_hh77
d63,d108_hh40
d63,d148_hh82
d63,d180_hh34
d63,d89_hh65
d63,d64_hh271
d63,d103_hh172
d63,d121_hh146
d63,d3_hh98
d63,d145_hh145
d63,d145_hh145
d63,d148_hh82
d63,d63_hh98
d63,d86_hh167
d63,d180_hh34
d63,d84_hh6
d63,d45_hh9
d63,d148_hh82
d63,d63_hh98
d63,d145_hh2
d63,d115_hh196
d63,d60_hh165
d63,d172_hh1
d63,d108_hh195
d63,d49_hh149
d63,d63_hh98
d63,d63_hh98
d63,d64_hh45
d63,d64_hh165
d63,d60_hh165
d63,d79_hh93
d63,d145_hh212
d63,d27_hh65
d63,d206_hh188
d63,d64_hh133
d63,d6_hh77
d63,d148_hh98
d63,d194_hh224
d63,d68_hh230
d63,d107_hh6
d63,d27_hh65
d63,d49_hh155
d63,d10_hh60
d63,d107_hh6
d63,d49_hh119
d63,d103_hh72
d63,d189_hh237
d63,d148_hh98
d63,d22_hh155
d63,d201_hh28
d63,d3_hh279
d63,d79_hh93
d63,d196_hh60
d63,d145_hh2
d63,d79_hh76
d63,d84_hh62
d63,d105_hh238
d63,d64_hh45
d63,d206_hh74
d63,d189_hh237
d63,d167_hh41
d63,d10_hh110
d63,d3_hh279
d63,d145_hh2
d63,d27_hh133
d63,d60_hh259
d63,d151_hh146
d63,d144_hh285
d63,d10_hh110
d63,d3_hh98
d63,d64_hh69
d63,d3_hh7
d63,d45_hh9
d63,d206_hh74
d63,d28_hh124
d63,d27_hh65
d63,d84_hh101
d63,d45_hh282
d63,d45_hh9
d63,d68_hh230
d63,d145_hh145
d63,d188_hh137
d63,d107_hh6
d63,d151_hh146
d63,d103_hh72
d63,d27_hh133
d63,d45_hh282
d63,d107_hh143
d63,d103_hh175
d63,d8_hh179
d63,d148_hh189
d63,d60_hh259
d63,d10_hh46
d63,d8_hh179
d63,d3_hh7
d63,d103_hh115
d63,d22_hh155
d63,d10_hh60
d63,d86_hh136
d63,d3_hh279
d63,d63_hh98
d63,d176_hh183
d63,d189_hh237
d63,d49_hh149
d63,d115_hh2
d63,d84_hh220
d63,d148_hh82
d63,d64_hh137
d63,d70_hh188
d63,d84_hh6
d63,d71_hh292
d63,d206_hh74
d63,d145_hh2
d63,d10_hh46
d63,d211_hh181
d63,d103_hh115
d63,d49_hh245
d63,d181_hh267
d63,d107_hh76
d63,d194_hh224
d63,d79_hh93
d63,d64_hh271
d63,d64_hh165
d63,d107_hh211
d63,d176_hh183
d63,d176_hh183
d63,d194_hh102
d63,d71_hh169
d63,d180_hh130
d63,d108_hh277
d63,d107_hh260
d63,d68_hh230
d63,d84_hh220
d63,d107_hh143
d63,d206_hh151
d63,d10_hh110
d63,d167_hh36
d63,d28_hh260
d63,d172_hh1
d63,d107_hh211
d63,d49_hh131
d63,d145_hh2
d63,d105_hh161
d63,d103_hh175
d63,d181_hh63
d63,d151_hh93
d63,d45_hh183
d63,d105_hh48
d63,d60_hh172
d63,d203_hh11
d63,d144_hh235
d63,d172_hh263
d63,d148_hh98
d63,d167_hh120
d63,d148_hh189
d63,d79_hh76
d63,d188_hh137
d63,d68_hh230
d63,d188_hh223
d63,d63_hh98
d63,d63_hh98
d63,d27_hh133
d63,d64_hh165
d63,d6_hh77
d63,d105_hh161
d63,d89_hh65
d63,d8_hh179
d63,d103_hh264
d63,d189_hh80
d63,d203_hh11
d63,d22_hh219
d63,d10_hh110
d63,d181_hh267
d63,d105_hh161
d63,d176_hh122
d63,d49_hh198
d63,d103_hh89
d63,d84_hh101
d63,d3_hh7
d63,d180_hh130
d63,d151_hh146
d63,d49_hh155
d63,d79_hh76
d63,d45_hh183
d63,d145_hh145
d63,d145_hh2
d63,d63_hh98
d63,d151_hh146
d63,d176_hh122
d63,d45_hh183
d63,d107_hh143
d63,d148_hh82
d63,d148_hh97
d63,d22_hh219
d63,d3_hh279
d63,d22_hh155
d63,d192_hh28
d63,d45_hh183
d63,d79_hh76
d63,d10_hh46
d63,d185_hh70
d63,d145_hh145
d63,d45_hh140
d63,d181_hh59
d63,d148_hh98
d63,d189_hh237
d63,d105_hh238
d63,d49_hh149
d63,d107_hh211
d63,d108_hh277
d63,d86_hh136
d63,d108_hh40
d63,d148_hh82
d63,d71_hh169
d63,d64_hh271
d63,d206_hh74
d63,d22_hh155
d63,d212_hh78
d63,d45_hh9
d63,d86_hh167
d63,d148_hh221
d63,d181_hh267
d63,d196_hh34
d63,d45_hh183
d63,d89_hh65
d63,d144_hh235
d63,d196_hh175
d63,d79_hh182
d63,d151_hh194
d63,d27_hh145
d63,d64_hh271
d63,d79_hh76
d63,d192_hh169
d63,d107_hh76
d63,d181_hh267
d63,d148_hh82
d63,d206_hh74
d63,d71_hh152
d63,d107_hh6
d63,d3_hh98
d63,d105_hh161
d63,d60_hh210
d63,d94_hh137
d63,d107_hh260
d63,d94_hh137
d63,d148_hh97
d63,d206_hh188
d63,d189_hh80
d63,d79_hh93
d63,d8_hh179
d63,d192_hh28
d63,d49_hh245
d63,d6_hh77
d63,d84_hh220
d63,d196_hh42
d63,d108_hh277
d67,d147_hh43
d67,d213_hh125
d67,d67_hh209
d67,d39_hh99
d67,d12_hh23
d67,d67_hh15
d67,d200_hh102
d67,d57_hh207
d67,d54_hh61
d67,d186_hh185
d67,d61_hh41
d67,d117_hh140
d67,d213_hh125
d67,d19_hh38
d67,d213_hh247
d67,d213_hh247
d67,d34_hh160
d67,d114_hh66
d67,d55_hh254
d67,d13_hh58
d67,d67_hh209
d67,d131_hh24
d67,d42_hh185
d67,d117_hh140
d67,d56_hh4
d67,d53_hh3
d67,d204_hh87
d67,d118_hh244
d67,d199_hh71
d67,d66_hh240
d67,d131_hh102
d67,d104_hh58
d67,d123_hh106
d67,d170_hh130
d67,d129_hh122
d67,d199_hh180
d67,d119_hh177
d67,d15_hh210
d67,d134_hh270
d67,d178_hh173
d67,d87_hh156
d67,d61_hh41
d67,d182_hh149
d67,d199_hh71
d67,d97_hh156
d67,d50_hh7
d67,d59_hh184
d67,d138_hh83
d67,d169_hh225
d67,d214_hh13
d67,d75_hh102
d67,d38_hh159
d67,d18_hh137
d67,d111_hh131
d67,d209_hh244
d67,d102_hh201
d67,d98_hh84
d67,d42_hh202
d67,d34_hh160
d67,d52_hh115
d67,d81_hh89
d67,d50_hh249
d67,d99_hh225
d67,d104_hh116
d67,d166_hh239
d67,d98_hh223
d67,d213_hh178
d67,d7_hh257
d67,d31_hh34
d67,d149_hh107
d67,d114_hh47
d67,d114_hh66
d67,d62_hh98
d67,d110_hh252
d67,d134_hh223
d67,d213_hh252
d67,d143_hh28
d67,d2_hh180
d67,d91_hh138
d67,d117_hh11
d67,d177_hh163
d67,d187_hh7
d67,d141_hh27
d67,d57_hh286
d67,d123_hh57
d67,d169_hh216
d67,d123_hh160
d67,d126_hh167
d67,d104_hh58
d67,d174_hh213
d67,d38_hh165
d67,d91_hh90
d67,d170_hh130
d67,d59_hh251
d67,d61_hh41
d67,d182_hh39
d67,d182_hh229
d67,d19_hh38
d67,d119_hh95
d67,d200_hh261
d67,d29_hh131
d67,d53_hh147
d67,d12_hh23
d67,d104_hh58
d67,d170_hh130
d67,d15_hh76
d67,d30_hh58
d67,d182_hh226
d67,d126_hh207
d67,d126_hh167
d67,d120_hh161
d67,d137_hh119
d67,d166_hh239
d67,d162_hh47
d67,d147_hh169
d67,d18_hh227
d67,d199_hh180
d67,d207_hh219
d67,d187_hh42
d67,d163_hh213
d67,d198_hh136
d67,d35_hh2
d67,d126_hh4
d67,d97_hh26
d67,d152_hh29
d67,d133_hh111
d67,d193_hh85
d67,d2_hh180
d67,d74_hh243
d67,d95_hh205
d67,d138_hh150
d67,d15_hh210
d67,d173_hh262
d67,d184_hh238
d67,d66_hh207
d67,d161_hh203
d67,d159_hh183
d67,d66_hh213
d67,d214_hh47
d67,d119_hh24
d67,d57_hh207
d67,d184_hh238
d67,d174_hh42
d67,d162_hh213
d67,d164_hh123
d67,d165_hh94
d67,d187_hh61
d67,d174_hh42
d67,d52_hh115
d67,d161_hh21
d67,d42_hh19
d67,d213_hh252
d67,d15_hh80
d67,d114_hh47
d67,d19_hh130
d67,d213_hh62
d67,d166_hh239
d67,d177_hh145
d67,d61_hh41
d67,d214_hh47
d67,d87_hh245
d67,d62_hh259
d67,d165_hh107
d67,d33_hh58
d67,d83_hh153
d67,d90_hh207
d67,d98_hh223
d67,d46_hh245
d67,d163_hh213
d67,d42_hh19
d67,d67_hh209
d67,d65_hh29
d67,d15_hh264
d67,d44_hh38
d67,d187_hh0
d67,d24_hh92
d67,d214_hh13
d67,d62_hh98
d67,d74_hh142
d67,d162_hh47
d67,d200_hh102
d67,d20_hh166
d67,d2_hh180
d67,d15_hh186
d67,d39_hh66
d67,d15_hh186
d67,d74_hh257
d67,d102_hh201
d67,d24_hh176
d67,d131_hh24
d67,d149_hh14
d67,d132_hh188
d67,d200_hh261
d67,d209_hh254
d67,d120_hh161
d67,d62_hh98
d67,d126_hh4
d67,d163_hh145
d67,d178_hh58
d67,d187_hh87
d67,d125_hh3
d67,d187_hh7
d67,d119_hh24
d67,d12_hh23
d67,d30_hh267
d67,d62_hh98
d67,d118_hh244
d67,d83_hh193
d67,d4_hh65
d67,d174_hh213
d67,d159_hh64
d67,d173_hh163
d67,d195_hh47
d67,d193_hh248
d67,d42_hh19
d67,d133_hh241
d67,d23_hh93
d67,d46_hh69
d67,d57_hh286
d67,d158_hh239
d67,d126_hh167
d67,d119_hh177
d67,d175_hh131
d67,d87_hh245
d67,d17_hh213
d67,d18_hh227
d67,d65_hh101
d67,d174_hh213
d67,d81_hh89
d67,d85_hh144
d67,d12_hh23
d67,d126_hh167
d67,d195_hh47
d67,d59_hh243
d67,d213_hh252
d67,d155_hh151
d67,d39_hh99
d67,d46_hh69
d67,d15_hh76
d67,d175_hh131
d67,d150_hh207
d67,d83_hh76
d67,d215_hh105
d67,d155_hh151
d67,d41_hh71
d67,d75_hh264
d67,d152_hh168
d67,d199_hh71
d67,d120_hh248
d67,d18_hh137
d67,d111_hh227
d67,d140_hh85
d67,d187_hh7
d67,d42_hh88
d67,d90_hh151
d67,d7_hh257
d67,d113_hh175
d67,d23_hh21
d67,d187_hh42
d67,d35_hh263
d67,d213_hh62
d67,d62_hh251
d67,d135_hh17
d67,d200_hh102
d67,d182_hh226
d67,d72_hh42
d67,d191_hh53
d61,d54_hh222
d61,d150_hh207
d61,d155_hh151
d61,d21_hh90
d61,d147_hh54
d61,d165_hh94
d61,d161_hh185
d61,d2_hh180
d61,d214_hh70
d61,d62_hh98
d61,d149_hh1
d61,d41_hh71
d61,d65_hh29
d61,d117_hh140
d61,d98_hh245
d61,d69_hh240
d61,d46_hh194
d61,d182_hh39
d61,d23_hh204
d61,d83_hh153
d61,d214_hh13
d61,d147_hh54
d61,d91_hh138
d61,d26_hh40
d61,d213_hh2
d61,d141_hh27
d61,d24_hh92
d61,d199_hh71
d61,d23_hh156
d61,d102_hh200
d61,d124_hh40
d61,d23_hh156
d61,d36_hh226
d61,d126_hh167
d61,d155_hh151
d61,d214_hh47
d61,d164_hh122
d61,d42_hh202
d61,d55_hh94
d61,d208_hh240
d61,d36_hh94
d61,d15_hh210
d61,d62_hh251
d61,d126_hh4
d61,d198_hh152
d61,d164_hh123
d61,d74_hh243
d61,d130_hh142
d61,d100_hh91
d61,d34_hh160
d61,d54_hh44
d61,d21_hh90
d61,d118_hh173
d61,d111_hh131
d61,d187_hh87
d61,d209_hh244
d61,d96_hh110
d61,d169_hh199
d61,d173_hh262
d61,d182_hh226
d61,d178_hh134
d61,d169_hh225
d61,d50_hh249
d61,d137_hh106
d61,d128_hh246
d61,d213_hh211
d61,d208_hh168
d61,d182_hh149
d61,d57_hh16
d61,d191_hh53
d61,d75_hh102
d61,d155_hh148
d61,d11_hh128
d61,d111_hh227
d61,d193_hh138
d61,d42_hh202
d61,d213_hh211
d61,d98_hh177
d61,d177_hh163
d61,d155_hh210
d61,d169_hh199
d61,d135_hh2
d61,d119_hh95
d61,d56_hh174
d61,d75_hh25
d61,d88_hh195
d61,d123_hh104
d61,d46_hh69
d61,d213_hh247
d61,d149_hh107
d61,d82_hh154
d61,d24_hh92
d61,d21_hh97
d61,d46_hh53
d61,d54_hh218
d61,d178_hh157
d61,d109_hh67
d61,d170_hh117
d61,d161_hh203
d61,d209_hh159
d61,d93_hh66
d61,d187_hh87
d61,d161_hh185
d61,d91_hh178
d61,d155_hh18
d61,d26_hh40
d61,d31_hh139
d61,d143_hh241
d61,d141_hh128
d61,d202_hh205
d61,d134_hh223
d61,d39_hh66
d61,d21_hh105
d61,d161_hh203
d61,d42_hh88
d61,d160_hh0
d61,d98_hh223
d61,d7_hh257
d61,d57_hh166
d61,d83_hh153
d61,d123_hh57
d61,d164_hh122
d61,d111_hh227
d61,d117_hh11
d61,d205_hh196
d61,d152_hh168
d61,d19_hh38
d61,d178_hh134
d61,d155_hh18
d61,d91_hh90
d61,d197_hh151
d61,d101_hh129
d61,d169_hh190
d61,d187_hh61
d61,d166_hh164
d61,d109_hh88
d61,d174_hh213
d61,d120_hh161
d61,d95_hh205
d61,d213_hh2
d61,d75_hh53
d61,d100_hh48
d61,d120_hh161
d61,d149_hh14
d61,d155_hh18
d61,d182_hh226
d61,d166_hh164
d61,d61_hh41
d61,d169_hh216
d61,d75_hh25
d61,d169_hh225
d61,d163_hh145
d61,d150_hh203
d61,d171_hh88
d61,d46_hh194
d61,d7_hh257
d61,d39_hh99
d61,d170_hh130
d61,d85_hh110
d61,d42_hh19
d61,d19_hh38
d61,d178_hh191
d61,d80_hh186
d61,d99_hh225
d61,d133_hh111
d61,d198_hh152
d61,d171_hh71
d61,d75_hh227
d61,d164_hh122
d61,d119_hh24
d61,d62_hh22
d61,d199_hh49
d61,d124_hh40
d61,d202_hh264
d61,d191_hh246
d61,d65_hh101
d61,d177_hh163
d61,d101_hh155
d61,d128_hh28
d61,d99_hh225
d61,d17_hh106
d61,d40_hh200
d61,d122_hh144
d61,d118_hh173
d61,d85_hh144
d61,d209_hh244
d61,d4_hh202
d61,d132_hh76
d61,d75_hh264
d61,d2_hh217
d61,d66_hh14
d61,d91_hh138
d61,d199_hh71
d61,d117_hh11
d61,d155_hh151
d61,d15_hh210
d61,d111_hh131
d61,d29_hh243
d61,d174_hh213
d61,d74_hh142
d61,d99_hh225
d61,d152_hh168
d61,d23_hh21
d61,d213_hh211
d61,d170_hh117
d61,d178_hh272
d61,d178_hh157
d61,d128_hh126
d61,d18_hh137
d61,d187_hh7
d61,d44_hh164
d61,d46_hh53
d61,d209_hh254
d61,d91_hh21
d61,d141_hh128
d61,d67_hh209
d61,d66_hh213
d61,d131_hh24
d61,d178_hh58
d61,d213_hh211
d61,d191_hh246
d61,d120_hh248
d61,d123_hh119
d61,d137_hh119
d61,d174_hh213
d61,d141_hh128
d61,d208_hh253
d61,d2_hh173
d61,d129_hh122
d61,d57_hh216
d61,d124_hh40
d61,d210_hh142
d61,d7_hh257
d61,d62_hh98
d61,d186_hh185
d61,d21_hh97
d61,d21_hh105
d61,d132_hh76
d61,d80_hh186
d61,d191_hh246
d61,d59_hh251
d61,d83_hh153
d61,d56_hh262
d61,d149_hh14
d61,d128_hh126
d61,d129_hh122
d61,d117_hh140
d61,d85_hh144
d61,d141_hh27
d61,d122_hh159
d61,d80_hh106
d61,d134_hh270
d61,d119_hh222
d61,d54_hh218
d61,d170_hh130
d61,d31_hh34
d61,d213_hh247
d61,d122_hh159
d61,d57_hh216
d61,d62_hh22
d60,d194_hh224
d60,d49_hh198
d60,d148_hh82
d60,d60_hh165
d60,d68_hh230
d60,d22_hh219
d60,d107_hh211
d60,d148_hh82
d60,d60_hh210
d60,d45_hh9
d60,d107_hh42
d60,d172_hh263
d60,d60_hh259
d60,d196_hh42
d60,d107_hh260
d60,d49_hh131
d60,d151_hh93
d60,d60_hh172
d60,d79_hh182
d60,d103_hh53
d60,d64_hh133
d60,d27_hh145
d60,d211_hh181
d60,d14_hh160
d60,d188_hh98
d60,d9_hh176
d60,d148_hh98
d60,d8_hh179
d60,d192_hh28
d60,d167_hh36
d60,d107_hh6
d60,d107_hh211
d60,d172_hh263
d60,d89_hh65
d60,d181_hh59
d60,d107_hh76
d60,d86_hh136
d60,d94_hh137
d60,d185_hh70
d60,d45_hh183
d60,d60_hh210
d60,d64_hh45
d60,d60_hh210
d60,d180_hh34
d60,d144_hh235
d60,d9_hh56
d60,d63_hh98
d60,d103_hh72
d60,d103_hh53
d60,d64_hh271
d60,d49_hh245
d60,d94_hh178
d60,d185_hh17
d60,d79_hh182
d60,d8_hh179
d60,d103_hh115
d60,d27_hh145
d60,d10_hh46
d60,d22_hh155
d60,d27_hh145
d60,d27_hh145
d60,d105_hh238
d60,d103_hh72
d60,d107_hh260
d60,d28_hh124
d60,d6_hh77
d60,d71_hh292
d60,d180_hh34
d60,d211_hh181
d60,d49_hh155
d60,d63_hh98
d60,d145_hh150
d60,d9_hh176
d60,d71_hh152
d60,d176_hh183
d60,d60_hh172
d60,d188_hh137
d60,d84_hh15
d60,d115_hh2
d60,d49_hh131
d60,d145_hh212
d60,d196_hh60
d60,d71_hh292
d60,d115_hh2
d60,d176_hh183
d60,d94_hh178
d60,d84_hh62
d60,d103_hh53
d60,d148_hh97
d60,d180_hh130
d60,d28_hh260
d60,d71_hh169
d60,d89_hh43
d60,d108_hh127
d60,d151_hh146
d60,d70_hh79
d60,d27_hh145
d60,d148_hh82
d60,d14_hh160
d60,d192_hh159
d60,d79_hh93
d60,d49_hh237
d60,d84_hh101
d60,d108_hh40
d60,d64_hh271
d60,d196_hh42
d60,d64_hh165
d60,d196_hh175
d60,d180_hh130
d60,d153_hh185
d60,d64_hh133
d60,d145_hh212
d60,d86_hh114
d60,d89_hh65
d60,d22_hh225
d60,d9_hh176
d60,d194_hh224
d60,d70_hh188
d60,d196_hh42
d60,d144_hh235
d60,d151_hh207
d60,d194_hh102
d60,d105_hh161
d60,d188_hh137
d60,d206_hh151
d60,d203_hh11
d60,d71_hh292
d60,d107_hh211
d60,d71_hh152
d60,d27_hh133
d60,d189_hh237
d60,d145_hh150
d60,d84_hh220
d60,d79_hh93
d60,d145_hh150
d60,d206_hh74
d60,d188_hh137
d60,d9_hh97
d60,d89_hh43
d60,d185_hh17
d60,d89_hh65
d60,d189_hh80
d60,d167_hh36
d60,d194_hh102
d60,d94_hh137
d60,d145_hh150
d60,d45_hh140
d60,d71_hh169
d60,d203_hh11
d60,d27_hh16
d60,d151_hh146
d60,d206_hh151
d60,d105_hh48
d60,d84_hh101
d60,d180_hh130
d60,d22_hh219
d60,d153_hh185
d60,d8_hh179
d60,d49_hh237
d60,d188_hh98
d60,d60_hh259
d60,d8_hh179
d60,d63_hh157
d60,d148_hh82
d60,d49_hh131
d60,d189_hh80
d60,d108_hh127
d60,d144_hh235
d60,d192_hh169
d60,d115_hh196
d60,d103_hh264
d60,d8_hh179
d60,d148_hh82
d60,d188_hh223
d60,d206_hh151
d60,d64_hh137
d60,d105_hh238
d60,d144_hh235
d60,d64_hh137
d60,d94_hh178
d60,d60_hh172
d60,d196_hh34
d60,d201_hh86
d60,d188_hh137
d60,d196_hh42
d60,d94_hh178
d60,d45_hh183
d60,d103_hh264
d60,d45_hh282
d60,d86_hh136
d60,d145_hh150
d60,d64_hh133
d60,d64_hh45
d60,d206_hh188
d60,d194_hh13
d60,d60_hh172
d60,d206_hh283
d60,d3_hh279
d60,d60_hh210
d60,d8_hh179
d60,d84_hh62
d60,d64_hh165
d60,d45_hh9
d60,d63_hh157
d60,d79_hh76
d60,d194_hh224
d60,d136_hh236
d60,d148_hh82
d60,d103_hh72
d60,d103_hh89
d60,d108_hh35
d60,d180_hh130
d60,d172_hh263
d60,d49_hh155
d60,d27_hh133
d60,d6_hh77
d60,d3_hh98
d60,d49_hh119
d60,d64_hh45
d60,d192_hh28
d60,d151_hh146
d60,d79_hh76
d60,d105_hh161
d60,d196_hh34
d60,d145_hh2
d60,d108_hh277
d60,d49_hh131
d60,d70_hh79
d60,d70_hh188
d60,d167_hh36
d60,d144_hh235
d60,d151_hh207
d60,d180_hh34
d60,d121_hh146
d60,d108_hh127
d60,d45_hh282
d60,d105_hh48
d60,d79_hh76
d60,d84_hh62
d60,d79_hh93
d60,d79_hh182
d60,d176_hh183
d60,d9_hh176
d60,d103_hh264
d60,d64_hh45
d60,d192_hh28
d60,d10_hh46
d60,d145_hh145
d60,d108_hh40
d60,d3_hh279
d60,d49_hh198
d60,d84_hh220
d60,d60_hh210
d60,d64_hh165
d60,d70_hh85
d60,d60_hh165
d60,d45_hh282
d60,d148_hh97
d60,d63_hh98
d60,d115_hh196
d60,d49_hh198
d60,d60_hh165
d60,d79_hh93
d60,d79_hh182
d60,d121_hh146
d60,d167_hh120
d60,d79_hh93
d60,d151_hh146
d60,d151_hh207
d60,d63_hh98
d60,d194_hh102
d60,d27_hh145
d60,d196_hh42
d60,d107_hh42
d60,d84_hh101
d60,d145_hh150
d62,d208_hh168
d62,d43_hh125
d62,d61_hh41
d62,d35_hh2
d62,d178_hh134
d62,d198_hh188
d62,d214_hh41
d62,d178_hh157
d62,d126_hh207
d62,d133_hh241
d62,d54_hh218
d62,d109_hh88
d62,d66_hh18
d62,d54_hh189
d62,d117_hh140
d62,d102_hh242
d62,d135_hh17
d62,d122_hh16
d62,d23_hh233
d62,d34_hh160
d62,d81_hh89
d62,d34_hh77
d62,d41_hh71
d62,d213_hh247
d62,d87_hh245
d62,d128_hh28
d62,d15_hh22
d62,d147_hh169
d62,d125_hh135
d62,d52_hh33
d62,d123_hh84
d62,d158_hh136
d62,d152_hh29
d62,d213_hh252
d62,d7_hh257
d62,d87_hh156
d62,d97_hh156
d62,d149_hh107
d62,d42_hh88
d62,d131_hh174
d62,d200_hh261
d62,d118_hh173
d62,d209_hh254
d62,d91_hh199
d62,d102_hh200
d62,d74_hh243
d62,d95_hh164
d62,d130_hh142
d62,d54_hh152
d62,d126_hh167
d62,d75_hh102
d62,d100_hh91
d62,d46_hh12
d62,d90_hh151
d62,d166_hh24
d62,d178_hh272
d62,d132_hh76
d62,d29_hh243
d62,d75_hh264
d62,d16_hh287
d62,d137_hh106
d62,d195_hh109
d62,d182_hh149
d62,d42_hh185
d62,d137_hh106
d62,d46_hh69
d62,d149_hh107
d62,d204_hh56
d62,d123_hh119
d62,d15_hh186
d62,d204_hh87
d62,d141_hh128
d62,d182_hh74
d62,d80_hh236
d62,d57_hh207
d62,d61_hh155
d62,d169_hh225
d62,d62_hh251
d62,d126_hh263
d62,d34_hh77
d62,d149_hh107
d62,d77_hh123
d62,d90_hh207
d62,d53_hh3
d62,d18_hh137
d62,d33_hh58
d62,d99_hh225
d62,d59_hh112
d62,d209_hh254
d62,d202_hh205
d62,d152_hh88
d62,d90_hh207
d62,d15_hh103
d62,d102_hh242
d62,d178_hh191
d62,d41_hh206
d62,d209_hh219
d62,d191_hh246
d62,d184_hh238
d62,d128_hh28
d62,d123_hh104
d62,d132_hh46
d62,d51_hh231
d62,d50_hh7
d62,d54_hh189
d62,d104_hh58
d62,d166_hh239
d62,d171_hh23
d62,d166_hh239
d62,d72_hh208
d62,d35_hh2
d62,d213_hh2
d62,d73_hh242
d62,d138_hh83
d62,d30_hh267
d62,d187_hh0
d62,d150_hh203
d62,d162_hh213
d62,d4_hh202
d62,d149_hh1
d62,d91_hh199
d62,d134_hh223
d62,d173_hh262
d62,d159_hh64
d62,d117_hh11
d62,d78_hh223
d62,d109_hh88
d62,d75_hh227
d62,d4_hh65
d62,d12_hh23
d62,d131_hh180
d62,d141_hh27
d62,d147_hh54
d62,d213_hh247
d62,d62_hh251
d62,d114_hh47
d62,d114_hh219
d62,d191_hh246
d62,d31_hh34
d62,d186_hh185
d62,d178_hh272
d62,d40_hh200
d62,d208_hh168
d62,d123_hh160
d62,d74_hh243
d62,d158_hh107
d62,d17_hh106
d62,d83_hh204
d62,d210_hh142
d62,d44_hh38
d62,d72_hh208
d62,d158_hh239
d62,d24_hh176
d62,d4_hh80
d62,d166_hh150
d62,d117_hh140
d62,d140_hh85
d62,d65_hh242
d62,d214_hh41
d62,d66_hh213
d62,d24_hh176
d62,d83_hh117
d62,d88_hh195
d62,d149_hh107
d62,d81_hh89
d62,d200_hh102
d62,d163_hh213
d62,d20_hh166
d62,d46_hh245
d62,d35_hh2
d62,d177_hh145
d62,d207_hh191
d62,d74_hh243
d62,d209_hh149
d62,d141_hh27
d62,d141_hh128
d62,d39_hh99
d62,d214_hh70
d62,d161_hh185
d62,d199_hh71
d62,d202_hh90
d62,d17_hh228
d62,d149_hh14
d62,d29_hh243
d62,d158_hh136
d62,d166_hh239
d62,d85_hh144
d62,d213_hh2
d62,d54_hh152
d62,d104_hh58
d62,d118_hh173
d62,d7_hh257
d62,d202_hh264
d62,d187_hh87
d62,d175_hh52
d62,d75_hh102
d62,d143_hh28
d62,d149_hh14
d62,d213_hh2
d62,d90_hh207
d62,d125_hh3
d62,d41_hh150
d62,d169_hh216
d62,d54_hh44
d62,d159_hh64
d62,d120_hh248
d62,d208_hh168
d62,d208_hh168
d62,d182_hh229
d62,d149_hh1
d62,d46_hh194
d62,d187_hh7
d62,d85_hh110
d62,d50_hh217
d62,d75_hh102
d62,d61_hh41
d62,d164_hh122
d62,d213_hh2
d62,d34_hh77
d62,d73_hh242
d62,d140_hh85
d62,d17_hh228
d62,d182_hh195
d62,d178_hh173
d62,d186_hh185
d62,d163_hh145
d62,d123_hh106
d62,d57_hh16
d62,d19_hh130
d62,d101_hh129
d62,d214_hh70
d62,d57_hh166
d62,d191_hh246
d62,d102_hh179
d62,d213_hh247
d62,d169_hh216
d62,d178_hh134
d62,d119_hh177
d62,d57_hh286
d62,d41_hh71
d62,d182_hh226
d62,d143_hh28
d62,d169_hh190
d62,d199_hh180
d62,d13_hh58
d62,d100_hh48
d62,d126_hh207
d62,d80_hh186
d62,d106_hh207
d62,d119_hh222
d62,d62_hh98
d62,d39_hh67
d62,d74_hh243
d62,d166_hh150
d62,d75_hh264
d62,d209_hh219
d62,d213_hh247
d62,d213_hh125
d62,d98_hh100
d62,d202_hh90
d62,d65_hh242
d62,d44_hh164
d62,d17_hh228
d62,d177_hh145
d62,d98_hh100
d65,d131_hh102
d65,d198_hh136
d65,d117_hh74
d65,d166_hh164
d65,d65_hh29
d65,d209_hh11
d65,d66_hh18
d65,d100_hh91
d65,d114_hh66
d65,d141_hh27
d65,d149_hh1
d65,d162_hh213
d65,d62_hh259
d65,d54_hh57
d65,d178_hh173
d65,d164_hh123
d65,d29_hh243
d65,d182_hh149
d65,d2_hh180
d65,d152_hh88
d65,d40_hh152
d65,d207_hh191
d65,d169_hh190
d65,d15_hh264
d65,d138_hh82
d65,d54_hh61
d65,d93_hh18
d65,d215_hh105
d65,d59_hh243
d65,d78_hh39
d65,d166_hh239
d65,d74_hh107
d65,d141_hh129
d65,d2_hh180
d65,d57_hh286
d65,d34_hh77
d65,d140_hh85
d65,d15_hh22
d65,d126_hh4
d65,d118_hh244
d65,d117_hh140
d65,d122_hh159
d65,d80_hh106
d65,d39_hh99
d65,d46_hh53
d65,d158_hh107
d65,d204_hh87
d65,d187_hh0
d65,d4_hh87
d65,d46_hh245
d65,d138_hh82
d65,d174_hh242
d65,d39_hh154
d65,d135_hh17
d65,d41_hh163
d65,d100_hh145
d65,d128_hh126
d65,d39_hh66
d65,d75_hh102
d65,d52_hh115
d65,d4_hh80
d65,d171_hh88
d65,d82_hh154
d65,d54_hh189
d65,d30_hh267
d65,d140_hh85
d65,d42_hh19
d65,d182_hh226
d65,d106_hh207
d65,d214_hh70
d65,d174_hh42
d65,d117_hh140
d65,d208_hh168
d65,d155_hh210
d65,d18_hh137
d65,d119_hh177
d65,d114_hh66
d65,d46_hh245
d65,d75_hh216
d65,d140_hh85
d65,d178_hh58
d65,d83_hh153
d65,d93_hh66
d65,d213_hh2
d65,d158_hh239
d65,d174_hh242
d65,d162_hh213
d65,d178_hh191
d65,d91_hh90
d65,d147_hh54
d65,d149_hh107
d65,d163_hh145
d65,d55_hh94
d65,d51_hh151
d65,d209_hh219
d65,d138_hh150
d65,d128_hh246
d65,d213_hh2
d65,d147_hh169
d65,d2_hh173
d65,d55_hh94
d65,d177_hh163
d65,d171_hh23
d65,d26_hh40
d65,d42_hh185
d65,d120_hh161
d65,d93_hh18
d65,d213_hh2
d65,d177_hh163
d65,d170_hh117
d65,d117_hh11
d65,d190_hh38
d65,d170_hh130
d65,d126_hh167
d65,d182_hh74
d65,d119_hh24
d65,d46_hh194
d65,d163_hh213
d65,d152_hh168
d65,d198_hh136
d65,d88_hh195
d65,d141_hh27
d65,d198_hh136
d65,d193_hh85
d65,d160_hh0
d65,d174_hh213
d65,d193_hh248
d65,d30_hh267
d65,d184_hh158
d65,d128_hh28
d65,d31_hh139
d65,d198_hh136
d65,d18_hh137
d65,d187_hh7
d65,d75_hh53
d65,d169_hh199
d65,d143_hh241
d65,d118_hh118
d65,d62_hh251
d65,d42_hh202
d65,d39_hh67
d65,d54_hh222
d65,d193_hh248
d65,d123_hh119
d65,d88_hh36
d65,d21_hh105
d65,d35_hh263
d65,d67_hh209
d65,d23_hh21
d65,d91_hh21
d65,d187_hh42
d65,d53_hh147
d65,d165_hh94
d65,d95_hh205
d65,d15_hh210
d65,d39_hh99
d65,d54_hh152
d65,d178_hh157
d65,d54_hh222
d65,d175_hh52
d65,d123_hh106
d65,d209_hh219
d65,d30_hh58
d65,d123_hh106
d65,d123_hh160
d65,d199_hh49
d65,d204_hh56
d65,d169_hh199
d65,d114_hh66
d65,d95_hh201
d65,d182_hh149
d65,d149_hh14
d65,d57_hh166
d65,d17_hh228
d65,d177_hh145
d65,d101_hh129
d65,d135_hh17
d65,d21_hh97
d65,d213_hh62
d65,d41_hh150
d65,d214_hh13
d65,d209_hh219
d65,d88_hh195
d65,d197_hh151
d65,d50_hh217
d65,d178_hh173
d65,d41_hh150
d65,d57_hh207
d65,d150_hh203
d65,d15_hh264
d65,d50_hh7
d65,d204_hh56
d65,d200_hh21
d65,d125_hh135
d65,d213_hh211
d65,d39_hh66
d65,d98_hh177
d65,d44_hh164
d65,d130_hh142
d65,d96_hh110
d65,d117_hh74
d65,d198_hh152
d65,d109_hh67
d65,d164_hh122
d65,d73_hh184
d65,d96_hh145
d65,d57_hh286
d65,d51_hh231
d65,d130_hh142
d65,d91_hh21
d65,d123_hh160
d65,d149_hh107
d65,d50_hh249
d65,d209_hh244
d65,d119_hh24
d65,d125_hh3
d65,d169_hh199
d65,d18_hh137
d65,d30_hh267
d65,d99_hh225
d65,d138_hh150
d65,d2_hh180
d65,d143_hh241
d65,d75_hh102
d65,d114_hh66
d65,d55_hh94
d65,d204_hh87
d65,d114_hh47
d65,d122_hh16
d65,d208_hh240
d65,d191_hh246
d65,d19_hh38
d65,d4_hh80
d65,d51_hh151
d65,d182_hh74
d65,d35_hh263
d65,d40_hh152
d65,d59_hh243
d65,d186_hh185
d65,d114_hh66
d65,d132_hh76
d65,d214_hh47
d65,d122_hh231
d65,d54_hh218
d65,d66_hh213
d65,d106_hh207
d65,d73_hh184
d65,d182_hh39
d65,d19_hh38
d65,d200_hh261
d65,d98_hh177
d65,d169_hh199
d65,d126_hh167
d65,d119_hh222
d65,d160_hh88
d65,d54_hh61
d65,d123_hh57
d65,d170_hh117
d65,d186_hh185
d65,d95_hh205
d65,d195_hh19
d65,d119_hh222
d65,d130_hh244
d65,d98_hh100
d65,d18_hh227
d65,d143_hh241
d65,d74_hh15
d65,d158_hh86
d65,d17_hh106
d65,d109_hh88
d65,d208_hh253
d65,d119_hh95
d65,d214_hh210
d65,d170_hh117
d56,d52_hh115
d56,d122_hh159
d56,d16_hh287
d56,d98_hh84
d56,d143_hh28
d56,d69_hh240
d56,d119_hh95
d56,d202_hh90
d56,d174_hh242
d56,d61_hh155
d56,d198_hh152
d56,d140_hh85
d56,d56_hh174
d56,d195_hh47
d56,d36_hh226
d56,d54_hh222
d56,d155_hh151
d56,d175_hh131
d56,d114_hh66
d56,d200_hh102
d56,d44_hh164
d56,d170_hh130
d56,d133_hh241
d56,d182_hh74
d56,d83_hh204
d56,d26_hh40
d56,d171_hh71
d56,d95_hh201
d56,d4_hh87
d56,d98_hh177
d56,d30_hh267
d56,d88_hh36
d56,d160_hh0
d56,d208_hh240
d56,d95_hh56
d56,d214_hh47
d56,d149_hh107
d56,d65_hh242
d56,d4_hh80
d56,d46_hh245
d56,d104_hh116
d56,d50_hh249
d56,d125_hh135
d56,d118_hh244
d56,d72_hh208
d56,d51_hh231
d56,d193_hh85
d56,d67_hh15
d56,d87_hh245
d56,d11_hh53
d56,d187_hh7
d56,d62_hh98
d56,d15_hh186
d56,d80_hh186
d56,d56_hh262
d56,d91_hh138
d56,d15_hh103
d56,d85_hh110
d56,d87_hh245
d56,d164_hh123
d56,d23_hh233
d56,d75_hh227
d56,d178_hh173
d56,d169_hh199
d56,d126_hh167
d56,d2_hh287
d56,d126_hh207
d56,d75_hh25
d56,d101_hh129
d56,d50_hh217
d56,d143_hh28
d56,d174_hh213
d56,d54_hh222
d56,d35_hh263
d56,d77_hh123
d56,d91_hh90
d56,d158_hh107
d56,d122_hh16
d56,d2_hh180
d56,d175_hh131
d56,d114_hh219
d56,d190_hh38
d56,d42_hh19
d56,d69_hh240
d56,d160_hh0
d56,d159_hh64
d56,d55_hh254
d56,d42_hh202
d56,d137_hh106
d56,d197_hh151
d56,d182_hh39
d56,d160_hh0
d56,d53_hh147
d56,d39_hh66
d56,d133_hh241
d56,d202_hh264
d56,d77_hh123
d56,d149_hh107
d56,d124_hh40
d56,d43_hh125
d56,d2_hh151
d56,d15_hh264
d56,d24_hh176
d56,d53_hh147
d56,d41_hh206
d56,d162_hh213
d56,d29_hh85
d56,d191_hh246
d56,d91_hh21
d56,d123_hh106
d56,d106_hh207
d56,d2_hh180
d56,d166_hh239
d56,d44_hh164
d56,d65_hh242
d56,d23_hh93
d56,d51_hh151
d56,d80_hh106
d56,d159_hh64
d56,d2_hh151
d56,d104_hh58
d56,d125_hh135
d56,d97_hh26
d56,d158_hh239
d56,d122_hh159
d56,d170_hh130
d56,d164_hh123
d56,d184_hh238
d56,d137_hh119
d56,d175_hh131
d56,d213_hh252
d56,d51_hh151
d56,d88_hh36
d56,d147_hh43
d56,d113_hh175
d56,d198_hh188
d56,d178_hh157
d56,d214_hh41
d56,d111_hh227
d56,d66_hh240
d56,d57_hh250
d56,d11_hh128
d56,d132_hh76
d56,d65_hh101
d56,d122_hh159
d56,d184_hh158
d56,d109_hh88
d56,d141_hh128
d56,d134_hh270
d56,d56_hh174
d56,d187_hh0
d56,d13_hh58
d56,d191_hh53
d56,d193_hh85
d56,d166_hh24
d56,d87_hh156
d56,d91_hh178
d56,d123_hh119
d56,d209_hh254
d56,d200_hh261
d56,d119_hh177
d56,d110_hh193
d56,d34_hh77
d56,d134_hh223
d56,d213_hh178
d56,d83_hh76
d56,d159_hh183
d56,d100_hh63
d56,d213_hh178
d56,d4_hh87
d56,d83_hh153
d56,d147_hh43
d56,d34_hh77
d56,d140_hh85
d56,d175_hh131
d56,d62_hh22
d56,d36_hh226
d56,d104_hh58
d56,d34_hh77
d56,d44_hh38
d56,d73_hh242
d56,d81_hh89
d56,d51_hh231
d56,d16_hh294
d56,d170_hh130
d56,d90_hh233
d56,d166_hh164
d56,d209_hh159
d56,d175_hh52
d56,d187_hh87
d56,d128_hh246
d56,d56_hh4
d56,d118_hh244
d56,d2_hh180
d56,d36_hh94
d56,d141_hh129
d56,d117_hh140
d56,d178_hh157
d56,d23_hh21
d56,d88_hh195
d56,d198_hh188
d56,d134_hh270
d56,d83_hh76
d56,d193_hh85
d56,d178_hh173
d56,d29_hh85
d56,d147_hh54
d56,d75_hh216
d56,d96_hh145
d56,d75_hh216
d56,d91_hh138
d56,d100_hh48
d56,d200_hh77
d56,d152_hh88
d56,d125_hh135
d56,d200_hh77
d56,d4_hh65
d56,d182_hh149
d56,d97_hh156
d56,d50_hh272
d56,d202_hh205
d56,d41_hh206
d56,d171_hh23
d56,d87_hh245
d56,d182_hh39
d56,d158_hh136
d56,d112_hh8
d56,d17_hh213
d56,d39_hh67
d56,d15_hh210
d56,d195_hh109
d56,d117_hh11
d56,d143_hh241
d56,d42_hh202
d56,d165_hh94
d56,d62_hh251
d56,d97_hh156
d56,d11_hh53
d56,d213_hh252
d56,d149_hh14
d56,d134_hh270
d56,d199_hh180
d56,d75_hh102
d56,d171_hh71
d56,d66_hh18
d56,d54_hh152
d56,d39_hh154
d56,d62_hh98
d56,d69_hh240
d56,d190_hh38
d56,d40_hh200
d56,d80_hh186
d56,d135_hh17
d56,d62_hh98
d56,d54_hh222
d56,d126_hh207
d56,d112_hh8
d56,d147_hh43
d56,d18_hh227
d56,d99_hh225
d56,d23_hh93
d56,d124_hh40
d56,d43_hh125
d56,d17_hh12
d56,d104_hh175
d56,d82_hh154
d56,d73_hh242
d56,d15_hh76
d56,d131_hh24
d56,d91_hh90
d66,d158_hh86
d66,d99_hh225
d66,d100_hh91
d66,d127_hh89
d66,d52_hh115
d66,d131_hh174
d66,d134_hh270
d66,d41_hh150
d66,d75_hh216
d66,d174_hh242
d66,d67_hh209
d66,d165_hh94
d66,d21_hh105
d66,d83_hh76
d66,d187_hh87
d66,d137_hh119
d66,d4_hh87
d66,d17_hh213
d66,d104_hh270
d66,d123_hh106
d66,d132_hh188
d66,d40_hh200
d66,d16_hh287
d66,d99_hh225
d66,d2_hh173
d66,d114_hh47
d66,d39_hh99
d66,d114_hh66
d66,d133_hh111
d66,d149_hh14
d66,d30_hh267
d66,d137_hh106
d66,d62_hh22
d66,d158_hh239
d66,d174_hh242
d66,d182_hh149
d66,d106_hh207
d66,d170_hh117
d66,d141_hh27
d66,d104_hh175
d66,d141_hh128
d66,d54_hh222
d66,d165_hh94
d66,d161_hh185
d66,d50_hh217
d66,d119_hh177
d66,d143_hh241
d66,d215_hh105
d66,d17_hh106
d66,d193_hh85
d66,d40_hh152
d66,d43_hh125
d66,d48_hh118
d66,d74_hh142
d66,d40_hh200
d66,d138_hh150
d66,d132_hh46
d66,d182_hh74
d66,d85_hh110
d66,d2_hh180
d66,d52_hh33
d66,d91_hh199
d66,d57_hh286
d66,d137_hh119
d66,d101_hh129
d66,d113_hh175
d66,d91_hh199
d66,d209_hh159
d66,d147_hh43
d66,d134_hh270
d66,d57_hh166
d66,d171_hh88
d66,d75_hh53
d66,d198_hh188
d66,d127_hh89
d66,d66_hh207
d66,d118_hh173
d66,d106_hh207
d66,d74_hh243
d66,d163_hh145
d66,d178_hh58
d66,d51_hh231
d66,d114_hh219
d66,d19_hh130
d66,d143_hh28
d66,d175_hh52
d66,d118_hh173
d66,d46_hh194
d66,d131_hh205
d66,d190_hh38
d66,d56_hh174
d66,d182_hh226
d66,d174_hh242
d66,d174_hh242
d66,d182_hh226
d66,d160_hh0
d66,d35_hh2
d66,d173_hh163
d66,d213_hh2
d66,d165_hh107
d66,d57_hh286
d66,d52_hh33
d66,d4_hh29
d66,d140_hh85
d66,d139_hh214
d66,d177_hh163
d66,d126_hh263
d66,d40_hh200
d66,d119_hh64
d66,d149_hh107
d66,d95_hh164
d66,d26_hh40
d66,d117_hh74
d66,d131_hh174
d66,d83_hh204
d66,d46_hh194
d66,d52_hh115
d66,d31_hh34
d66,d74_hh257
d66,d75_hh25
d66,d62_hh98
d66,d119_hh177
d66,d31_hh127
d66,d109_hh88
d66,d164_hh123
d66,d132_hh44
d66,d161_hh203
d66,d54_hh222
d66,d184_hh158
d66,d62_hh98
d66,d50_hh272
d66,d42_hh185
d66,d175_hh131
d66,d15_hh186
d66,d104_hh116
d66,d74_hh142
d66,d143_hh241
d66,d109_hh67
d66,d129_hh122
d66,d163_hh145
d66,d98_hh100
d66,d24_hh92
d66,d208_hh240
d66,d213_hh62
d66,d91_hh178
d66,d42_hh19
d66,d42_hh202
d66,d149_hh14
d66,d207_hh191
d66,d54_hh44
d66,d59_hh251
d66,d36_hh226
d66,d39_hh66
d66,d195_hh47
d66,d24_hh176
d66,d133_hh241
d66,d93_hh18
d66,d129_hh122
d66,d138_hh83
d66,d17_hh12
d66,d182_hh149
d66,d54_hh222
d66,d75_hh102
d66,d54_hh222
d66,d16_hh287
d66,d46_hh12
d66,d15_hh264
d66,d104_hh58
d66,d52_hh115
d66,d207_hh219
d66,d207_hh219
d66,d75_hh264
d66,d208_hh240
d66,d4_hh87
d66,d69_hh240
d66,d114_hh219
d66,d213_hh211
d66,d95_hh201
d66,d19_hh130
d66,d200_hh21
d66,d101_hh155
d66,d57_hh216
d66,d2_hh68
d66,d15_hh22
d66,d137_hh119
d66,d138_hh150
d66,d112_hh8
d66,d174_hh42
d66,d83_hh153
d66,d75_hh53
d66,d104_hh58
d66,d46_hh69
d66,d59_hh251
d66,d158_hh136
d66,d215_hh105
d66,d21_hh90
d66,d57_hh207
d66,d187_hh0
d66,d75_hh102
d66,d85_hh184
d66,d209_hh254
d66,d214_hh70
d66,d100_hh145
d66,d111_hh227
d66,d130_hh142
d66,d61_hh155
d66,d7_hh257
d66,d50_hh7
d66,d102_hh201
d66,d90_hh207
d66,d177_hh163
d66,d74_hh15
d66,d17_hh106
d66,d75_hh264
d66,d200_hh102
d66,d178_hh191
d66,d23_hh233
d66,d141_hh129
d66,d57_hh207
d66,d207_hh219
d66,d74_hh142
d66,d31_hh139
d66,d85_hh144
d66,d57_hh207
d66,d119_hh177
d66,d193_hh248
d66,d4_hh87
d66,d209_hh159
d66,d61_hh155
d66,d190_hh38
d66,d165_hh94
d66,d141_hh128
d66,d213_hh252
d66,d200_hh77
d66,d56_hh4
d66,d200_hh102
d66,d202_hh170
d66,d77_hh123
d66,d38_hh165
d66,d202_hh90
d66,d73_hh242
d66,d155_hh148
d66,d61_hh41
d66,d34_hh77
d66,d85_hh144
d66,d213_hh125
d66,d106_hh207
d66,d17_hh12
d66,d73_hh242
d66,d75_hh216
d66,d128_hh28
d66,d46_hh69
d66,d104_hh175
d66,d109_hh88
d66,d104_hh270
d66,d44_hh164
d66,d193_hh138
d66,d140_hh85
d66,d162_hh47
d66,d42_hh88
d66,d174_hh42
d66,d205_hh196
d66,d141_hh129
d66,d4_hh80
d66,d101_hh129
d66,d154_hh2
d66,d100_hh91
d69,d90_hh207
d69,d41_hh150
d69,d182_hh195
d69,d100_hh48
d69,d30_hh130
d69,d187_hh42
d69,d54_hh57
d69,d126_hh207
d69,d123_hh104
d69,d135_hh17
d69,d2_hh151
d69,d117_hh74
d69,d134_hh223
d69,d208_hh168
d69,d98_hh177
d69,d150_hh203
d69,d123_hh106
d69,d51_hh151
d69,d114_hh47
d69,d104_hh270
d69,d78_hh223
d69,d114_hh66
d69,d93_hh66
d69,d4_hh29
d69,d119_hh222
d69,d193_hh138
d69,d134_hh270
d69,d83_hh153
d69,d135_hh2
d69,d62_hh251
d69,d23_hh93
d69,d57_hh216
d69,d150_hh207
d69,d54_hh44
d69,d163_hh213
d69,d51_hh151
d69,d96_hh145
d69,d214_hh13
d69,d207_hh219
d69,d159_hh64
d69,d120_hh269
d69,d98_hh84
d69,d19_hh130
d69,d178_hh58
d69,d104_hh270
d69,d20_hh166
d69,d74_hh257
d69,d170_hh117
d69,d39_hh66
d69,d93_hh66
d69,d29_hh243
d69,d39_hh66
d69,d97_hh26
d69,d54_hh189
d69,d26_hh40
d69,d7_hh257
d69,d15_hh264
d69,d120_hh161
d69,d29_hh243
d69,d182_hh74
d69,d182_hh195
d69,d173_hh262
d69,d66_hh14
d69,d15_hh210
d69,d4_hh65
d69,d123_hh160
d69,d2_hh180
d69,d104_hh175
d69,d141_hh128
d69,d161_hh21
d69,d198_hh152
d69,d46_hh194
d69,d182_hh226
d69,d138_hh83
d69,d182_hh74
d69,d117_hh140
d69,d158_hh107
d69,d213_hh2
d69,d150_hh207
d69,d114_hh66
d69,d13_hh58
d69,d88_hh36
d69,d187_hh42
d69,d166_hh150
d69,d208_hh240
d69,d150_hh203
d69,d197_hh151
d69,d123_hh84
d69,d91_hh178
d69,d170_hh130
d69,d91_hh199
d69,d75_hh216
d69,d75_hh227
d69,d207_hh191
d69,d54_hh57
d69,d154_hh2
d69,d199_hh49
d69,d158_hh136
d69,d4_hh29
d69,d122_hh159
d69,d133_hh135
d69,d24_hh92
d69,d214_hh41
d69,d93_hh18
d69,d208_hh240
d69,d62_hh22
d69,d200_hh261
d69,d135_hh2
d69,d208_hh240
d69,d95_hh205
d69,d171_hh23
d69,d57_hh16
d69,d123_hh129
d69,d141_hh128
d69,d24_hh176
d69,d73_hh242
d69,d143_hh28
d69,d57_hh207
d69,d106_hh207
d69,d5_hh5
d69,d208_hh253
d69,d93_hh66
d69,d57_hh286
d69,d147_hh54
d69,d154_hh2
d69,d56_hh4
d69,d4_hh29
d69,d134_hh223
d69,d169_hh199
d69,d109_hh88
d69,d131_hh24
d69,d213_hh211
d69,d87_hh245
d69,d187_hh87
d69,d214_hh41
d69,d40_hh152
d69,d81_hh89
d69,d202_hh170
d69,d177_hh163
d69,d170_hh130
d69,d31_hh139
d69,d106_hh207
d69,d131_hh180
d69,d164_hh123
d69,d74_hh142
d69,d106_hh207
d69,d126_hh167
d69,d83_hh117
d69,d41_hh163
d69,d182_hh229
d69,d83_hh76
d69,d39_hh99
d69,d98_hh245
d69,d66_hh240
d69,d114_hh47
d69,d184_hh158
d69,d158_hh239
d69,d182_hh39
d69,d24_hh92
d69,d102_hh200
d69,d138_hh150
d69,d41_hh71
d69,d131_hh205
d69,d204_hh239
d69,d5_hh5
d69,d46_hh53
d69,d209_hh254
d69,d199_hh180
d69,d50_hh217
d69,d100_hh91
d69,d113_hh175
d69,d91_hh178
d69,d72_hh42
d69,d57_hh286
d69,d98_hh84
d69,d200_hh261
d69,d133_hh135
d69,d210_hh200
d69,d123_hh160
d69,d165_hh94
d69,d184_hh158
d69,d42_hh19
d69,d23_hh204
d69,d117_hh11
d69,d182_hh229
d69,d55_hh94
d69,d125_hh3
d69,d119_hh177
d69,d23_hh204
d69,d96_hh110
d69,d54_hh218
d69,d21_hh90
d69,d75_hh216
d69,d46_hh69
d69,d59_hh251
d69,d98_hh223
d69,d17_hh213
d69,d102_hh200
d69,d163_hh213
d69,d57_hh286
d69,d50_hh7
d69,d57_hh16
d69,d18_hh227
d69,d4_hh29
d69,d96_hh145
d69,d150_hh207
d69,d85_hh184
d69,d23_hh204
d69,d2_hh287
d69,d34_hh160
d69,d31_hh34
d69,d161_hh203
d69,d126_hh4
d69,d4_hh87
d69,d38_hh165
d69,d74_hh107
d69,d75_hh53
d69,d11_hh128
d69,d213_hh247
d69,d40_hh152
d69,d126_hh207
d69,d18_hh137
d69,d46_hh12
d69,d177_hh145
d69,d75_hh102
d69,d23_hh21
d69,d46_hh69
d69,d98_hh223
d69,d213_hh178
d69,d213_hh211
d69,d187_hh87
d69,d78_hh39
d69,d204_hh239
d69,d85_hh184
d69,d62_hh98
d69,d74_hh257
d69,d128_hh28
d69,d120_hh161
d69,d98_hh245
d69,d95_hh164
d69,d174_hh24
d69,d134_hh270
d69,d57_hh216
d69,d83_hh117
d69,d190_hh38
d69,d17_hh213
d69,d62_hh98
d69,d66_hh207
d69,d193_hh85
d69,d66_hh207
d69,d159_hh64
d69,d119_hh222
d69,d130_hh142
d69,d178_hh58
d69,d95_hh164
d69,d169_hh199
d69,d112_hh8
d69,d126_hh207
d69,d62_hh98
d69,d97_hh156
d69,d85_hh110
d69,d126_hh167
d69,d182_hh149
d69,d74_hh142
d69,d130_hh244
d69,d214_hh13
d69,d56_hh262
d69,d169_hh199
d69,d4_hh80
d64,d49_hh198
d64,d22_hh219
d64,d189_hh80
d64,d115_hh2
d64,d79_hh76
d64,d103_hh175
d64,d103_hh72
d64,d107_hh6
d64,d10_hh110
d64,d60_hh165
d64,d10_hh46
d64,d71_hh292
d64,d84_hh62
d64,d63_hh98
d64,d148_hh82
d64,d203_hh11
d64,d64_hh45
d64,d49_hh119
d64,d196_hh34
d64,d49_hh155
d64,d45_hh183
d64,d151_hh146
d64,d108_hh40
d64,d86_hh114
d64,d79_hh76
d64,d108_hh127
d64,d71_hh169
d64,d188_hh137
d64,d103_hh115
d64,d86_hh167
d64,d103_hh115
d64,d45_hh183
d64,d105_hh161
d64,d176_hh122
d64,d107_hh260
d64,d189_hh80
d64,d64_hh45
d64,d151_hh1
d64,d185_hh70
d64,d196_hh42
d64,d196_hh175
d64,d49_hh155
d64,d71_hh152
d64,d27_hh65
d64,d10_hh60
d64,d27_hh65
d64,d148_hh98
d64,d28_hh260
d64,d115_hh51
d64,d196_hh34
d64,d94_hh178
d64,d63_hh98
d64,d144_hh235
d64,d115_hh85
d64,d27_hh65
d64,d148_hh82
d64,d45_hh9
d64,d9_hh97
d64,d63_hh157
d64,d148_hh221
d64,d192_hh169
d64,d64_hh45
d64,d206_hh256
d64,d107_hh6
d64,d172_hh1
d64,d45_hh183
d64,d145_hh150
d64,d27_hh133
d64,d71_hh292
d64,d107_hh143
d64,d6_hh77
d64,d194_hh13
d64,d172_hh1
d64,d196_hh34
d64,d89_hh65
d64,d64_hh45
d64,d84_hh101
d64,d27_hh145
d64,d103_hh175
d64,d64_hh165
d64,d70_hh243
d64,d71_hh292
d64,d194_hh102
d64,d148_hh82
d64,d9_hh97
d64,d94_hh137
d64,d94_hh178
d64,d115_hh196
d64,d71_hh152
d64,d189_hh237
d64,d108_hh127
d64,d121_hh146
d64,d71_hh169
d64,d49_hh119
d64,d194_hh102
d64,d64_hh271
d64,d181_hh63
d64,d49_hh198
d64,d107_hh6
d64,d79_hh182
d64,d71_hh169
d64,d6_hh77
d64,d180_hh34
d64,d64_hh45
d64,d10_hh46
d64,d148_hh189
d64,d27_hh16
d64,d180_hh34
d64,d136_hh186
d64,d71_hh152
d64,d167_hh120
d64,d103_hh175
d64,d181_hh63
d64,d189_hh80
d64,d107_hh6
d64,d86_hh136
d64,d206_hh256
d64,d45_hh282
d64,d108_hh127
d64,d115_hh51
d64,d172_hh102
d64,d10_hh60
d64,d172_hh1
d64,d28_hh260
d64,d108_hh277
d64,d86_hh136
d64,d189_hh80
d64,d60_hh172
d64,d6_hh77
d64,d151_hh93
d64,d167_hh167
d64,d206_hh283
d64,d151_hh93
d64,d148_hh97
d64,d107_hh76
d64,d49_hh155
d64,d45_hh183
d64,d49_hh198
d64,d45_hh282
d64,d185_hh17
d64,d176_hh239
d64,d115_hh2
d64,d148_hh221
d64,d84_hh220
d64,d144_hh285
d64,d89_hh77
d64,d151_hh93
d64,d189_hh237
d64,d3_hh279
d64,d151_hh93
d64,d206_hh283
d64,d45_hh183
d64,d192_hh169
d64,d103_hh53
d64,d145_hh2
d64,d79_hh182
d64,d148_hh82
d64,d172_hh1
d64,d151_hh207
d64,d89_hh77
d64,d108_hh127
d64,d89_hh65
d64,d94_hh137
d64,d167_hh36
d64,d148_hh221
d64,d108_hh127
d64,d192_hh169
d64,d167_hh36
d64,d188_hh98
d64,d115_hh196
d64,d188_hh98
d64,d28_hh124
d64,d71_hh152
d64,d49_hh245
d64,d107_hh42
d64,d103_hh172
d64,d107_hh0
d64,d49_hh131
d64,d107_hh211
d64,d49_hh198
d64,d176_hh183
d64,d148_hh97
d64,d49_hh119
d64,d194_hh13
d64,d206_hh74
d64,d86_hh114
d64,d68_hh230
d64,d49_hh89
d64,d189_hh80
d64,d84_hh6
d64,d63_hh98
d64,d49_hh149
d64,d49_hh131
d64,d167_hh41
d64,d3_hh98
d64,d206_hh256
d64,d196_hh42
d64,d206_hh256
d64,d64_hh165
d64,d3_hh98
d64,d167_hh41
d64,d151_hh194
d64,d49_hh119
d64,d103_hh172
d64,d105_hh238
d64,d103_hh53
d64,d148_hh98
d64,d151_hh1
d64,d180_hh34
d64,d49_hh131
d64,d84_hh101
d64,d212_hh78
d64,d103_hh175
d64,d10_hh110
d64,d64_hh165
d64,d27_hh16
d64,d71_hh152
d64,d49_hh198
d64,d145_hh150
d64,d148_hh98
d64,d148_hh82
d64,d145_hh150
d64,d167_hh120
d64,d181_hh59
d64,d3_hh98
d64,d145_hh145
d64,d185_hh17
d64,d49_hh155
d64,d45_hh140
d64,d60_hh172
d64,d144_hh285
d64,d181_hh63
d64,d108_hh277
d64,d151_hh207
d64,d64_hh45
d64,d194_hh13
d64,d27_hh133
d64,d196_hh60
d64,d71_hh292
d64,d60_hh259
d64,d60_hh165
d64,d49_hh198
d64,d107_hh211
d64,d64_hh137
d64,d60_hh259
d64,d27_hh65
d64,d108_hh35
d64,d167_hh167
d64,d45_hh9
d64,d188_hh98
d64,d107_hh6
d64,d185_hh70
d64,d79_hh93
d64,d151_hh194
d64,d181_hh59
d64,d189_hh106
d64,d22_hh219
d64,d196_hh175
d64,d194_hh102
d64,d89_hh43
d64,d3_hh279
d64,d70_hh85
d64,d70_hh79
d64,d71_hh152
d64,d9_hh176
d64,d28_hh124
d64,d68_hh230
d64,d25_hh250
d64,d188_hh223
d64,d107_hh211
d64,d192_hh159
d64,d108_hh127
d64,d45_hh183
d64,d194_hh13
d64,d145_hh150
d64,d49_hh131
d64,d3_hh98
d64,d60_hh210
d64,d49_hh198
d64,d103_hh115
d64,d148_hh221
d64,d176_hh183
d64,d3_hh7
d64,d70_hh135
d64,d148_hh82
d64,d86_hh136
d64,d49_hh131
d64,d10_hh110
d64,d145_hh145
d64,d108_hh127
d64,d107_hh260
d64,d22_hh219
d64,d105_hh238
d64,d145_hh212
d64,d8_hh179
d64,d6_hh77
d68,d181_hh267
d68,d136_hh236
d68,d84_hh220
d68,d194_hh102
d68,d108_hh40
d68,d108_hh40
d68,d136_hh186
d68,d64_hh45
d68,d108_hh277
d68,d105_hh48
d68,d206_hh151
d68,d70_hh135
d68,d196_hh34
d68,d194_hh13
d68,d25_hh250
d68,d107_hh143
d68,d153_hh185
d68,d27_hh16
d68,d201_hh28
d68,d196_hh34
d68,d27_hh16
d68,d115_hh2
d68,d49_hh245
d68,d136_hh236
d68,d180_hh130
d68,d194_hh224
d68,d64_hh69
d68,d84_hh62
d68,d115_hh51
d68,d115_hh85
d68,d176_hh122
d68,d176_hh183
d68,d63_hh157
d68,d115_hh85
d68,d148_hh98
d68,d108_hh127
d68,d28_hh260
d68,d107_hh0
d68,d188_hh137
d68,d49_hh119
d68,d115_hh51
d68,d108_hh40
d68,d45_hh282
d68,d60_hh210
d68,d107_hh0
d68,d108_hh40
d68,d192_hh0
d68,d148_hh82
d68,d27_hh145
d68,d145_hh145
d68,d203_hh11
d68,d49_hh237
d68,d49_hh237
d68,d9_hh56
d68,d136_hh236
d68,d86_hh114
d68,d203_hh11
d68,d136_hh186
d68,d144_hh285
d68,d206_hh188
d68,d194_hh224
d68,d10_hh46
d68,d145_hh212
d68,d84_hh62
d68,d22_hh0
d68,d151_hh1
d68,d188_hh98
d68,d188_hh223
d68,d194_hh224
d68,d153_hh185
d68,d25_hh250
d68,d10_hh60
d68,d181_hh63
d68,d45_hh9
d68,d115_hh85
d68,d70_hh85
d68,d49_hh119
d68,d70_hh85
d68,d115_hh85
d68,d8_hh179
d68,d206_hh74
d68,d49_hh245
d68,d107_hh211
d68,d192_hh0
d68,d144_hh285
d68,d108_hh195
d68,d167_hh167
d68,d108_hh195
d68,d176_hh183
d68,d176_hh239
d68,d89_hh77
d68,d70_hh79
d68,d103_hh264
d68,d201_hh28
d68,d105_hh238
d68,d105_hh238
d68,d172_hh102
d68,d194_hh224
d68,d63_hh98
d68,d115_hh51
d68,d22_hh225
d68,d108_hh277
d68,d167_hh36
d68,d115_hh51
d68,d189_hh237
d68,d70_hh79
d68,d70_hh79
d68,d180_hh34
d68,d103_hh53
d68,d148_hh98
d68,d22_hh219
d68,d201_hh21
d68,d22_hh0
d68,d14_hh160
d68,d176_hh122
d68,d167_hh167
d68,d203_hh30
d68,d189_hh80
d68,d3_hh98
d68,d115_hh2
d68,d10_hh60
d68,d203_hh30
d68,d201_hh28
d68,d153_hh185
d68,d86_hh70
d68,d60_hh210
d68,d70_hh135
d68,d108_hh40
d68,d64_hh137
d68,d70_hh79
d68,d70_hh85
d68,d49_hh119
d68,d194_hh224
d68,d89_hh43
d68,d70_hh135
d68,d203_hh30
d68,d79_hh76
d68,d185_hh70
d68,d64_hh165
d68,d27_hh65
d68,d115_hh51
d68,d151_hh207
d68,d60_hh210
d68,d153_hh185
d68,d105_hh161
d68,d103_hh115
d68,d103_hh175
d68,d115_hh85
d68,d145_hh212
d68,d115_hh2
d68,d151_hh1
d68,d68_hh230
d68,d167_hh167
d68,d94_hh178
d68,d9_hh56
d68,d22_hh219
d68,d22_hh0
d68,d145_hh212
d68,d144_hh285
d68,d64_hh69
d68,d49_hh131
d68,d194_hh224
d68,d108_hh277
d68,d107_hh42
d68,d151_hh1
d68,d115_hh2
d68,d189_hh106
d68,d49_hh237
d68,d79_hh93
d68,d136_hh186
d68,d107_hh42
d68,d201_hh21
d68,d45_hh140
d68,d45_hh183
d68,d136_hh236
d68,d25_hh250
d68,d71_hh169
d68,d71_hh292
d68,d151_hh1
d68,d188_hh98
d68,d107_hh6
d68,d108_hh195
d68,d180_hh34
d68,d22_hh219
d68,d148_hh82
d68,d63_hh98
d68,d188_hh223
d68,d45_hh282
d68,d115_hh2
d68,d25_hh250
d68,d64_hh69
d68,d148_hh221
d68,d49_hh245
d68,d151_hh1
d68,d105_hh238
d68,d176_hh239
d68,d28_hh260
d68,d176_hh239
d68,d167_hh41
d68,d206_hh256
d68,d70_hh135
d68,d14_hh160
d68,d64_hh45
d68,d49_hh131
d68,d196_hh175
d68,d176_hh239
d68,d144_hh285
d68,d86_hh70
d68,d206_hh74
d68,d28_hh260
d68,d115_hh51
d68,d64_hh271
d68,d181_hh267
d68,d192_hh159
d68,d145_hh150
d68,d196_hh175
d68,d192_hh0
d68,d153_hh185
d68,d167_hh36
d68,d108_hh127
d68,d25_hh250
d68,d49_hh245
d68,d64_hh69
d68,d167_hh167
d68,d192_hh0
d68,d136_hh186
d68,d49_hh149
d68,d64_hh133
d68,d14_hh160
d68,d145_hh2
d68,d14_hh160
d68,d45_hh140
d68,d28_hh260
d68,d64_hh69
d68,d121_hh146
d68,d194_hh224
d68,d3_hh7
d68,d3_hh98
d68,d60_hh210
d68,d188_hh98
d68,d194_hh13
d68,d49_hh89
d68,d49_hh237
d68,d203_hh30
d68,d10_hh60
d68,d151_hh1
d68,d103_hh172
d68,d144_hh285
d68,d121_hh238
d68,d176_hh239
d68,d192_hh159
d68,d94_hh137
d68,d10_hh60
d68,d45_hh9
d68,d27_hh16
d68,d167_hh167
d68,d10_hh60
d68,d84_hh220
d68,d10_hh60
d68,d203_hh30
d68,d194_hh13
d68,d181_hh59
d68,d203_hh30
d68,d10_hh60
d68,d212_hh78
d68,d194_hh224
d68,d45_hh183
d68,d94_hh137
d68,d105_hh48
d72,d169_hh216
d72,d149_hh107
d72,d31_hh34
d72,d200_hh102
d72,d119_hh177
d72,d93_hh66
d72,d133_hh241
d72,d178_hh191
d72,d39_hh99
d72,d80_hh106
d72,d62_hh259
d72,d54_hh152
d72,d117_hh140
d72,d132_hh76
d72,d174_hh213
d72,d66_hh18
d72,d2_hh68
d72,d56_hh174
d72,d50_hh249
d72,d113_hh175
d72,d33_hh58
d72,d50_hh7
d72,d178_hh134
d72,d29_hh243
d72,d97_hh26
d72,d65_hh101
d72,d214_hh210
d72,d127_hh89
d72,d175_hh131
d72,d54_hh218
d72,d155_hh210
d72,d17_hh228
d72,d53_hh147
d72,d197_hh151
d72,d202_hh170
d72,d214_hh41
d72,d17_hh213
d72,d91_hh199
d72,d15_hh210
d72,d119_hh210
d72,d150_hh203
d72,d193_hh138
d72,d15_hh186
d72,d182_hh149
d72,d178_hh157
d72,d93_hh18
d72,d41_hh150
d72,d177_hh145
d72,d207_hh191
d72,d123_hh119
d72,d137_hh106
d72,d74_hh257
d72,d137_hh119
d72,d11_hh128
d72,d149_hh1
d72,d100_hh48
d72,d13_hh58
d72,d198_hh152
d72,d2_hh68
d72,d40_hh152
d72,d53_hh3
d72,d38_hh159
d72,d57_hh16
d72,d193_hh138
d72,d166_hh24
d72,d66_hh207
d72,d154_hh2
d72,d170_hh117
d72,d50_hh272
d72,d174_hh242
d72,d204_hh87
d72,d31_hh139
d72,d127_hh89
d72,d67_hh209
d72,d34_hh77
d72,d209_hh149
d72,d43_hh125
d72,d38_hh165
d72,d175_hh52
d72,d186_hh185
d72,d117_hh140
d72,d207_hh191
d72,d2_hh287
d72,d149_hh14
d72,d102_hh201
d72,d15_hh76
d72,d83_hh193
d72,d30_hh58
d72,d177_hh145
d72,d75_hh216
d72,d182_hh74
d72,d4_hh29
d72,d169_hh216
d72,d133_hh111
d72,d15_hh186
d72,d4_hh80
d72,d179_hh1
d72,d41_hh206
d72,d83_hh117
d72,d139_hh214
d72,d205_hh196
d72,d186_hh185
d72,d186_hh185
d72,d137_hh119
d72,d42_hh19
d72,d169_hh199
d72,d147_hh54
d72,d213_hh2
d72,d56_hh262
d72,d125_hh135
d72,d75_hh25
d72,d50_hh7
d72,d39_hh67
d72,d98_hh223
d72,d143_hh28
d72,d122_hh159
d72,d15_hh76
d72,d131_hh102
d72,d119_hh210
d72,d149_hh14
d72,d120_hh248
d72,d17_hh213
d72,d155_hh151
d72,d147_hh54
d72,d57_hh250
d72,d187_hh0
d72,d75_hh25
d72,d62_hh22
d72,d213_hh252
d72,d137_hh106
d72,d158_hh107
d72,d74_hh15
d72,d85_hh184
d72,d154_hh2
d72,d155_hh210
d72,d132_hh76
d72,d21_hh90
d72,d110_hh252
d72,d65_hh242
d72,d44_hh164
d72,d4_hh65
d72,d163_hh213
d72,d138_hh82
d72,d214_hh13
d72,d133_hh111
d72,d36_hh226
d72,d209_hh159
d72,d29_hh131
d72,d213_hh2
d72,d213_hh247
d72,d191_hh246
d72,d16_hh294
d72,d46_hh245
d72,d141_hh128
d72,d191_hh53
d72,d158_hh86
d72,d39_hh66
d72,d209_hh11
d72,d166_hh150
d72,d61_hh41
d72,d159_hh183
d72,d91_hh138
d72,d147_hh43
d72,d87_hh156
d72,d46_hh53
d72,d50_hh272
d72,d65_hh242
d72,d26_hh40
d72,d29_hh85
d72,d95_hh164
d72,d34_hh77
d72,d54_hh222
d72,d99_hh225
d72,d164_hh123
d72,d178_hh272
d72,d98_hh223
d72,d117_hh11
d72,d15_hh264
d72,d150_hh207
d72,d128_hh126
d72,d133_hh111
d72,d162_hh213
d72,d120_hh248
d72,d46_hh245
d72,d173_hh163
d72,d127_hh89
d72,d154_hh2
d72,d133_hh241
d72,d178_hh272
d72,d39_hh67
d72,d174_hh213
d72,d4_hh65
d72,d155_hh210
d72,d30_hh58
d72,d128_hh246
d72,d134_hh223
d72,d7_hh257
d72,d123_hh129
d72,d138_hh150
d72,d85_hh144
d72,d113_hh175
d72,d182_hh195
d72,d209_hh11
d72,d198_hh152
d72,d213_hh247
d72,d55_hh254
d72,d165_hh94
d72,d96_hh110
d72,d81_hh89
d72,d174_hh24
d72,d78_hh223
d72,d44_hh164
d72,d122_hh231
d72,d195_hh47
d72,d131_hh24
d72,d137_hh119
d72,d101_hh129
d72,d198_hh188
d72,d130_hh244
d72,d16_hh294
d72,d197_hh151
d72,d130_hh142
d72,d174_hh242
d72,d158_hh239
d72,d41_hh150
d72,d73_hh184
d72,d15_hh103
d72,d66_hh240
d72,d133_hh241
d72,d100_hh48
d72,d119_hh95
d72,d42_hh88
d72,d213_hh252
d72,d23_hh93
d72,d67_hh15
d72,d54_hh57
d72,d169_hh225
d72,d174_hh24
d72,d173_hh163
d72,d59_hh251
d72,d104_hh116
d72,d50_hh272
d72,d143_hh28
d72,d34_hh77
d72,d65_hh242
d72,d62_hh98
d72,d122_hh16
d72,d128_hh246
d72,d131_hh24
d72,d23_hh233
d72,d52_hh165
d72,d122_hh159
d72,d73_hh242
d72,d195_hh47
d72,d162_hh47
d72,d20_hh166
d72,d74_hh243
d72,d50_hh217
d72,d164_hh123
d72,d2_hh68
d72,d186_hh185
d72,d102_hh242
d72,d75_hh25
d72,d59_hh243
d72,d174_hh42
d72,d200_hh21
d72,d158_hh86
d72,d102_hh201
d72,d182_hh39
d72,d117_hh140
d72,d104_hh175
d72,d119_hh95
d72,d204_hh87
d72,d187_hh0
d72,d195_hh109
d72,d66_hh207
d72,d134_hh223
d72,d140_hh85
d72,d177_hh145
d72,d62_hh98
d72,d91_hh199
d72,d214_hh41
d72,d198_hh152
d72,d135_hh2
d72,d85_hh110
d72,d36_hh94
d72,d50_hh217
d72,d137_hh119
d72,d66_hh18
d72,d62_hh251
d72,d12_hh23
d72,d4_hh29
d72,d200_hh261
d72,d30_hh130
d72,d111_hh227
d72,d44_hh164
d72,d170_hh130
d72,d158_hh239
d72,d134_hh223
d70,d144_hh285
d70,d115_hh85
d70,d22_hh225
d70,d10_hh60
d70,d201_hh28
d70,d212_hh78
d70,d105_hh238
d70,d203_hh11
d70,d103_hh89
d70,d3_hh7
d70,d94_hh137
d70,d176_hh239
d70,d45_hh140
d70,d196_hh42
d70,d84_hh15
d70,d189_hh106
d70,d10_hh60
d70,d10_hh60
d70,d94_hh137
d70,d10_hh60
d70,d167_hh120
d70,d181_hh59
d70,d27_hh16
d70,d212_hh78
d70,d185_hh70
d70,d108_hh277
d70,d105_hh161
d70,d94_hh137
d70,d115_hh85
d70,d84_hh62
d70,d14_hh160
d70,d144_hh285
d70,d151_hh194
d70,d211_hh181
d70,d144_hh285
d70,d115_hh2
d70,d70_hh79
d70,d79_hh182
d70,d148_hh221
d70,d49_hh198
d70,d108_hh35
d70,d188_hh137
d70,d115_hh51
d70,d181_hh59
d70,d212_hh78
d70,d28_hh260
d70,d107_hh42
d70,d203_hh30
d70,d194_hh102
d70,d144_hh235
d70,d212_hh78
d70,d64_hh271
d70,d167_hh167
d70,d115_hh51
d70,d196_hh34
d70,d108_hh195
d70,d8_hh179
d70,d49_hh198
d70,d107_hh76
d70,d136_hh236
d70,d206_hh151
d70,d10_hh60
d70,d105_hh238
d70,d60_hh172
d70,d49_hh149
d70,d201_hh28
d70,d194_hh224
d70,d206_hh74
d70,d211_hh181
d70,d105_hh161
d70,d49_hh131
d70,d10_hh60
d70,d107_hh143
d70,d145_hh2
d70,d60_hh210
d70,d203_hh30
d70,d212_hh78
d70,d14_hh160
d70,d194_hh102
d70,d107_hh0
d70,d203_hh30
d70,d49_hh198
d70,d167_hh36
d70,d89_hh43
d70,d22_hh0
d70,d136_hh236
d70,d107_hh211
d70,d153_hh185
d70,d84_hh220
d70,d103_hh172
d70,d86_hh136
d70,d86_hh70
d70,d167_hh120
d70,d194_hh13
d70,d63_hh98
d70,d70_hh243
d70,d70_hh85
d70,d107_hh6
d70,d14_hh160
d70,d121_hh238
d70,d145_hh150
d70,d203_hh30
d70,d94_hh137
d70,d188_hh137
d70,d70_hh135
d70,d94_hh178
d70,d167_hh167
d70,d115_hh51
d70,d94_hh137
d70,d108_hh35
d70,d10_hh60
d70,d25_hh250
d70,d196_hh175
d70,d105_hh48
d70,d121_hh238
d70,d167_hh36
d70,d192_hh0
d70,d49_hh119
d70,d108_hh277
d70,d49_hh89
d70,d86_hh70
d70,d79_hh76
d70,d203_hh30
d70,d49_hh149
d70,d60_hh165
d70,d60_hh210
d70,d153_hh185
d70,d94_hh178
d70,d203_hh30
d70,d194_hh224
d70,d176_hh239
d70,d28_hh260
d70,d27_hh16
d70,d94_hh178
d70,d192_hh159
d70,d49_hh119
d70,d70_hh243
d70,d27_hh16
d70,d115_hh2
d70,d22_hh225
d70,d108_hh127
d70,d25_hh250
d70,d3_hh279
d70,d105_hh48
d70,d103_hh53
d70,d151_hh1
d70,d153_hh185
d70,d70_hh135
d70,d25_hh250
d70,d145_hh2
d70,d201_hh28
d70,d45_hh140
d70,d176_hh239
d70,d89_hh65
d70,d172_hh102
d70,d115_hh51
d70,d121_hh146
d70,d22_hh0
d70,d167_hh41
d70,d115_hh2
d70,d22_hh225
d70,d64_hh69
d70,d188_hh137
d70,d201_hh21
d70,d136_hh186
d70,d28_hh260
d70,d151_hh1
d70,d196_hh60
d70,d25_hh250
d70,d6_hh77
d70,d49_hh131
d70,d86_hh70
d70,d188_hh137
d70,d60_hh172
d70,d94_hh178
d70,d167_hh167
d70,d201_hh86
d70,d151_hh207
d70,d108_hh195
d70,d22_hh155
d70,d64_hh69
d70,d176_hh122
d70,d49_hh245
d70,d49_hh119
d70,d167_hh36
d70,d167_hh36
d70,d70_hh79
d70,d49_hh198
d70,d206_hh151
d70,d108_hh195
d70,d185_hh70
d70,d3_hh279
d70,d212_hh78
d70,d8_hh179
d70,d103_hh264
d70,d27_hh133
d70,d49_hh237
d70,d9_hh176
d70,d201_hh21
d70,d3_hh7
d70,d194_hh13
d70,d89_hh43
d70,d84_hh220
d70,d115_hh2
d70,d60_hh172
d70,d151_hh1
d70,d49_hh131
d70,d167_hh120
d70,d63_hh157
d70,d68_hh230
d70,d27_hh65
d70,d49_hh155
d70,d151_hh93
d70,d10_hh46
d70,d49_hh245
d70,d167_hh167
d70,d108_hh35
d70,d68_hh230
d70,d108_hh40
d70,d86_hh70
d70,d151_hh1
d70,d64_hh137
d70,d201_hh28
d70,d145_hh145
d70,d89_hh77
d70,d8_hh179
d70,d144_hh285
d70,d107_hh143
d70,d25_hh250
d70,d64_hh69
d70,d192_hh159
d70,d176_hh239
d70,d49_hh245
d70,d3_hh279
d70,d144_hh285
d70,d188_hh137
d70,d107_hh211
d70,d196_hh175
d70,d176_hh239
d70,d25_hh250
d70,d103_hh53
d70,d3_hh7
d70,d64_hh45
d70,d70_hh85
d70,d22_hh0
d70,d3_hh98
d70,d203_hh11
d70,d145_hh2
d70,d107_hh76
d70,d115_hh2
d70,d86_hh70
d70,d8_hh179
d70,d84_hh6
d70,d84_hh6
d70,d203_hh30
d70,d181_hh63
d70,d10_hh60
d70,d176_hh183
d70,d212_hh78
d70,d203_hh30
d70,d94_hh137
d70,d194_hh102
d70,d194_hh224
d70,d3_hh7
d70,d108_hh195
d70,d148_hh97
d70,d206_hh188
d70,d108_hh40
d70,d188_hh98
d70,d22_hh155
d70,d192_hh0
d70,d49_hh245
d70,d64_hh165
d70,d203_hh11
d70,d211_hh181
d70,d196_hh175
d70,d49_hh245
d70,d107_hh0
d70,d84_hh62
d70,d181_hh59
d70,d9_hh56
d70,d148_hh97
d70,d167_hh36
d70,d196_hh34
d70,d194_hh224
d70,d145_hh2
d70,d22_hh225
d70,d167_hh41
d70,d192_hh28
d70,d103_hh89
d71,d70_hh79
d71,d105_hh161
d71,d86_hh136
d71,d151_hh93
d71,d8_hh179
d71,d105_hh161
d71,d148_hh189
d71,d103_hh264
d71,d79_hh76
d71,d206_hh188
d71,d144_hh235
d71,d157_hh104
d71,d63_hh98
d71,d144_hh235
d71,d3_hh279
d71,d60_hh165
d71,d64_hh271
d71,d206_hh74
d71,d151_hh93
d71,d28_hh124
d71,d115_hh85
d71,d121_hh238
d71,d71_hh152
d71,d148_hh189
d71,d49_hh198
d71,d60_hh210
d71,d89_hh65
d71,d49_hh119
d71,d45_hh140
d71,d68_hh230
d71,d71_hh152
d71,d192_hh28
d71,d64_hh45
d71,d84_hh220
d71,d103_hh89
d71,d22_hh219
d71,d60_hh210
d71,d84_hh62
d71,d145_hh145
d71,d84_hh6
d71,d28_hh124
d71,d10_hh46
d71,d145_hh145
d71,d196_hh175
d71,d151_hh194
d71,d206_hh74
d71,d27_hh145
d71,d176_hh183
d71,d181_hh63
d71,d64_hh45
d71,d172_hh102
d71,d3_hh279
d71,d60_hh165
d71,d49_hh155
d71,d105_hh238
d71,d192_hh159
d71,d60_hh259
d71,d70_hh135
d71,d188_hh223
d71,d172_hh1
d71,d63_hh157
d71,d94_hh178
d71,d103_hh115
d71,d49_hh198
d71,d188_hh137
d71,d145_hh212
d71,d79_hh93
d71,d196_hh60
d71,d107_hh76
d71,d107_hh42
d71,d60_hh165
d71,d181_hh63
d71,d103_hh115
d71,d181_hh267
d71,d60_hh210
d71,d115_hh2
d71,d180_hh130
d71,d27_hh133
d71,d196_hh60
d71,d70_hh79
d71,d70_hh243
d71,d84_hh220
d71,d49_hh245
d71,d9_hh56
d71,d45_hh282
d71,d27_hh65
d71,d151_hh93
d71,d49_hh155
d71,d79_hh76
d71,d121_hh146
d71,d68_hh230
d71,d10_hh110
d71,d115_hh196
d71,d107_hh76
d71,d121_hh238
d71,d212_hh78
d71,d103_hh72
d71,d63_hh157
d71,d176_hh183
d71,d172_hh263
d71,d84_hh15
d71,d145_hh150
d71,d89_hh65
d71,d203_hh30
d71,d45_hh183
d71,d45_hh282
d71,d86_hh136
d71,d185_hh17
d71,d71_hh169
d71,d192_hh159
d71,d151_hh93
d71,d84_hh6
d71,d196_hh60
d71,d45_hh183
d71,d3_hh98
d71,d3_hh279
d71,d145_hh150
d71,d10_hh110
d71,d89_hh77
d71,d107_hh143
d71,d10_hh46
d71,d107_hh143
d71,d107_hh211
d71,d60_hh172
d71,d3_hh98
d71,d151_hh146
d71,d107_hh211
d71,d121_hh238
d71,d192_hh169
d71,d151_hh207
d71,d84_hh101
d71,d105_hh238
d71,d79_hh93
d71,d148_hh189
d71,d71_hh152
d71,d145_hh2
d71,d103_hh72
d71,d9_hh56
d71,d108_hh127
d71,d27_hh133
d71,d3_hh279
d71,d107_hh143
d71,d194_hh13
d71,d172_hh102
d71,d103_hh115
d71,d70_hh188
d71,d103_hh72
d71,d185_hh70
d71,d185_hh70
d71,d196_hh34
d71,d196_hh60
d71,d63_hh98
d71,d22_hh225
d71,d107_hh211
d71,d107_hh6
d71,d3_hh7
d71,d180_hh130
d71,d79_hh76
d71,d172_hh263
d71,d45_hh9
d71,d10_hh46
d71,d185_hh17
d71,d148_hh97
d71,d185_hh17
d71,d145_hh145
d71,d49_hh131
d71,d86_hh136
d71,d151_hh93
d71,d108_hh277
d71,d201_hh21
d71,d151_hh194
d71,d185_hh70
d71,d45_hh282
d71,d6_hh77
d71,d148_hh98
d71,d176_hh122
d71,d64_hh45
d71,d107_hh6
d71,d94_hh178
d71,d60_hh165
d71,d181_hh59
d71,d206_hh283
d71,d206_hh283
d71,d3_hh98
d71,d189_hh237
d71,d49_hh198
d71,d79_hh93
d71,d148_hh82
d71,d63_hh98
d71,d10_hh46
d71,d84_hh62
d71,d8_hh179
d71,d79_hh76
d71,d49_hh119
d71,d192_hh0
d71,d70_hh135
d71,d181_hh63
d71,d45_hh282
d71,d151_hh146
d71,d188_hh137
d71,d60_hh210
d71,d103_hh175
d71,d151_hh207
d71,d148_hh98
d71,d145_hh145
d71,d151_hh146
d71,d145_hh2
d71,d71_hh292
d71,d151_hh146
d71,d144_hh235
d71,d64_hh271
d71,d203_hh11
d71,d64_hh271
d71,d64_hh271
d71,d27_hh16
d71,d9_hh176
d71,d192_hh169
d71,d60_hh259
d71,d151_hh207
d71,d121_hh146
d71,d144_hh285
d71,d63_hh98
d71,d181_hh59
d71,d172_hh1
d71,d185_hh17
d71,d196_hh175
d71,d45_hh9
d71,d71_hh169
d71,d115_hh196
d71,d3_hh279
d71,d49_hh119
d71,d107_hh6
d71,d145_hh2
d71,d105_hh161
d71,d103_hh53
d71,d108_hh40
d71,d196_hh60
d71,d121_hh238
d71,d105_hh238
d71,d136_hh236
d71,d107_hh0
d71,d181_hh267
d71,d89_hh77
d71,d45_hh183
d71,d148_hh82
d71,d71_hh152
d71,d27_hh145
d71,d144_hh235
d71,d28_hh124
d71,d206_hh74
d71,d103_hh53
d71,d145_hh150
d71,d64_hh137
d71,d45_hh9
d71,d206_hh256
d71,d28_hh124
d71,d28_hh124
d71,d185_hh70
d71,d45_hh9
d71,d107_hh143
d71,d27_hh133
d71,d107_hh6
d71,d79_hh93
d71,d49_hh245
d71,d201_hh21
d71,d176_hh122
d71,d145_hh150
d71,d148_hh98
d71,d63_hh98
d71,d3_hh279
d71,d107_hh143
d71,d196_hh42
d71,d194_hh102
d71,d70_hh85
d71,d145_hh145
d71,d79_hh182
d71,d145_hh150
d71,d63_hh98
d71,d108_hh277
d71,d6_hh77
d71,d64_hh133
d71,d194_hh102
d71,d103_hh89
d71,d181_hh267
d71,d64_hh165
d71,d45_hh282
d71,d115_hh196
d71,d107_hh260
d71,d60_hh165
d71,d148_hh97
d71,d28_hh124
d71,d79_hh76
d71,d185_hh70
d71,d68_hh230
d71,d189_hh80
d71,d148_hh189
d71,d94_hh137
d73,d117_hh74
d73,d209_hh244
d73,d182_hh39
d73,d54_hh57
d73,d91_hh21
d73,d182_hh74
d73,d57_hh286
d73,d198_hh152
d73,d66_hh240
d73,d195_hh109
d73,d2_hh180
d73,d123_hh106
d73,d59_hh243
d73,d120_hh248
d73,d67_hh15
d73,d123_hh160
d73,d209_hh11
d73,d162_hh47
d73,d54_hh61
d73,d88_hh36
d73,d177_hh163
d73,d38_hh159
d73,d20_hh166
d73,d15_hh103
d73,d202_hh90
d73,d125_hh135
d73,d53_hh3
d73,d162_hh213
d73,d62_hh259
d73,d150_hh203
d73,d199_hh71
d73,d191_hh246
d73,d114_hh47
d73,d23_hh233
d73,d80_hh186
d73,d163_hh145
d73,d128_hh28
d73,d162_hh213
d73,d95_hh56
d73,d131_hh24
d73,d43_hh125
d73,d214_hh210
d73,d31_hh139
d73,d178_hh272
d73,d78_hh223
d73,d80_hh236
d73,d214_hh210
d73,d12_hh23
d73,d174_hh42
d73,d2_hh287
d73,d102_hh242
d73,d177_hh145
d73,d18_hh137
d73,d154_hh2
d73,d198_hh152
d73,d104_hh270
d73,d208_hh253
d73,d44_hh164
d73,d147_hh54
d73,d133_hh111
d73,d175_hh131
d73,d88_hh36
d73,d52_hh115
d73,d161_hh21
d73,d174_hh24
d73,d215_hh105
d73,d39_hh66
d73,d54_hh222
d73,d102_hh200
d73,d95_hh205
d73,d117_hh74
d73,d2_hh287
d73,d130_hh142
d73,d75_hh216
d73,d41_hh71
d73,d35_hh263
d73,d97_hh26
d73,d120_hh161
d73,d2_hh68
d73,d85_hh110
d73,d80_hh106
d73,d170_hh130
d73,d53_hh3
d73,d133_hh135
d73,d174_hh213
d73,d50_hh217
d73,d99_hh225
d73,d200_hh21
d73,d122_hh16
d73,d138_hh83
d73,d198_hh188
d73,d119_hh177
d73,d17_hh12
d73,d34_hh160
d73,d85_hh184
d73,d55_hh94
d73,d80_hh186
d73,d119_hh177
d73,d66_hh207
d73,d127_hh89
d73,d182_hh74
d73,d130_hh142
d73,d100_hh145
d73,d187_hh61
d73,d123_hh106
d73,d54_hh61
d73,d30_hh130
d73,d34_hh77
d73,d149_hh14
d73,d122_hh16
d73,d199_hh180
d73,d132_hh46
d73,d55_hh94
d73,d15_hh22
d73,d171_hh71
d73,d209_hh219
d73,d191_hh53
d73,d38_hh165
d73,d15_hh103
d73,d117_hh74
d73,d111_hh227
d73,d75_hh53
d73,d26_hh40
d73,d17_hh228
d73,d209_hh244
d73,d88_hh195
d73,d173_hh262
d73,d15_hh264
d73,d62_hh22
d73,d41_hh163
d73,d38_hh159
d73,d137_hh119
d73,d55_hh94
d73,d4_hh65
d73,d43_hh125
d73,d31_hh139
d73,d39_hh154
d73,d62_hh98
d73,d179_hh1
d73,d125_hh3
d73,d50_hh7
d73,d119_hh64
d73,d179_hh1
d73,d51_hh151
d73,d160_hh88
d73,d125_hh3
d73,d174_hh213
d73,d44_hh38
d73,d147_hh169
d73,d198_hh152
d73,d175_hh131
d73,d200_hh77
d73,d124_hh40
d73,d30_hh130
d73,d213_hh247
d73,d100_hh48
d73,d66_hh207
d73,d213_hh2
d73,d118_hh244
d73,d74_hh15
d73,d174_hh242
d73,d53_hh3
d73,d93_hh18
d73,d126_hh263
d73,d193_hh138
d73,d127_hh89
d73,d100_hh63
d73,d13_hh58
d73,d104_hh270
d73,d164_hh123
d73,d202_hh205
d73,d80_hh186
d73,d52_hh115
d73,d91_hh138
d73,d125_hh135
d73,d141_hh129
d73,d170_hh130
d73,d23_hh156
d73,d15_hh103
d73,d83_hh204
d73,d160_hh88
d73,d4_hh80
d73,d57_hh216
d73,d171_hh23
d73,d207_hh191
d73,d118_hh118
d73,d59_hh112
d73,d78_hh223
d73,d42_hh202
d73,d39_hh99
d73,d54_hh189
d73,d127_hh89
d73,d195_hh47
d73,d31_hh127
d73,d98_hh100
d73,d208_hh168
d73,d43_hh125
d73,d150_hh207
d73,d62_hh259
d73,d87_hh245
d73,d120_hh161
d73,d21_hh90
d73,d133_hh111
d73,d214_hh41
d73,d57_hh166
d73,d46_hh194
d73,d15_hh210
d73,d65_hh29
d73,d134_hh270
d73,d177_hh163
d73,d11_hh128
d73,d34_hh160
d73,d16_hh294
d73,d73_hh184
d73,d119_hh24
d73,d143_hh241
d73,d178_hh272
d73,d106_hh207
d73,d91_hh138
d73,d53_hh147
d73,d114_hh47
d73,d123_hh57
d73,d23_hh204
d73,d200_hh77
d73,d141_hh128
d73,d41_hh163
d73,d166_hh24
d73,d159_hh183
d73,d171_hh23
d73,d213_hh252
d73,d140_hh85
d73,d161_hh21
d73,d31_hh139
d73,d15_hh210
d73,d91_hh21
d73,d66_hh213
d73,d29_hh85
d73,d67_hh15
d73,d5_hh5
d73,d66_hh18
d73,d120_hh269
d73,d133_hh135
d73,d173_hh262
d73,d169_hh216
d73,d52_hh115
d73,d33_hh58
d73,d90_hh233
d73,d198_hh152
d73,d43_hh125
d73,d15_hh22
d73,d100_hh63
d73,d91_hh138
d82,d23_hh21
d82,d44_hh38
d82,d158_hh107
d82,d46_hh245
d82,d131_hh180
d82,d187_hh87
d82,d138_hh150
d82,d141_hh129
d82,d52_hh115
d82,d46_hh194
d82,d111_hh227
d82,d91_hh138
d82,d4_hh29
d82,d213_hh125
d82,d130_hh142
d82,d171_hh23
d82,d98_hh84
d82,d95_hh56
d82,d165_hh94
d82,d17_hh12
d82,d120_hh248
d82,d54_hh222
d82,d147_hh54
d82,d106_hh207
d82,d112_hh8
d82,d96_hh110
d82,d57_hh16
d82,d165_hh94
d82,d95_hh201
d82,d104_hh270
d82,d131_hh205
d82,d138_hh150
d82,d158_hh86
d82,d54_hh222
d82,d161_hh21
d82,d131_hh205
d82,d165_hh94
d82,d195_hh47
d82,d11_hh128
d82,d147_hh169
d82,d161_hh185
d82,d18_hh227
d82,d65_hh101
d82,d159_hh183
d82,d50_hh272
d82,d182_hh74
d82,d34_hh160
d82,d141_hh27
d82,d119_hh177
d82,d85_hh184
d82,d66_hh14
d82,d209_hh219
d82,d130_hh244
d82,d162_hh213
d82,d91_hh21
d82,d80_hh186
d82,d193_hh138
d82,d186_hh185
d82,d123_hh160
d82,d170_hh117
d82,d21_hh105
d82,d39_hh66
d82,d15_hh80
d82,d11_hh128
d82,d16_hh287
d82,d80_hh186
d82,d141_hh129
d82,d169_hh199
d82,d30_hh267
d82,d17_hh228
d82,d104_hh116
d82,d143_hh241
d82,d158_hh107
d82,d31_hh34
d82,d36_hh226
d82,d36_hh94
d82,d112_hh8
d82,d62_hh251
d82,d117_hh74
d82,d29_hh243
d82,d209_hh244
d82,d166_hh239
d82,d57_hh286
d82,d200_hh21
d82,d11_hh53
d82,d195_hh19
d82,d42_hh185
d82,d149_hh107
d82,d57_hh250
d82,d95_hh56
d82,d56_hh174
d82,d209_hh244
d82,d191_hh246
d82,d26_hh40
d82,d26_hh40
d82,d90_hh207
d82,d54_hh218
d82,d30_hh130
d82,d77_hh123
d82,d111_hh227
d82,d197_hh151
d82,d40_hh152
d82,d158_hh86
d82,d21_hh90
d82,d46_hh245
d82,d200_hh261
d82,d90_hh233
d82,d123_hh106
d82,d158_hh86
d82,d7_hh257
d82,d195_hh19
d82,d40_hh152
d82,d39_hh67
d82,d195_hh109
d82,d130_hh142
d82,d200_hh261
d82,d83_hh193
d82,d20_hh166
d82,d175_hh131
d82,d7_hh257
d82,d2_hh287
d82,d158_hh239
d82,d187_hh42
d82,d69_hh240
d82,d198_hh152
d82,d46_hh12
d82,d166_hh164
d82,d75_hh25
d82,d178_hh157
d82,d98_hh100
d82,d46_hh245
d82,d54_hh222
d82,d178_hh157
d82,d159_hh64
d82,d182_hh74
d82,d111_hh131
d82,d50_hh217
d82,d15_hh103
d82,d209_hh219
d82,d197_hh151
d82,d187_hh42
d82,d161_hh21
d82,d215_hh105
d82,d177_hh163
d82,d200_hh261
d82,d16_hh287
d82,d21_hh90
d82,d178_hh173
d82,d41_hh163
d82,d134_hh270
d82,d20_hh166
d82,d213_hh252
d82,d17_hh228
d82,d213_hh2
d82,d61_hh41
d82,d128_hh28
d82,d202_hh264
d82,d62_hh22
d82,d98_hh177
d82,d170_hh117
d82,d118_hh173
d82,d15_hh264
d82,d178_hh173
d82,d213_hh2
d82,d171_hh23
d82,d134_hh223
d82,d138_hh83
d82,d141_hh128
d82,d59_hh243
d82,d160_hh0
d82,d200_hh102
d82,d91_hh90
d82,d36_hh94
d82,d104_hh270
d82,d42_hh185
d82,d21_hh90
d82,d62_hh98
d82,d15_hh103
d82,d214_hh47
d82,d23_hh233
d82,d23_hh93
d82,d214_hh47
d82,d213_hh125
d82,d51_hh151
d82,d66_hh213
d82,d104_hh175
d82,d186_hh185
d82,d155_hh210
d82,d50_hh217
d82,d182_hh195
d82,d214_hh210
d82,d66_hh207
d82,d207_hh219
d82,d200_hh102
d82,d72_hh42
d82,d195_hh47
d82,d90_hh151
d82,d54_hh218
d82,d114_hh66
d82,d171_hh88
d82,d166_hh150
d82,d75_hh216
d82,d97_hh26
d82,d200_hh261
d82,d74_hh107
d82,d75_hh227
d82,d35_hh263
d82,d202_hh90
d82,d35_hh263
d82,d16_hh294
d82,d4_hh29
d82,d91_hh21
d82,d59_hh112
d82,d23_hh233
d82,d155_hh151
d82,d102_hh242
d82,d77_hh123
d82,d4_hh87
d82,d62_hh259
d82,d113_hh175
d82,d174_hh213
d82,d4_hh80
d82,d159_hh64
d82,d50_hh249
d82,d54_hh218
d82,d118_hh173
d82,d72_hh208
d82,d184_hh158
d82,d97_hh156
d82,d46_hh194
d82,d97_hh156
d82,d17_hh213
d82,d20_hh166
d82,d55_hh254
d82,d11_hh53
d82,d38_hh165
d82,d26_hh40
d82,d155_hh148
d82,d118_hh173
d82,d177_hh163
d82,d122_hh159
d82,d118_hh118
d82,d93_hh18
d82,d97_hh156
d82,d50_hh217
d82,d31_hh34
d82,d34_hh160
d82,d54_hh152
d82,d171_hh71
d82,d110_hh252
d82,d51_hh231
d82,d123_hh106
d82,d51_hh231
d82,d171_hh88
d82,d199_hh180
d82,d4_hh80
d82,d178_hh272
d82,d23_hh233
d82,d165_hh107
d82,d13_hh58
d82,d91_hh199
d82,d46_hh69
d82,d214_hh70
d82,d191_hh246
d82,d178_hh272
d82,d213_hh247
d82,d158_hh239
d82,d100_hh145
d82,d140_hh85
d82,d17_hh213
d82,d215_hh105
d82,d207_hh191
d82,d208_hh168
d82,d125_hh135
d82,d57_hh250
d82,d51_hh231
d82,d182_hh39
d82,d54_hh61
d82,d29_hh131
d82,d147_hh54
d82,d118_hh173
d82,d182_hh149
d82,d161_hh203
d82,d57_hh250
d82,d165_hh94
d82,d122_hh144
d82,d191_hh246
d82,d50_hh249
d82,d214_hh41
d82,d158_hh86
d82,d205_hh196
d82,d74_hh243
d82,d210_hh200
d82,d52_hh115
d82,d126_hh263
d82,d59_hh184
d74,d97_hh156
d74,d169_hh225
d74,d200_hh102
d74,d41_hh163
d74,d98_hh245
d74,d102_hh201
d74,d41_hh163
d74,d34_hh77
d74,d193_hh85
d74,d98_hh100
d74,d39_hh67
d74,d143_hh241
d74,d159_hh183
d74,d175_hh52
d74,d199_hh71
d74,d20_hh166
d74,d199_hh180
d74,d75_hh25
d74,d122_hh16
d74,d98_hh223
d74,d213_hh247
d74,d23_hh156
d74,d31_hh139
d74,d57_hh16
d74,d166_hh150
d74,d15_hh76
d74,d210_hh200
d74,d66_hh18
d74,d50_hh217
d74,d72_hh42
d74,d23_hh93
d74,d80_hh106
d74,d161_hh185
d74,d214_hh210
d74,d169_hh225
d74,d128_hh246
d74,d31_hh139
d74,d95_hh56
d74,d202_hh205
d74,d61_hh155
d74,d214_hh70
d74,d90_hh207
d74,d23_hh156
d74,d169_hh199
d74,d162_hh213
d74,d174_hh242
d74,d67_hh15
d74,d87_hh245
d74,d65_hh29
d74,d111_hh227
d74,d67_hh15
d74,d210_hh200
d74,d163_hh213
d74,d204_hh239
d74,d195_hh19
d74,d162_hh213
d74,d160_hh88
d74,d171_hh23
d74,d12_hh23
d74,d175_hh131
d74,d165_hh94
d74,d65_hh242
d74,d140_hh85
d74,d177_hh163
d74,d202_hh264
d74,d35_hh2
d74,d15_hh210
d74,d182_hh149
d74,d204_hh56
d74,d97_hh26
d74,d44_hh164
d74,d110_hh193
d74,d78_hh223
d74,d204_hh239
d74,d169_hh199
d74,d98_hh84
d74,d134_hh223
d74,d59_hh112
d74,d54_hh152
d74,d21_hh105
d74,d44_hh164
d74,d95_hh205
d74,d182_hh195
d74,d93_hh18
d74,d199_hh49
d74,d187_hh61
d74,d74_hh107
d74,d83_hh153
d74,d119_hh222
d74,d17_hh228
d74,d208_hh168
d74,d21_hh105
d74,d120_hh248
d74,d117_hh74
d74,d100_hh145
d74,d59_hh251
d74,d186_hh185
d74,d197_hh151
d74,d57_hh250
d74,d125_hh135
d74,d175_hh131
d74,d19_hh38
d74,d123_hh104
d74,d51_hh151
d74,d141_hh128
d74,d132_hh76
d74,d69_hh240
d74,d35_hh263
d74,d62_hh251
d74,d178_hh191
d74,d164_hh123
d74,d23_hh156
d74,d23_hh21
d74,d109_hh88
d74,d43_hh125
d74,d131_hh24
d74,d62_hh22
d74,d147_hh54
d74,d111_hh227
d74,d131_hh102
d74,d91_hh178
d74,d98_hh223
d74,d56_hh262
d74,d55_hh94
d74,d208_hh240
d74,d187_hh0
d74,d38_hh165
d74,d73_hh242
d74,d187_hh0
d74,d174_hh213
d74,d171_hh88
d74,d162_hh213
d74,d202_hh264
d74,d102_hh242
d74,d123_hh104
d74,d40_hh200
d74,d75_hh102
d74,d154_hh2
d74,d85_hh110
d74,d161_hh21
d74,d29_hh243
d74,d54_hh44
d74,d200_hh102
d74,d15_hh264
d74,d118_hh244
d74,d96_hh145
d74,d74_hh107
d74,d170_hh117
d74,d182_hh195
d74,d42_hh185
d74,d91_hh21
d74,d2_hh180
d74,d163_hh213
d74,d112_hh8
d74,d83_hh204
d74,d83_hh117
d74,d15_hh210
d74,d152_hh168
d74,d101_hh129
d74,d182_hh74
d74,d195_hh109
d74,d135_hh2
d74,d26_hh40
d74,d128_hh246
d74,d138_hh150
d74,d4_hh65
d74,d61_hh155
d74,d120_hh269
d74,d85_hh144
d74,d174_hh242
d74,d158_hh107
d74,d162_hh213
d74,d62_hh251
d74,d118_hh244
d74,d34_hh160
d74,d91_hh199
d74,d15_hh103
d74,d131_hh174
d74,d191_hh246
d74,d131_hh174
d74,d54_hh189
d74,d87_hh156
d74,d42_hh88
d74,d101_hh155
d74,d126_hh167
d74,d83_hh117
d74,d75_hh216
d74,d155_hh151
d74,d101_hh129
d74,d2_hh173
d74,d54_hh218
d74,d67_hh209
d74,d23_hh21
d74,d33_hh58
d74,d208_hh253
d74,d46_hh12
d74,d57_hh207
d74,d124_hh40
d74,d21_hh97
d74,d46_hh53
d74,d120_hh248
d74,d17_hh213
d74,d131_hh205
d74,d171_hh23
d74,d97_hh26
d74,d120_hh248
d74,d41_hh206
d74,d158_hh86
d74,d42_hh88
d74,d15_hh22
d74,d147_hh43
d74,d41_hh71
d74,d100_hh145
d74,d114_hh47
d74,d191_hh53
d74,d155_hh148
d74,d98_hh245
d74,d204_hh87
d74,d208_hh240
d74,d197_hh151
d74,d17_hh228
d74,d195_hh47
d74,d50_hh249
d74,d41_hh163
d74,d120_hh248
d74,d182_hh74
d74,d195_hh109
d74,d48_hh118
d74,d17_hh228
d74,d123_hh129
d74,d198_hh188
d74,d118_hh173
d74,d198_hh136
d74,d59_hh251
d74,d62_hh98
d74,d165_hh94
d74,d17_hh106
d74,d42_hh88
d74,d187_hh61
d74,d184_hh158
d74,d119_hh177
d74,d75_hh53
d74,d66_hh207
d74,d138_hh82
d74,d23_hh156
d74,d135_hh17
d74,d214_hh41
d74,d209_hh254
d74,d72_hh42
d74,d56_hh174
d74,d182_hh149
d74,d62_hh22
d74,d95_hh205
d74,d160_hh88
d74,d191_hh246
d74,d104_hh58
d74,d138_hh82
d74,d178_hh173
d74,d95_hh164
d74,d177_hh163
d74,d152_hh29
d74,d36_hh94
d74,d126_hh263
d74,d133_hh241
d74,d204_hh87
d74,d137_hh106
d74,d74_hh243
d74,d202_hh170
d74,d143_hh28
d74,d61_hh155
d74,d59_hh243
d74,d17_hh213
d74,d126_hh263
d74,d200_hh261
d74,d200_hh102
d74,d54_hh222
d74,d2_hh68
d84,d70_hh85
d84,d84_hh101
d84,d27_hh145
d84,d206_hh283
d84,d71_hh152
d84,d49_hh131
d84,d144_hh235
d84,d172_hh1
d84,d8_hh179
d84,d115_hh2
d84,d192_hh28
d84,d107_hh211
d84,d108_hh277
d84,d105_hh161
d84,d84_hh101
d84,d84_hh220
d84,d49_hh131
d84,d107_hh143
d84,d86_hh114
d84,d151_hh93
d84,d144_hh285
d84,d45_hh282
d84,d27_hh145
d84,d49_hh119
d84,d45_hh140
d84,d86_hh136
d84,d22_hh219
d84,d145_hh150
d84,d176_hh239
d84,d3_hh7
d84,d145_hh150
d84,d84_hh101
d84,d86_hh136
d84,d206_hh151
d84,d64_hh45
d84,d103_hh115
d84,d64_hh165
d84,d27_hh145
d84,d64_hh137
d84,d180_hh130
d84,d176_hh122
d84,d206_hh188
d84,d64_hh165
d84,d64_hh137
d84,d172_hh1
d84,d64_hh271
d84,d71_hh292
d84,d64_hh45
d84,d45_hh282
d84,d60_hh165
d84,d196_hh34
d84,d145_hh212
d84,d189_hh237
d84,d70_hh135
d84,d188_hh223
d84,d49_hh198
d84,d206_hh283
d84,d121_hh146
d84,d86_hh136
d84,d84_hh101
d84,d22_hh155
d84,d201_hh86
d84,d201_hh28
d84,d89_hh43
d84,d84_hh6
d84,d79_hh93
d84,d49_hh155
d84,d172_hh102
d84,d148_hh82
d84,d121_hh146
d84,d206_hh151
d84,d189_hh237
d84,d60_hh172
d84,d49_hh155
d84,d196_hh34
d84,d27_hh145
d84,d103_hh115
d84,d196_hh34
d84,d172_hh102
d84,d70_hh243
d84,d22_hh155
d84,d196_hh42
d84,d64_hh133
d84,d136_hh236
d84,d192_hh159
d84,d79_hh182
d84,d103_hh72
d84,d167_hh167
d84,d49_hh155
d84,d60_hh210
d84,d176_hh183
d84,d105_hh238
d84,d45_hh183
d84,d84_hh101
d84,d94_hh137
d84,d192_hh169
d84,d167_hh36
d84,d103_hh53
d84,d176_hh239
d84,d22_hh155
d84,d68_hh230
d84,d108_hh127
d84,d10_hh110
d84,d180_hh130
d84,d89_hh77
d84,d185_hh17
d84,d105_hh161
d84,d151_hh93
d84,d145_hh2
d84,d64_hh271
d84,d206_hh283
d84,d148_hh82
d84,d49_hh237
d84,d64_hh271
d84,d148_hh98
d84,d151_hh194
d84,d84_hh62
d84,d9_hh176
d84,d49_hh155
d84,d151_hh93
d84,d71_hh152
d84,d45_hh183
d84,d60_hh210
d84,d121_hh146
d84,d86_hh136
d84,d27_hh145
d84,d103_hh175
d84,d64_hh165
d84,d22_hh219
d84,d86_hh136
d84,d196_hh34
d84,d144_hh235
d84,d206_hh151
d84,d22_hh0
d84,d28_hh260
d84,d180_hh34
d84,d196_hh34
d84,d45_hh140
d84,d188_hh223
d84,d196_hh42
d84,d84_hh101
d84,d49_hh198
d84,d108_hh127
d84,d196_hh42
d84,d10_hh60
d84,d145_hh150
d84,d94_hh137
d84,d10_hh110
d84,d49_hh198
d84,d145_hh145
d84,d60_hh165
d84,d10_hh110
d84,d60_hh172
d84,d45_hh9
d84,d94_hh137
d84,d176_hh183
d84,d71_hh292
d84,d206_hh74
d84,d94_hh178
d84,d206_hh74
d84,d107_hh260
d84,d103_hh89
d84,d64_hh271
d84,d49_hh155
d84,d3_hh279
d84,d145_hh150
d84,d151_hh207
d84,d189_hh237
d84,d22_hh155
d84,d84_hh6
d84,d84_hh15
d84,d121_hh146
d84,d185_hh17
d84,d64_hh165
d84,d71_hh152
d84,d3_hh98
d84,d196_hh42
d84,d103_hh115
d84,d60_hh165
d84,d105_hh161
d84,d49_hh89
d84,d108_hh277
d84,d89_hh65
d84,d145_hh2
d84,d71_hh292
d84,d181_hh63
d84,d63_hh98
d84,d121_hh146
d84,d151_hh194
d84,d151_hh207
d84,d84_hh62
d84,d108_hh277
d84,d60_hh165
d84,d45_hh282
d84,d148_hh189
d84,d206_hh151
d84,d45_hh9
d84,d64_hh137
d84,d22_hh219
d84,d84_hh62
d84,d79_hh93
d84,d107_hh211
d84,d144_hh235
d84,d145_hh212
d84,d89_hh65
d84,d203_hh11
d84,d145_hh2
d84,d196_hh60
d84,d94_hh137
d84,d108_hh127
d84,d107_hh6
d84,d121_hh146
d84,d103_hh72
d84,d121_hh238
d84,d176_hh122
d84,d10_hh46
d84,d79_hh76
d84,d45_hh183
d84,d49_hh237
d84,d3_hh98
d84,d71_hh152
d84,d206_hh74
d84,d45_hh9
d84,d49_hh131
d84,d79_hh182
d84,d10_hh46
d84,d180_hh34
d84,d105_hh238
d84,d148_hh98
d84,d189_hh237
d84,d70_hh135
d84,d64_hh137
d84,d105_hh161
d84,d63_hh98
d84,d60_hh165
d84,d151_hh146
d84,d105_hh238
d84,d107_hh211
d84,d27_hh145
d84,d192_hh0
d84,d6_hh77
d84,d206_hh188
d84,d84_hh220
d84,d60_hh165
d84,d172_hh1
d84,d10_hh60
d84,d60_hh165
d84,d148_hh82
d84,d45_hh282
d84,d206_hh256
d84,d94_hh178
d84,d148_hh189
d84,d49_hh198
d84,d84_hh15
d84,d45_hh282
d84,d105_hh48
d84,d45_hh183
d84,d71_hh152
d84,d201_hh21
d84,d89_hh65
d84,d84_hh101
d84,d3_hh7
d84,d206_hh256
d84,d167_hh167
d84,d148_hh82
d84,d148_hh82
d84,d189_hh80
d84,d206_hh188
d84,d71_hh169
d84,d103_hh89
d84,d115_hh196
d84,d6_hh77
d84,d49_hh198
d84,d45_hh282
d84,d49_hh119
d84,d71_hh292
d84,d94_hh178
d84,d84_hh62
d84,d84_hh220
d84,d86_hh114
d84,d103_hh72
d77,d131_hh24
d77,d41_hh150
d77,d15_hh76
d77,d169_hh216
d77,d104_hh175
d77,d174_hh24
d77,d2_hh180
d77,d83_hh193
d77,d123_hh160
d77,d15_hh264
d77,d51_hh151
d77,d202_hh264
d77,d83_hh153
d77,d193_hh138
d77,d186_hh185
d77,d35_hh263
d77,d174_hh213
d77,d81_hh89
d77,d51_hh231
d77,d178_hh272
d77,d118_hh118
d77,d171_hh71
d77,d7_hh257
d77,d204_hh56
d77,d128_hh126
d77,d17_hh213
d77,d135_hh17
d77,d16_hh294
d77,d213_hh125
d77,d202_hh264
d77,d75_hh216
d77,d190_hh38
d77,d140_hh85
d77,d26_hh40
d77,d102_hh201
d77,d16_hh294
d77,d140_hh85
d77,d214_hh13
d77,d39_hh99
d77,d126_hh263
d77,d99_hh225
d77,d17_hh213
d77,d131_hh205
d77,d182_hh74
d77,d50_hh272
d77,d36_hh94
d77,d15_hh103
d77,d128_hh28
d77,d52_hh115
d77,d138_hh150
d77,d13_hh58
d77,d15_hh210
d77,d46_hh245
d77,d182_hh229
d77,d179_hh1
d77,d75_hh216
d77,d100_hh63
d77,d104_hh270
d77,d31_hh34
d77,d150_hh207
d77,d130_hh244
d77,d209_hh244
d77,d209_hh244
d77,d54_hh57
d77,d54_hh57
d77,d54_hh61
d77,d85_hh144
d77,d164_hh122
d77,d128_hh28
d77,d131_hh102
d77,d208_hh253
d77,d39_hh66
d77,d122_hh144
d77,d24_hh176
d77,d2_hh287
d77,d213_hh2
d77,d213_hh62
d77,d198_hh152
d77,d59_hh243
d77,d62_hh98
d77,d208_hh240
d77,d80_hh106
d77,d209_hh159
d77,d123_hh119
d77,d75_hh264
d77,d106_hh207
d77,d51_hh231
d77,d120_hh248
d77,d21_hh90
d77,d100_hh63
d77,d5_hh5
d77,d46_hh69
d77,d158_hh239
d77,d165_hh94
d77,d131_hh24
d77,d178_hh191
d77,d75_hh25
d77,d66_hh18
d77,d174_hh242
d77,d2_hh151
d77,d30_hh58
d77,d59_hh184
d77,d85_hh144
d77,d114_hh47
d77,d210_hh200
d77,d197_hh151
d77,d4_hh29
d77,d169_hh216
d77,d141_hh27
d77,d132_hh188
d77,d91_hh199
d77,d54_hh218
d77,d98_hh84
d77,d182_hh229
d77,d56_hh262
d77,d158_hh86
d77,d191_hh246
d77,d155_hh18
d77,d129_hh122
d77,d74_hh243
d77,d195_hh47
d77,d12_hh23
d77,d164_hh123
d77,d73_hh242
d77,d75_hh25
d77,d123_hh104
d77,d214_hh41
d77,d66_hh213
d77,d74_hh142
d77,d209_hh254
d77,d122_hh159
d77,d199_hh180
d77,d75_hh227
d77,d34_hh77
d77,d193_hh138
d77,d209_hh254
d77,d109_hh67
d77,d106_hh207
d77,d98_hh223
d77,d18_hh137
d77,d102_hh242
d77,d202_hh90
d77,d191_hh53
d77,d21_hh105
d77,d187_hh7
d77,d137_hh119
d77,d165_hh94
d77,d104_hh116
d77,d132_hh188
d77,d193_hh85
d77,d34_hh160
d77,d127_hh89
d77,d41_hh150
d77,d213_hh2
d77,d193_hh138
d77,d191_hh246
d77,d158_hh136
d77,d100_hh145
d77,d98_hh177
d77,d207_hh191
d77,d119_hh177
d77,d139_hh214
d77,d54_hh222
d77,d147_hh54
d77,d123_hh106
d77,d83_hh76
d77,d23_hh21
d77,d91_hh21
d77,d131_hh102
d77,d132_hh76
d77,d178_hh191
d77,d207_hh219
d77,d90_hh151
d77,d158_hh239
d77,d187_hh42
d77,d53_hh3
d77,d57_hh16
d77,d213_hh247
d77,d120_hh248
d77,d133_hh241
d77,d207_hh219
d77,d81_hh89
d77,d155_hh151
d77,d52_hh33
d77,d31_hh34
d77,d128_hh246
d77,d182_hh229
d77,d169_hh190
d77,d132_hh44
d77,d44_hh164
d77,d214_hh210
d77,d138_hh83
d77,d2_hh68
d77,d93_hh18
d77,d158_hh239
d77,d166_hh164
d77,d133_hh111
d77,d170_hh117
d77,d132_hh76
d77,d66_hh207
d77,d4_hh29
d77,d177_hh163
d77,d199_hh49
d77,d178_hh157
d77,d66_hh207
d77,d179_hh1
d77,d17_hh228
d77,d102_hh201
d77,d12_hh23
d77,d31_hh139
d77,d182_hh229
d77,d67_hh15
d77,d160_hh88
d77,d131_hh205
d77,d129_hh122
d77,d67_hh209
d77,d91_hh138
d77,d24_hh92
d77,d59_hh184
d77,d155_hh151
d77,d41_hh150
d77,d54_hh61
d77,d143_hh241
d77,d140_hh85
d77,d171_hh88
d77,d96_hh145
d77,d125_hh3
d77,d91_hh199
d77,d205_hh196
d77,d164_hh122
d77,d141_hh128
d77,d193_hh85
d77,d155_hh151
d77,d198_hh136
d77,d187_hh42
d77,d23_hh204
d77,d178_hh58
d77,d54_hh218
d77,d122_hh144
d77,d190_hh38
d77,d160_hh88
d77,d62_hh98
d77,d122_hh159
d77,d198_hh152
d77,d130_hh142
d77,d132_hh76
d77,d155_hh151
d77,d85_hh184
d77,d96_hh110
d77,d158_hh239
d77,d207_hh219
d77,d17_hh213
d77,d30_hh58
d77,d162_hh213
d77,d178_hh134
d77,d202_hh205
d77,d93_hh18
d77,d104_hh270
d77,d42_hh88
d77,d74_hh243
d77,d208_hh168
d77,d213_hh247
d78,d30_hh130
d78,d139_hh214
d78,d34_hh77
d78,d141_hh128
d78,d110_hh193
d78,d161_hh21
d78,d209_hh254
d78,d117_hh140
d78,d186_hh185
d78,d120_hh161
d78,d21_hh90
d78,d110_hh252
d78,d59_hh184
d78,d209_hh219
d78,d163_hh145
d78,d29_hh243
d78,d124_hh40
d78,d17_hh12
d78,d122_hh231
d78,d128_hh246
d78,d123_hh104
d78,d128_hh246
d78,d154_hh2
d78,d98_hh84
d78,d143_hh28
d78,d163_hh145
d78,d155_hh210
d78,d214_hh41
d78,d187_hh61
d78,d54_hh218
d78,d110_hh193
d78,d166_hh164
d78,d42_hh185
d78,d5_hh5
d78,d57_hh216
d78,d202_hh170
d78,d31_hh127
d78,d69_hh240
d78,d178_hh191
d78,d178_hh173
d78,d100_hh91
d78,d110_hh193
d78,d193_hh248
d78,d46_hh194
d78,d59_hh112
d78,d158_hh239
d78,d137_hh119
d78,d31_hh34
d78,d129_hh122
d78,d44_hh164
d78,d187_hh42
d78,d12_hh23
d78,d202_hh90
d78,d207_hh219
d78,d178_hh134
d78,d62_hh22
d78,d118_hh118
d78,d83_hh117
d78,d62_hh98
d78,d202_hh170
d78,d120_hh248
d78,d123_hh160
d78,d200_hh77
d78,d200_hh21
d78,d175_hh131
d78,d54_hh218
d78,d202_hh90
d78,d202_hh170
d78,d38_hh165
d78,d200_hh21
d78,d120_hh248
d78,d135_hh17
d78,d66_hh240
d78,d158_hh239
d78,d54_hh61
d78,d169_hh225
d78,d170_hh130
d78,d62_hh22
d78,d205_hh196
d78,d152_hh29
d78,d110_hh193
d78,d66_hh207
d78,d208_hh253
d78,d173_hh262
d78,d7_hh257
d78,d198_hh152
d78,d46_hh12
d78,d109_hh67
d78,d178_hh134
d78,d42_hh88
d78,d152_hh29
d78,d44_hh38
d78,d132_hh44
d78,d141_hh129
d78,d205_hh196
d78,d179_hh1
d78,d187_hh7
d78,d182_hh195
d78,d18_hh227
d78,d62_hh98
d78,d130_hh244
d78,d138_hh83
d78,d132_hh46
d78,d195_hh19
d78,d169_hh199
d78,d169_hh225
d78,d85_hh144
d78,d16_hh294
d78,d197_hh151
d78,d198_hh188
d78,d36_hh226
d78,d120_hh248
d78,d119_hh210
d78,d85_hh144
d78,d44_hh164
d78,d135_hh2
d78,d150_hh207
d78,d158_hh86
d78,d29_hh85
d78,d143_hh241
d78,d29_hh85
d78,d101_hh129
d78,d85_hh144
d78,d208_hh168
d78,d54_hh222
d78,d59_hh243
d78,d74_hh243
d78,d198_hh136
d78,d59_hh112
d78,d57_hh16
d78,d197_hh151
d78,d202_hh90
d78,d59_hh184
d78,d93_hh66
d78,d200_hh77
d78,d54_hh218
d78,d117_hh11
d78,d102_hh200
d78,d66_hh207
d78,d209_hh11
d78,d158_hh239
d78,d200_hh77
d78,d150_hh207
d78,d42_hh58
d78,d141_hh128
d78,d174_hh24
d78,d91_hh178
d78,d178_hh157
d78,d17_hh213
d78,d169_hh225
d78,d75_hh216
d78,d26_hh40
d78,d50_hh217
d78,d131_hh205
d78,d209_hh159
d78,d162_hh213
d78,d2_hh173
d78,d61_hh41
d78,d123_hh160
d78,d210_hh200
d78,d30_hh130
d78,d54_hh44
d78,d41_hh71
d78,d175_hh131
d78,d199_hh49
d78,d91_hh199
d78,d23_hh156
d78,d131_hh180
d78,d119_hh210
d78,d193_hh138
d78,d187_hh0
d78,d50_hh7
d78,d114_hh219
d78,d73_hh242
d78,d122_hh144
d78,d158_hh107
d78,d187_hh7
d78,d214_hh47
d78,d13_hh58
d78,d215_hh105
d78,d41_hh71
d78,d46_hh12
d78,d56_hh262
d78,d138_hh150
d78,d62_hh22
d78,d122_hh144
d78,d110_hh252
d78,d98_hh84
d78,d128_hh246
d78,d130_hh142
d78,d95_hh56
d78,d65_hh242
d78,d41_hh150
d78,d208_hh240
d78,d54_hh222
d78,d166_hh239
d78,d78_hh39
d78,d117_hh74
d78,d155_hh210
d78,d200_hh102
d78,d170_hh130
d78,d214_hh210
d78,d158_hh107
d78,d120_hh248
d78,d141_hh27
d78,d170_hh130
d78,d158_hh136
d78,d16_hh287
d78,d101_hh129
d78,d51_hh151
d78,d15_hh80
d78,d149_hh14
d78,d46_hh194
d78,d30_hh267
d78,d207_hh191
d78,d131_hh24
d78,d17_hh228
d78,d73_hh184
d78,d29_hh85
d78,d57_hh286
d78,d100_hh145
d78,d191_hh53
d78,d66_hh207
d78,d66_hh207
d78,d137_hh119
d78,d23_hh93
d78,d118_hh244
d78,d114_hh66
d78,d191_hh53
d78,d122_hh231
d78,d23_hh21
d78,d117_hh74
d78,d67_hh15
d78,d35_hh263
d78,d131_hh174
d78,d40_hh200
d78,d4_hh202
d78,d56_hh4
d78,d52_hh33
d78,d59_hh243
d78,d207_hh191
d78,d30_hh130
d78,d137_hh106
d78,d41_hh150
d78,d193_hh138
d78,d199_hh71
d78,d98_hh245
d78,d59_hh112
d78,d127_hh89
d78,d74_hh243
d78,d150_hh207
d78,d214_hh70
d78,d23_hh233
d78,d65_hh101
d78,d155_hh151
d78,d72_hh42
d78,d26_hh40
d78,d200_hh77
d78,d149_hh1
d78,d209_hh254
d78,d141_hh128
d78,d198_hh152
d78,d31_hh34
d78,d29_hh85
d78,d5_hh5
d78,d119_hh95
d75,d119_hh210
d75,d83_hh193
d75,d126_hh207
d75,d15_hh80
d75,d200_hh261
d75,d147_hh43
d75,d46_hh194
d75,d83_hh76
d75,d135_hh17
d75,d123_hh160
d75,d17_hh228
d75,d120_hh161
d75,d209_hh149
d75,d74_hh107
d75,d23_hh21
d75,d91_hh178
d75,d171_hh88
d75,d11_hh53
d75,d4_hh80
d75,d57_hh166
d75,d166_hh24
d75,d133_hh111
d75,d155_hh210
d75,d165_hh94
d75,d33_hh58
d75,d161_hh21
d75,d102_hh179
d75,d174_hh213
d75,d17_hh228
d75,d155_hh151
d75,d57_hh16
d75,d29_hh131
d75,d46_hh194
d75,d202_hh90
d75,d171_hh88
d75,d62_hh98
d75,d46_hh53
d75,d169_hh225
d75,d200_hh261
d75,d215_hh105
d75,d46_hh69
d75,d54_hh44
d75,d62_hh259
d75,d4_hh80
d75,d96_hh110
d75,d62_hh98
d75,d117_hh140
d75,d23_hh204
d75,d23_hh233
d75,d15_hh22
d75,d59_hh251
d75,d15_hh80
d75,d4_hh202
d75,d205_hh196
d75,d29_hh131
d75,d175_hh52
d75,d83_hh153
d75,d117_hh11
d75,d114_hh66
d75,d123_hh129
d75,d54_hh57
d75,d119_hh177
d75,d57_hh286
d75,d16_hh287
d75,d21_hh97
d75,d112_hh8
d75,d208_hh240
d75,d132_hh188
d75,d2_hh151
d75,d13_hh58
d75,d120_hh161
d75,d50_hh7
d75,d138_hh83
d75,d31_hh34
d75,d18_hh227
d75,d2_hh68
d75,d162_hh213
d75,d46_hh12
d75,d169_hh216
d75,d161_hh185
d75,d109_hh88
d75,d152_hh88
d75,d165_hh94
d75,d42_hh202
d75,d59_hh184
d75,d160_hh0
d75,d54_hh222
d75,d214_hh13
d75,d57_hh286
d75,d80_hh236
d75,d134_hh270
d75,d83_hh76
d75,d209_hh11
d75,d215_hh105
d75,d48_hh118
d75,d166_hh150
d75,d15_hh103
d75,d158_hh86
d75,d125_hh3
d75,d209_hh219
d75,d21_hh97
d75,d31_hh127
d75,d62_hh22
d75,d34_hh77
d75,d149_hh1
d75,d29_hh243
d75,d208_hh168
d75,d85_hh144
d75,d102_hh242
d75,d120_hh161
d75,d43_hh125
d75,d177_hh163
d75,d19_hh38
d75,d100_hh91
d75,d95_hh164
d75,d122_hh16
d75,d187_hh0
d75,d73_hh184
d75,d93_hh66
d75,d26_hh40
d75,d187_hh0
d75,d41_hh163
d75,d54_hh222
d75,d4_hh202
d75,d40_hh200
d75,d131_hh180
d75,d152_hh168
d75,d2_hh180
d75,d66_hh14
d75,d123_hh119
d75,d182_hh226
d75,d187_hh61
d75,d126_hh263
d75,d30_hh267
d75,d137_hh106
d75,d62_hh98
d75,d119_hh177
d75,d56_hh262
d75,d102_hh242
d75,d83_hh204
d75,d95_hh56
d75,d169_hh199
d75,d149_hh1
d75,d72_hh208
d75,d127_hh89
d75,d98_hh245
d75,d43_hh125
d75,d128_hh28
d75,d195_hh47
d75,d95_hh56
d75,d54_hh61
d75,d2_hh151
d75,d42_hh19
d75,d106_hh207
d75,d23_hh156
d75,d209_hh244
d75,d18_hh227
d75,d72_hh208
d75,d83_hh204
d75,d169_hh190
d75,d174_hh42
d75,d44_hh164
d75,d178_hh173
d75,d149_hh107
d75,d98_hh100
d75,d110_hh193
d75,d48_hh118
d75,d193_hh248
d75,d34_hh77
d75,d215_hh105
d75,d75_hh264
d75,d215_hh105
d75,d34_hh160
d75,d123_hh129
d75,d114_hh47
d75,d15_hh186
d75,d61_hh155
d75,d187_hh61
d75,d74_hh142
d75,d117_hh74
d75,d17_hh228
d75,d93_hh66
d75,d214_hh41
d75,d170_hh130
d75,d57_hh286
d75,d195_hh19
d75,d162_hh47
d75,d87_hh245
d75,d74_hh257
d75,d117_hh140
d75,d17_hh228
d75,d11_hh53
d75,d123_hh104
d75,d83_hh76
d75,d126_hh167
d75,d2_hh180
d75,d154_hh2
d75,d164_hh122
d75,d213_hh252
d75,d149_hh107
d75,d213_hh252
d75,d98_hh223
d75,d34_hh160
d75,d117_hh11
d75,d171_hh71
d75,d215_hh105
d75,d213_hh2
d75,d91_hh21
d75,d195_hh47
d75,d61_hh41
d75,d7_hh257
d75,d117_hh74
d75,d74_hh15
d75,d61_hh155
d75,d100_hh91
d75,d175_hh52
d75,d15_hh103
d75,d2_hh180
d75,d83_hh193
d75,d83_hh204
d75,d195_hh47
d75,d73_hh184
d75,d17_hh228
d75,d140_hh85
d75,d198_hh152
d75,d39_hh154
d75,d91_hh21
d75,d24_hh176
d75,d74_hh243
d75,d117_hh140
d75,d56_hh174
d75,d202_hh205
d75,d42_hh185
d75,d102_hh242
d75,d159_hh183
d75,d46_hh12
d75,d23_hh93
d75,d207_hh191
d75,d119_hh210
d75,d197_hh151
d75,d141_hh129
d75,d98_hh84
d75,d29_hh243
d75,d65_hh242
d75,d135_hh17
d75,d4_hh65
d75,d62_hh259
d75,d74_hh15
d75,d141_hh27
d75,d54_hh152
d75,d61_hh41
d75,d97_hh156
d75,d182_hh74
d75,d41_hh71
d75,d4_hh87
d75,d20_hh166
d75,d214_hh13
d75,d138_hh83
d75,d95_hh205
d75,d39_hh66
d75,d135_hh2
d75,d137_hh106
d75,d73_hh184
d75,d119_hh210
d75,d155_hh18
d75,d12_hh23
d75,d141_hh128
d75,d83_hh204
d75,d104_hh175
d75,d100_hh145
d75,d182_hh229
d75,d15_hh76
d75,d11_hh128
d75,d123_hh160
d75,d83_hh193
d75,d87_hh245
d75,d62_hh251
d75,d120_hh248
d75,d31_hh127
d75,d178_hh173
d75,d42_hh19
d76,d45_hh183
d76,d151_hh194
d76,d145_hh145
d76,d89_hh43
d76,d89_hh77
d76,d84_hh101
d76,d107_hh260
d76,d84_hh62
d76,d151_hh194
d76,d145_hh2
d76,d9_hh56
d76,d86_hh136
d76,d172_hh102
d76,d84_hh15
d76,d103_hh172
d76,d27_hh145
d76,d103_hh53
d76,d49_hh131
d76,d70_hh79
d76,d60_hh210
d76,d206_hh151
d76,d103_hh53
d76,d49_hh119
d76,d6_hh77
d76,d70_hh135
d76,d103_hh115
d76,d60_hh172
d76,d45_hh183
d76,d107_hh6
d76,d196_hh175
d76,d103_hh264
d76,d64_hh165
d76,d151_hh1
d76,d71_hh169
d76,d115_hh2
d76,d148_hh189
d76,d172_hh263
d76,d105_hh238
d76,d60_hh210
d76,d196_hh42
d76,d64_hh137
d76,d189_hh80
d76,d103_hh264
d76,d176_hh122
d76,d9_hh56
d76,d68_hh230
d76,d105_hh238
d76,d3_hh7
d76,d49_hh198
d76,d107_hh76
d76,d49_hh198
d76,d115_hh85
d76,d49_hh155
d76,d84_hh62
d76,d103_hh115
d76,d145_hh2
d76,d103_hh115
d76,d145_hh2
d76,d115_hh2
d76,d60_hh172
d76,d22_hh0
d76,d49_hh89
d76,d189_hh80
d76,d212_hh78
d76,d148_hh189
d76,d64_hh69
d76,d3_hh279
d76,d189_hh106
d76,d167_hh36
d76,d27_hh145
d76,d196_hh42
d76,d192_hh169
d76,d206_hh151
d76,d64_hh271
d76,d86_hh167
d76,d107_hh260
d76,d196_hh175
d76,d8_hh179
d76,d60_hh210
d76,d201_hh28
d76,d194_hh102
d76,d86_hh70
d76,d148_hh189
d76,d64_hh271
d76,d79_hh76
d76,d45_hh140
d76,d68_hh230
d76,d60_hh210
d76,d45_hh282
d76,d103_hh53
d76,d121_hh146
d76,d105_hh238
d76,d107_hh143
d76,d181_hh267
d76,d188_hh137
d76,d145_hh2
d76,d64_hh133
d76,d27_hh133
d76,d64_hh69
d76,d45_hh9
d76,d194_hh13
d76,d64_hh133
d76,d70_hh79
d76,d189_hh237
d76,d189_hh106
d76,d194_hh13
d76,d136_hh236
d76,d203_hh11
d76,d103_hh175
d76,d6_hh77
d76,d49_hh198
d76,d144_hh235
d76,d71_hh292
d76,d22_hh155
d76,d84_hh220
d76,d176_hh122
d76,d107_hh42
d76,d49_hh131
d76,d63_hh98
d76,d196_hh34
d76,d151_hh93
d76,d188_hh223
d76,d70_hh79
d76,d70_hh79
d76,d206_hh256
d76,d145_hh150
d76,d148_hh221
d76,d86_hh136
d76,d49_hh131
d76,d84_hh101
d76,d167_hh120
d76,d49_hh155
d76,d10_hh46
d76,d189_hh237
d76,d180_hh34
d76,d79_hh76
d76,d64_hh165
d76,d10_hh60
d76,d181_hh63
d76,d167_hh120
d76,d71_hh292
d76,d9_hh56
d76,d64_hh165
d76,d148_hh221
d76,d185_hh70
d76,d172_hh1
d76,d201_hh86
d76,d64_hh165
d76,d145_hh145
d76,d103_hh175
d76,d107_hh42
d76,d22_hh155
d76,d188_hh223
d76,d10_hh60
d76,d105_hh238
d76,d188_hh223
d76,d201_hh86
d76,d151_hh1
d76,d189_hh106
d76,d206_hh74
d76,d71_hh152
d76,d89_hh43
d76,d49_hh198
d76,d49_hh198
d76,d188_hh137
d76,d196_hh60
d76,d49_hh89
d76,d89_hh77
d76,d45_hh183
d76,d10_hh46
d76,d27_hh133
d76,d86_hh114
d76,d79_hh93
d76,d148_hh221
d76,d27_hh145
d76,d103_hh264
d76,d121_hh146
d76,d60_hh172
d76,d27_hh65
d76,d49_hh119
d76,d108_hh195
d76,d196_hh42
d76,d157_hh104
d76,d63_hh98
d76,d89_hh77
d76,d84_hh101
d76,d151_hh207
d76,d185_hh17
d76,d63_hh98
d76,d180_hh130
d76,d185_hh70
d76,d60_hh259
d76,d28_hh124
d76,d167_hh120
d76,d27_hh133
d76,d176_hh239
d76,d68_hh230
d76,d194_hh102
d76,d151_hh207
d76,d107_hh260
d76,d22_hh219
d76,d45_hh282
d76,d206_hh74
d76,d9_hh97
d76,d10_hh46
d76,d49_hh149
d76,d68_hh230
d76,d188_hh223
d76,d94_hh178
d76,d49_hh131
d76,d84_hh6
d76,d79_hh93
d76,d151_hh146
d76,d84_hh6
d76,d185_hh70
d76,d103_hh89
d76,d64_hh133
d76,d84_hh220
d76,d71_hh169
d76,d103_hh115
d76,d103_hh115
d76,d145_hh212
d76,d148_hh82
d76,d71_hh169
d76,d180_hh34
d76,d206_hh151
d76,d63_hh98
d76,d68_hh230
d76,d70_hh79
d76,d148_hh97
d76,d148_hh221
d76,d145_hh2
d76,d86_hh136
d76,d136_hh186
d76,d6_hh77
d76,d167_hh36
d76,d206_hh283
d76,d64_hh137
d76,d49_hh149
d76,d27_hh145
d76,d148_hh189
d76,d10_hh60
d76,d64_hh45
d76,d84_hh15
d76,d188_hh98
d76,d70_hh79
d76,d103_hh89
d76,d105_hh238
d76,d203_hh11
d76,d167_hh167
d76,d105_hh161
d76,d105_hh238
d76,d70_hh135
d76,d115_hh2
d76,d121_hh146
d76,d194_hh13
d76,d121_hh146
d76,d60_hh210
d76,d189_hh106
d76,d206_hh74
d76,d211_hh181
d76,d107_hh260
d76,d196_hh42
d76,d45_hh183
d76,d103_hh264
d76,d148_hh98
d76,d70_hh135
d76,d89_hh77
d76,d86_hh114
d76,d172_hh102
d76,d79_hh93
d76,d9_hh176
d76,d176_hh122
d76,d107_hh6
d76,d84_hh101
d83,d173_hh262
d83,d17_hh213
d83,d169_hh216
d83,d34_hh77
d83,d104_hh58
d83,d57_hh286
d83,d171_hh71
d83,d161_hh185
d83,d198_hh152
d83,d173_hh262
d83,d163_hh213
d83,d15_hh22
d83,d175_hh131
d83,d13_hh58
d83,d132_hh188
d83,d118_hh244
d83,d182_hh149
d83,d62_hh251
d83,d80_hh186
d83,d135_hh2
d83,d184_hh238
d83,d141_hh129
d83,d152_hh168
d83,d132_hh76
d83,d191_hh246
d83,d67_hh15
d83,d213_hh178
d83,d42_hh88
d83,d143_hh28
d83,d111_hh227
d83,d133_hh111
d83,d100_hh48
d83,d169_hh199
d83,d69_hh240
d83,d209_hh244
d83,d174_hh242
d83,d38_hh165
d83,d155_hh210
d83,d133_hh241
d83,d39_hh99
d83,d20_hh166
d83,d23_hh204
d83,d23_hh156
d83,d112_hh8
d83,d18_hh137
d83,d52_hh33
d83,d177_hh163
d83,d2_hh287
d83,d177_hh163
d83,d83_hh193
d83,d173_hh163
d83,d155_hh148
d83,d119_hh222
d83,d209_hh254
d83,d102_hh200
d83,d83_hh117
d83,d29_hh131
d83,d35_hh263
d83,d213_hh211
d83,d42_hh185
d83,d98_hh245
d83,d30_hh130
d83,d102_hh200
d83,d85_hh144
d83,d35_hh263
d83,d102_hh179
d83,d26_hh40
d83,d182_hh39
d83,d23_hh204
d83,d120_hh161
d83,d182_hh226
d83,d178_hh58
d83,d73_hh184
d83,d97_hh26
d83,d101_hh129
d83,d23_hh233
d83,d118_hh118
d83,d101_hh129
d83,d118_hh118
d83,d154_hh2
d83,d187_hh87
d83,d197_hh151
d83,d80_hh106
d83,d133_hh135
d83,d98_hh100
d83,d97_hh156
d83,d141_hh128
d83,d209_hh159
d83,d178_hh157
d83,d31_hh139
d83,d200_hh77
d83,d169_hh199
d83,d158_hh136
d83,d131_hh102
d83,d166_hh24
d83,d182_hh229
d83,d95_hh56
d83,d209_hh11
d83,d67_hh209
d83,d54_hh222
d83,d75_hh25
d83,d199_hh180
d83,d190_hh38
d83,d52_hh165
d83,d161_hh21
d83,d207_hh191
d83,d158_hh239
d83,d179_hh1
d83,d18_hh227
d83,d123_hh129
d83,d91_hh90
d83,d75_hh216
d83,d164_hh122
d83,d50_hh272
d83,d109_hh67
d83,d102_hh179
d83,d54_hh222
d83,d30_hh58
d83,d30_hh58
d83,d62_hh251
d83,d169_hh216
d83,d57_hh207
d83,d209_hh11
d83,d122_hh16
d83,d213_hh252
d83,d54_hh222
d83,d150_hh203
d83,d182_hh149
d83,d20_hh166
d83,d42_hh202
d83,d174_hh42
d83,d186_hh185
d83,d114_hh47
d83,d59_hh112
d83,d54_hh189
d83,d83_hh117
d83,d41_hh206
d83,d132_hh76
d83,d200_hh21
d83,d134_hh270
d83,d122_hh231
d83,d198_hh188
d83,d29_hh131
d83,d213_hh211
d83,d200_hh102
d83,d214_hh70
d83,d129_hh122
d83,d18_hh137
d83,d57_hh166
d83,d83_hh117
d83,d128_hh126
d83,d171_hh71
d83,d77_hh123
d83,d214_hh41
d83,d191_hh246
d83,d38_hh159
d83,d204_hh56
d83,d50_hh7
d83,d208_hh240
d83,d141_hh129
d83,d158_hh86
d83,d102_hh201
d83,d91_hh90
d83,d198_hh136
d83,d187_hh61
d83,d178_hh272
d83,d23_hh21
d83,d159_hh183
d83,d75_hh102
d83,d98_hh245
d83,d209_hh244
d83,d36_hh226
d83,d202_hh90
d83,d69_hh240
d83,d213_hh252
d83,d186_hh185
d83,d19_hh38
d83,d15_hh264
d83,d152_hh168
d83,d39_hh154
d83,d209_hh244
d83,d41_hh71
d83,d214_hh210
d83,d95_hh205
d83,d187_hh0
d83,d171_hh71
d83,d96_hh110
d83,d61_hh41
d83,d46_hh245
d83,d178_hh134
d83,d54_hh44
d83,d30_hh267
d83,d162_hh47
d83,d158_hh86
d83,d48_hh118
d83,d39_hh154
d83,d182_hh39
d83,d128_hh28
d83,d62_hh259
d83,d53_hh3
d83,d75_hh53
d83,d96_hh145
d83,d100_hh145
d83,d66_hh240
d83,d199_hh71
d83,d209_hh159
d83,d39_hh66
d83,d214_hh210
d83,d119_hh177
d83,d191_hh53
d83,d164_hh123
d83,d74_hh243
d83,d57_hh286
d83,d166_hh24
d83,d20_hh166
d83,d104_hh58
d83,d41_hh206
d83,d182_hh39
d83,d34_hh160
d83,d98_hh100
d83,d158_hh136
d83,d131_hh24
d83,d42_hh58
d83,d209_hh149
d83,d109_hh88
d83,d128_hh246
d83,d155_hh210
d83,d182_hh39
d83,d134_hh223
d83,d40_hh152
d83,d208_hh253
d83,d200_hh77
d83,d162_hh47
d83,d75_hh264
d83,d177_hh163
d83,d110_hh193
d83,d42_hh185
d83,d54_hh222
d83,d75_hh264
d83,d91_hh21
d83,d17_hh210
d83,d177_hh145
d83,d204_hh56
d83,d96_hh145
d83,d182_hh39
d83,d19_hh130
d83,d165_hh94
d83,d111_hh227
d83,d200_hh261
d83,d193_hh138
d83,d119_hh177
d83,d122_hh159
d83,d4_hh87
d83,d85_hh110
d83,d133_hh241
d83,d117_hh74
d83,d141_hh129
d83,d120_hh269
d83,d57_hh286
d83,d169_hh216
d83,d66_hh240
d83,d159_hh183
d83,d15_hh210
d83,d83_hh117
d83,d26_hh40
d83,d46_hh245
d83,d43_hh125
d83,d129_hh122
d83,d23_hh93
d83,d200_hh261
d83,d77_hh123
d83,d61_hh41
d83,d101_hh155
d83,d170_hh130
d83,d59_hh243
d83,d143_hh241
d83,d2_hh68
d83,d34_hh77
d83,d166_hh150
d83,d123_hh104
d83,d83_hh204
d83,d80_hh186
d83,d123_hh106
d83,d104_hh175
d83,d39_hh154
d83,d114_hh219
d83,d17_hh228
d83,d118_hh244
d83,d104_hh270
d83,d66_hh240
d83,d85_hh184
d81,d51_hh151
d81,d95_hh201
d81,d120_hh269
d81,d123_hh106
d81,d131_hh180
d81,d209_hh149
d81,d4_hh65
d81,d74_hh142
d81,d207_hh191
d81,d210_hh142
d81,d135_hh17
d81,d69_hh240
d81,d166_hh150
d81,d177_hh145
d81,d62_hh259
d81,d4_hh65
d81,d209_hh219
d81,d119_hh95
d81,d46_hh194
d81,d61_hh155
d81,d178_hh157
d81,d56_hh174
d81,d46_hh194
d81,d56_hh4
d81,d160_hh88
d81,d187_hh7
d81,d24_hh176
d81,d131_hh180
d81,d174_hh242
d81,d54_hh61
d81,d98_hh245
d81,d51_hh231
d81,d26_hh40
d81,d202_hh90
d81,d208_hh240
d81,d166_hh150
d81,d77_hh123
d81,d214_hh41
d81,d17_hh210
d81,d209_hh149
d81,d95_hh56
d81,d182_hh226
d81,d195_hh47
d81,d62_hh22
d81,d42_hh58
d81,d178_hh134
d81,d132_hh188
d81,d119_hh210
d81,d104_hh175
d81,d186_hh185
d81,d126_hh263
d81,d91_hh21
d81,d114_hh66
d81,d149_hh107
d81,d147_hh54
d81,d165_hh94
d81,d83_hh193
d81,d42_hh185
d81,d4_hh65
d81,d202_hh264
d81,d150_hh207
d81,d62_hh98
d81,d169_hh199
d81,d66_hh207
d81,d122_hh144
d81,d150_hh207
d81,d195_hh47
d81,d75_hh53
d81,d65_hh29
d81,d38_hh165
d81,d46_hh194
d81,d46_hh245
d81,d30_hh130
d81,d59_hh243
d81,d111_hh131
d81,d138_hh82
d81,d159_hh64
d81,d43_hh125
d81,d165_hh107
d81,d193_hh85
d81,d80_hh186
d81,d67_hh15
d81,d83_hh117
d81,d169_hh216
d81,d132_hh76
d81,d202_hh264
d81,d75_hh53
d81,d99_hh225
d81,d173_hh163
d81,d83_hh117
d81,d30_hh130
d81,d36_hh94
d81,d175_hh131
d81,d174_hh242
d81,d74_hh15
d81,d54_hh218
d81,d41_hh71
d81,d18_hh137
d81,d141_hh27
d81,d23_hh233
d81,d195_hh109
d81,d133_hh111
d81,d208_hh168
d81,d131_hh24
d81,d31_hh127
d81,d166_hh239
d81,d90_hh233
d81,d209_hh254
d81,d186_hh185
d81,d118_hh244
d81,d91_hh138
d81,d126_hh207
d81,d31_hh34
d81,d130_hh142
d81,d169_hh199
d81,d173_hh262
d81,d57_hh207
d81,d152_hh88
d81,d184_hh158
d81,d119_hh64
d81,d39_hh154
d81,d184_hh238
d81,d69_hh240
d81,d18_hh137
d81,d83_hh117
d81,d59_hh243
d81,d12_hh23
d81,d187_hh61
d81,d50_hh272
d81,d165_hh107
d81,d161_hh185
d81,d56_hh174
d81,d155_hh151
d81,d42_hh19
d81,d158_hh86
d81,d100_hh145
d81,d35_hh2
d81,d204_hh87
d81,d208_hh168
d81,d128_hh28
d81,d75_hh227
d81,d128_hh28
d81,d4_hh29
d81,d77_hh123
d81,d163_hh145
d81,d17_hh213
d81,d114_hh66
d81,d39_hh99
d81,d65_hh29
d81,d182_hh226
d81,d31_hh139
d81,d46_hh194
d81,d85_hh144
d81,d51_hh231
d81,d152_hh168
d81,d52_hh33
d81,d134_hh270
d81,d50_hh217
d81,d204_hh87
d81,d15_hh80
d81,d169_hh199
d81,d24_hh176
d81,d198_hh152
d81,d120_hh161
d81,d36_hh94
d81,d199_hh71
d81,d199_hh49
d81,d50_hh217
d81,d209_hh254
d81,d214_hh47
d81,d83_hh117
d81,d39_hh99
d81,d41_hh206
d81,d53_hh3
d81,d174_hh42
d81,d2_hh180
d81,d100_hh63
d81,d158_hh107
d81,d199_hh49
d81,d75_hh216
d81,d2_hh173
d81,d166_hh164
d81,d62_hh98
d81,d100_hh91
d81,d204_hh87
d81,d62_hh22
d81,d119_hh177
d81,d15_hh186
d81,d91_hh178
d81,d91_hh138
d81,d75_hh264
d81,d98_hh100
d81,d202_hh264
d81,d187_hh7
d81,d125_hh135
d81,d132_hh188
d81,d174_hh24
d81,d101_hh129
d81,d152_hh88
d81,d170_hh117
d81,d15_hh103
d81,d163_hh145
d81,d101_hh129
d81,d213_hh62
d81,d152_hh88
d81,d135_hh17
d81,d30_hh130
d81,d147_hh169
d81,d198_hh136
d81,d134_hh270
d81,d207_hh191
d81,d39_hh99
d81,d186_hh185
d81,d202_hh90
d81,d213_hh252
d81,d102_hh201
d81,d160_hh0
d81,d166_hh239
d81,d36_hh226
d81,d78_hh39
d81,d166_hh24
d81,d7_hh257
d81,d98_hh245
d81,d91_hh90
d81,d119_hh210
d81,d15_hh103
d81,d19_hh38
d81,d80_hh186
d81,d191_hh246
d81,d54_hh61
d81,d65_hh29
d81,d118_hh244
d81,d15_hh22
d81,d21_hh97
d81,d125_hh3
d81,d158_hh86
d81,d214_hh210
d81,d162_hh47
d81,d20_hh166
d81,d126_hh167
d81,d81_hh89
d81,d166_hh150
d81,d147_hh43
d81,d175_hh52
d81,d147_hh43
d81,d147_hh169
d81,d126_hh207
d81,d98_hh84
d81,d44_hh164
d81,d66_hh213
d81,d29_hh131
d81,d122_hh144
d81,d54_hh189
d81,d182_hh195
d81,d62_hh251
d81,d30_hh58
d81,d73_hh242
d81,d43_hh125
d81,d78_hh39
d81,d62_hh22
d81,d59_hh251
d81,d17_hh228
d81,d209_hh244
d81,d39_hh66
d81,d174_hh24
d81,d15_hh186
d81,d17_hh213
d81,d50_hh217
d81,d75_hh227
d81,d199_hh71
d81,d158_hh136
d81,d21_hh105
d81,d96_hh110
d80,d113_hh175
d80,d50_hh272
d80,d175_hh131
d80,d62_hh22
d80,d198_hh136
d80,d77_hh123
d80,d77_hh123
d80,d137_hh119
d80,d132_hh46
d80,d85_hh110
d80,d162_hh47
d80,d209_hh219
d80,d38_hh159
d80,d66_hh240
d80,d4_hh80
d80,d143_hh28
d80,d126_hh207
d80,d199_hh71
d80,d41_hh71
d80,d193_hh138
d80,d91_hh199
d80,d110_hh193
d80,d134_hh270
d80,d208_hh168
d80,d2_hh173
d80,d30_hh267
d80,d19_hh38
d80,d54_hh152
d80,d174_hh242
d80,d126_hh263
d80,d101_hh129
d80,d100_hh91
d80,d96_hh145
d80,d55_hh94
d80,d119_hh95
d80,d23_hh204
d80,d133_hh135
d80,d193_hh248
d80,d95_hh56
d80,d100_hh91
d80,d209_hh219
d80,d147_hh43
d80,d202_hh170
d80,d91_hh21
d80,d100_hh145
d80,d75_hh227
d80,d36_hh94
d80,d44_hh38
d80,d85_hh184
d80,d123_hh129
d80,d75_hh25
d80,d44_hh164
d80,d74_hh15
d80,d195_hh47
d80,d74_hh142
d80,d15_hh264
d80,d38_hh159
d80,d204_hh87
d80,d204_hh239
d80,d175_hh131
d80,d110_hh193
d80,d178_hh134
d80,d209_hh149
d80,d54_hh222
d80,d101_hh129
d80,d15_hh103
d80,d29_hh85
d80,d19_hh130
d80,d127_hh89
d80,d130_hh244
d80,d62_hh22
d80,d178_hh191
d80,d57_hh166
d80,d59_hh243
d80,d193_hh138
d80,d80_hh236
d80,d16_hh294
d80,d91_hh21
d80,d195_hh47
d80,d182_hh226
d80,d133_hh135
d80,d85_hh144
d80,d187_hh0
d80,d190_hh38
d80,d186_hh185
d80,d202_hh90
d80,d53_hh147
d80,d110_hh252
d80,d24_hh92
d80,d170_hh130
d80,d209_hh254
d80,d111_hh227
d80,d59_hh112
d80,d155_hh18
d80,d31_hh34
d80,d209_hh254
d80,d91_hh21
d80,d53_hh3
d80,d124_hh40
d80,d122_hh159
d80,d118_hh173
d80,d208_hh168
d80,d174_hh242
d80,d209_hh254
d80,d171_hh71
d80,d129_hh122
d80,d119_hh177
d80,d21_hh97
d80,d16_hh294
d80,d198_hh136
d80,d119_hh24
d80,d57_hh286
d80,d195_hh109
d80,d85_hh110
d80,d46_hh53
d80,d165_hh107
d80,d152_hh88
d80,d175_hh52
d80,d21_hh90
d80,d173_hh262
d80,d213_hh252
d80,d140_hh85
d80,d4_hh29
d80,d51_hh151
d80,d182_hh229
d80,d78_hh223
d80,d138_hh82
d80,d52_hh165
d80,d162_hh213
d80,d98_hh100
d80,d78_hh223
d80,d125_hh135
d80,d95_hh56
d80,d17_hh213
d80,d95_hh201
d80,d55_hh94
d80,d209_hh11
d80,d159_hh183
d80,d40_hh152
d80,d19_hh38
d80,d34_hh77
d80,d15_hh103
d80,d154_hh2
d80,d31_hh139
d80,d117_hh74
d80,d214_hh13
d80,d46_hh69
d80,d166_hh24
d80,d182_hh39
d80,d187_hh42
d80,d55_hh94
d80,d200_hh21
d80,d186_hh185
d80,d5_hh5
d80,d169_hh225
d80,d106_hh207
d80,d122_hh231
d80,d51_hh231
d80,d137_hh106
d80,d119_hh177
d80,d66_hh240
d80,d130_hh244
d80,d2_hh173
d80,d213_hh2
d80,d132_hh46
d80,d149_hh14
d80,d150_hh203
d80,d102_hh200
d80,d52_hh33
d80,d132_hh44
d80,d73_hh242
d80,d98_hh84
d80,d191_hh246
d80,d163_hh145
d80,d119_hh210
d80,d186_hh185
d80,d213_hh211
d80,d39_hh99
d80,d187_hh87
d80,d96_hh145
d80,d41_hh150
d80,d16_hh294
d80,d52_hh165
d80,d213_hh125
d80,d137_hh119
d80,d109_hh67
d80,d54_hh222
d80,d81_hh89
d80,d129_hh122
d80,d123_hh104
d80,d50_hh272
d80,d23_hh204
d80,d159_hh64
d80,d202_hh90
d80,d199_hh71
d80,d155_hh210
d80,d122_hh231
d80,d15_hh264
d80,d43_hh125
d80,d127_hh89
d80,d118_hh173
d80,d208_hh253
d80,d202_hh264
d80,d177_hh145
d80,d207_hh219
d80,d51_hh151
d80,d127_hh89
d80,d54_hh222
d80,d178_hh58
d80,d54_hh57
d80,d36_hh226
d80,d42_hh58
d80,d100_hh91
d80,d39_hh66
d80,d147_hh43
d80,d41_hh163
d80,d20_hh166
d80,d123_hh119
d80,d125_hh3
d80,d127_hh89
d80,d91_hh178
d80,d184_hh158
d80,d100_hh48
d80,d209_hh11
d80,d46_hh12
d80,d73_hh184
d80,d96_hh110
d80,d133_hh241
d80,d104_hh58
d80,d102_hh179
d80,d119_hh177
d80,d102_hh242
d80,d162_hh213
d80,d193_hh248
d80,d199_hh71
d80,d50_hh249
d80,d126_hh167
d80,d110_hh193
d80,d214_hh210
d80,d120_hh161
d80,d132_hh44
d80,d165_hh94
d80,d135_hh17
d80,d4_hh202
d80,d117_hh11
d80,d158_hh86
d80,d19_hh130
d80,d210_hh200
d80,d53_hh3
d80,d190_hh38
d80,d56_hh262
d80,d100_hh63
d80,d155_hh148
d80,d165_hh94
d80,d149_hh14
d80,d122_hh159
d80,d117_hh11
d80,d125_hh3
d80,d56_hh4
d80,d109_hh88
d80,d171_hh23
d80,d184_hh158
d80,d202_hh205
d80,d66_hh213
d80,d174_hh242
d80,d50_hh217
d80,d126_hh167
d80,d75_hh102
d80,d96_hh110
d80,d147_hh43
d80,d132_hh76
d80,d75_hh264
d80,d106_hh207
d80,d161_hh203
d80,d52_hh33
d80,d123_hh160
d80,d95_hh201
d80,d15_hh80
d80,d213_hh211
d80,d152_hh168
d79,d68_hh230
d79,d64_hh133
d79,d192_hh28
d79,d194_hh102
d79,d103_hh264
d79,d64_hh45
d79,d148_hh189
d79,d206_hh74
d79,d27_hh133
d79,d148_hh82
d79,d203_hh11
d79,d84_hh101
d79,d185_hh17
d79,d14_hh160
d79,d196_hh42
d79,d45_hh282
d79,d84_hh101
d79,d145_hh145
d79,d3_hh98
d79,d167_hh120
d79,d206_hh283
d79,d151_hh146
d79,d148_hh97
d79,d79_hh76
d79,d103_hh175
d79,d89_hh43
d79,d206_hh256
d79,d45_hh282
d79,d151_hh93
d79,d105_hh161
d79,d148_hh82
d79,d79_hh76
d79,d64_hh271
d79,d9_hh97
d79,d89_hh65
d79,d89_hh65
d79,d206_hh188
d79,d28_hh124
d79,d60_hh210
d79,d86_hh114
d79,d194_hh13
d79,d70_hh85
d79,d196_hh175
d79,d196_hh42
d79,d45_hh183
d79,d167_hh120
d79,d3_hh279
d79,d84_hh220
d79,d64_hh137
d79,d27_hh133
d79,d22_hh155
d79,d9_hh97
d79,d3_hh279
d79,d79_hh182
d79,d22_hh155
d79,d45_hh183
d79,d79_hh182
d79,d115_hh51
d79,d189_hh237
d79,d151_hh146
d79,d45_hh282
d79,d49_hh155
d79,d105_hh161
d79,d71_hh152
d79,d45_hh282
d79,d22_hh219
d79,d49_hh198
d79,d45_hh9
d79,d145_hh150
d79,d22_hh219
d79,d107_hh260
d79,d107_hh260
d79,d49_hh198
d79,d84_hh15
d79,d103_hh115
d79,d103_hh53
d79,d107_hh76
d79,d8_hh179
d79,d45_hh282
d79,d60_hh172
d79,d45_hh282
d79,d211_hh181
d79,d196_hh34
d79,d86_hh136
d79,d148_hh189
d79,d84_hh101
d79,d60_hh165
d79,d108_hh127
d79,d10_hh46
d79,d192_hh28
d79,d49_hh131
d79,d192_hh159
d79,d6_hh77
d79,d71_hh169
d79,d64_hh45
d79,d201_hh21
d79,d49_hh155
d79,d45_hh183
d79,d189_hh237
d79,d60_hh210
d79,d70_hh188
d79,d108_hh40
d79,d49_hh119
d79,d3_hh279
d79,d189_hh237
d79,d22_hh0
d79,d60_hh165
d79,d192_hh159
d79,d151_hh93
d79,d60_hh210
d79,d148_hh82
d79,d27_hh133
d79,d188_hh223
d79,d86_hh114
d79,d71_hh292
d79,d107_hh0
d79,d9_hh56
d79,d45_hh140
d79,d84_hh220
d79,d79_hh182
d79,d45_hh183
d79,d105_hh161
d79,d206_hh151
d79,d49_hh149
d79,d192_hh169
d79,d107_hh6
d79,d49_hh155
d79,d194_hh13
d79,d185_hh17
d79,d10_hh46
d79,d79_hh76
d79,d167_hh120
d79,d196_hh60
d79,d70_hh243
d79,d148_hh97
d79,d151_hh146
d79,d79_hh182
d79,d9_hh97
d79,d64_hh45
d79,d49_hh198
d79,d84_hh101
d79,d176_hh122
d79,d63_hh98
d79,d180_hh34
d79,d84_hh62
d79,d9_hh97
d79,d103_hh72
d79,d196_hh34
d79,d181_hh267
d79,d103_hh72
d79,d70_hh188
d79,d121_hh238
d79,d196_hh42
d79,d64_hh69
d79,d94_hh178
d79,d71_hh152
d79,d94_hh137
d79,d176_hh239
d79,d185_hh17
d79,d107_hh143
d79,d22_hh225
d79,d14_hh160
d79,d103_hh172
d79,d148_hh82
d79,d148_hh189
d79,d6_hh77
d79,d192_hh169
d79,d89_hh65
d79,d189_hh237
d79,d6_hh77
d79,d180_hh130
d79,d192_hh159
d79,d206_hh74
d79,d22_hh219
d79,d86_hh167
d79,d189_hh80
d79,d45_hh282
d79,d27_hh145
d79,d71_hh152
d79,d167_hh120
d79,d22_hh225
d79,d148_hh82
d79,d151_hh194
d79,d107_hh211
d79,d22_hh225
d79,d86_hh167
d79,d194_hh13
d79,d94_hh178
d79,d64_hh137
d79,d60_hh165
d79,d68_hh230
d79,d3_hh7
d79,d151_hh194
d79,d105_hh161
d79,d212_hh78
d79,d107_hh260
d79,d180_hh34
d79,d27_hh145
d79,d60_hh172
d79,d107_hh211
d79,d86_hh114
d79,d206_hh74
d79,d27_hh65
d79,d86_hh114
d79,d151_hh207
d79,d6_hh77
d79,d14_hh160
d79,d45_hh140
d79,d105_hh161
d79,d145_hh2
d79,d115_hh85
d79,d84_hh220
d79,d172_hh1
d79,d79_hh93
d79,d10_hh46
d79,d188_hh98
d79,d86_hh70
d79,d103_hh115
d79,d176_hh122
d79,d185_hh17
d79,d89_hh77
d79,d14_hh160
d79,d79_hh76
d79,d27_hh133
d79,d172_hh263
d79,d151_hh93
d79,d172_hh263
d79,d49_hh245
d79,d151_hh207
d79,d148_hh82
d79,d79_hh93
d79,d188_hh223
d79,d10_hh46
d79,d71_hh292
d79,d3_hh98
d79,d151_hh194
d79,d68_hh230
d79,d107_hh6
d79,d27_hh65
d79,d108_hh35
d79,d115_hh85
d79,d189_hh106
d79,d10_hh110
d79,d148_hh82
d79,d203_hh11
d79,d151_hh207
d79,d105_hh161
d79,d196_hh175
d79,d107_hh0
d79,d70_hh79
d79,d103_hh115
d79,d108_hh127
d79,d27_hh145
d79,d60_hh210
d79,d86_hh136
d79,d10_hh46
d79,d45_hh140
d79,d71_hh152
d79,d49_hh89
d79,d60_hh165
d79,d45_hh9
d79,d94_hh178
d79,d157_hh104
d79,d45_hh9
d79,d189_hh80
d79,d86_hh167
d79,d45_hh282
d79,d189_hh80
d79,d60_hh210
d79,d172_hh1
d79,d115_hh196
d79,d94_hh178
d79,d27_hh65
d79,d49_hh119
d79,d103_hh72
d79,d105_hh48
d79,d103_hh53
d79,d108_hh127
d79,d103_hh175
d79,d194_hh102
d79,d70_hh79
d79,d45_hh9
d79,d22_hh155
d85,d59_hh251
d85,d23_hh233
d85,d123_hh160
d85,d39_hh99
d85,d174_hh24
d85,d177_hh163
d85,d54_hh57
d85,d143_hh241
d85,d17_hh228
d85,d17_hh106
d85,d119_hh177
d85,d66_hh14
d85,d54_hh218
d85,d2_hh151
d85,d23_hh204
d85,d162_hh213
d85,d162_hh213
d85,d54_hh44
d85,d16_hh294
d85,d82_hh154
d85,d29_hh243
d85,d155_hh18
d85,d75_hh216
d85,d104_hh175
d85,d205_hh196
d85,d53_hh3
d85,d208_hh253
d85,d111_hh131
d85,d90_hh233
d85,d56_hh4
d85,d210_hh142
d85,d52_hh165
d85,d132_hh76
d85,d44_hh164
d85,d98_hh84
d85,d83_hh204
d85,d56_hh4
d85,d34_hh77
d85,d54_hh44
d85,d123_hh104
d85,d123_hh104
d85,d138_hh150
d85,d137_hh106
d85,d205_hh196
d85,d98_hh100
d85,d200_hh21
d85,d143_hh28
d85,d204_hh239
d85,d114_hh66
d85,d161_hh21
d85,d43_hh125
d85,d95_hh201
d85,d162_hh47
d85,d138_hh82
d85,d100_hh63
d85,d102_hh179
d85,d122_hh159
d85,d42_hh58
d85,d65_hh29
d85,d199_hh49
d85,d120_hh248
d85,d187_hh7
d85,d41_hh71
d85,d90_hh151
d85,d42_hh19
d85,d209_hh11
d85,d170_hh117
d85,d200_hh77
d85,d118_hh118
d85,d87_hh245
d85,d137_hh119
d85,d134_hh270
d85,d162_hh47
d85,d178_hh157
d85,d213_hh252
d85,d78_hh39
d85,d209_hh159
d85,d163_hh145
d85,d164_hh123
d85,d131_hh24
d85,d161_hh21
d85,d57_hh286
d85,d152_hh168
d85,d62_hh98
d85,d209_hh244
d85,d208_hh168
d85,d138_hh150
d85,d214_hh41
d85,d53_hh147
d85,d191_hh53
d85,d81_hh89
d85,d174_hh242
d85,d143_hh28
d85,d54_hh57
d85,d123_hh119
d85,d97_hh26
d85,d213_hh211
d85,d110_hh252
d85,d132_hh44
d85,d81_hh89
d85,d200_hh77
d85,d200_hh102
d85,d100_hh48
d85,d126_hh167
d85,d204_hh239
d85,d98_hh100
d85,d141_hh129
d85,d131_hh180
d85,d85_hh144
d85,d110_hh252
d85,d166_hh150
d85,d7_hh257
d85,d119_hh24
d85,d165_hh94
d85,d178_hh191
d85,d127_hh89
d85,d143_hh241
d85,d150_hh207
d85,d17_hh12
d85,d123_hh160
d85,d96_hh110
d85,d193_hh85
d85,d75_hh102
d85,d200_hh261
d85,d54_hh222
d85,d169_hh225
d85,d178_hh58
d85,d46_hh245
d85,d208_hh253
d85,d111_hh131
d85,d67_hh209
d85,d137_hh119
d85,d30_hh58
d85,d174_hh213
d85,d23_hh93
d85,d182_hh226
d85,d51_hh231
d85,d30_hh130
d85,d132_hh76
d85,d122_hh16
d85,d112_hh8
d85,d141_hh128
d85,d31_hh139
d85,d147_hh54
d85,d90_hh207
d85,d52_hh115
d85,d114_hh66
d85,d117_hh74
d85,d29_hh85
d85,d158_hh239
d85,d149_hh107
d85,d91_hh21
d85,d175_hh52
d85,d23_hh233
d85,d98_hh223
d85,d213_hh247
d85,d117_hh74
d85,d78_hh223
d85,d210_hh200
d85,d104_hh58
d85,d199_hh71
d85,d72_hh42
d85,d149_hh1
d85,d187_hh7
d85,d39_hh154
d85,d187_hh42
d85,d119_hh210
d85,d62_hh22
d85,d174_hh242
d85,d4_hh80
d85,d110_hh193
d85,d40_hh200
d85,d120_hh161
d85,d21_hh90
d85,d134_hh270
d85,d98_hh84
d85,d178_hh272
d85,d104_hh175
d85,d129_hh122
d85,d62_hh259
d85,d2_hh217
d85,d73_hh184
d85,d174_hh42
d85,d19_hh38
d85,d57_hh16
d85,d169_hh199
d85,d184_hh158
d85,d2_hh173
d85,d123_hh106
d85,d200_hh77
d85,d90_hh233
d85,d159_hh64
d85,d128_hh246
d85,d56_hh262
d85,d73_hh184
d85,d2_hh180
d85,d158_hh107
d85,d98_hh223
d85,d199_hh180
d85,d213_hh62
d85,d174_hh242
d85,d59_hh243
d85,d15_hh76
d85,d132_hh44
d85,d62_hh251
d85,d138_hh150
d85,d26_hh40
d85,d159_hh64
d85,d147_hh43
d85,d202_hh205
d85,d75_hh25
d85,d42_hh202
d85,d26_hh40
d85,d35_hh2
d85,d90_hh151
d85,d152_hh88
d85,d193_hh138
d85,d150_hh207
d85,d208_hh253
d85,d161_hh21
d85,d4_hh80
d85,d187_hh7
d85,d149_hh107
d85,d96_hh110
d85,d24_hh92
d85,d106_hh207
d85,d50_hh217
d85,d24_hh92
d85,d50_hh249
d85,d24_hh92
d85,d53_hh3
d85,d187_hh42
d85,d210_hh142
d85,d155_hh18
d85,d133_hh241
d85,d160_hh88
d85,d72_hh42
d85,d166_hh164
d85,d17_hh228
d85,d78_hh39
d85,d193_hh248
d85,d173_hh262
d85,d114_hh66
d85,d193_hh138
d85,d16_hh294
d85,d66_hh240
d85,d41_hh163
d85,d200_hh261
d85,d35_hh263
d85,d52_hh33
d85,d11_hh53
d85,d75_hh25
d85,d95_hh164
d85,d74_hh107
d85,d111_hh131
d85,d34_hh160
d85,d41_hh163
d85,d30_hh130
d85,d67_hh209
d85,d198_hh136
d85,d75_hh264
d85,d133_hh135
d85,d191_hh53
d85,d187_hh42
d85,d160_hh0
d85,d66_hh207
d87,d75_hh227
d87,d51_hh231
d87,d140_hh85
d87,d193_hh85
d87,d2_hh173
d87,d11_hh128
d87,d174_hh213
d87,d128_hh126
d87,d119_hh222
d87,d98_hh223
d87,d174_hh213
d87,d62_hh22
d87,d36_hh226
d87,d38_hh159
d87,d208_hh168
d87,d123_hh129
d87,d80_hh106
d87,d82_hh154
d87,d164_hh122
d87,d143_hh241
d87,d4_hh65
d87,d173_hh163
d87,d75_hh53
d87,d120_hh269
d87,d78_hh39
d87,d182_hh149
d87,d42_hh202
d87,d97_hh26
d87,d42_hh88
d87,d155_hh18
d87,d186_hh185
d87,d46_hh245
d87,d81_hh89
d87,d65_hh29
d87,d175_hh131
d87,d38_hh165
d87,d61_hh155
d87,d75_hh102
d87,d187_hh87
d87,d17_hh228
d87,d164_hh122
d87,d23_hh204
d87,d24_hh92
d87,d52_hh33
d87,d46_hh245
d87,d66_hh18
d87,d143_hh241
d87,d57_hh286
d87,d90_hh207
d87,d15_hh22
d87,d199_hh71
d87,d54_hh189
d87,d132_hh188
d87,d54_hh61
d87,d114_hh47
d87,d54_hh44
d87,d15_hh186
d87,d97_hh26
d87,d23_hh233
d87,d178_hh272
d87,d120_hh269
d87,d149_hh107
d87,d199_hh71
d87,d123_hh104
d87,d178_hh191
d87,d85_hh184
d87,d66_hh14
d87,d100_hh63
d87,d111_hh227
d87,d52_hh165
d87,d54_hh152
d87,d163_hh213
d87,d75_hh25
d87,d15_hh22
d87,d208_hh253
d87,d182_hh226
d87,d62_hh98
d87,d200_hh261
d87,d213_hh252
d87,d205_hh196
d87,d214_hh70
d87,d19_hh130
d87,d57_hh216
d87,d123_hh119
d87,d95_hh56
d87,d55_hh254
d87,d102_hh200
d87,d13_hh58
d87,d110_hh193
d87,d7_hh257
d87,d166_hh24
d87,d57_hh16
d87,d75_hh25
d87,d54_hh218
d87,d62_hh98
d87,d209_hh219
d87,d38_hh159
d87,d78_hh223
d87,d207_hh191
d87,d23_hh93
d87,d133_hh135
d87,d111_hh131
d87,d137_hh106
d87,d213_hh178
d87,d16_hh294
d87,d83_hh193
d87,d46_hh53
d87,d191_hh246
d87,d23_hh93
d87,d126_hh207
d87,d48_hh118
d87,d130_hh244
d87,d15_hh76
d87,d204_hh56
d87,d200_hh21
d87,d100_hh91
d87,d127_hh89
d87,d213_hh252
d87,d178_hh58
d87,d41_hh206
d87,d173_hh262
d87,d123_hh104
d87,d150_hh207
d87,d29_hh85
d87,d66_hh207
d87,d174_hh242
d87,d53_hh147
d87,d125_hh3
d87,d213_hh125
d87,d205_hh196
d87,d200_hh21
d87,d119_hh210
d87,d42_hh58
d87,d54_hh218
d87,d213_hh2
d87,d169_hh199
d87,d125_hh3
d87,d191_hh246
d87,d171_hh88
d87,d57_hh286
d87,d118_hh173
d87,d95_hh56
d87,d38_hh159
d87,d155_hh151
d87,d137_hh119
d87,d210_hh200
d87,d29_hh85
d87,d52_hh165
d87,d18_hh227
d87,d123_hh129
d87,d11_hh53
d87,d124_hh40
d87,d202_hh90
d87,d34_hh160
d87,d15_hh264
d87,d4_hh29
d87,d118_hh118
d87,d114_hh47
d87,d155_hh210
d87,d46_hh194
d87,d117_hh74
d87,d114_hh219
d87,d125_hh135
d87,d44_hh38
d87,d131_hh180
d87,d2_hh151
d87,d52_hh33
d87,d193_hh248
d87,d42_hh19
d87,d117_hh11
d87,d54_hh152
d87,d209_hh254
d87,d23_hh93
d87,d59_hh251
d87,d122_hh231
d87,d126_hh167
d87,d62_hh251
d87,d198_hh188
d87,d13_hh58
d87,d193_hh248
d87,d195_hh109
d87,d75_hh264
d87,d54_hh57
d87,d209_hh159
d87,d101_hh129
d87,d124_hh40
d87,d2_hh173
d87,d38_hh159
d87,d131_hh205
d87,d91_hh138
d87,d82_hh154
d87,d128_hh28
d87,d138_hh150
d87,d61_hh155
d87,d40_hh152
d87,d193_hh138
d87,d43_hh125
d87,d113_hh175
d87,d132_hh188
d87,d132_hh188
d87,d204_hh87
d87,d66_hh14
d87,d200_hh21
d87,d111_hh227
d87,d42_hh58
d87,d52_hh165
d87,d57_hh16
d87,d132_hh76
d87,d57_hh207
d87,d23_hh93
d87,d161_hh203
d87,d178_hh272
d87,d74_hh142
d87,d166_hh24
d87,d38_hh165
d87,d2_hh287
d87,d171_hh71
d87,d21_hh97
d87,d202_hh264
d87,d50_hh272
d87,d2_hh173
d87,d117_hh11
d87,d59_hh251
d87,d131_hh174
d87,d96_hh110
d87,d62_hh22
d87,d169_hh199
d87,d42_hh185
d87,d75_hh25
d87,d99_hh225
d87,d66_hh18
d87,d137_hh106
d87,d187_hh42
d87,d131_hh174
d87,d163_hh145
d87,d164_hh123
d87,d102_hh201
d87,d42_hh185
d87,d193_hh138
d87,d62_hh259
d87,d109_hh88
d87,d112_hh8
d87,d102_hh179
d87,d169_hh190
d87,d74_hh257
d87,d23_hh21
d87,d178_hh134
d87,d36_hh94
d87,d209_hh11
d87,d178_hh157
d87,d36_hh94
d87,d41_hh71
d87,d61_hh155
d87,d164_hh122
d87,d120_hh269
d87,d75_hh216
d87,d214_hh13
d87,d187_hh0
d87,d200_hh102
d87,d158_hh107
d87,d195_hh19
d87,d213_hh247
d87,d200_hh102
d87,d213_hh62
d87,d119_hh24
d87,d46_hh194
d87,d23_hh204
d87,d17_hh210
d87,d164_hh123
d87,d88_hh195
d87,d132_hh188
d87,d59_hh243
d87,d85_hh184
d87,d178_hh272
d87,d91_hh138
d87,d15_hh80
d87,d29_hh85
d87,d190_hh38
d87,d24_hh176
d87,d41_hh163
d87,d106_hh207
d87,d24_hh176
d87,d101_hh155
d88,d93_hh18
d88,d195_hh19
d88,d158_hh136
d88,d123_hh160
d88,d164_hh122
d88,d2_hh180
d88,d104_hh270
d88,d7_hh257
d88,d19_hh38
d88,d118_hh244
d88,d74_hh107
d88,d12_hh23
d88,d202_hh264
d88,d202_hh90
d88,d131_hh180
d88,d138_hh82
d88,d54_hh152
d88,d195_hh19
d88,d85_hh110
d88,d199_hh49
d88,d134_hh223
d88,d83_hh153
d88,d51_hh151
d88,d101_hh129
d88,d91_hh90
d88,d53_hh3
d88,d21_hh90
d88,d131_hh205
d88,d95_hh164
d88,d54_hh189
d88,d73_hh242
d88,d74_hh257
d88,d83_hh117
d88,d57_hh16
d88,d119_hh64
d88,d165_hh94
d88,d122_hh159
d88,d21_hh105
d88,d179_hh1
d88,d75_hh53
d88,d57_hh216
d88,d131_hh205
d88,d44_hh164
d88,d50_hh7
d88,d200_hh102
d88,d214_hh13
d88,d36_hh226
d88,d128_hh28
d88,d41_hh206
d88,d182_hh229
d88,d160_hh88
d88,d150_hh203
d88,d159_hh64
d88,d67_hh209
d88,d73_hh242
d88,d41_hh71
d88,d42_hh19
d88,d75_hh53
d88,d74_hh243
d88,d91_hh199
d88,d5_hh5
d88,d50_hh249
d88,d53_hh147
d88,d46_hh69
d88,d118_hh173
d88,d169_hh216
d88,d95_hh56
d88,d39_hh66
d88,d95_hh164
d88,d214_hh70
d88,d160_hh0
d88,d155_hh151
d88,d101_hh155
d88,d54_hh222
d88,d15_hh186
d88,d78_hh223
d88,d141_hh128
d88,d59_hh184
d88,d143_hh241
d88,d169_hh190
d88,d54_hh189
d88,d74_hh15
d88,d141_hh128
d88,d195_hh19
d88,d67_hh15
d88,d31_hh34
d88,d193_hh85
d88,d210_hh142
d88,d50_hh272
d88,d152_hh29
d88,d91_hh138
d88,d190_hh38
d88,d132_hh188
d88,d39_hh154
d88,d126_hh4
d88,d74_hh257
d88,d162_hh213
d88,d31_hh34
d88,d87_hh245
d88,d95_hh56
d88,d81_hh89
d88,d175_hh131
d88,d91_hh138
d88,d209_hh219
d88,d74_hh142
d88,d30_hh267
d88,d15_hh186
d88,d66_hh213
d88,d4_hh65
d88,d178_hh272
d88,d186_hh185
d88,d62_hh98
d88,d19_hh130
d88,d83_hh204
d88,d91_hh199
d88,d59_hh184
d88,d200_hh261
d88,d77_hh123
d88,d197_hh151
d88,d19_hh130
d88,d100_hh145
d88,d59_hh243
d88,d38_hh159
d88,d132_hh76
d88,d26_hh40
d88,d209_hh244
d88,d67_hh15
d88,d5_hh5
d88,d165_hh107
d88,d93_hh66
d88,d52_hh115
d88,d98_hh223
d88,d200_hh261
d88,d177_hh163
d88,d91_hh138
d88,d213_hh252
d88,d98_hh84
d88,d110_hh193
d88,d75_hh25
d88,d62_hh98
d88,d54_hh152
d88,d131_hh205
d88,d50_hh217
d88,d133_hh241
d88,d178_hh272
d88,d130_hh244
d88,d187_hh42
d88,d7_hh257
d88,d66_hh240
d88,d123_hh119
d88,d123_hh104
d88,d100_hh63
d88,d15_hh76
d88,d213_hh125
d88,d184_hh238
d88,d4_hh80
d88,d54_hh189
d88,d16_hh294
d88,d204_hh56
d88,d4_hh29
d88,d198_hh152
d88,d51_hh151
d88,d173_hh163
d88,d41_hh163
d88,d154_hh2
d88,d46_hh245
d88,d140_hh85
d88,d19_hh38
d88,d182_hh226
d88,d135_hh2
d88,d15_hh76
d88,d159_hh183
d88,d204_hh87
d88,d54_hh222
d88,d209_hh159
d88,d202_hh90
d88,d39_hh66
d88,d102_hh179
d88,d95_hh205
d88,d120_hh269
d88,d24_hh92
d88,d209_hh219
d88,d85_hh144
d88,d15_hh264
d88,d50_hh272
d88,d182_hh149
d88,d120_hh161
d88,d150_hh207
d88,d187_hh0
d88,d178_hh134
d88,d74_hh257
d88,d215_hh105
d88,d87_hh245
d88,d15_hh186
d88,d51_hh231
d88,d101_hh129
d88,d21_hh97
d88,d17_hh12
d88,d101_hh129
d88,d74_hh15
d88,d66_hh207
d88,d75_hh25
d88,d88_hh36
d88,d152_hh88
d88,d166_hh239
d88,d91_hh138
d88,d110_hh193
d88,d31_hh139
d88,d48_hh118
d88,d15_hh76
d88,d132_hh188
d88,d199_hh180
d88,d88_hh195
d88,d96_hh110
d88,d30_hh130
d88,d208_hh253
d88,d72_hh42
d88,d122_hh231
d88,d59_hh112
d88,d38_hh159
d88,d186_hh185
d88,d97_hh26
d88,d213_hh62
d88,d51_hh151
d88,d31_hh34
d88,d83_hh76
d88,d199_hh180
d88,d126_hh167
d88,d56_hh174
d88,d81_hh89
d88,d199_hh49
d88,d74_hh15
d88,d35_hh263
d88,d52_hh115
d88,d187_hh42
d88,d173_hh262
d88,d66_hh213
d88,d197_hh151
d88,d162_hh47
d88,d12_hh23
d88,d120_hh161
d88,d123_hh119
d88,d66_hh207
d88,d126_hh263
d88,d75_hh227
d88,d4_hh80
d88,d204_hh239
d88,d52_hh33
d88,d50_hh217
d88,d51_hh151
d88,d83_hh76
d88,d198_hh136
d88,d29_hh243
d88,d171_hh88
d88,d54_hh189
d88,d164_hh122
d88,d126_hh167
d88,d174_hh242
d88,d80_hh186
d88,d118_hh173
d88,d17_hh12
d88,d83_hh193
d88,d214_hh13
d88,d113_hh175
d88,d110_hh193
d88,d23_hh93
d88,d15_hh103
d88,d93_hh66
d88,d155_hh210
d88,d61_hh41
d88,d54_hh189
d88,d52_hh115
d88,d30_hh130
d88,d75_hh216
d88,d213_hh125
d88,d117_hh140
d88,d111_hh227
d88,d139_hh214
d86,d172_hh102
d86,d27_hh133
d86,d212_hh78
d86,d64_hh69
d86,d148_hh98
d86,d27_hh16
d86,d212_hh78
d86,d176_hh239
d86,d144_hh285
d86,d206_hh283
d86,d136_hh186
d86,d167_hh167
d86,d86_hh114
d86,d107_hh42
d86,d196_hh42
d86,d107_hh76
d86,d181_hh63
d86,d84_hh101
d86,d192_hh169
d86,d22_hh225
d86,d206_hh151
d86,d94_hh178
d86,d201_hh28
d86,d115_hh2
d86,d192_hh0
d86,d136_hh186
d86,d188_hh98
d86,d108_hh277
d86,d189_hh80
d86,d10_hh60
d86,d64_hh137
d86,d148_hh221
d86,d25_hh250
d86,d70_hh243
d86,d194_hh224
d86,d201_hh21
d86,d94_hh178
d86,d14_hh160
d86,d86_hh136
d86,d181_hh267
d86,d196_hh42
d86,d151_hh146
d86,d188_hh137
d86,d196_hh34
d86,d86_hh114
d86,d45_hh9
d86,d94_hh178
d86,d194_hh224
d86,d94_hh137
d86,d84_hh101
d86,d188_hh137
d86,d188_hh137
d86,d185_hh17
d86,d108_hh127
d86,d45_hh282
d86,d49_hh149
d86,d45_hh9
d86,d136_hh186
d86,d45_hh183
d86,d145_hh150
d86,d136_hh236
d86,d145_hh212
d86,d64_hh69
d86,d121_hh146
d86,d84_hh15
d86,d70_hh85
d86,d188_hh98
d86,d167_hh120
d86,d189_hh237
d86,d64_hh271
d86,d206_hh188
d86,d8_hh179
d86,d203_hh30
d86,d115_hh85
d86,d107_hh0
d86,d84_hh6
d86,d201_hh86
d86,d181_hh59
d86,d188_hh98
d86,d151_hh207
d86,d103_hh172
d86,d84_hh62
d86,d9_hh97
d86,d28_hh260
d86,d201_hh21
d86,d153_hh185
d86,d28_hh260
d86,d107_hh76
d86,d64_hh133
d86,d45_hh183
d86,d188_hh98
d86,d8_hh179
d86,d196_hh34
d86,d144_hh285
d86,d49_hh237
d86,d203_hh30
d86,d115_hh85
d86,d94_hh178
d86,d167_hh36
d86,d60_hh210
d86,d84_hh62
d86,d153_hh185
d86,d136_hh236
d86,d84_hh62
d86,d107_hh260
d86,d196_hh34
d86,d105_hh48
d86,d94_hh137
d86,d84_hh62
d86,d60_hh210
d86,d121_hh238
d86,d25_hh250
d86,d14_hh160
d86,d49_hh155
d86,d115_hh2
d86,d107_hh143
d86,d188_hh223
d86,d45_hh183
d86,d108_hh40
d86,d185_hh70
d86,d196_hh175
d86,d84_hh220
d86,d22_hh0
d86,d192_hh0
d86,d108_hh127
d86,d105_hh161
d86,d196_hh175
d86,d60_hh172
d86,d3_hh7
d86,d181_hh267
d86,d22_hh155
d86,d181_hh59
d86,d64_hh69
d86,d64_hh45
d86,d70_hh85
d86,d167_hh41
d86,d115_hh2
d86,d181_hh59
d86,d148_hh98
d86,d108_hh277
d86,d10_hh110
d86,d86_hh70
d86,d107_hh76
d86,d108_hh35
d86,d188_hh98
d86,d151_hh146
d86,d144_hh285
d86,d49_hh149
d86,d94_hh137
d86,d60_hh165
d86,d201_hh86
d86,d86_hh70
d86,d94_hh137
d86,d3_hh279
d86,d94_hh137
d86,d60_hh165
d86,d79_hh182
d86,d71_hh152
d86,d84_hh62
d86,d115_hh2
d86,d22_hh0
d86,d107_hh0
d86,d212_hh78
d86,d8_hh179
d86,d167_hh36
d86,d27_hh16
d86,d108_hh35
d86,d136_hh236
d86,d9_hh176
d86,d49_hh119
d86,d94_hh137
d86,d203_hh30
d86,d64_hh165
d86,d145_hh212
d86,d60_hh210
d86,d49_hh149
d86,d192_hh0
d86,d10_hh60
d86,d115_hh2
d86,d63_hh157
d86,d203_hh30
d86,d45_hh140
d86,d84_hh101
d86,d145_hh212
d86,d167_hh41
d86,d64_hh45
d86,d196_hh175
d86,d84_hh220
d86,d167_hh41
d86,d151_hh207
d86,d136_hh186
d86,d167_hh120
d86,d136_hh236
d86,d136_hh236
d86,d167_hh41
d86,d136_hh236
d86,d60_hh210
d86,d60_hh210
d86,d148_hh221
d86,d145_hh150
d86,d49_hh131
d86,d70_hh85
d86,d49_hh89
d86,d151_hh207
d86,d192_hh0
d86,d64_hh69
d86,d157_hh104
d86,d103_hh115
d86,d27_hh133
d86,d206_hh151
d86,d27_hh16
d86,d70_hh85
d86,d188_hh137
d86,d105_hh161
d86,d8_hh179
d86,d70_hh135
d86,d172_hh1
d86,d10_hh60
d86,d201_hh28
d86,d108_hh40
d86,d28_hh260
d86,d206_hh151
d86,d176_hh122
d86,d176_hh239
d86,d64_hh69
d86,d10_hh60
d86,d167_hh120
d86,d28_hh124
d86,d176_hh239
d86,d115_hh2
d86,d14_hh160
d86,d172_hh102
d86,d9_hh176
d86,d194_hh102
d86,d167_hh120
d86,d203_hh30
d86,d64_hh133
d86,d121_hh146
d86,d3_hh7
d86,d108_hh35
d86,d60_hh210
d86,d115_hh85
d86,d86_hh70
d86,d9_hh176
d86,d194_hh224
d86,d70_hh79
d86,d212_hh78
d86,d27_hh65
d86,d105_hh161
d86,d107_hh0
d86,d201_hh21
d86,d70_hh135
d86,d27_hh16
d86,d107_hh260
d86,d153_hh185
d86,d70_hh85
d86,d22_hh219
d86,d189_hh80
d86,d206_hh188
d86,d206_hh74
d86,d9_hh56
d86,d176_hh239
d86,d192_hh169
d86,d64_hh271
d86,d211_hh181
d86,d10_hh60
d86,d167_hh41
d86,d108_hh40
d86,d25_hh250
d86,d201_hh28
d86,d70_hh85
d86,d108_hh40
d86,d188_hh98
d86,d108_hh40
d86,d115_hh85
d86,d70_hh85
d86,d148_hh97
d86,d64_hh271
d86,d201_hh28
d86,d151_hh146
d86,d10_hh46
d86,d172_hh1
d86,d60_hh210
d86,d121_hh238
d86,d181_hh59
d86,d153_hh185
d86,d107_hh42
d86,d84_hh62
d86,d196_hh60
d86,d115_hh85
d90,d95_hh56
d90,d119_hh24
d90,d164_hh123
d90,d155_hh210
d90,d123_hh129
d90,d158_hh107
d90,d204_hh239
d90,d91_hh199
d90,d213_hh252
d90,d50_hh7
d90,d200_hh261
d90,d78_hh223
d90,d123_hh57
d90,d18_hh227
d90,d120_hh269
d90,d213_hh247
d90,d213_hh125
d90,d200_hh21
d90,d126_hh263
d90,d55_hh94
d90,d126_hh263
d90,d160_hh0
d90,d50_hh249
d90,d169_hh216
d90,d166_hh164
d90,d39_hh154
d90,d152_hh168
d90,d50_hh217
d90,d132_hh46
d90,d90_hh151
d90,d122_hh159
d90,d90_hh233
d90,d119_hh210
d90,d118_hh244
d90,d41_hh150
d90,d81_hh89
d90,d159_hh64
d90,d213_hh2
d90,d111_hh131
d90,d126_hh207
d90,d131_hh102
d90,d19_hh38
d90,d195_hh47
d90,d114_hh47
d90,d204_hh239
d90,d59_hh112
d90,d134_hh270
d90,d23_hh204
d90,d195_hh47
d90,d123_hh104
d90,d137_hh106
d90,d200_hh261
d90,d200_hh21
d90,d23_hh204
d90,d131_hh24
d90,d104_hh270
d90,d179_hh1
d90,d123_hh104
d90,d122_hh16
d90,d97_hh26
d90,d118_hh173
d90,d158_hh86
d90,d123_hh119
d90,d26_hh40
d90,d2_hh217
d90,d59_hh184
d90,d11_hh128
d90,d83_hh117
d90,d149_hh107
d90,d51_hh151
d90,d15_hh22
d90,d123_hh106
d90,d128_hh246
d90,d102_hh242
d90,d20_hh166
d90,d155_hh210
d90,d178_hh134
d90,d34_hh77
d90,d46_hh245
d90,d195_hh19
d90,d198_hh136
d90,d210_hh142
d90,d56_hh4
d90,d193_hh248
d90,d193_hh138
d90,d160_hh0
d90,d29_hh243
d90,d184_hh238
d90,d65_hh242
d90,d202_hh205
d90,d36_hh226
d90,d106_hh207
d90,d7_hh257
d90,d83_hh76
d90,d118_hh244
d90,d204_hh56
d90,d46_hh12
d90,d128_hh28
d90,d179_hh1
d90,d104_hh58
d90,d202_hh90
d90,d16_hh287
d90,d119_hh24
d90,d208_hh168
d90,d170_hh117
d90,d198_hh152
d90,d52_hh33
d90,d15_hh22
d90,d214_hh41
d90,d123_hh106
d90,d210_hh142
d90,d57_hh166
d90,d119_hh95
d90,d209_hh159
d90,d98_hh223
d90,d137_hh119
d90,d158_hh239
d90,d52_hh115
d90,d62_hh22
d90,d46_hh53
d90,d114_hh219
d90,d202_hh264
d90,d57_hh286
d90,d171_hh88
d90,d21_hh105
d90,d114_hh219
d90,d66_hh213
d90,d11_hh53
d90,d182_hh229
d90,d158_hh136
d90,d208_hh168
d90,d162_hh47
d90,d177_hh145
d90,d214_hh47
d90,d214_hh70
d90,d187_hh7
d90,d44_hh164
d90,d83_hh204
d90,d21_hh90
d90,d13_hh58
d90,d155_hh210
d90,d199_hh49
d90,d149_hh14
d90,d161_hh185
d90,d214_hh41
d90,d15_hh264
d90,d114_hh66
d90,d110_hh252
d90,d41_hh206
d90,d130_hh142
d90,d77_hh123
d90,d114_hh47
d90,d15_hh103
d90,d187_hh7
d90,d141_hh129
d90,d174_hh42
d90,d83_hh153
d90,d17_hh213
d90,d141_hh128
d90,d213_hh2
d90,d46_hh69
d90,d213_hh2
d90,d66_hh18
d90,d187_hh87
d90,d125_hh3
d90,d69_hh240
d90,d125_hh135
d90,d50_hh7
d90,d2_hh180
d90,d100_hh145
d90,d2_hh68
d90,d4_hh80
d90,d56_hh174
d90,d41_hh71
d90,d138_hh82
d90,d122_hh16
d90,d46_hh69
d90,d93_hh66
d90,d202_hh90
d90,d83_hh117
d90,d186_hh185
d90,d214_hh13
d90,d99_hh225
d90,d213_hh62
d90,d187_hh87
d90,d178_hh134
d90,d96_hh110
d90,d123_hh160
d90,d31_hh34
d90,d73_hh184
d90,d158_hh239
d90,d154_hh2
d90,d15_hh80
d90,d198_hh136
d90,d198_hh152
d90,d5_hh5
d90,d207_hh191
d90,d98_hh100
d90,d50_hh249
d90,d118_hh173
d90,d128_hh28
d90,d50_hh7
d90,d149_hh1
d90,d19_hh38
d90,d23_hh156
d90,d184_hh238
d90,d18_hh137
d90,d93_hh18
d90,d158_hh107
d90,d213_hh2
d90,d110_hh252
d90,d208_hh168
d90,d23_hh233
d90,d91_hh138
d90,d48_hh118
d90,d184_hh158
d90,d141_hh129
d90,d55_hh254
d90,d62_hh251
d90,d39_hh66
d90,d57_hh286
d90,d104_hh58
d90,d165_hh94
d90,d55_hh254
d90,d97_hh156
d90,d200_hh261
d90,d46_hh245
d90,d200_hh102
d90,d57_hh286
d90,d53_hh147
d90,d128_hh126
d90,d78_hh39
d90,d80_hh236
d90,d182_hh229
d90,d61_hh41
d90,d165_hh107
d90,d195_hh109
d90,d23_hh156
d90,d214_hh41
d90,d207_hh219
d90,d166_hh150
d90,d46_hh53
d90,d130_hh244
d90,d91_hh21
d90,d54_hh218
d90,d19_hh38
d90,d159_hh64
d90,d113_hh175
d90,d42_hh88
d90,d15_hh264
d90,d209_hh11
d90,d57_hh207
d90,d90_hh233
d90,d128_hh246
d90,d195_hh109
d90,d85_hh144
d90,d160_hh0
d90,d54_hh44
d90,d69_hh240
d90,d204_hh239
d90,d159_hh64
d90,d75_hh53
d90,d128_hh28
d90,d195_hh109
d90,d51_hh231
d90,d20_hh166
d90,d72_hh42
d90,d123_hh106
d90,d82_hh154
d90,d177_hh145
d90,d111_hh227
d90,d65_hh29
d90,d120_hh248
d90,d91_hh199
d90,d53_hh3
d90,d56_hh4
d91,d91_hh138
d91,d186_hh185
d91,d198_hh188
d91,d7_hh257
d91,d46_hh194
d91,d62_hh98
d91,d169_hh190
d91,d23_hh156
d91,d42_hh185
d91,d131_hh180
d91,d131_hh205
d91,d110_hh193
d91,d55_hh254
d91,d134_hh223
d91,d30_hh267
d91,d158_hh136
d91,d163_hh213
d91,d178_hh173
d91,d78_hh223
d91,d208_hh168
d91,d95_hh56
d91,d44_hh38
d91,d83_hh76
d91,d100_hh91
d91,d174_hh213
d91,d46_hh194
d91,d169_hh199
d91,d123_hh84
d91,d173_hh163
d91,d120_hh161
d91,d195_hh19
d91,d72_hh42
d91,d57_hh286
d91,d182_hh74
d91,d123_hh119
d91,d106_hh207
d91,d102_hh200
d91,d95_hh201
d91,d112_hh8
d91,d83_hh76
d91,d98_hh100
d91,d149_hh107
d91,d159_hh183
d91,d160_hh0
d91,d199_hh49
d91,d174_hh24
d91,d170_hh130
d91,d102_hh242
d91,d213_hh125
d91,d101_hh155
d91,d41_hh163
d91,d209_hh254
d91,d147_hh54
d91,d80_hh186
d91,d85_hh144
d91,d170_hh117
d91,d131_hh24
d91,d26_hh40
d91,d46_hh12
d91,d173_hh163
d91,d119_hh210
d91,d162_hh47
d91,d152_hh29
d91,d209_hh11
d91,d54_hh218
d91,d88_hh36
d91,d178_hh58
d91,d15_hh76
d91,d95_hh164
d91,d118_hh244
d91,d155_hh151
d91,d125_hh3
d91,d147_hh54
d91,d61_hh41
d91,d20_hh166
d91,d62_hh259
d91,d200_hh102
d91,d198_hh136
d91,d174_hh42
d91,d51_hh231
d91,d177_hh145
d91,d97_hh26
d91,d213_hh252
d91,d17_hh210
d91,d51_hh231
d91,d23_hh233
d91,d120_hh161
d91,d48_hh118
d91,d30_hh267
d91,d57_hh286
d91,d114_hh47
d91,d160_hh0
d91,d195_hh19
d91,d178_hh173
d91,d155_hh18
d91,d123_hh129
d91,d178_hh173
d91,d158_hh239
d91,d42_hh202
d91,d155_hh151
d91,d21_hh105
d91,d120_hh248
d91,d210_hh142
d91,d87_hh245
d91,d62_hh259
d91,d21_hh90
d91,d169_hh199
d91,d74_hh243
d91,d161_hh21
d91,d204_hh239
d91,d101_hh155
d91,d87_hh245
d91,d128_hh28
d91,d110_hh252
d91,d97_hh156
d91,d83_hh117
d91,d117_hh74
d91,d44_hh38
d91,d198_hh136
d91,d135_hh2
d91,d83_hh204
d91,d182_hh149
d91,d44_hh164
d91,d5_hh5
d91,d191_hh246
d91,d46_hh69
d91,d119_hh210
d91,d41_hh206
d91,d72_hh208
d91,d42_hh88
d91,d208_hh240
d91,d190_hh38
d91,d82_hh154
d91,d48_hh118
d91,d111_hh131
d91,d55_hh94
d91,d119_hh64
d91,d13_hh58
d91,d132_hh188
d91,d102_hh242
d91,d99_hh225
d91,d4_hh87
d91,d175_hh131
d91,d104_hh270
d91,d52_hh33
d91,d16_hh294
d91,d18_hh227
d91,d67_hh15
d91,d184_hh158
d91,d24_hh92
d91,d61_hh155
d91,d95_hh205
d91,d5_hh5
d91,d120_hh269
d91,d162_hh47
d91,d75_hh264
d91,d23_hh233
d91,d111_hh131
d91,d39_hh154
d91,d150_hh207
d91,d126_hh207
d91,d46_hh194
d91,d98_hh100
d91,d98_hh100
d91,d31_hh139
d91,d46_hh245
d91,d178_hh58
d91,d208_hh253
d91,d159_hh64
d91,d75_hh102
d91,d78_hh39
d91,d16_hh294
d91,d123_hh104
d91,d99_hh225
d91,d123_hh129
d91,d15_hh264
d91,d83_hh204
d91,d202_hh205
d91,d29_hh85
d91,d215_hh105
d91,d190_hh38
d91,d119_hh222
d91,d53_hh3
d91,d131_hh205
d91,d2_hh287
d91,d158_hh136
d91,d147_hh54
d91,d66_hh240
d91,d75_hh102
d91,d191_hh53
d91,d15_hh76
d91,d137_hh119
d91,d35_hh263
d91,d163_hh145
d91,d2_hh173
d91,d178_hh134
d91,d54_hh61
d91,d100_hh48
d91,d119_hh210
d91,d2_hh217
d91,d200_hh261
d91,d51_hh151
d91,d100_hh91
d91,d101_hh155
d91,d95_hh201
d91,d78_hh223
d91,d126_hh263
d91,d187_hh0
d91,d209_hh219
d91,d65_hh242
d91,d209_hh149
d91,d131_hh24
d91,d123_hh129
d91,d198_hh136
d91,d41_hh150
d91,d93_hh18
d91,d199_hh49
d91,d131_hh102
d91,d50_hh249
d91,d5_hh5
d91,d200_hh21
d91,d7_hh257
d91,d190_hh38
d91,d90_hh233
d91,d169_hh216
d91,d178_hh157
d91,d195_hh47
d91,d150_hh203
d91,d59_hh251
d91,d111_hh227
d91,d69_hh240
d91,d104_hh116
d91,d165_hh94
d91,d138_hh82
d91,d87_hh156
d91,d166_hh164
d91,d104_hh175
d91,d80_hh186
d91,d198_hh136
d91,d208_hh253
d91,d80_hh236
d91,d91_hh138
d91,d95_hh56
d91,d166_hh164
d91,d113_hh175
d91,d174_hh213
d91,d87_hh156
d91,d158_hh136
d91,d73_hh184
d91,d17_hh228
d91,d161_hh21
d91,d77_hh123
d91,d182_hh195
d91,d123_hh119
d91,d209_hh11
d91,d16_hh294
d91,d125_hh3
d91,d34_hh160
d91,d132_hh188
d91,d132_hh46
d91,d34_hh160
d91,d57_hh216
d91,d85_hh144
d91,d23_hh156
d91,d110_hh193
d91,d4_hh87
d91,d31_hh127
d91,d137_hh119
d91,d131_hh102
d91,d66_hh14
d91,d35_hh263
d91,d193_hh248
d91,d118_hh244
d91,d36_hh226
d91,d159_hh183
d91,d178_hh157
d91,d114_hh66
d91,d90_hh151
d91,d75_hh216
d91,d52_hh165
d91,d149_hh107
d91,d23_hh93
d93,d200_hh77
d93,d143_hh28
d93,d198_hh188
d93,d152_hh88
d93,d35_hh263
d93,d41_hh206
d93,d122_hh144
d93,d207_hh191
d93,d159_hh64
d93,d55_hh94
d93,d33_hh58
d93,d118_hh244
d93,d122_hh159
d93,d66_hh207
d93,d178_hh157
d93,d191_hh53
d93,d90_hh207
d93,d184_hh238
d93,d5_hh5
d93,d124_hh40
d93,d83_hh204
d93,d11_hh53
d93,d126_hh167
d93,d169_hh199
d93,d57_hh286
d93,d213_hh2
d93,d161_hh185
d93,d193_hh85
d93,d213_hh125
d93,d75_hh53
d93,d119_hh222
d93,d114_hh219
d93,d213_hh247
d93,d72_hh208
d93,d52_hh165
d93,d130_hh142
d93,d186_hh185
d93,d152_hh88
d93,d85_hh184
d93,d85_hh110
d93,d75_hh25
d93,d96_hh145
d93,d57_hh207
d93,d54_hh218
d93,d90_hh207
d93,d187_hh7
d93,d66_hh207
d93,d162_hh213
d93,d30_hh267
d93,d59_hh243
d93,d72_hh208
d93,d208_hh240
d93,d161_hh185
d93,d191_hh53
d93,d174_hh242
d93,d15_hh186
d93,d193_hh138
d93,d166_hh150
d93,d210_hh142
d93,d15_hh22
d93,d213_hh247
d93,d166_hh24
d93,d143_hh28
d93,d214_hh47
d93,d207_hh219
d93,d160_hh0
d93,d88_hh36
d93,d35_hh263
d93,d69_hh240
d93,d199_hh49
d93,d74_hh257
d93,d166_hh150
d93,d91_hh199
d93,d114_hh47
d93,d50_hh272
d93,d118_hh118
d93,d193_hh85
d93,d4_hh29
d93,d120_hh269
d93,d2_hh68
d93,d78_hh223
d93,d150_hh203
d93,d214_hh47
d93,d155_hh151
d93,d179_hh1
d93,d11_hh53
d93,d46_hh245
d93,d4_hh87
d93,d95_hh164
d93,d200_hh21
d93,d177_hh163
d93,d23_hh204
d93,d91_hh138
d93,d59_hh251
d93,d210_hh200
d93,d195_hh47
d93,d204_hh87
d93,d23_hh204
d93,d91_hh90
d93,d195_hh47
d93,d100_hh63
d93,d213_hh252
d93,d2_hh180
d93,d85_hh144
d93,d169_hh199
d93,d154_hh2
d93,d210_hh142
d93,d19_hh130
d93,d187_hh7
d93,d186_hh185
d93,d119_hh210
d93,d137_hh106
d93,d152_hh168
d93,d2_hh68
d93,d34_hh77
d93,d65_hh29
d93,d65_hh242
d93,d88_hh36
d93,d173_hh262
d93,d161_hh185
d93,d177_hh145
d93,d66_hh14
d93,d204_hh239
d93,d187_hh7
d93,d2_hh180
d93,d23_hh21
d93,d158_hh239
d93,d162_hh47
d93,d41_hh163
d93,d164_hh122
d93,d131_hh102
d93,d41_hh206
d93,d186_hh185
d93,d126_hh4
d93,d50_hh249
d93,d104_hh270
d93,d154_hh2
d93,d195_hh109
d93,d48_hh118
d93,d78_hh39
d93,d104_hh58
d93,d33_hh58
d93,d202_hh264
d93,d34_hh77
d93,d72_hh208
d93,d59_hh243
d93,d141_hh27
d93,d15_hh103
d93,d149_hh1
d93,d169_hh216
d93,d111_hh131
d93,d42_hh202
d93,d67_hh15
d93,d123_hh57
d93,d147_hh169
d93,d161_hh185
d93,d21_hh105
d93,d35_hh263
d93,d83_hh204
d93,d122_hh144
d93,d61_hh41
d93,d24_hh92
d93,d31_hh139
d93,d95_hh56
d93,d182_hh226
d93,d20_hh166
d93,d210_hh142
d93,d200_hh261
d93,d62_hh251
d93,d57_hh16
d93,d209_hh254
d93,d170_hh130
d93,d48_hh118
d93,d163_hh213
d93,d50_hh217
d93,d209_hh219
d93,d160_hh88
d93,d141_hh128
d93,d83_hh117
d93,d213_hh2
d93,d213_hh2
d93,d119_hh64
d93,d131_hh174
d93,d46_hh53
d93,d51_hh231
d93,d50_hh249
d93,d208_hh168
d93,d205_hh196
d93,d104_hh175
d93,d131_hh205
d93,d114_hh66
d93,d182_hh226
d93,d61_hh155
d93,d24_hh92
d93,d214_hh210
d93,d162_hh47
d93,d74_hh107
d93,d133_hh111
d93,d150_hh207
d93,d65_hh242
d93,d187_hh87
d93,d187_hh0
d93,d213_hh247
d93,d119_hh210
d93,d102_hh242
d93,d65_hh29
d93,d132_hh46
d93,d125_hh3
d93,d130_hh142
d93,d4_hh80
d93,d38_hh165
d93,d97_hh26
d93,d193_hh248
d93,d149_hh107
d93,d122_hh16
d93,d198_hh152
d93,d133_hh135
d93,d125_hh3
d93,d170_hh130
d93,d17_hh106
d93,d150_hh207
d93,d170_hh130
d93,d78_hh223
d93,d50_hh272
d93,d67_hh15
d93,d2_hh287
d93,d102_hh200
d93,d123_hh129
d93,d2_hh173
d93,d66_hh14
d93,d46_hh194
d93,d214_hh47
d93,d169_hh216
d93,d117_hh74
d93,d209_hh244
d93,d90_hh233
d93,d135_hh17
d93,d78_hh39
d93,d155_hh210
d93,d52_hh33
d93,d7_hh257
d93,d46_hh194
d93,d90_hh233
d93,d140_hh85
d93,d210_hh142
d93,d160_hh0
d93,d34_hh77
d93,d161_hh21
d93,d24_hh176
d93,d200_hh77
d93,d199_hh180
d93,d149_hh1
d93,d38_hh165
d93,d191_hh246
d93,d143_hh28
d93,d88_hh36
d93,d126_hh167
d93,d17_hh12
d93,d53_hh3
d93,d182_hh149
d93,d186_hh185
d93,d202_hh90
d93,d198_hh152
d93,d54_hh57
d89,d196_hh42
d89,d60_hh210
d89,d206_hh151
d89,d79_hh182
d89,d64_hh133
d89,d70_hh79
d89,d64_hh271
d89,d45_hh183
d89,d181_hh267
d89,d194_hh102
d89,d14_hh160
d89,d108_hh40
d89,d45_hh140
d89,d63_hh98
d89,d185_hh17
d89,d49_hh149
d89,d64_hh137
d89,d103_hh72
d89,d105_hh238
d89,d3_hh279
d89,d86_hh114
d89,d49_hh131
d89,d172_hh1
d89,d10_hh60
d89,d203_hh11
d89,d108_hh277
d89,d167_hh36
d89,d121_hh238
d89,d206_hh188
d89,d108_hh35
d89,d203_hh30
d89,d14_hh160
d89,d108_hh40
d89,d64_hh133
d89,d194_hh13
d89,d206_hh151
d89,d71_hh292
d89,d115_hh85
d89,d45_hh140
d89,d167_hh36
d89,d49_hh131
d89,d108_hh40
d89,d206_hh256
d89,d151_hh146
d89,d45_hh9
d89,d22_hh0
d89,d167_hh36
d89,d28_hh124
d89,d185_hh17
d89,d167_hh120
d89,d167_hh167
d89,d70_hh85
d89,d94_hh137
d89,d145_hh212
d89,d94_hh178
d89,d136_hh186
d89,d89_hh43
d89,d86_hh70
d89,d9_hh176
d89,d10_hh60
d89,d181_hh59
d89,d49_hh119
d89,d181_hh63
d89,d10_hh60
d89,d64_hh271
d89,d27_hh145
d89,d211_hh181
d89,d105_hh48
d89,d108_hh195
d89,d70_hh79
d89,d136_hh186
d89,d107_hh42
d89,d196_hh175
d89,d115_hh196
d89,d115_hh85
d89,d194_hh224
d89,d28_hh124
d89,d105_hh48
d89,d172_hh1
d89,d115_hh51
d89,d103_hh53
d89,d144_hh285
d89,d206_hh151
d89,d10_hh60
d89,d49_hh149
d89,d189_hh237
d89,d107_hh42
d89,d45_hh9
d89,d107_hh42
d89,d181_hh63
d89,d103_hh53
d89,d108_hh127
d89,d3_hh7
d89,d176_hh122
d89,d145_hh2
d89,d22_hh0
d89,d121_hh238
d89,d211_hh181
d89,d206_hh151
d89,d89_hh43
d89,d206_hh256
d89,d151_hh207
d89,d71_hh169
d89,d206_hh283
d89,d206_hh283
d89,d136_hh236
d89,d148_hh97
d89,d68_hh230
d89,d151_hh207
d89,d79_hh93
d89,d196_hh34
d89,d10_hh60
d89,d136_hh236
d89,d3_hh7
d89,d167_hh41
d89,d108_hh277
d89,d180_hh130
d89,d9_hh56
d89,d188_hh98
d89,d201_hh21
d89,d103_hh175
d89,d144_hh285
d89,d86_hh114
d89,d148_hh221
d89,d79_hh93
d89,d60_hh210
d89,d153_hh185
d89,d22_hh0
d89,d64_hh45
d89,d49_hh119
d89,d206_hh151
d89,d84_hh62
d89,d105_hh238
d89,d206_hh188
d89,d49_hh149
d89,d70_hh243
d89,d201_hh28
d89,d10_hh46
d89,d107_hh76
d89,d60_hh210
d89,d115_hh85
d89,d189_hh80
d89,d172_hh1
d89,d201_hh28
d89,d64_hh271
d89,d45_hh140
d89,d22_hh0
d89,d49_hh119
d89,d45_hh183
d89,d108_hh35
d89,d86_hh70
d89,d176_hh183
d89,d206_hh256
d89,d192_hh159
d89,d194_hh13
d89,d194_hh13
d89,d10_hh60
d89,d45_hh9
d89,d84_hh15
d89,d212_hh78
d89,d71_hh152
d89,d115_hh51
d89,d70_hh79
d89,d84_hh220
d89,d22_hh225
d89,d49_hh245
d89,d103_hh89
d89,d196_hh34
d89,d188_hh98
d89,d211_hh181
d89,d28_hh260
d89,d49_hh245
d89,d49_hh131
d89,d25_hh250
d89,d71_hh292
d89,d68_hh230
d89,d28_hh260
d89,d206_hh188
d89,d115_hh51
d89,d103_hh264
d89,d107_hh76
d89,d167_hh36
d89,d68_hh230
d89,d103_hh175
d89,d196_hh34
d89,d9_hh176
d89,d196_hh42
d89,d60_hh210
d89,d115_hh51
d89,d108_hh35
d89,d206_hh151
d89,d63_hh98
d89,d107_hh211
d89,d49_hh149
d89,d136_hh236
d89,d49_hh237
d89,d153_hh185
d89,d103_hh89
d89,d107_hh143
d89,d70_hh79
d89,d10_hh60
d89,d10_hh60
d89,d151_hh1
d89,d144_hh285
d89,d86_hh114
d89,d201_hh28
d89,d136_hh236
d89,d105_hh48
d89,d84_hh62
d89,d211_hh181
d89,d148_hh189
d89,d192_hh169
d89,d196_hh60
d89,d196_hh34
d89,d49_hh131
d89,d108_hh40
d89,d206_hh283
d89,d167_hh36
d89,d103_hh89
d89,d22_hh0
d89,d89_hh43
d89,d60_hh172
d89,d206_hh188
d89,d194_hh224
d89,d10_hh110
d89,d49_hh237
d89,d188_hh98
d89,d148_hh221
d89,d194_hh224
d89,d79_hh182
d89,d60_hh210
d89,d22_hh225
d89,d64_hh69
d89,d105_hh238
d89,d86_hh136
d89,d176_hh239
d89,d153_hh185
d89,d115_hh85
d89,d108_hh277
d89,d86_hh114
d89,d45_hh9
d89,d86_hh114
d89,d144_hh285
d89,d79_hh93
d89,d167_hh41
d89,d206_hh188
d89,d151_hh1
d89,d84_hh62
d89,d107_hh76
d89,d14_hh160
d89,d70_hh243
d89,d188_hh137
d89,d212_hh78
d89,d167_hh167
d89,d63_hh157
d89,d105_hh238
d89,d49_hh155
d89,d107_hh0
d89,d64_hh45
d89,d3_hh7
d89,d64_hh271
d89,d103_hh72
d89,d10_hh60
d89,d188_hh137
d89,d49_hh237
d89,d196_hh34
d89,d167_hh36
d89,d172_hh102
d89,d27_hh16
d89,d22_hh0
d89,d189_hh237
d89,d194_hh13
d89,d3_hh7
d89,d3_hh98
d89,d212_hh78
d89,d22_hh219
d89,d49_hh89
d89,d136_hh186
d89,d192_hh28
d89,d89_hh77
d89,d49_hh198
d89,d79_hh182
d96,d29_hh131
d96,d147_hh43
d96,d85_hh110
d96,d18_hh227
d96,d66_hh213
d96,d106_hh207
d96,d91_hh21
d96,d130_hh244
d96,d23_hh21
d96,d11_hh53
d96,d209_hh254
d96,d53_hh147
d96,d174_hh213
d96,d123_hh119
d96,d169_hh216
d96,d214_hh13
d96,d122_hh16
d96,d128_hh28
d96,d207_hh219
d96,d100_hh48
d96,d100_hh145
d96,d57_hh286
d96,d40_hh152
d96,d182_hh39
d96,d163_hh213
d96,d31_hh127
d96,d140_hh85
d96,d17_hh228
d96,d100_hh48
d96,d174_hh242
d96,d61_hh41
d96,d118_hh173
d96,d208_hh240
d96,d119_hh95
d96,d129_hh122
d96,d171_hh88
d96,d46_hh69
d96,d122_hh159
d96,d191_hh246
d96,d128_hh126
d96,d186_hh185
d96,d15_hh186
d96,d122_hh231
d96,d80_hh186
d96,d30_hh267
d96,d29_hh85
d96,d98_hh100
d96,d4_hh29
d96,d62_hh98
d96,d198_hh152
d96,d73_hh184
d96,d112_hh8
d96,d195_hh19
d96,d179_hh1
d96,d100_hh145
d96,d169_hh199
d96,d75_hh227
d96,d182_hh226
d96,d204_hh239
d96,d97_hh26
d96,d209_hh219
d96,d5_hh5
d96,d124_hh40
d96,d166_hh150
d96,d119_hh95
d96,d66_hh14
d96,d109_hh88
d96,d51_hh231
d96,d83_hh76
d96,d38_hh165
d96,d57_hh286
d96,d15_hh186
d96,d29_hh243
d96,d75_hh102
d96,d170_hh117
d96,d11_hh128
d96,d97_hh156
d96,d160_hh0
d96,d117_hh140
d96,d65_hh29
d96,d57_hh207
d96,d143_hh28
d96,d118_hh244
d96,d120_hh248
d96,d132_hh46
d96,d123_hh84
d96,d202_hh90
d96,d18_hh137
d96,d147_hh169
d96,d4_hh87
d96,d20_hh166
d96,d122_hh144
d96,d7_hh257
d96,d13_hh58
d96,d132_hh188
d96,d15_hh103
d96,d91_hh138
d96,d147_hh169
d96,d120_hh248
d96,d126_hh263
d96,d128_hh28
d96,d83_hh193
d96,d173_hh262
d96,d131_hh180
d96,d83_hh153
d96,d42_hh19
d96,d4_hh202
d96,d72_hh42
d96,d91_hh21
d96,d119_hh177
d96,d132_hh188
d96,d174_hh42
d96,d213_hh211
d96,d187_hh87
d96,d173_hh262
d96,d2_hh287
d96,d210_hh200
d96,d59_hh243
d96,d88_hh195
d96,d119_hh95
d96,d187_hh0
d96,d100_hh145
d96,d83_hh153
d96,d59_hh243
d96,d120_hh248
d96,d178_hh191
d96,d88_hh36
d96,d213_hh2
d96,d122_hh16
d96,d56_hh262
d96,d174_hh242
d96,d162_hh213
d96,d200_hh21
d96,d87_hh156
d96,d128_hh126
d96,d213_hh62
d96,d178_hh157
d96,d147_hh169
d96,d88_hh195
d96,d17_hh213
d96,d193_hh248
d96,d66_hh240
d96,d15_hh186
d96,d40_hh152
d96,d35_hh263
d96,d119_hh210
d96,d174_hh242
d96,d112_hh8
d96,d29_hh131
d96,d66_hh240
d96,d131_hh24
d96,d184_hh158
d96,d195_hh47
d96,d75_hh53
d96,d169_hh190
d96,d42_hh202
d96,d42_hh88
d96,d124_hh40
d96,d57_hh286
d96,d83_hh153
d96,d59_hh243
d96,d31_hh34
d96,d164_hh122
d96,d46_hh53
d96,d104_hh116
d96,d187_hh7
d96,d208_hh253
d96,d96_hh145
d96,d178_hh157
d96,d102_hh201
d96,d75_hh102
d96,d159_hh64
d96,d159_hh64
d96,d158_hh107
d96,d119_hh222
d96,d214_hh70
d96,d21_hh105
d96,d90_hh151
d96,d113_hh175
d96,d69_hh240
d96,d202_hh205
d96,d100_hh91
d96,d112_hh8
d96,d177_hh163
d96,d214_hh210
d96,d40_hh152
d96,d75_hh102
d96,d134_hh223
d96,d158_hh239
d96,d170_hh130
d96,d155_hh148
d96,d199_hh71
d96,d2_hh68
d96,d91_hh138
d96,d152_hh168
d96,d118_hh244
d96,d117_hh140
d96,d52_hh115
d96,d100_hh91
d96,d62_hh98
d96,d74_hh15
d96,d114_hh47
d96,d149_hh1
d96,d209_hh254
d96,d175_hh52
d96,d134_hh270
d96,d197_hh151
d96,d152_hh168
d96,d62_hh259
d96,d51_hh151
d96,d93_hh66
d96,d186_hh185
d96,d120_hh248
d96,d4_hh87
d96,d34_hh77
d96,d209_hh159
d96,d23_hh233
d96,d209_hh159
d96,d40_hh152
d96,d41_hh150
d96,d85_hh144
d96,d90_hh207
d96,d128_hh126
d96,d213_hh247
d96,d23_hh93
d96,d99_hh225
d96,d207_hh191
d96,d155_hh151
d96,d67_hh15
d96,d158_hh136
d96,d31_hh139
d96,d210_hh142
d96,d131_hh180
d96,d202_hh170
d96,d54_hh218
d96,d127_hh89
d96,d67_hh15
d96,d140_hh85
d96,d171_hh88
d96,d75_hh227
d96,d214_hh47
d96,d2_hh287
d96,d59_hh112
d96,d53_hh3
d96,d182_hh149
d96,d138_hh83
d96,d195_hh19
d96,d138_hh83
d96,d15_hh210
d96,d18_hh227
d96,d119_hh210
d96,d214_hh41
d96,d169_hh216
d96,d165_hh94
d96,d57_hh207
d96,d120_hh269
d96,d158_hh86
d96,d159_hh183
d96,d213_hh211
d96,d209_hh159
d96,d122_hh231
d96,d131_hh205
d96,d213_hh252
d96,d21_hh97
d96,d165_hh94
d96,d202_hh90
d96,d57_hh216
d96,d140_hh85
d96,d199_hh71
d96,d199_hh71
d96,d23_hh21
d96,d113_hh175
d96,d119_hh210
d95,d161_hh203
d95,d44_hh38
d95,d74_hh15
d95,d29_hh243
d95,d122_hh159
d95,d85_hh110
d95,d182_hh195
d95,d104_hh175
d95,d100_hh145
d95,d162_hh213
d95,d42_hh58
d95,d163_hh213
d95,d75_hh25
d95,d166_hh239
d95,d17_hh213
d95,d75_hh264
d95,d54_hh218
d95,d186_hh185
d95,d11_hh53
d95,d34_hh160
d95,d41_hh71
d95,d140_hh85
d95,d101_hh129
d95,d170_hh130
d95,d199_hh49
d95,d44_hh38
d95,d187_hh0
d95,d179_hh1
d95,d54_hh61
d95,d177_hh145
d95,d120_hh161
d95,d174_hh242
d95,d21_hh105
d95,d123_hh106
d95,d173_hh163
d95,d132_hh44
d95,d93_hh18
d95,d158_hh107
d95,d207_hh191
d95,d74_hh142
d95,d41_hh71
d95,d85_hh110
d95,d210_hh200
d95,d139_hh214
d95,d109_hh67
d95,d2_hh180
d95,d208_hh253
d95,d93_hh66
d95,d24_hh92
d95,d15_hh80
d95,d55_hh94
d95,d56_hh174
d95,d39_hh66
d95,d173_hh163
d95,d90_hh207
d95,d109_hh67
d95,d204_hh239
d95,d187_hh7
d95,d43_hh125
d95,d204_hh87
d95,d62_hh259
d95,d98_hh100
d95,d59_hh243
d95,d130_hh142
d95,d104_hh175
d95,d143_hh28
d95,d122_hh231
d95,d4_hh29
d95,d83_hh193
d95,d174_hh24
d95,d199_hh180
d95,d34_hh77
d95,d52_hh33
d95,d7_hh257
d95,d213_hh125
d95,d127_hh89
d95,d128_hh126
d95,d193_hh138
d95,d90_hh151
d95,d128_hh246
d95,d54_hh222
d95,d202_hh205
d95,d119_hh64
d95,d204_hh87
d95,d120_hh161
d95,d184_hh238
d95,d133_hh111
d95,d53_hh3
d95,d149_hh107
d95,d52_hh115
d95,d213_hh252
d95,d90_hh207
d95,d98_hh245
d95,d205_hh196
d95,d147_hh169
d95,d50_hh217
d95,d31_hh127
d95,d198_hh152
d95,d174_hh24
d95,d75_hh227
d95,d75_hh264
d95,d141_hh128
d95,d98_hh223
d95,d193_hh138
d95,d20_hh166
d95,d15_hh22
d95,d18_hh137
d95,d166_hh239
d95,d202_hh264
d95,d30_hh58
d95,d106_hh207
d95,d59_hh243
d95,d187_hh42
d95,d122_hh144
d95,d34_hh77
d95,d31_hh127
d95,d143_hh241
d95,d184_hh238
d95,d91_hh178
d95,d159_hh183
d95,d122_hh231
d95,d204_hh239
d95,d110_hh193
d95,d11_hh53
d95,d213_hh62
d95,d21_hh90
d95,d113_hh175
d95,d204_hh56
d95,d198_hh152
d95,d62_hh98
d95,d141_hh128
d95,d213_hh62
d95,d85_hh184
d95,d205_hh196
d95,d101_hh129
d95,d143_hh28
d95,d111_hh227
d95,d54_hh218
d95,d177_hh145
d95,d15_hh103
d95,d87_hh245
d95,d210_hh142
d95,d114_hh219
d95,d55_hh94
d95,d91_hh138
d95,d197_hh151
d95,d141_hh27
d95,d187_hh61
d95,d80_hh236
d95,d182_hh149
d95,d155_hh210
d95,d23_hh204
d95,d182_hh229
d95,d123_hh57
d95,d4_hh202
d95,d182_hh226
d95,d119_hh95
d95,d93_hh18
d95,d174_hh213
d95,d187_hh61
d95,d90_hh207
d95,d134_hh270
d95,d46_hh69
d95,d53_hh3
d95,d111_hh227
d95,d109_hh88
d95,d75_hh227
d95,d90_hh207
d95,d187_hh87
d95,d209_hh219
d95,d207_hh191
d95,d38_hh165
d95,d16_hh287
d95,d119_hh24
d95,d169_hh199
d95,d169_hh216
d95,d15_hh210
d95,d97_hh26
d95,d161_hh185
d95,d62_hh22
d95,d101_hh129
d95,d169_hh216
d95,d127_hh89
d95,d174_hh242
d95,d65_hh242
d95,d4_hh65
d95,d130_hh142
d95,d202_hh90
d95,d2_hh68
d95,d15_hh210
d95,d50_hh217
d95,d12_hh23
d95,d112_hh8
d95,d61_hh155
d95,d54_hh189
d95,d41_hh206
d95,d213_hh2
d95,d118_hh118
d95,d187_hh87
d95,d104_hh175
d95,d67_hh15
d95,d187_hh61
d95,d169_hh190
d95,d202_hh205
d95,d29_hh85
d95,d44_hh164
d95,d75_hh227
d95,d207_hh219
d95,d2_hh180
d95,d102_hh201
d95,d56_hh4
d95,d134_hh270
d95,d158_hh239
d95,d169_hh216
d95,d204_hh87
d95,d62_hh98
d95,d165_hh94
d95,d155_hh148
d95,d160_hh0
d95,d35_hh263
d95,d44_hh164
d95,d57_hh286
d95,d54_hh218
d95,d85_hh110
d95,d159_hh183
d95,d43_hh125
d95,d179_hh1
d95,d72_hh42
d95,d126_hh263
d95,d171_hh23
d95,d4_hh80
d95,d174_hh24
d95,d62_hh251
d95,d21_hh105
d95,d54_hh61
d95,d200_hh77
d95,d155_hh148
d95,d187_hh42
d95,d175_hh131
d95,d169_hh199
d95,d73_hh242
d95,d21_hh105
d95,d97_hh26
d95,d56_hh174
d95,d122_hh144
d95,d98_hh100
d95,d59_hh112
d95,d131_hh180
d95,d155_hh151
d95,d214_hh47
d95,d93_hh18
d95,d75_hh216
d95,d182_hh229
d95,d57_hh286
d95,d17_hh12
d95,d110_hh193
d95,d182_hh74
d95,d65_hh29
d95,d131_hh24
d95,d88_hh36
d95,d109_hh67
d95,d177_hh145
d95,d74_hh243
d95,d199_hh49
d95,d160_hh0
d95,d213_hh62
d95,d193_hh85
d95,d155_hh148
d95,d75_hh53
d95,d21_hh90
d95,d46_hh194
d95,d41_hh163
d95,d165_hh107
d95,d147_hh169
d95,d4_hh80
d92,d3_hh7
d92,d22_hh219
d92,d151_hh207
d92,d103_hh115
d92,d103_hh53
d92,d167_hh120
d92,d45_hh183
d92,d64_hh133
d92,d103_hh264
d92,d86_hh70
d92,d60_hh259
d92,d148_hh189
d92,d181_hh267
d92,d60_hh210
d92,d22_hh155
d92,d71_hh152
d92,d107_hh0
d92,d148_hh82
d92,d176_hh122
d92,d70_hh135
d92,d64_hh271
d92,d196_hh60
d92,d49_hh119
d92,d194_hh102
d92,d148_hh82
d92,d3_hh279
d92,d49_hh237
d92,d167_hh41
d92,d22_hh155
d92,d3_hh279
d92,d60_hh172
d92,d172_hh1
d92,d86_hh136
d92,d49_hh155
d92,d64_hh271
d92,d89_hh43
d92,d10_hh60
d92,d145_hh145
d92,d105_hh238
d92,d167_hh41
d92,d49_hh245
d92,d64_hh137
d92,d49_hh198
d92,d3_hh279
d92,d49_hh245
d92,d107_hh211
d92,d194_hh13
d92,d194_hh13
d92,d68_hh230
d92,d196_hh60
d92,d79_hh182
d92,d181_hh267
d92,d145_hh2
d92,d22_hh219
d92,d60_hh210
d92,d151_hh1
d92,d192_hh28
d92,d94_hh137
d92,d196_hh60
d92,d28_hh124
d92,d22_hh155
d92,d151_hh146
d92,d206_hh256
d92,d180_hh130
d92,d196_hh42
d92,d189_hh237
d92,d84_hh101
d92,d60_hh259
d92,d79_hh76
d92,d194_hh102
d92,d148_hh82
d92,d45_hh282
d92,d201_hh28
d92,d192_hh159
d92,d121_hh146
d92,d79_hh76
d92,d107_hh76
d92,d64_hh133
d92,d49_hh198
d92,d196_hh42
d92,d107_hh143
d92,d49_hh131
d92,d172_hh1
d92,d105_hh238
d92,d108_hh277
d92,d79_hh76
d92,d3_hh279
d92,d70_hh243
d92,d194_hh102
d92,d107_hh143
d92,d151_hh194
d92,d49_hh198
d92,d27_hh65
d92,d84_hh6
d92,d194_hh13
d92,d148_hh82
d92,d70_hh79
d92,d188_hh137
d92,d9_hh176
d92,d167_hh41
d92,d151_hh194
d92,d27_hh16
d92,d60_hh165
d92,d49_hh198
d92,d103_hh115
d92,d60_hh210
d92,d206_hh151
d92,d192_hh169
d92,d194_hh102
d92,d10_hh110
d92,d28_hh124
d92,d103_hh53
d92,d84_hh101
d92,d22_hh155
d92,d60_hh172
d92,d49_hh155
d92,d84_hh6
d92,d196_hh60
d92,d151_hh194
d92,d49_hh237
d92,d105_hh238
d92,d115_hh196
d92,d196_hh42
d92,d89_hh43
d92,d144_hh235
d92,d176_hh122
d92,d49_hh119
d92,d84_hh62
d92,d103_hh115
d92,d172_hh1
d92,d84_hh15
d92,d148_hh82
d92,d145_hh2
d92,d64_hh165
d92,d71_hh152
d92,d70_hh135
d92,d115_hh85
d92,d45_hh9
d92,d194_hh102
d92,d181_hh59
d92,d107_hh42
d92,d49_hh198
d92,d148_hh82
d92,d176_hh239
d92,d71_hh292
d92,d103_hh115
d92,d103_hh175
d92,d148_hh189
d92,d27_hh16
d92,d79_hh76
d92,d79_hh76
d92,d27_hh133
d92,d151_hh1
d92,d9_hh56
d92,d188_hh137
d92,d45_hh140
d92,d107_hh6
d92,d70_hh79
d92,d27_hh145
d92,d9_hh176
d92,d60_hh165
d92,d3_hh7
d92,d206_hh74
d92,d89_hh65
d92,d188_hh137
d92,d107_hh143
d92,d8_hh179
d92,d108_hh277
d92,d49_hh245
d92,d49_hh89
d92,d108_hh195
d92,d145_hh150
d92,d192_hh28
d92,d206_hh151
d92,d45_hh183
d92,d188_hh223
d92,d9_hh97
d92,d194_hh13
d92,d103_hh175
d92,d27_hh65
d92,d203_hh11
d92,d45_hh183
d92,d107_hh6
d92,d206_hh74
d92,d115_hh196
d92,d180_hh34
d92,d60_hh210
d92,d151_hh93
d92,d70_hh135
d92,d148_hh97
d92,d84_hh62
d92,d192_hh159
d92,d192_hh169
d92,d64_hh45
d92,d71_hh152
d92,d151_hh1
d92,d64_hh137
d92,d189_hh237
d92,d10_hh60
d92,d206_hh188
d92,d89_hh43
d92,d71_hh292
d92,d203_hh11
d92,d151_hh194
d92,d70_hh79
d92,d151_hh93
d92,d167_hh36
d92,d70_hh135
d92,d27_hh65
d92,d79_hh182
d92,d148_hh82
d92,d79_hh93
d92,d103_hh175
d92,d145_hh150
d92,d49_hh149
d92,d145_hh150
d92,d145_hh212
d92,d192_hh28
d92,d84_hh62
d92,d103_hh89
d92,d6_hh77
d92,d71_hh152
d92,d103_hh72
d92,d206_hh256
d92,d70_hh79
d92,d45_hh9
d92,d151_hh93
d92,d151_hh1
d92,d151_hh93
d92,d86_hh114
d92,d206_hh151
d92,d89_hh43
d92,d206_hh283
d92,d49_hh89
d92,d144_hh285
d92,d148_hh189
d92,d189_hh80
d92,d27_hh65
d92,d206_hh256
d92,d145_hh150
d92,d45_hh183
d92,d84_hh220
d92,d9_hh97
d92,d172_hh102
d92,d151_hh146
d92,d3_hh98
d92,d86_hh136
d92,d206_hh151
d92,d45_hh9
d92,d79_hh76
d92,d3_hh7
d92,d64_hh271
d92,d45_hh9
d92,d151_hh207
d92,d196_hh42
d92,d49_hh245
d92,d64_hh137
d92,d63_hh98
d92,d84_hh101
d92,d86_hh114
d92,d60_hh172
d92,d45_hh183
d92,d151_hh207
d92,d79_hh76
d92,d144_hh235
d92,d103_hh172
d92,d27_hh133
d92,d185_hh17
d92,d196_hh34
d92,d103_hh72
d99,d149_hh1
d99,d87_hh245
d99,d15_hh22
d99,d158_hh136
d99,d179_hh1
d99,d119_hh64
d99,d51_hh231
d99,d159_hh64
d99,d199_hh49
d99,d46_hh69
d99,d147_hh54
d99,d51_hh231
d99,d122_hh16
d99,d209_hh219
d99,d209_hh254
d99,d91_hh21
d99,d62_hh259
d99,d214_hh70
d99,d50_hh7
d99,d214_hh13
d99,d155_hh210
d99,d100_hh48
d99,d117_hh74
d99,d23_hh156
d99,d117_hh140
d99,d195_hh109
d99,d54_hh61
d99,d187_hh7
d99,d166_hh24
d99,d159_hh64
d99,d15_hh103
d99,d204_hh56
d99,d39_hh154
d99,d66_hh18
d99,d129_hh122
d99,d123_hh84
d99,d93_hh18
d99,d104_hh116
d99,d24_hh176
d99,d124_hh40
d99,d73_hh242
d99,d75_hh53
d99,d214_hh210
d99,d208_hh168
d99,d67_hh15
d99,d61_hh41
d99,d184_hh238
d99,d122_hh16
d99,d91_hh90
d99,d33_hh58
d99,d174_hh242
d99,d77_hh123
d99,d11_hh128
d99,d187_hh87
d99,d179_hh1
d99,d90_hh207
d99,d160_hh0
d99,d29_hh131
d99,d149_hh107
d99,d198_hh152
d99,d161_hh21
d99,d198_hh152
d99,d214_hh47
d99,d209_hh159
d99,d53_hh3
d99,d159_hh183
d99,d93_hh18
d99,d23_hh93
d99,d213_hh2
d99,d23_hh233
d99,d88_hh195
d99,d16_hh287
d99,d15_hh186
d99,d202_hh264
d99,d123_hh106
d99,d193_hh85
d99,d149_hh14
d99,d171_hh88
d99,d80_hh236
d99,d179_hh1
d99,d98_hh100
d99,d178_hh134
d99,d83_hh193
d99,d122_hh231
d99,d100_hh63
d99,d152_hh88
d99,d129_hh122
d99,d24_hh92
d99,d30_hh58
d99,d182_hh229
d99,d124_hh40
d99,d134_hh270
d99,d82_hh154
d99,d74_hh107
d99,d202_hh90
d99,d111_hh131
d99,d209_hh149
d99,d213_hh2
d99,d74_hh243
d99,d199_hh49
d99,d114_hh47
d99,d175_hh131
d99,d26_hh40
d99,d202_hh264
d99,d106_hh207
d99,d39_hh67
d99,d61_hh155
d99,d16_hh287
d99,d128_hh246
d99,d59_hh112
d99,d199_hh49
d99,d81_hh89
d99,d133_hh111
d99,d97_hh26
d99,d7_hh257
d99,d101_hh129
d99,d150_hh203
d99,d57_hh286
d99,d129_hh122
d99,d214_hh47
d99,d13_hh58
d99,d155_hh18
d99,d44_hh164
d99,d44_hh164
d99,d123_hh119
d99,d162_hh47
d99,d120_hh269
d99,d54_hh44
d99,d106_hh207
d99,d177_hh163
d99,d21_hh90
d99,d16_hh287
d99,d128_hh246
d99,d202_hh90
d99,d18_hh137
d99,d182_hh229
d99,d56_hh4
d99,d131_hh180
d99,d95_hh56
d99,d42_hh202
d99,d198_hh188
d99,d21_hh90
d99,d166_hh24
d99,d53_hh3
d99,d29_hh85
d99,d55_hh254
d99,d137_hh106
d99,d177_hh163
d99,d149_hh14
d99,d166_hh239
d99,d161_hh203
d99,d57_hh216
d99,d15_hh103
d99,d39_hh99
d99,d128_hh28
d99,d72_hh208
d99,d54_hh222
d99,d214_hh210
d99,d87_hh245
d99,d98_hh100
d99,d53_hh147
d99,d96_hh110
d99,d131_hh102
d99,d55_hh254
d99,d39_hh67
d99,d91_hh138
d99,d72_hh42
d99,d193_hh85
d99,d15_hh103
d99,d131_hh205
d99,d208_hh253
d99,d177_hh145
d99,d59_hh184
d99,d18_hh137
d99,d96_hh145
d99,d127_hh89
d99,d110_hh193
d99,d109_hh88
d99,d169_hh216
d99,d187_hh7
d99,d50_hh249
d99,d152_hh88
d99,d200_hh261
d99,d204_hh239
d99,d152_hh168
d99,d138_hh150
d99,d182_hh74
d99,d131_hh180
d99,d50_hh249
d99,d93_hh66
d99,d195_hh109
d99,d195_hh19
d99,d23_hh156
d99,d54_hh44
d99,d104_hh175
d99,d210_hh200
d99,d155_hh18
d99,d66_hh240
d99,d57_hh286
d99,d83_hh153
d99,d214_hh210
d99,d55_hh254
d99,d4_hh65
d99,d30_hh130
d99,d65_hh101
d99,d213_hh178
d99,d15_hh264
d99,d54_hh218
d99,d59_hh251
d99,d166_hh150
d99,d7_hh257
d99,d69_hh240
d99,d15_hh186
d99,d78_hh39
d99,d139_hh214
d99,d62_hh98
d99,d74_hh142
d99,d31_hh34
d99,d104_hh175
d99,d24_hh92
d99,d17_hh210
d99,d42_hh19
d99,d209_hh219
d99,d202_hh90
d99,d158_hh239
d99,d205_hh196
d99,d166_hh24
d99,d114_hh219
d99,d54_hh152
d99,d46_hh245
d99,d158_hh136
d99,d21_hh90
d99,d191_hh246
d99,d75_hh102
d99,d134_hh223
d99,d209_hh254
d99,d132_hh188
d99,d75_hh216
d99,d23_hh233
d99,d210_hh142
d99,d166_hh24
d99,d23_hh204
d99,d123_hh104
d99,d138_hh150
d99,d24_hh92
d99,d19_hh130
d99,d122_hh144
d99,d29_hh131
d99,d118_hh244
d99,d214_hh13
d99,d35_hh2
d99,d178_hh58
d99,d15_hh264
d99,d85_hh184
d99,d91_hh90
d99,d12_hh23
d99,d54_hh189
d99,d186_hh185
d99,d97_hh156
d99,d87_hh156
d99,d18_hh137
d99,d154_hh2
d99,d104_hh175
d99,d19_hh38
d99,d101_hh155
d99,d208_hh240
d99,d36_hh94
d99,d102_hh179
d99,d11_hh128
d99,d87_hh156
d99,d102_hh201
d99,d78_hh223
d99,d162_hh213
d99,d57_hh250
d99,d75_hh227
d99,d65_hh242
d99,d165_hh107
d99,d213_hh125
d98,d114_hh66
d98,d50_hh272
d98,d125_hh3
d98,d42_hh19
d98,d90_hh233
d98,d122_hh16
d98,d20_hh166
d98,d199_hh180
d98,d75_hh102
d98,d91_hh90
d98,d175_hh52
d98,d104_hh270
d98,d195_hh47
d98,d57_hh250
d98,d21_hh105
d98,d34_hh160
d98,d204_hh87
d98,d42_hh88
d98,d215_hh105
d98,d137_hh106
d98,d98_hh84
d98,d123_hh160
d98,d65_hh29
d98,d179_hh1
d98,d74_hh257
d98,d39_hh67
d98,d17_hh12
d98,d213_hh178
d98,d209_hh244
d98,d160_hh0
d98,d102_hh179
d98,d114_hh66
d98,d118_hh244
d98,d170_hh130
d98,d15_hh210
d98,d98_hh84
d98,d125_hh3
d98,d36_hh226
d98,d35_hh263
d98,d137_hh119
d98,d72_hh42
d98,d135_hh2
d98,d16_hh294
d98,d171_hh71
d98,d141_hh128
d98,d15_hh80
d98,d29_hh85
d98,d133_hh135
d98,d158_hh107
d98,d61_hh155
d98,d50_hh217
d98,d123_hh119
d98,d193_hh138
d98,d130_hh142
d98,d123_hh106
d98,d113_hh175
d98,d93_hh18
d98,d46_hh245
d98,d135_hh17
d98,d161_hh203
d98,d54_hh189
d98,d174_hh24
d98,d187_hh42
d98,d214_hh70
d98,d77_hh123
d98,d93_hh18
d98,d75_hh102
d98,d182_hh39
d98,d15_hh22
d98,d23_hh21
d98,d166_hh164
d98,d123_hh119
d98,d75_hh216
d98,d7_hh257
d98,d122_hh144
d98,d54_hh189
d98,d191_hh246
d98,d141_hh129
d98,d59_hh243
d98,d42_hh58
d98,d74_hh257
d98,d95_hh201
d98,d205_hh196
d98,d171_hh88
d98,d128_hh126
d98,d15_hh103
d98,d42_hh185
d98,d110_hh252
d98,d54_hh189
d98,d200_hh102
d98,d160_hh88
d98,d150_hh203
d98,d102_hh179
d98,d31_hh127
d98,d26_hh40
d98,d36_hh226
d98,d149_hh1
d98,d209_hh244
d98,d120_hh269
d98,d199_hh180
d98,d135_hh17
d98,d197_hh151
d98,d207_hh219
d98,d178_hh157
d98,d143_hh241
d98,d169_hh216
d98,d17_hh213
d98,d41_hh150
d98,d102_hh242
d98,d171_hh71
d98,d135_hh2
d98,d20_hh166
d98,d135_hh2
d98,d195_hh109
d98,d154_hh2
d98,d126_hh263
d98,d46_hh69
d98,d187_hh0
d98,d131_hh24
d98,d195_hh47
d98,d90_hh233
d98,d15_hh76
d98,d57_hh166
d98,d44_hh164
d98,d23_hh21
d98,d7_hh257
d98,d102_hh200
d98,d83_hh76
d98,d98_hh245
d98,d91_hh90
d98,d164_hh122
d98,d200_hh102
d98,d171_hh23
d98,d199_hh180
d98,d67_hh15
d98,d15_hh80
d98,d119_hh24
d98,d209_hh11
d98,d114_hh219
d98,d96_hh110
d98,d126_hh207
d98,d7_hh257
d98,d119_hh64
d98,d102_hh179
d98,d96_hh145
d98,d78_hh223
d98,d74_hh243
d98,d154_hh2
d98,d19_hh130
d98,d17_hh106
d98,d66_hh213
d98,d195_hh109
d98,d182_hh39
d98,d31_hh127
d98,d54_hh61
d98,d199_hh49
d98,d182_hh74
d98,d95_hh164
d98,d155_hh148
d98,d198_hh136
d98,d165_hh107
d98,d74_hh243
d98,d36_hh226
d98,d104_hh58
d98,d54_hh189
d98,d209_hh244
d98,d96_hh145
d98,d26_hh40
d98,d55_hh254
d98,d118_hh173
d98,d135_hh2
d98,d202_hh264
d98,d98_hh223
d98,d174_hh242
d98,d200_hh102
d98,d214_hh210
d98,d90_hh151
d98,d50_hh217
d98,d59_hh112
d98,d163_hh145
d98,d44_hh38
d98,d152_hh29
d98,d152_hh168
d98,d125_hh3
d98,d132_hh188
d98,d139_hh214
d98,d114_hh47
d98,d54_hh152
d98,d132_hh76
d98,d118_hh118
d98,d208_hh168
d98,d20_hh166
d98,d52_hh33
d98,d184_hh158
d98,d4_hh65
d98,d193_hh85
d98,d46_hh69
d98,d57_hh286
d98,d24_hh176
d98,d213_hh211
d98,d213_hh252
d98,d62_hh259
d98,d162_hh213
d98,d51_hh151
d98,d177_hh145
d98,d209_hh11
d98,d66_hh240
d98,d195_hh109
d98,d150_hh203
d98,d20_hh166
d98,d50_hh272
d98,d75_hh264
d98,d114_hh47
d98,d122_hh144
d98,d164_hh122
d98,d122_hh16
d98,d158_hh239
d98,d15_hh210
d98,d90_hh207
d98,d101_hh155
d98,d114_hh219
d98,d199_hh71
d98,d34_hh77
d98,d66_hh240
d98,d133_hh135
d98,d26_hh40
d98,d39_hh67
d98,d75_hh102
d98,d200_hh77
d98,d82_hh154
d98,d98_hh245
d98,d102_hh179
d98,d162_hh213
d98,d164_hh123
d98,d24_hh176
d98,d75_hh227
d98,d52_hh115
d98,d141_hh129
d98,d82_hh154
d98,d175_hh52
d98,d80_hh186
d98,d65_hh29
d98,d198_hh136
d98,d102_hh179
d98,d35_hh263
d98,d186_hh185
d98,d162_hh47
d98,d67_hh15
d98,d155_hh18
d98,d182_hh229
d98,d91_hh199
d98,d96_hh145
d98,d87_hh245
d98,d162_hh213
d98,d90_hh233
d98,d174_hh42
d98,d197_hh151
d98,d131_hh102
d98,d120_hh248
d98,d21_hh97
d98,d213_hh252
d98,d72_hh42
d98,d128_hh126
d98,d91_hh138
d98,d128_hh28
d98,d81_hh89
d98,d111_hh131
d98,d46_hh194
d98,d75_hh216
d97,d15_hh103
d97,d43_hh125
d97,d209_hh244
d97,d193_hh248
d97,d135_hh2
d97,d96_hh110
d97,d137_hh119
d97,d21_hh90
d97,d152_hh88
d97,d23_hh204
d97,d56_hh4
d97,d213_hh2
d97,d199_hh71
d97,d104_hh58
d97,d21_hh97
d97,d80_hh106
d97,d122_hh144
d97,d42_hh58
d97,d100_hh48
d97,d138_hh150
d97,d171_hh23
d97,d149_hh1
d97,d75_hh25
d97,d131_hh174
d97,d214_hh70
d97,d65_hh101
d97,d214_hh210
d97,d161_hh185
d97,d54_hh189
d97,d35_hh263
d97,d174_hh42
d97,d31_hh34
d97,d138_hh82
d97,d80_hh236
d97,d62_hh259
d97,d75_hh264
d97,d36_hh226
d97,d187_hh61
d97,d199_hh71
d97,d98_hh223
d97,d30_hh267
d97,d123_hh84
d97,d166_hh24
d97,d199_hh49
d97,d207_hh191
d97,d100_hh48
d97,d171_hh23
d97,d24_hh92
d97,d161_hh203
d97,d182_hh229
d97,d26_hh40
d97,d177_hh145
d97,d114_hh66
d97,d48_hh118
d97,d149_hh107
d97,d54_hh57
d97,d174_hh213
d97,d193_hh138
d97,d98_hh223
d97,d95_hh164
d97,d15_hh80
d97,d209_hh11
d97,d36_hh226
d97,d101_hh129
d97,d182_hh74
d97,d210_hh142
d97,d202_hh170
d97,d67_hh15
d97,d2_hh173
d97,d202_hh264
d97,d202_hh170
d97,d166_hh150
d97,d175_hh52
d97,d41_hh206
d97,d204_hh87
d97,d40_hh200
d97,d123_hh106
d97,d166_hh24
d97,d62_hh98
d97,d169_hh225
d97,d40_hh152
d97,d139_hh214
d97,d51_hh231
d97,d186_hh185
d97,d104_hh116
d97,d187_hh42
d97,d90_hh233
d97,d166_hh150
d97,d52_hh165
d97,d104_hh175
d97,d15_hh103
d97,d164_hh123
d97,d42_hh185
d97,d175_hh52
d97,d16_hh294
d97,d80_hh236
d97,d208_hh240
d97,d102_hh200
d97,d198_hh188
d97,d213_hh178
d97,d30_hh58
d97,d141_hh128
d97,d174_hh24
d97,d111_hh131
d97,d182_hh229
d97,d178_hh272
d97,d119_hh222
d97,d199_hh180
d97,d160_hh88
d97,d87_hh245
d97,d29_hh85
d97,d95_hh164
d97,d163_hh213
d97,d202_hh264
d97,d29_hh85
d97,d98_hh84
d97,d98_hh84
d97,d147_hh169
d97,d119_hh95
d97,d125_hh135
d97,d182_hh74
d97,d109_hh88
d97,d2_hh217
d97,d43_hh125
d97,d141_hh128
d97,d179_hh1
d97,d69_hh240
d97,d66_hh207
d97,d195_hh47
d97,d51_hh231
d97,d143_hh241
d97,d91_hh138
d97,d83_hh193
d97,d52_hh165
d97,d191_hh246
d97,d126_hh167
d97,d46_hh245
d97,d166_hh164
d97,d46_hh245
d97,d23_hh204
d97,d131_hh205
d97,d4_hh29
d97,d122_hh144
d97,d91_hh178
d97,d17_hh213
d97,d42_hh185
d97,d178_hh272
d97,d59_hh112
d97,d210_hh142
d97,d200_hh102
d97,d133_hh241
d97,d78_hh39
d97,d85_hh144
d97,d12_hh23
d97,d150_hh207
d97,d102_hh242
d97,d187_hh87
d97,d73_hh242
d97,d93_hh18
d97,d166_hh150
d97,d41_hh150
d97,d4_hh202
d97,d200_hh77
d97,d57_hh16
d97,d62_hh251
d97,d56_hh174
d97,d122_hh16
d97,d78_hh223
d97,d204_hh239
d97,d149_hh1
d97,d141_hh27
d97,d74_hh142
d97,d178_hh191
d97,d77_hh123
d97,d200_hh261
d97,d199_hh71
d97,d207_hh191
d97,d75_hh53
d97,d19_hh38
d97,d173_hh262
d97,d138_hh150
d97,d59_hh251
d97,d179_hh1
d97,d42_hh185
d97,d11_hh128
d97,d51_hh151
d97,d23_hh204
d97,d57_hh216
d97,d67_hh209
d97,d111_hh131
d97,d30_hh130
d97,d200_hh102
d97,d137_hh106
d97,d67_hh15
d97,d166_hh150
d97,d23_hh156
d97,d100_hh63
d97,d214_hh47
d97,d119_hh177
d97,d158_hh136
d97,d53_hh147
d97,d210_hh142
d97,d90_hh207
d97,d83_hh153
d97,d24_hh92
d97,d75_hh216
d97,d214_hh13
d97,d134_hh223
d97,d38_hh159
d97,d55_hh254
d97,d209_hh159
d97,d80_hh186
d97,d214_hh41
d97,d75_hh53
d97,d57_hh207
d97,d132_hh188
d97,d214_hh210
d97,d213_hh252
d97,d36_hh226
d97,d26_hh40
d97,d67_hh209
d97,d141_hh27
d97,d139_hh214
d97,d91_hh178
d97,d80_hh186
d97,d75_hh25
d97,d57_hh250
d97,d83_hh153
d97,d123_hh160
d97,d100_hh91
d97,d123_hh106
d97,d11_hh53
d97,d164_hh123
d97,d52_hh33
d97,d57_hh286
d97,d202_hh90
d97,d91_hh178
d97,d15_hh186
d97,d59_hh251
d97,d56_hh262
d97,d169_hh199
d97,d204_hh56
d97,d152_hh29
d97,d182_hh226
d94,d94_hh137
d94,d22_hh219
d94,d10_hh110
d94,d144_hh285
d94,d79_hh93
d94,d181_hh59
d94,d172_hh263
d94,d212_hh78
d94,d6_hh77
d94,d86_hh136
d94,d211_hh181
d94,d70_hh79
d94,d108_hh277
d94,d63_hh157
d94,d189_hh106
d94,d70_hh85
d94,d68_hh230
d94,d22_hh0
d94,d181_hh267
d94,d84_hh6
d94,d145_hh212
d94,d64_hh45
d94,d22_hh0
d94,d211_hh181
d94,d108_hh277
d94,d151_hh194
d94,d64_hh271
d94,d8_hh179
d94,d49_hh131
d94,d45_hh183
d94,d176_hh183
d94,d167_hh36
d94,d10_hh60
d94,d86_hh114
d94,d49_hh149
d94,d185_hh70
d94,d151_hh93
d94,d64_hh45
d94,d79_hh93
d94,d86_hh167
d94,d206_hh283
d94,d212_hh78
d94,d108_hh127
d94,d121_hh238
d94,d108_hh40
d94,d86_hh70
d94,d64_hh45
d94,d148_hh189
d94,d188_hh137
d94,d211_hh181
d94,d212_hh78
d94,d8_hh179
d94,d157_hh104
d94,d105_hh48
d94,d10_hh46
d94,d49_hh155
d94,d27_hh16
d94,d107_hh0
d94,d121_hh146
d94,d79_hh93
d94,d64_hh165
d94,d185_hh70
d94,d144_hh285
d94,d108_hh277
d94,d84_hh101
d94,d108_hh40
d94,d107_hh143
d94,d107_hh143
d94,d151_hh146
d94,d70_hh79
d94,d10_hh60
d94,d10_hh110
d94,d84_hh101
d94,d70_hh85
d94,d49_hh89
d94,d105_hh161
d94,d192_hh0
d94,d194_hh13
d94,d70_hh79
d94,d9_hh56
d94,d136_hh236
d94,d185_hh17
d94,d63_hh157
d94,d49_hh237
d94,d145_hh150
d94,d145_hh150
d94,d203_hh11
d94,d22_hh0
d94,d60_hh210
d94,d84_hh62
d94,d206_hh74
d94,d167_hh41
d94,d94_hh137
d94,d172_hh102
d94,d145_hh212
d94,d115_hh2
d94,d185_hh17
d94,d115_hh2
d94,d194_hh102
d94,d49_hh149
d94,d107_hh143
d94,d153_hh185
d94,d3_hh279
d94,d172_hh102
d94,d22_hh225
d94,d49_hh245
d94,d108_hh40
d94,d167_hh41
d94,d196_hh34
d94,d60_hh210
d94,d25_hh250
d94,d22_hh155
d94,d49_hh149
d94,d49_hh237
d94,d115_hh2
d94,d136_hh236
d94,d70_hh85
d94,d94_hh178
d94,d108_hh127
d94,d121_hh146
d94,d115_hh2
d94,d49_hh149
d94,d181_hh63
d94,d27_hh133
d94,d108_hh195
d94,d151_hh93
d94,d28_hh260
d94,d105_hh161
d94,d86_hh70
d94,d145_hh212
d94,d105_hh238
d94,d188_hh223
d94,d203_hh30
d94,d84_hh220
d94,d70_hh243
d94,d188_hh137
d94,d108_hh277
d94,d49_hh149
d94,d49_hh149
d94,d185_hh17
d94,d176_hh239
d94,d145_hh150
d94,d145_hh150
d94,d176_hh122
d94,d192_hh0
d94,d206_hh256
d94,d70_hh79
d94,d49_hh89
d94,d206_hh283
d94,d167_hh36
d94,d144_hh285
d94,d64_hh45
d94,d189_hh106
d94,d107_hh42
d94,d89_hh43
d94,d103_hh53
d94,d3_hh7
d94,d25_hh250
d94,d157_hh104
d94,d68_hh230
d94,d8_hh179
d94,d103_hh172
d94,d64_hh133
d94,d196_hh34
d94,d136_hh186
d94,d108_hh40
d94,d103_hh89
d94,d157_hh104
d94,d70_hh79
d94,d108_hh35
d94,d79_hh93
d94,d192_hh0
d94,d167_hh36
d94,d84_hh220
d94,d49_hh155
d94,d70_hh85
d94,d148_hh82
d94,d180_hh130
d94,d115_hh51
d94,d108_hh195
d94,d89_hh43
d94,d203_hh30
d94,d107_hh143
d94,d194_hh224
d94,d84_hh220
d94,d115_hh51
d94,d194_hh224
d94,d84_hh220
d94,d60_hh210
d94,d9_hh56
d94,d27_hh16
d94,d108_hh40
d94,d22_hh0
d94,d201_hh28
d94,d194_hh224
d94,d115_hh85
d94,d89_hh43
d94,d206_hh151
d94,d84_hh101
d94,d64_hh133
d94,d86_hh70
d94,d79_hh182
d94,d203_hh11
d94,d211_hh181
d94,d79_hh93
d94,d176_hh239
d94,d108_hh40
d94,d206_hh188
d94,d45_hh282
d94,d167_hh41
d94,d144_hh285
d94,d194_hh224
d94,d9_hh176
d94,d167_hh36
d94,d157_hh104
d94,d153_hh185
d94,d188_hh98
d94,d144_hh285
d94,d3_hh7
d94,d3_hh7
d94,d203_hh30
d94,d68_hh230
d94,d22_hh0
d94,d64_hh69
d94,d86_hh70
d94,d201_hh28
d94,d188_hh98
d94,d28_hh260
d94,d86_hh70
d94,d70_hh85
d94,d107_hh6
d94,d194_hh13
d94,d188_hh137
d94,d148_hh82
d94,d188_hh223
d94,d22_hh219
d94,d103_hh53
d94,d192_hh159
d94,d167_hh120
d94,d86_hh70
d94,d136_hh186
d94,d60_hh210
d94,d3_hh279
d94,d145_hh150
d94,d60_hh210
d94,d167_hh36
d94,d167_hh120
d94,d94_hh178
d94,d63_hh157
d94,d108_hh35
d94,d49_hh149
d94,d10_hh60
d94,d64_hh69
d94,d157_hh104
d94,d25_hh250
d94,d188_hh98
d94,d148_hh97
d94,d8_hh179
d94,d148_hh97
d94,d203_hh30
d94,d167_hh167
d94,d10_hh60
d94,d86_hh114
d94,d107_hh76
d94,d28_hh260
d94,d196_hh175
d94,d79_hh93
d94,d151_hh146
d94,d172_hh1
d94,d84_hh15
d94,d144_hh285
d94,d136_hh236
d94,d25_hh250
d94,d105_hh48
d94,d10_hh110
d94,d79_hh182
d94,d49_hh198
d94,d185_hh70
d94,d64_hh45
d94,d22_hh0
d100,d46_hh69
d100,d83_hh153
d100,d62_hh98
d100,d31_hh34
d100,d173_hh262
d100,d187_hh42
d100,d39_hh67
d100,d87_hh156
d100,d213_hh178
d100,d100_hh48
d100,d16_hh294
d100,d214_hh47
d100,d4_hh29
d100,d38_hh159
d100,d72_hh42
d100,d54_hh61
d100,d39_hh99
d100,d83_hh204
d100,d149_hh1
d100,d97_hh156
d100,d36_hh226
d100,d31_hh34
d100,d112_hh8
d100,d57_hh16
d100,d72_hh42
d100,d104_hh175
d100,d147_hh54
d100,d50_hh217
d100,d54_hh61
d100,d15_hh80
d100,d17_hh213
d100,d120_hh161
d100,d133_hh241
d100,d119_hh95
d100,d44_hh38
d100,d123_hh160
d100,d202_hh205
d100,d66_hh240
d100,d42_hh58
d100,d95_hh56
d100,d120_hh248
d100,d12_hh23
d100,d158_hh239
d100,d100_hh145
d100,d59_hh112
d100,d199_hh49
d100,d104_hh116
d100,d191_hh53
d100,d98_hh245
d100,d207_hh191
d100,d15_hh22
d100,d191_hh53
d100,d46_hh194
d100,d7_hh257
d100,d174_hh42
d100,d17_hh106
d100,d214_hh13
d100,d174_hh42
d100,d123_hh106
d100,d34_hh77
d100,d162_hh213
d100,d67_hh209
d100,d213_hh125
d100,d169_hh216
d100,d46_hh69
d100,d83_hh76
d100,d138_hh83
d100,d61_hh155
d100,d56_hh174
d100,d207_hh219
d100,d160_hh0
d100,d149_hh14
d100,d31_hh139
d100,d85_hh110
d100,d90_hh207
d100,d119_hh222
d100,d187_hh0
d100,d213_hh247
d100,d119_hh210
d100,d62_hh259
d100,d83_hh153
d100,d2_hh68
d100,d42_hh202
d100,d160_hh88
d100,d24_hh176
d100,d57_hh286
d100,d213_hh2
d100,d159_hh183
d100,d41_hh71
d100,d38_hh165
d100,d54_hh57
d100,d90_hh151
d100,d213_hh2
d100,d97_hh156
d100,d160_hh0
d100,d15_hh22
d100,d80_hh236
d100,d164_hh123
d100,d77_hh123
d100,d141_hh27
d100,d91_hh90
d100,d204_hh56
d100,d93_hh18
d100,d34_hh160
d100,d4_hh29
d100,d13_hh58
d100,d205_hh196
d100,d52_hh33
d100,d124_hh40
d100,d59_hh112
d100,d199_hh49
d100,d93_hh18
d100,d62_hh22
d100,d101_hh155
d100,d137_hh106
d100,d95_hh56
d100,d11_hh53
d100,d13_hh58
d100,d169_hh225
d100,d20_hh166
d100,d120_hh248
d100,d213_hh2
d100,d122_hh159
d100,d118_hh118
d100,d24_hh176
d100,d114_hh47
d100,d170_hh117
d100,d169_hh216
d100,d20_hh166
d100,d134_hh270
d100,d46_hh194
d100,d83_hh193
d100,d5_hh5
d100,d4_hh80
d100,d138_hh83
d100,d41_hh206
d100,d36_hh226
d100,d118_hh173
d100,d100_hh48
d100,d57_hh286
d100,d174_hh242
d100,d164_hh123
d100,d80_hh236
d100,d177_hh163
d100,d77_hh123
d100,d208_hh168
d100,d20_hh166
d100,d209_hh149
d100,d174_hh213
d100,d214_hh41
d100,d57_hh286
d100,d26_hh40
d100,d169_hh190
d100,d54_hh57
d100,d120_hh248
d100,d213_hh178
d100,d149_hh14
d100,d169_hh199
d100,d137_hh106
d100,d83_hh204
d100,d123_hh57
d100,d158_hh239
d100,d83_hh117
d100,d29_hh243
d100,d101_hh129
d100,d100_hh145
d100,d174_hh24
d100,d23_hh204
d100,d120_hh248
d100,d19_hh130
d100,d23_hh204
d100,d132_hh188
d100,d175_hh131
d100,d15_hh76
d100,d213_hh62
d100,d123_hh119
d100,d182_hh74
d100,d119_hh210
d100,d155_hh151
d100,d51_hh231
d100,d143_hh241
d100,d90_hh233
d100,d30_hh267
d100,d207_hh219
d100,d155_hh18
d100,d132_hh188
d100,d207_hh219
d100,d29_hh243
d100,d15_hh186
d100,d57_hh16
d100,d42_hh202
d100,d72_hh42
d100,d80_hh186
d100,d149_hh107
d100,d191_hh246
d100,d83_hh193
d100,d178_hh272
d100,d85_hh110
d100,d50_hh217
d100,d200_hh102
d100,d91_hh178
d100,d150_hh207
d100,d117_hh140
d100,d54_hh218
d100,d15_hh103
d100,d91_hh90
d100,d162_hh47
d100,d59_hh251
d100,d213_hh252
d100,d4_hh65
d100,d128_hh246
d100,d123_hh106
d100,d52_hh115
d100,d133_hh241
d100,d208_hh168
d100,d213_hh62
d100,d134_hh270
d100,d170_hh117
d100,d52_hh165
d100,d162_hh213
d100,d149_hh14
d100,d41_hh150
d100,d102_hh200
d100,d19_hh130
d100,d54_hh222
d100,d158_hh107
d100,d175_hh52
d100,d171_hh23
d100,d100_hh48
d100,d198_hh188
d100,d21_hh105
d100,d209_hh254
d100,d42_hh185
d100,d133_hh135
d100,d50_hh7
d100,d74_hh15
d100,d133_hh241
d100,d42_hh58
d100,d122_hh159
d100,d132_hh46
d100,d182_hh74
d100,d93_hh18
d100,d13_hh58
d100,d182_hh149
d100,d184_hh158
d100,d98_hh245
d100,d57_hh16
d100,d154_hh2
d100,d150_hh207
d100,d123_hh160
d100,d208_hh253
d100,d154_hh2
d100,d33_hh58
d100,d53_hh3
d100,d135_hh2
d100,d23_hh156
d100,d205_hh196
d100,d197_hh151
d100,d72_hh208
d100,d40_hh200
d100,d34_hh160
d100,d65_hh242
d100,d50_hh272
d100,d2_hh287
d100,d104_hh270
d100,d184_hh158
d100,d191_hh53
d100,d141_hh27
d100,d99_hh225
d100,d164_hh123
d100,d18_hh137
d100,d169_hh199
d100,d83_hh76
d100,d209_hh159
d100,d54_hh152
d100,d125_hh3
d100,d73_hh242
d100,d54_hh218
d100,d51_hh231
d100,d132_hh76
d102,d83_hh204
d102,d90_hh151
d102,d111_hh131
d102,d77_hh123
d102,d132_hh76
d102,d182_hh226
d102,d132_hh46
d102,d19_hh38
d102,d198_hh152
d102,d135_hh17
d102,d214_hh70
d102,d119_hh64
d102,d186_hh185
d102,d198_hh188
d102,d165_hh107
d102,d83_hh153
d102,d209_hh219
d102,d160_hh0
d102,d128_hh126
d102,d122_hh144
d102,d83_hh153
d102,d129_hh122
d102,d133_hh135
d102,d204_hh239
d102,d209_hh244
d102,d193_hh248
d102,d52_hh33
d102,d2_hh68
d102,d166_hh164
d102,d169_hh216
d102,d138_hh82
d102,d75_hh264
d102,d198_hh152
d102,d24_hh176
d102,d178_hh157
d102,d26_hh40
d102,d155_hh148
d102,d42_hh202
d102,d100_hh63
d102,d66_hh18
d102,d178_hh157
d102,d38_hh165
d102,d120_hh161
d102,d50_hh272
d102,d15_hh22
d102,d33_hh58
d102,d117_hh11
d102,d75_hh25
d102,d119_hh24
d102,d102_hh242
d102,d4_hh65
d102,d46_hh194
d102,d124_hh40
d102,d178_hh157
d102,d169_hh225
d102,d141_hh128
d102,d123_hh129
d102,d122_hh159
d102,d91_hh90
d102,d95_hh56
d102,d85_hh110
d102,d59_hh112
d102,d170_hh130
d102,d54_hh222
d102,d132_hh46
d102,d133_hh135
d102,d210_hh142
d102,d65_hh29
d102,d200_hh77
d102,d187_hh61
d102,d42_hh19
d102,d158_hh86
d102,d165_hh94
d102,d122_hh231
d102,d11_hh128
d102,d125_hh135
d102,d30_hh130
d102,d204_hh56
d102,d208_hh168
d102,d210_hh200
d102,d73_hh184
d102,d88_hh36
d102,d175_hh131
d102,d39_hh66
d102,d36_hh94
d102,d30_hh267
d102,d191_hh246
d102,d46_hh53
d102,d110_hh193
d102,d54_hh57
d102,d122_hh231
d102,d7_hh257
d102,d29_hh85
d102,d143_hh241
d102,d158_hh86
d102,d209_hh149
d102,d161_hh185
d102,d104_hh175
d102,d19_hh38
d102,d160_hh88
d102,d204_hh87
d102,d54_hh189
d102,d57_hh250
d102,d149_hh107
d102,d184_hh158
d102,d186_hh185
d102,d143_hh241
d102,d51_hh231
d102,d2_hh180
d102,d122_hh159
d102,d2_hh180
d102,d210_hh142
d102,d109_hh67
d102,d193_hh248
d102,d213_hh2
d102,d88_hh36
d102,d169_hh199
d102,d132_hh76
d102,d209_hh219
d102,d56_hh4
d102,d174_hh24
d102,d57_hh166
d102,d55_hh94
d102,d23_hh204
d102,d198_hh136
d102,d73_hh184
d102,d120_hh161
d102,d122_hh16
d102,d122_hh144
d102,d154_hh2
d102,d102_hh242
d102,d81_hh89
d102,d214_hh47
d102,d208_hh253
d102,d56_hh174
d102,d152_hh29
d102,d165_hh107
d102,d78_hh223
d102,d174_hh42
d102,d39_hh67
d102,d91_hh21
d102,d91_hh138
d102,d52_hh33
d102,d53_hh3
d102,d138_hh82
d102,d66_hh207
d102,d182_hh39
d102,d120_hh248
d102,d170_hh117
d102,d119_hh210
d102,d46_hh194
d102,d120_hh248
d102,d214_hh70
d102,d15_hh76
d102,d209_hh159
d102,d55_hh94
d102,d36_hh94
d102,d174_hh242
d102,d83_hh117
d102,d42_hh185
d102,d120_hh248
d102,d118_hh173
d102,d15_hh22
d102,d74_hh243
d102,d133_hh135
d102,d59_hh243
d102,d117_hh11
d102,d54_hh189
d102,d36_hh94
d102,d17_hh210
d102,d19_hh38
d102,d131_hh174
d102,d187_hh61
d102,d30_hh267
d102,d104_hh58
d102,d131_hh205
d102,d130_hh142
d102,d83_hh153
d102,d15_hh186
d102,d122_hh144
d102,d143_hh28
d102,d147_hh169
d102,d12_hh23
d102,d147_hh54
d102,d155_hh210
d102,d135_hh2
d102,d134_hh223
d102,d173_hh262
d102,d134_hh270
d102,d7_hh257
d102,d16_hh294
d102,d122_hh231
d102,d125_hh135
d102,d19_hh38
d102,d102_hh179
d102,d170_hh130
d102,d173_hh163
d102,d182_hh74
d102,d36_hh226
d102,d182_hh229
d102,d160_hh88
d102,d90_hh233
d102,d95_hh201
d102,d186_hh185
d102,d75_hh25
d102,d72_hh42
d102,d202_hh170
d102,d59_hh112
d102,d213_hh252
d102,d65_hh29
d102,d128_hh246
d102,d123_hh129
d102,d23_hh233
d102,d166_hh239
d102,d133_hh111
d102,d155_hh210
d102,d15_hh80
d102,d56_hh174
d102,d126_hh263
d102,d202_hh205
d102,d44_hh38
d102,d147_hh54
d102,d200_hh21
d102,d155_hh148
d102,d11_hh53
d102,d4_hh87
d102,d154_hh2
d102,d42_hh58
d102,d126_hh4
d102,d133_hh241
d102,d98_hh245
d102,d169_hh225
d102,d123_hh129
d102,d118_hh244
d102,d87_hh156
d102,d118_hh173
d102,d51_hh231
d102,d51_hh231
d102,d23_hh93
d102,d158_hh239
d102,d186_hh185
d102,d113_hh175
d102,d95_hh56
d102,d57_hh286
d102,d95_hh164
d102,d141_hh129
d102,d178_hh134
d102,d83_hh76
d102,d91_hh90
d102,d56_hh262
d102,d179_hh1
d102,d75_hh25
d102,d160_hh88
d102,d123_hh106
d102,d214_hh47
d102,d137_hh106
d102,d39_hh154
d102,d120_hh248
d102,d184_hh158
d102,d98_hh223
d102,d55_hh94
d102,d187_hh61
d102,d55_hh94
d102,d17_hh12
d102,d69_hh240
d102,d213_hh2
d102,d173_hh262
d102,d57_hh207
d102,d161_hh185
d102,d160_hh88
d102,d118_hh118
d102,d38_hh165
d102,d74_hh142
d102,d66_hh18
d102,d74_hh15
d102,d66_hh207
d102,d35_hh263
d102,d209_hh149
d102,d2_hh173
d102,d161_hh21
d102,d100_hh145
d102,d178_hh157
d102,d56_hh4
d102,d104_hh58
d102,d171_hh88
d102,d149_hh107
d101,d134_hh270
d101,d75_hh53
d101,d163_hh213
d101,d95_hh205
d101,d191_hh246
d101,d118_hh244
d101,d178_hh134
d101,d13_hh58
d101,d117_hh74
d101,d16_hh287
d101,d210_hh142
d101,d62_hh22
d101,d213_hh178
d101,d117_hh74
d101,d57_hh250
d101,d204_hh239
d101,d122_hh231
d101,d184_hh238
d101,d143_hh28
d101,d19_hh38
d101,d46_hh69
d101,d131_hh180
d101,d182_hh226
d101,d78_hh39
d101,d190_hh38
d101,d15_hh186
d101,d119_hh177
d101,d125_hh3
d101,d104_hh116
d101,d143_hh28
d101,d129_hh122
d101,d111_hh131
d101,d7_hh257
d101,d54_hh44
d101,d162_hh47
d101,d174_hh42
d101,d204_hh87
d101,d191_hh246
d101,d41_hh71
d101,d73_hh242
d101,d42_hh185
d101,d57_hh207
d101,d46_hh194
d101,d18_hh227
d101,d102_hh201
d101,d134_hh223
d101,d66_hh213
d101,d213_hh2
d101,d29_hh85
d101,d16_hh287
d101,d149_hh107
d101,d17_hh228
d101,d198_hh188
d101,d114_hh219
d101,d117_hh140
d101,d209_hh219
d101,d169_hh216
d101,d54_hh222
d101,d36_hh94
d101,d96_hh145
d101,d171_hh23
d101,d18_hh137
d101,d174_hh24
d101,d38_hh165
d101,d128_hh28
d101,d46_hh194
d101,d215_hh105
d101,d150_hh207
d101,d43_hh125
d101,d91_hh21
d101,d122_hh159
d101,d159_hh183
d101,d125_hh135
d101,d175_hh131
d101,d209_hh159
d101,d166_hh239
d101,d44_hh38
d101,d66_hh18
d101,d83_hh153
d101,d166_hh164
d101,d54_hh57
d101,d31_hh127
d101,d100_hh48
d101,d198_hh152
d101,d213_hh178
d101,d93_hh66
d101,d110_hh193
d101,d170_hh130
d101,d67_hh209
d101,d20_hh166
d101,d17_hh228
d101,d21_hh90
d101,d177_hh163
d101,d4_hh87
d101,d75_hh53
d101,d198_hh152
d101,d159_hh183
d101,d102_hh179
d101,d104_hh175
d101,d209_hh244
d101,d39_hh66
d101,d50_hh7
d101,d39_hh67
d101,d118_hh173
d101,d178_hh134
d101,d46_hh12
d101,d179_hh1
d101,d214_hh13
d101,d30_hh58
d101,d120_hh248
d101,d36_hh94
d101,d57_hh250
d101,d202_hh205
d101,d75_hh102
d101,d30_hh130
d101,d104_hh58
d101,d15_hh186
d101,d57_hh207
d101,d82_hh154
d101,d125_hh3
d101,d177_hh163
d101,d80_hh236
d101,d62_hh22
d101,d202_hh90
d101,d2_hh217
d101,d166_hh239
d101,d193_hh248
d101,d138_hh83
d101,d54_hh218
d101,d175_hh52
d101,d51_hh231
d101,d50_hh7
d101,d111_hh227
d101,d140_hh85
d101,d57_hh216
d101,d158_hh86
d101,d93_hh18
d101,d19_hh38
d101,d104_hh58
d101,d208_hh240
d101,d83_hh76
d101,d134_hh270
d101,d75_hh264
d101,d178_hh272
d101,d39_hh154
d101,d169_hh199
d101,d30_hh58
d101,d74_hh15
d101,d133_hh135
d101,d124_hh40
d101,d132_hh188
d101,d39_hh154
d101,d15_hh264
d101,d57_hh16
d101,d41_hh71
d101,d75_hh25
d101,d2_hh287
d101,d65_hh242
d101,d17_hh213
d101,d204_hh239
d101,d143_hh28
d101,d178_hh58
d101,d87_hh245
d101,d57_hh216
d101,d23_hh233
d101,d36_hh226
d101,d209_hh254
d101,d54_hh222
d101,d210_hh142
d101,d17_hh210
d101,d163_hh145
d101,d123_hh119
d101,d186_hh185
d101,d51_hh231
d101,d5_hh5
d101,d46_hh12
d101,d77_hh123
d101,d162_hh213
d101,d55_hh254
d101,d100_hh91
d101,d65_hh29
d101,d33_hh58
d101,d174_hh24
d101,d111_hh227
d101,d43_hh125
d101,d91_hh199
d101,d184_hh238
d101,d4_hh29
d101,d34_hh77
d101,d35_hh263
d101,d91_hh90
d101,d114_hh219
d101,d117_hh140
d101,d133_hh241
d101,d123_hh104
d101,d147_hh43
d101,d104_hh270
d101,d141_hh128
d101,d170_hh117
d101,d82_hh154
d101,d187_hh61
d101,d177_hh145
d101,d130_hh142
d101,d112_hh8
d101,d169_hh199
d101,d39_hh99
d101,d48_hh118
d101,d170_hh130
d101,d128_hh246
d101,d98_hh245
d101,d177_hh163
d101,d93_hh18
d101,d4_hh202
d101,d143_hh28
d101,d54_hh222
d101,d15_hh210
d101,d80_hh106
d101,d51_hh231
d101,d182_hh39
d101,d182_hh229
d101,d17_hh12
d101,d100_hh48
d101,d7_hh257
d101,d208_hh168
d101,d165_hh94
d101,d42_hh202
d101,d187_hh0
d101,d199_hh180
d101,d141_hh128
d101,d208_hh240
d101,d171_hh71
d101,d13_hh58
d101,d118_hh118
d101,d199_hh71
d101,d109_hh67
d101,d182_hh229
d101,d104_hh116
d101,d62_hh259
d101,d119_hh222
d101,d98_hh177
d101,d15_hh186
d101,d140_hh85
d101,d207_hh191
d101,d178_hh134
d101,d131_hh102
d101,d149_hh14
d101,d191_hh53
d101,d122_hh159
d101,d106_hh207
d101,d207_hh219
d101,d143_hh28
d101,d122_hh231
d101,d213_hh2
d101,d23_hh156
d101,d29_hh243
d101,d205_hh196
d101,d85_hh110
d101,d19_hh130
d106,d41_hh150
d106,d91_hh199
d106,d199_hh71
d106,d205_hh196
d106,d200_hh261
d106,d16_hh294
d106,d213_hh211
d106,d117_hh11
d106,d193_hh138
d106,d42_hh19
d106,d21_hh105
d106,d152_hh88
d106,d161_hh185
d106,d51_hh231
d106,d20_hh166
d106,d17_hh106
d106,d160_hh88
d106,d170_hh117
d106,d161_hh21
d106,d39_hh154
d106,d2_hh217
d106,d110_hh193
d106,d159_hh183
d106,d13_hh58
d106,d137_hh119
d106,d4_hh87
d106,d202_hh264
d106,d17_hh106
d106,d134_hh270
d106,d43_hh125
d106,d128_hh126
d106,d91_hh138
d106,d114_hh219
d106,d214_hh210
d106,d16_hh294
d106,d42_hh19
d106,d122_hh231
d106,d210_hh142
d106,d29_hh85
d106,d207_hh219
d106,d213_hh211
d106,d182_hh39
d106,d178_hh272
d106,d111_hh227
d106,d75_hh216
d106,d98_hh245
d106,d131_hh24
d106,d202_hh170
d106,d110_hh193
d106,d214_hh13
d106,d131_hh24
d106,d61_hh41
d106,d169_hh216
d106,d43_hh125
d106,d50_hh249
d106,d54_hh189
d106,d213_hh211
d106,d215_hh105
d106,d175_hh52
d106,d162_hh47
d106,d102_hh179
d106,d15_hh210
d106,d75_hh216
d106,d2_hh68
d106,d56_hh262
d106,d74_hh257
d106,d113_hh175
d106,d74_hh257
d106,d118_hh118
d106,d178_hh191
d106,d50_hh249
d106,d130_hh244
d106,d87_hh245
d106,d177_hh163
d106,d200_hh261
d106,d141_hh128
d106,d131_hh180
d106,d198_hh188
d106,d213_hh211
d106,d155_hh148
d106,d187_hh87
d106,d166_hh150
d106,d114_hh47
d106,d33_hh58
d106,d2_hh180
d106,d158_hh239
d106,d31_hh139
d106,d132_hh188
d106,d128_hh28
d106,d41_hh71
d106,d114_hh47
d106,d128_hh28
d106,d187_hh7
d106,d123_hh104
d106,d91_hh21
d106,d54_hh222
d106,d119_hh64
d106,d135_hh2
d106,d143_hh241
d106,d104_hh58
d106,d166_hh24
d106,d214_hh70
d106,d54_hh222
d106,d150_hh207
d106,d83_hh117
d106,d187_hh61
d106,d17_hh210
d106,d178_hh58
d106,d15_hh103
d106,d54_hh218
d106,d213_hh178
d106,d62_hh98
d106,d17_hh210
d106,d100_hh48
d106,d104_hh175
d106,d4_hh202
d106,d152_hh88
d106,d95_hh201
d106,d80_hh186
d106,d149_hh107
d106,d23_hh21
d106,d182_hh229
d106,d69_hh240
d106,d31_hh127
d106,d171_hh71
d106,d30_hh267
d106,d100_hh48
d106,d213_hh247
d106,d199_hh180
d106,d209_hh159
d106,d90_hh207
d106,d209_hh219
d106,d187_hh7
d106,d106_hh207
d106,d26_hh40
d106,d126_hh207
d106,d149_hh107
d106,d90_hh207
d106,d178_hh134
d106,d31_hh139
d106,d137_hh106
d106,d193_hh138
d106,d147_hh54
d106,d198_hh188
d106,d36_hh94
d106,d102_hh200
d106,d48_hh118
d106,d177_hh163
d106,d214_hh41
d106,d166_hh150
d106,d171_hh88
d106,d127_hh89
d106,d118_hh118
d106,d117_hh74
d106,d119_hh222
d106,d65_hh29
d106,d18_hh137
d106,d42_hh88
d106,d202_hh170
d106,d57_hh207
d106,d87_hh156
d106,d54_hh44
d106,d19_hh38
d106,d15_hh264
d106,d93_hh18
d106,d15_hh76
d106,d134_hh270
d106,d97_hh156
d106,d178_hh58
d106,d35_hh263
d106,d161_hh203
d106,d135_hh2
d106,d41_hh163
d106,d91_hh199
d106,d179_hh1
d106,d158_hh239
d106,d120_hh269
d106,d125_hh135
d106,d159_hh64
d106,d173_hh163
d106,d209_hh219
d106,d98_hh100
d106,d184_hh158
d106,d158_hh239
d106,d155_hh18
d106,d125_hh3
d106,d82_hh154
d106,d88_hh195
d106,d162_hh47
d106,d163_hh145
d106,d56_hh174
d106,d29_hh85
d106,d39_hh66
d106,d111_hh131
d106,d190_hh38
d106,d4_hh87
d106,d149_hh1
d106,d117_hh140
d106,d214_hh70
d106,d205_hh196
d106,d93_hh18
d106,d133_hh111
d106,d122_hh144
d106,d73_hh184
d106,d46_hh245
d106,d202_hh205
d106,d169_hh190
d106,d198_hh136
d106,d213_hh252
d106,d50_hh249
d106,d74_hh257
d106,d209_hh244
d106,d23_hh93
d106,d191_hh246
d106,d36_hh94
d106,d174_hh24
d106,d123_hh160
d106,d119_hh222
d106,d208_hh240
d106,d118_hh244
d106,d46_hh245
d106,d102_hh201
d106,d101_hh129
d106,d159_hh183
d106,d104_hh116
d106,d119_hh24
d106,d75_hh102
d106,d202_hh90
d106,d191_hh246
d106,d72_hh208
d106,d182_hh229
d106,d110_hh252
d106,d202_hh264
d106,d195_hh109
d106,d54_hh189
d106,d15_hh103
d106,d54_hh152
d106,d187_hh42
d106,d2_hh180
d106,d95_hh201
d106,d42_hh19
d106,d182_hh74
d106,d127_hh89
d106,d175_hh131
d106,d54_hh57
d106,d91_hh21
d106,d187_hh7
d106,d77_hh123
d106,d208_hh253
d106,d140_hh85
d106,d123_hh129
d106,d135_hh2
d106,d214_hh41
d106,d55_hh254
d106,d150_hh207
d106,d56_hh4
d106,d204_hh56
d106,d150_hh203
d104,d200_hh102
d104,d152_hh88
d104,d17_hh228
d104,d195_hh47
d104,d88_hh36
d104,d126_hh207
d104,d23_hh204
d104,d123_hh160
d104,d2_hh173
d104,d149_hh107
d104,d74_hh107
d104,d83_hh193
d104,d118_hh244
d104,d147_hh169
d104,d23_hh93
d104,d109_hh88
d104,d131_hh102
d104,d75_hh102
d104,d127_hh89
d104,d213_hh2
d104,d101_hh155
d104,d174_hh24
d104,d57_hh16
d104,d204_hh87
d104,d23_hh204
d104,d133_hh135
d104,d174_hh213
d104,d69_hh240
d104,d85_hh144
d104,d149_hh14
d104,d159_hh183
d104,d179_hh1
d104,d175_hh52
d104,d42_hh19
d104,d169_hh190
d104,d5_hh5
d104,d161_hh21
d104,d73_hh242
d104,d39_hh154
d104,d118_hh173
d104,d187_hh0
d104,d4_hh87
d104,d16_hh294
d104,d178_hh58
d104,d213_hh252
d104,d2_hh151
d104,d195_hh47
d104,d21_hh90
d104,d42_hh88
d104,d31_hh139
d104,d29_hh243
d104,d29_hh131
d104,d12_hh23
d104,d82_hh154
d104,d213_hh211
d104,d23_hh21
d104,d52_hh115
d104,d98_hh177
d104,d35_hh2
d104,d213_hh2
d104,d56_hh174
d104,d134_hh223
d104,d62_hh259
d104,d187_hh42
d104,d174_hh213
d104,d171_hh88
d104,d33_hh58
d104,d147_hh169
d104,d30_hh130
d104,d75_hh264
d104,d29_hh85
d104,d213_hh62
d104,d174_hh213
d104,d53_hh147
d104,d178_hh173
d104,d75_hh264
d104,d117_hh74
d104,d46_hh194
d104,d20_hh166
d104,d21_hh97
d104,d213_hh178
d104,d170_hh130
d104,d187_hh42
d104,d29_hh85
d104,d130_hh142
d104,d29_hh85
d104,d119_hh177
d104,d177_hh163
d104,d123_hh129
d104,d202_hh170
d104,d204_hh87
d104,d122_hh16
d104,d125_hh3
d104,d117_hh11
d104,d11_hh53
d104,d98_hh177
d104,d214_hh70
d104,d163_hh145
d104,d73_hh242
d104,d109_hh88
d104,d143_hh28
d104,d111_hh227
d104,d104_hh175
d104,d125_hh3
d104,d42_hh19
d104,d51_hh151
d104,d158_hh239
d104,d161_hh185
d104,d100_hh48
d104,d110_hh193
d104,d175_hh131
d104,d169_hh225
d104,d197_hh151
d104,d29_hh243
d104,d193_hh138
d104,d111_hh227
d104,d138_hh83
d104,d187_hh7
d104,d74_hh257
d104,d178_hh272
d104,d100_hh48
d104,d29_hh243
d104,d210_hh142
d104,d204_hh56
d104,d119_hh24
d104,d74_hh15
d104,d66_hh14
d104,d133_hh241
d104,d85_hh184
d104,d59_hh184
d104,d132_hh46
d104,d106_hh207
d104,d15_hh103
d104,d197_hh151
d104,d199_hh49
d104,d126_hh207
d104,d34_hh77
d104,d125_hh3
d104,d44_hh164
d104,d178_hh272
d104,d54_hh152
d104,d4_hh29
d104,d62_hh22
d104,d117_hh140
d104,d41_hh206
d104,d66_hh213
d104,d43_hh125
d104,d132_hh188
d104,d175_hh52
d104,d118_hh244
d104,d149_hh14
d104,d198_hh188
d104,d143_hh241
d104,d187_hh42
d104,d119_hh177
d104,d20_hh166
d104,d175_hh52
d104,d91_hh21
d104,d95_hh205
d104,d91_hh90
d104,d114_hh47
d104,d171_hh71
d104,d4_hh29
d104,d104_hh175
d104,d125_hh3
d104,d187_hh42
d104,d147_hh54
d104,d128_hh246
d104,d126_hh167
d104,d204_hh87
d104,d119_hh64
d104,d209_hh159
d104,d207_hh219
d104,d123_hh129
d104,d200_hh77
d104,d155_hh210
d104,d36_hh226
d104,d141_hh128
d104,d38_hh165
d104,d74_hh243
d104,d75_hh25
d104,d123_hh57
d104,d214_hh41
d104,d134_hh223
d104,d199_hh49
d104,d171_hh71
d104,d54_hh57
d104,d100_hh145
d104,d62_hh259
d104,d150_hh207
d104,d18_hh227
d104,d109_hh88
d104,d186_hh185
d104,d106_hh207
d104,d195_hh19
d104,d166_hh164
d104,d135_hh2
d104,d83_hh76
d104,d135_hh17
d104,d39_hh154
d104,d164_hh123
d104,d123_hh160
d104,d207_hh191
d104,d101_hh129
d104,d195_hh19
d104,d39_hh154
d104,d81_hh89
d104,d213_hh211
d104,d87_hh156
d104,d17_hh210
d104,d31_hh139
d104,d75_hh53
d104,d158_hh86
d104,d39_hh154
d104,d200_hh102
d104,d23_hh21
d104,d135_hh2
d104,d161_hh21
d104,d2_hh151
d104,d2_hh173
d104,d75_hh264
d104,d75_hh102
d104,d141_hh129
d104,d11_hh53
d104,d140_hh85
d104,d134_hh223
d104,d29_hh243
d104,d31_hh139
d104,d24_hh176
d104,d207_hh191
d104,d163_hh145
d104,d77_hh123
d104,d123_hh57
d104,d209_hh149
d104,d42_hh58
d104,d66_hh207
d104,d174_hh242
d104,d62_hh259
d104,d91_hh90
d104,d62_hh98
d104,d165_hh94
d104,d11_hh53
d104,d209_hh159
d104,d57_hh286
d104,d102_hh179
d104,d62_hh251
d104,d17_hh12
d104,d162_hh213
d104,d2_hh180
d104,d170_hh117
d104,d137_hh106
d104,d74_hh107
d104,d161_hh203
d104,d96_hh145
d104,d7_hh257
d104,d191_hh53
d104,d123_hh129
d104,d2_hh173
d104,d125_hh3
d104,d119_hh24
d104,d187_hh7
d104,d204_hh239
d104,d171_hh71
d104,d119_hh210
d104,d74_hh107
d104,d21_hh90
d104,d209_hh219
d104,d143_hh28
d104,d15_hh22
d104,d19_hh130
d104,d178_hh157
d104,d42_hh88
d104,d75_hh264
d104,d163_hh145
d104,d41_hh163
d104,d15_hh76
d104,d137_hh119
d103,d189_hh237
d103,d49_hh237
d103,d167_hh120
d103,d63_hh98
d103,d84_hh15
d103,d60_hh172
d103,d206_hh151
d103,d185_hh17
d103,d194_hh224
d103,d115_hh2
d103,d49_hh198
d103,d121_hh238
d103,d185_hh70
d103,d148_hh189
d103,d3_hh98
d103,d49_hh89
d103,d71_hh152
d103,d86_hh114
d103,d89_hh65
d103,d103_hh72
d103,d86_hh136
d103,d70_hh79
d103,d172_hh1
d103,d63_hh157
d103,d79_hh76
d103,d60_hh172
d103,d45_hh282
d103,d203_hh11
d103,d148_hh97
d103,d194_hh102
d103,d45_hh183
d103,d148_hh189
d103,d192_hh159
d103,d10_hh60
d103,d45_hh282
d103,d201_hh28
d103,d181_hh267
d103,d49_hh131
d103,d148_hh97
d103,d79_hh76
d103,d49_hh155
d103,d180_hh34
d103,d45_hh9
d103,d121_hh146
d103,d151_hh93
d103,d185_hh70
d103,d22_hh155
d103,d185_hh17
d103,d49_hh237
d103,d107_hh211
d103,d194_hh224
d103,d86_hh136
d103,d176_hh183
d103,d136_hh236
d103,d103_hh72
d103,d27_hh145
d103,d49_hh198
d103,d84_hh62
d103,d144_hh235
d103,d64_hh133
d103,d206_hh283
d103,d60_hh210
d103,d107_hh211
d103,d84_hh6
d103,d64_hh137
d103,d172_hh102
d103,d103_hh172
d103,d151_hh207
d103,d27_hh16
d103,d64_hh271
d103,d86_hh167
d103,d105_hh161
d103,d148_hh82
d103,d6_hh77
d103,d45_hh9
d103,d6_hh77
d103,d206_hh188
d103,d121_hh146
d103,d84_hh6
d103,d63_hh98
d103,d192_hh169
d103,d70_hh135
d103,d64_hh165
d103,d144_hh235
d103,d103_hh89
d103,d27_hh133
d103,d172_hh263
d103,d49_hh198
d103,d27_hh65
d103,d64_hh133
d103,d22_hh219
d103,d167_hh41
d103,d107_hh211
d103,d108_hh35
d103,d189_hh80
d103,d60_hh210
d103,d9_hh176
d103,d103_hh115
d103,d70_hh85
d103,d148_hh189
d103,d71_hh152
d103,d27_hh133
d103,d136_hh236
d103,d49_hh131
d103,d148_hh98
d103,d136_hh236
d103,d196_hh175
d103,d180_hh34
d103,d45_hh140
d103,d206_hh151
d103,d3_hh98
d103,d71_hh152
d103,d192_hh169
d103,d115_hh196
d103,d185_hh70
d103,d103_hh172
d103,d103_hh72
d103,d189_hh80
d103,d107_hh260
d103,d212_hh78
d103,d108_hh40
d103,d94_hh178
d103,d176_hh122
d103,d108_hh127
d103,d94_hh137
d103,d201_hh86
d103,d84_hh62
d103,d185_hh17
d103,d189_hh80
d103,d105_hh238
d103,d151_hh146
d103,d148_hh189
d103,d196_hh42
d103,d10_hh110
d103,d68_hh230
d103,d60_hh172
d103,d206_hh283
d103,d84_hh62
d103,d89_hh65
d103,d27_hh65
d103,d176_hh122
d103,d8_hh179
d103,d167_hh36
d103,d194_hh102
d103,d70_hh135
d103,d185_hh70
d103,d206_hh188
d103,d86_hh114
d103,d6_hh77
d103,d84_hh62
d103,d181_hh267
d103,d145_hh145
d103,d49_hh198
d103,d181_hh59
d103,d27_hh133
d103,d60_hh172
d103,d151_hh1
d103,d64_hh271
d103,d144_hh235
d103,d8_hh179
d103,d84_hh15
d103,d148_hh98
d103,d45_hh9
d103,d188_hh137
d103,d108_hh127
d103,d151_hh207
d103,d181_hh63
d103,d103_hh115
d103,d180_hh130
d103,d79_hh93
d103,d94_hh178
d103,d49_hh237
d103,d108_hh195
d103,d84_hh220
d103,d192_hh169
d103,d89_hh77
d103,d151_hh93
d103,d206_hh74
d103,d180_hh34
d103,d22_hh219
d103,d201_hh28
d103,d22_hh155
d103,d196_hh60
d103,d27_hh16
d103,d108_hh127
d103,d185_hh70
d103,d151_hh146
d103,d176_hh183
d103,d176_hh183
d103,d108_hh195
d103,d60_hh210
d103,d196_hh42
d103,d94_hh178
d103,d107_hh260
d103,d71_hh169
d103,d89_hh43
d103,d188_hh137
d103,d27_hh145
d103,d49_hh237
d103,d105_hh161
d103,d70_hh188
d103,d206_hh188
d103,d27_hh145
d103,d185_hh17
d103,d180_hh34
d103,d107_hh42
d103,d189_hh237
d103,d103_hh172
d103,d148_hh98
d103,d167_hh36
d103,d64_hh133
d103,d64_hh271
d103,d71_hh292
d103,d22_hh155
d103,d86_hh136
d103,d108_hh40
d103,d144_hh235
d103,d3_hh7
d103,d71_hh169
d103,d180_hh34
d103,d145_hh212
d103,d3_hh279
d103,d10_hh110
d103,d121_hh146
d103,d145_hh2
d103,d64_hh133
d103,d63_hh98
d103,d192_hh28
d103,d84_hh101
d103,d167_hh167
d103,d151_hh146
d103,d206_hh283
d103,d22_hh219
d103,d10_hh46
d103,d27_hh145
d103,d181_hh59
d103,d148_hh97
d103,d151_hh194
d103,d192_hh169
d103,d79_hh93
d103,d108_hh277
d103,d206_hh74
d103,d22_hh219
d103,d189_hh237
d103,d148_hh98
d103,d60_hh172
d103,d103_hh72
d103,d70_hh135
d103,d148_hh189
d103,d107_hh260
d103,d148_hh82
d103,d64_hh45
d103,d107_hh42
d103,d148_hh98
d103,d27_hh133
d103,d103_hh53
d103,d89_hh65
d103,d60_hh172
d103,d60_hh210
d103,d27_hh16
d103,d107_hh6
d103,d49_hh131
d103,d206_hh74
d103,d60_hh172
d103,d60_hh259
d103,d49_hh237
d103,d28_hh124
d103,d157_hh104
d103,d103_hh72
d103,d49_hh89
d103,d86_hh114
d103,d63_hh157
d103,d14_hh160
d103,d49_hh119
d103,d121_hh146
d103,d176_hh183
d103,d151_hh146
d103,d107_hh211
d103,d151_hh1
d103,d70_hh243
d103,d144_hh235
d103,d63_hh98
d103,d145_hh145
d103,d28_hh124
d103,d148_hh82
d103,d107_hh260
d103,d105_hh48
d103,d86_hh136
d103,d49_hh89
d103,d22_hh219
d103,d79_hh93
d103,d60_hh210
d113,d128_hh126
d113,d57_hh216
d113,d83_hh76
d113,d50_hh249
d113,d100_hh145
d113,d83_hh76
d113,d13_hh58
d113,d198_hh152
d113,d209_hh159
d113,d104_hh58
d113,d54_hh218
d113,d213_hh62
d113,d179_hh1
d113,d57_hh166
d113,d193_hh138
d113,d75_hh102
d113,d118_hh244
d113,d209_hh254
d113,d165_hh94
d113,d161_hh21
d113,d122_hh16
d113,d56_hh174
d113,d149_hh1
d113,d147_hh54
d113,d75_hh53
d113,d198_hh136
d113,d54_hh57
d113,d178_hh134
d113,d111_hh227
d113,d204_hh56
d113,d114_hh66
d113,d59_hh251
d113,d184_hh158
d113,d34_hh77
d113,d57_hh16
d113,d29_hh243
d113,d23_hh93
d113,d213_hh178
d113,d91_hh90
d113,d200_hh102
d113,d182_hh74
d113,d174_hh24
d113,d54_hh152
d113,d178_hh173
d113,d123_hh84
d113,d42_hh58
d113,d15_hh210
d113,d15_hh22
d113,d75_hh264
d113,d102_hh200
d113,d30_hh130
d113,d101_hh129
d113,d193_hh248
d113,d34_hh160
d113,d166_hh239
d113,d100_hh48
d113,d161_hh203
d113,d178_hh173
d113,d160_hh88
d113,d187_hh42
d113,d214_hh41
d113,d75_hh216
d113,d12_hh23
d113,d41_hh206
d113,d135_hh2
d113,d173_hh262
d113,d118_hh244
d113,d99_hh225
d113,d195_hh19
d113,d23_hh156
d113,d20_hh166
d113,d119_hh210
d113,d209_hh219
d113,d130_hh142
d113,d17_hh12
d113,d163_hh213
d113,d130_hh244
d113,d106_hh207
d113,d215_hh105
d113,d207_hh219
d113,d57_hh16
d113,d125_hh3
d113,d54_hh61
d113,d126_hh167
d113,d147_hh54
d113,d197_hh151
d113,d2_hh217
d113,d147_hh169
d113,d137_hh119
d113,d163_hh145
d113,d162_hh213
d113,d198_hh152
d113,d126_hh207
d113,d132_hh46
d113,d122_hh16
d113,d75_hh264
d113,d101_hh129
d113,d214_hh41
d113,d187_hh7
d113,d13_hh58
d113,d96_hh145
d113,d174_hh242
d113,d131_hh174
d113,d187_hh61
d113,d204_hh56
d113,d50_hh217
d113,d101_hh129
d113,d78_hh39
d113,d186_hh185
d113,d175_hh52
d113,d74_hh257
d113,d57_hh16
d113,d100_hh48
d113,d74_hh15
d113,d169_hh216
d113,d171_hh23
d113,d170_hh130
d113,d83_hh117
d113,d175_hh52
d113,d80_hh236
d113,d119_hh222
d113,d166_hh150
d113,d39_hh99
d113,d175_hh52
d113,d104_hh58
d113,d41_hh206
d113,d178_hh58
d113,d46_hh53
d113,d57_hh16
d113,d5_hh5
d113,d169_hh190
d113,d113_hh175
d113,d78_hh223
d113,d111_hh227
d113,d158_hh239
d113,d38_hh165
d113,d137_hh106
d113,d125_hh3
d113,d75_hh25
d113,d75_hh53
d113,d56_hh174
d113,d53_hh147
d113,d171_hh71
d113,d214_hh47
d113,d214_hh70
d113,d178_hh157
d113,d44_hh164
d113,d200_hh21
d113,d187_hh61
d113,d31_hh127
d113,d100_hh63
d113,d31_hh34
d113,d161_hh21
d113,d33_hh58
d113,d214_hh47
d113,d204_hh56
d113,d120_hh248
d113,d54_hh189
d113,d102_hh201
d113,d141_hh128
d113,d4_hh29
d113,d150_hh203
d113,d65_hh29
d113,d2_hh287
d113,d23_hh204
d113,d11_hh53
d113,d187_hh42
d113,d119_hh222
d113,d143_hh28
d113,d2_hh173
d113,d75_hh227
d113,d95_hh201
d113,d65_hh29
d113,d119_hh24
d113,d155_hh18
d113,d214_hh41
d113,d74_hh107
d113,d120_hh248
d113,d41_hh206
d113,d106_hh207
d113,d90_hh233
d113,d55_hh94
d113,d174_hh242
d113,d166_hh24
d113,d12_hh23
d113,d182_hh195
d113,d17_hh228
d113,d101_hh129
d113,d41_hh163
d113,d83_hh204
d113,d15_hh264
d113,d152_hh29
d113,d54_hh44
d113,d143_hh28
d113,d133_hh111
d113,d147_hh169
d113,d54_hh218
d113,d59_hh251
d113,d30_hh58
d113,d193_hh248
d113,d174_hh242
d113,d177_hh145
d113,d198_hh152
d113,d75_hh216
d113,d199_hh180
d113,d42_hh58
d113,d178_hh157
d113,d41_hh71
d113,d42_hh88
d113,d40_hh152
d113,d15_hh264
d113,d137_hh106
d113,d26_hh40
d113,d110_hh252
d113,d15_hh264
d113,d46_hh194
d113,d15_hh210
d113,d30_hh130
d113,d50_hh217
d113,d184_hh238
d113,d29_hh85
d113,d83_hh76
d113,d213_hh178
d113,d67_hh15
d113,d124_hh40
d113,d214_hh41
d113,d112_hh8
d113,d213_hh211
d113,d54_hh44
d113,d122_hh16
d113,d80_hh186
d113,d208_hh168
d113,d39_hh66
d113,d193_hh85
d113,d117_hh11
d113,d177_hh163
d113,d123_hh106
d113,d102_hh242
d113,d122_hh159
d113,d30_hh267
d113,d57_hh207
d113,d59_hh243
d113,d102_hh201
d113,d74_hh107
d113,d184_hh238
d113,d54_hh222
d113,d51_hh231
d113,d117_hh11
d113,d85_hh184
d113,d24_hh176
d113,d170_hh130
d113,d184_hh158
d113,d143_hh28
d113,d187_hh0
d113,d125_hh3
d113,d104_hh58
d113,d18_hh137
d113,d39_hh67
d113,d114_hh219
d113,d113_hh175
d113,d75_hh264
d113,d98_hh223
d113,d214_hh70
d113,d213_hh62
d113,d55_hh94
d113,d114_hh47
d113,d102_hh179
d113,d162_hh213
d113,d132_hh46
d113,d213_hh247
d109,d2_hh68
d109,d199_hh180
d109,d57_hh250
d109,d133_hh135
d109,d169_hh199
d109,d2_hh217
d109,d171_hh88
d109,d178_hh157
d109,d31_hh34
d109,d141_hh129
d109,d2_hh217
d109,d117_hh140
d109,d59_hh243
d109,d17_hh12
d109,d119_hh95
d109,d16_hh287
d109,d106_hh207
d109,d15_hh80
d109,d125_hh135
d109,d135_hh2
d109,d46_hh53
d109,d73_hh242
d109,d41_hh206
d109,d75_hh25
d109,d198_hh188
d109,d126_hh4
d109,d204_hh239
d109,d98_hh245
d109,d81_hh89
d109,d182_hh226
d109,d182_hh74
d109,d141_hh128
d109,d4_hh29
d109,d41_hh150
d109,d141_hh129
d109,d208_hh168
d109,d150_hh203
d109,d83_hh204
d109,d123_hh129
d109,d29_hh85
d109,d12_hh23
d109,d33_hh58
d109,d43_hh125
d109,d54_hh222
d109,d5_hh5
d109,d159_hh183
d109,d82_hh154
d109,d177_hh163
d109,d214_hh13
d109,d214_hh47
d109,d209_hh244
d109,d204_hh239
d109,d75_hh216
d109,d46_hh245
d109,d126_hh167
d109,d178_hh272
d109,d202_hh264
d109,d187_hh7
d109,d52_hh33
d109,d78_hh39
d109,d72_hh208
d109,d31_hh34
d109,d100_hh91
d109,d85_hh144
d109,d133_hh135
d109,d169_hh199
d109,d164_hh123
d109,d17_hh210
d109,d16_hh294
d109,d160_hh0
d109,d119_hh222
d109,d187_hh0
d109,d169_hh216
d109,d114_hh47
d109,d98_hh245
d109,d12_hh23
d109,d119_hh95
d109,d54_hh57
d109,d104_hh270
d109,d182_hh39
d109,d80_hh186
d109,d2_hh287
d109,d104_hh175
d109,d66_hh213
d109,d193_hh248
d109,d125_hh135
d109,d19_hh130
d109,d141_hh129
d109,d182_hh229
d109,d191_hh53
d109,d46_hh53
d109,d161_hh203
d109,d207_hh191
d109,d65_hh29
d109,d44_hh38
d109,d4_hh80
d109,d54_hh218
d109,d135_hh2
d109,d163_hh213
d109,d31_hh34
d109,d130_hh244
d109,d90_hh207
d109,d19_hh38
d109,d193_hh248
d109,d34_hh77
d109,d41_hh150
d109,d96_hh145
d109,d134_hh223
d109,d15_hh76
d109,d114_hh219
d109,d98_hh245
d109,d175_hh131
d109,d61_hh155
d109,d118_hh173
d109,d66_hh18
d109,d57_hh286
d109,d149_hh1
d109,d124_hh40
d109,d62_hh251
d109,d5_hh5
d109,d90_hh207
d109,d133_hh135
d109,d66_hh240
d109,d23_hh93
d109,d61_hh155
d109,d186_hh185
d109,d75_hh227
d109,d91_hh90
d109,d23_hh156
d109,d54_hh218
d109,d178_hh134
d109,d110_hh193
d109,d56_hh174
d109,d166_hh164
d109,d199_hh49
d109,d174_hh42
d109,d104_hh116
d109,d75_hh227
d109,d147_hh54
d109,d202_hh90
d109,d195_hh109
d109,d17_hh106
d109,d109_hh67
d109,d131_hh174
d109,d74_hh15
d109,d198_hh188
d109,d127_hh89
d109,d208_hh168
d109,d74_hh243
d109,d30_hh267
d109,d100_hh145
d109,d165_hh94
d109,d30_hh267
d109,d161_hh203
d109,d214_hh13
d109,d133_hh241
d109,d59_hh112
d109,d213_hh62
d109,d178_hh58
d109,d166_hh150
d109,d36_hh226
d109,d54_hh218
d109,d54_hh44
d109,d191_hh246
d109,d23_hh204
d109,d198_hh136
d109,d41_hh163
d109,d191_hh53
d109,d2_hh287
d109,d161_hh21
d109,d44_hh164
d109,d141_hh27
d109,d100_hh91
d109,d214_hh41
d109,d175_hh52
d109,d198_hh152
d109,d187_hh0
d109,d214_hh47
d109,d117_hh11
d109,d19_hh38
d109,d178_hh173
d109,d15_hh76
d109,d2_hh180
d109,d57_hh286
d109,d34_hh77
d109,d100_hh145
d109,d214_hh47
d109,d40_hh152
d109,d57_hh166
d109,d95_hh201
d109,d40_hh152
d109,d75_hh227
d109,d138_hh83
d109,d209_hh244
d109,d98_hh100
d109,d67_hh15
d109,d34_hh77
d109,d66_hh240
d109,d21_hh97
d109,d38_hh165
d109,d170_hh130
d109,d97_hh156
d109,d39_hh66
d109,d91_hh178
d109,d41_hh206
d109,d55_hh94
d109,d126_hh167
d109,d131_hh180
d109,d131_hh205
d109,d66_hh18
d109,d114_hh219
d109,d23_hh233
d109,d21_hh90
d109,d126_hh263
d109,d99_hh225
d109,d23_hh21
d109,d198_hh136
d109,d39_hh67
d109,d128_hh246
d109,d54_hh44
d109,d78_hh223
d109,d131_hh205
d109,d131_hh180
d109,d55_hh94
d109,d75_hh25
d109,d17_hh228
d109,d99_hh225
d109,d137_hh106
d109,d130_hh142
d109,d97_hh156
d109,d123_hh160
d109,d102_hh201
d109,d123_hh119
d109,d131_hh205
d109,d209_hh219
d109,d111_hh227
d109,d191_hh246
d109,d78_hh223
d109,d65_hh29
d109,d178_hh272
d109,d154_hh2
d109,d100_hh48
d109,d137_hh106
d109,d34_hh160
d109,d117_hh74
d109,d31_hh127
d109,d122_hh159
d109,d46_hh69
d109,d75_hh102
d109,d80_hh186
d109,d186_hh185
d109,d52_hh115
d109,d72_hh42
d109,d2_hh173
d109,d120_hh248
d109,d17_hh12
d109,d166_hh239
d109,d128_hh246
d109,d149_hh14
d109,d178_hh272
d109,d74_hh142
d109,d24_hh92
d109,d123_hh119
d109,d123_hh106
d109,d129_hh122
d109,d80_hh106
d109,d57_hh286
d109,d177_hh163
d110,d174_hh24
d110,d127_hh89
d110,d165_hh107
d110,d123_hh84
d110,d42_hh19
d110,d120_hh269
d110,d96_hh110
d110,d208_hh240
d110,d178_hh58
d110,d101_hh155
d110,d23_hh204
d110,d15_hh186
d110,d93_hh18
d110,d102_hh242
d110,d129_hh122
d110,d61_hh41
d110,d198_hh188
d110,d4_hh29
d110,d66_hh207
d110,d187_hh61
d110,d98_hh100
d110,d66_hh18
d110,d171_hh23
d110,d204_hh239
d110,d119_hh177
d110,d56_hh174
d110,d164_hh123
d110,d72_hh42
d110,d150_hh207
d110,d13_hh58
d110,d16_hh287
d110,d73_hh242
d110,d54_hh57
d110,d62_hh98
d110,d161_hh185
d110,d186_hh185
d110,d51_hh151
d110,d215_hh105
d110,d141_hh27
d110,d147_hh54
d110,d193_hh248
d110,d132_hh44
d110,d119_hh210
d110,d75_hh102
d110,d118_hh244
d110,d138_hh83
d110,d165_hh107
d110,d53_hh3
d110,d101_hh155
d110,d126_hh4
d110,d31_hh34
d110,d41_hh150
d110,d74_hh142
d110,d163_hh213
d110,d52_hh165
d110,d93_hh18
d110,d13_hh58
d110,d207_hh191
d110,d52_hh115
d110,d200_hh261
d110,d191_hh246
d110,d83_hh76
d110,d133_hh135
d110,d120_hh248
d110,d159_hh183
d110,d57_hh216
d110,d158_hh86
d110,d50_hh7
d110,d78_hh39
d110,d199_hh49
d110,d147_hh43
d110,d204_hh239
d110,d54_hh222
d110,d91_hh199
d110,d213_hh247
d110,d132_hh44
d110,d134_hh270
d110,d38_hh165
d110,d38_hh165
d110,d100_hh63
d110,d38_hh165
d110,d214_hh13
d110,d39_hh67
d110,d55_hh254
d110,d161_hh21
d110,d119_hh24
d110,d39_hh154
d110,d98_hh223
d110,d42_hh88
d110,d52_hh115
d110,d46_hh245
d110,d209_hh219
d110,d73_hh242
d110,d202_hh170
d110,d160_hh88
d110,d100_hh145
d110,d57_hh286
d110,d102_hh200
d110,d200_hh21
d110,d147_hh54
d110,d104_hh58
d110,d178_hh191
d110,d198_hh188
d110,d15_hh210
d110,d123_hh57
d110,d72_hh208
d110,d56_hh262
d110,d117_hh11
d110,d152_hh168
d110,d102_hh242
d110,d29_hh243
d110,d128_hh28
d110,d209_hh244
d110,d38_hh165
d110,d85_hh144
d110,d209_hh254
d110,d73_hh242
d110,d81_hh89
d110,d66_hh213
d110,d198_hh188
d110,d109_hh88
d110,d114_hh66
d110,d98_hh223
d110,d210_hh200
d110,d200_hh21
d110,d155_hh151
d110,d175_hh52
d110,d199_hh180
d110,d204_hh56
d110,d42_hh88
d110,d175_hh52
d110,d111_hh131
d110,d186_hh185
d110,d182_hh229
d110,d30_hh267
d110,d50_hh249
d110,d202_hh90
d110,d117_hh140
d110,d61_hh41
d110,d182_hh195
d110,d174_hh42
d110,d36_hh94
d110,d152_hh29
d110,d159_hh64
d110,d52_hh33
d110,d119_hh24
d110,d78_hh223
d110,d198_hh136
d110,d2_hh180
d110,d23_hh21
d110,d200_hh261
d110,d62_hh98
d110,d213_hh247
d110,d4_hh29
d110,d186_hh185
d110,d155_hh148
d110,d4_hh80
d110,d122_hh159
d110,d198_hh152
d110,d159_hh64
d110,d173_hh163
d110,d65_hh29
d110,d4_hh87
d110,d165_hh94
d110,d155_hh210
d110,d132_hh188
d110,d123_hh84
d110,d187_hh42
d110,d199_hh180
d110,d85_hh110
d110,d65_hh242
d110,d59_hh243
d110,d33_hh58
d110,d17_hh210
d110,d141_hh128
d110,d16_hh287
d110,d208_hh253
d110,d209_hh254
d110,d186_hh185
d110,d2_hh217
d110,d173_hh262
d110,d83_hh117
d110,d141_hh27
d110,d210_hh142
d110,d128_hh28
d110,d34_hh77
d110,d18_hh227
d110,d12_hh23
d110,d13_hh58
d110,d66_hh240
d110,d161_hh21
d110,d23_hh233
d110,d91_hh178
d110,d187_hh42
d110,d46_hh245
d110,d182_hh74
d110,d46_hh245
d110,d4_hh29
d110,d54_hh222
d110,d62_hh98
d110,d123_hh160
d110,d7_hh257
d110,d138_hh83
d110,d213_hh62
d110,d110_hh252
d110,d50_hh217
d110,d114_hh66
d110,d4_hh80
d110,d152_hh168
d110,d184_hh238
d110,d214_hh41
d110,d166_hh164
d110,d38_hh165
d110,d140_hh85
d110,d126_hh207
d110,d36_hh94
d110,d2_hh173
d110,d187_hh0
d110,d109_hh88
d110,d163_hh145
d110,d46_hh245
d110,d104_hh270
d110,d98_hh100
d110,d161_hh21
d110,d93_hh18
d110,d95_hh164
d110,d46_hh69
d110,d29_hh85
d110,d155_hh210
d110,d65_hh242
d110,d24_hh176
d110,d162_hh213
d110,d213_hh252
d110,d95_hh201
d110,d35_hh263
d110,d187_hh0
d110,d41_hh206
d110,d42_hh88
d110,d42_hh185
d110,d214_hh47
d110,d147_hh43
d110,d161_hh203
d110,d55_hh94
d110,d119_hh210
d110,d117_hh140
d110,d93_hh66
d110,d190_hh38
d110,d57_hh16
d110,d54_hh218
d110,d2_hh217
d110,d13_hh58
d110,d53_hh3
d110,d74_hh243
d110,d152_hh29
d110,d122_hh159
d110,d104_hh116
d110,d208_hh240
d110,d175_hh52
d110,d132_hh188
d110,d42_hh202
d110,d132_hh46
d110,d214_hh70
d110,d102_hh179
d110,d198_hh188
d110,d137_hh106
d110,d80_hh236
d110,d104_hh58
d110,d155_hh18
d110,d204_hh239
d110,d66_hh18
d110,d57_hh250
d117,d33_hh58
d117,d119_hh222
d117,d93_hh18
d117,d118_hh118
d117,d210_hh200
d117,d163_hh213
d117,d54_hh61
d117,d131_hh205
d117,d46_hh12
d117,d109_hh88
d117,d15_hh80
d117,d170_hh130
d117,d198_hh136
d117,d163_hh145
d117,d213_hh252
d117,d72_hh208
d117,d125_hh3
d117,d15_hh186
d117,d12_hh23
d117,d200_hh21
d117,d195_hh47
d117,d166_hh164
d117,d2_hh151
d117,d141_hh129
d117,d114_hh219
d117,d54_hh61
d117,d33_hh58
d117,d147_hh169
d117,d59_hh184
d117,d102_hh179
d117,d114_hh47
d117,d173_hh262
d117,d110_hh252
d117,d214_hh47
d117,d46_hh245
d117,d138_hh150
d117,d102_hh201
d117,d131_hh205
d117,d130_hh244
d117,d57_hh207
d117,d149_hh1
d117,d80_hh186
d117,d118_hh244
d117,d53_hh147
d117,d215_hh105
d117,d213_hh247
d117,d150_hh207
d117,d132_hh188
d117,d54_hh152
d117,d166_hh150
d117,d62_hh259
d117,d123_hh57
d117,d38_hh159
d117,d114_hh47
d117,d114_hh47
d117,d78_hh223
d117,d33_hh58
d117,d175_hh131
d117,d190_hh38
d117,d123_hh106
d117,d101_hh129
d117,d126_hh263
d117,d161_hh203
d117,d213_hh62
d117,d134_hh270
d117,d30_hh267
d117,d74_hh257
d117,d131_hh205
d117,d75_hh264
d117,d85_hh110
d117,d46_hh194
d117,d123_hh129
d117,d184_hh158
d117,d15_hh76
d117,d193_hh138
d117,d57_hh216
d117,d165_hh107
d117,d2_hh68
d117,d132_hh46
d117,d125_hh3
d117,d128_hh246
d117,d120_hh269
d117,d119_hh64
d117,d90_hh207
d117,d179_hh1
d117,d119_hh95
d117,d122_hh16
d117,d158_hh136
d117,d51_hh151
d117,d12_hh23
d117,d175_hh131
d117,d195_hh47
d117,d193_hh138
d117,d31_hh34
d117,d98_hh84
d117,d46_hh194
d117,d135_hh17
d117,d23_hh233
d117,d40_hh200
d117,d100_hh145
d117,d73_hh242
d117,d4_hh80
d117,d158_hh239
d117,d198_hh152
d117,d161_hh21
d117,d182_hh229
d117,d102_hh201
d117,d57_hh166
d117,d213_hh252
d117,d127_hh89
d117,d2_hh287
d117,d69_hh240
d117,d30_hh130
d117,d87_hh245
d117,d150_hh203
d117,d199_hh180
d117,d88_hh36
d117,d133_hh241
d117,d120_hh248
d117,d123_hh119
d117,d39_hh66
d117,d187_hh87
d117,d155_hh148
d117,d132_hh76
d117,d35_hh2
d117,d31_hh139
d117,d195_hh19
d117,d51_hh231
d117,d46_hh194
d117,d40_hh152
d117,d117_hh140
d117,d131_hh102
d117,d59_hh251
d117,d42_hh185
d117,d38_hh159
d117,d59_hh184
d117,d98_hh245
d117,d202_hh264
d117,d122_hh231
d117,d111_hh131
d117,d31_hh34
d117,d214_hh13
d117,d57_hh216
d117,d24_hh176
d117,d102_hh201
d117,d123_hh104
d117,d190_hh38
d117,d50_hh272
d117,d155_hh18
d117,d54_hh57
d117,d161_hh21
d117,d149_hh107
d117,d61_hh155
d117,d40_hh152
d117,d213_hh62
d117,d197_hh151
d117,d209_hh244
d117,d126_hh4
d117,d72_hh208
d117,d141_hh128
d117,d165_hh107
d117,d23_hh156
d117,d98_hh245
d117,d80_hh106
d117,d4_hh80
d117,d170_hh130
d117,d29_hh131
d117,d42_hh185
d117,d128_hh28
d117,d96_hh145
d117,d101_hh155
d117,d46_hh194
d117,d139_hh214
d117,d198_hh136
d117,d125_hh135
d117,d155_hh151
d117,d18_hh227
d117,d175_hh131
d117,d135_hh17
d117,d214_hh70
d117,d128_hh28
d117,d52_hh115
d117,d207_hh191
d117,d131_hh24
d117,d128_hh126
d117,d17_hh210
d117,d119_hh210
d117,d66_hh14
d117,d36_hh94
d117,d199_hh180
d117,d123_hh104
d117,d119_hh95
d117,d119_hh24
d117,d200_hh102
d117,d100_hh145
d117,d187_hh7
d117,d158_hh107
d117,d214_hh13
d117,d98_hh223
d117,d126_hh207
d117,d187_hh61
d117,d154_hh2
d117,d123_hh119
d117,d114_hh47
d117,d209_hh244
d117,d15_hh186
d117,d102_hh179
d117,d152_hh168
d117,d208_hh240
d117,d209_hh254
d117,d17_hh228
d117,d23_hh93
d117,d114_hh219
d117,d187_hh61
d117,d123_hh57
d117,d2_hh151
d117,d154_hh2
d117,d35_hh2
d117,d160_hh88
d117,d187_hh42
d117,d150_hh207
d117,d165_hh107
d117,d17_hh106
d117,d150_hh203
d117,d123_hh160
d117,d138_hh83
d117,d114_hh219
d117,d75_hh264
d117,d209_hh11
d117,d141_hh128
d117,d208_hh253
d117,d129_hh122
d117,d50_hh217
d117,d118_hh244
d117,d38_hh165
d117,d17_hh228
d117,d77_hh123
d117,d75_hh25
d117,d164_hh123
d117,d123_hh104
d117,d210_hh200
d117,d35_hh2
d117,d114_hh66
d117,d4_hh65
d117,d122_hh159
d117,d23_hh156
d117,d35_hh263
d117,d90_hh207
d117,d61_hh155
d117,d15_hh264
d117,d35_hh263
d117,d164_hh122
d117,d215_hh105
d117,d104_hh175
d117,d15_hh76
d117,d82_hh154
d117,d104_hh58
d117,d132_hh76
d117,d57_hh16
d117,d33_hh58
d117,d205_hh196
d117,d46_hh194
d117,d100_hh145
d117,d169_hh225
d117,d34_hh77
d117,d202_hh90
d117,d98_hh245
d117,d175_hh52
d117,d17_hh106
d117,d17_hh213
d117,d209_hh254
d117,d122_hh231
d117,d4_hh65
d117,d18_hh137
d117,d213_hh247
d117,d42_hh58
d117,d24_hh92
d117,d178_hh157
d117,d209_hh149
d117,d178_hh272
d117,d125_hh3
d117,d29_hh85
d117,d54_hh218
d117,d101_hh129
d118,d213_hh62
d118,d83_hh204
d118,d205_hh196
d118,d195_hh109
d118,d62_hh259
d118,d117_hh140
d118,d186_hh185
d118,d213_hh247
d118,d57_hh166
d118,d173_hh262
d118,d195_hh19
d118,d187_hh42
d118,d202_hh264
d118,d90_hh233
d118,d119_hh64
d118,d169_hh225
d118,d130_hh142
d118,d57_hh286
d118,d174_hh213
d118,d158_hh86
d118,d198_hh136
d118,d165_hh94
d118,d62_hh98
d118,d29_hh85
d118,d30_hh130
d118,d132_hh76
d118,d209_hh11
d118,d4_hh65
d118,d213_hh252
d118,d46_hh12
d118,d31_hh127
d118,d15_hh76
d118,d119_hh64
d118,d114_hh47
d118,d147_hh43
d118,d30_hh267
d118,d213_hh62
d118,d210_hh200
d118,d182_hh195
d118,d208_hh240
d118,d2_hh180
d118,d119_hh222
d118,d126_hh167
d118,d98_hh84
d118,d202_hh205
d118,d199_hh49
d118,d11_hh53
d118,d138_hh150
d118,d199_hh49
d118,d209_hh149
d118,d202_hh205
d118,d204_hh87
d118,d214_hh210
d118,d97_hh26
d118,d46_hh12
d118,d33_hh58
d118,d166_hh239
d118,d165_hh107
d118,d29_hh131
d118,d96_hh110
d118,d119_hh210
d118,d83_hh193
d118,d187_hh42
d118,d50_hh7
d118,d166_hh150
d118,d178_hh173
d118,d204_hh87
d118,d35_hh263
d118,d43_hh125
d118,d30_hh267
d118,d114_hh47
d118,d182_hh149
d118,d200_hh102
d118,d26_hh40
d118,d15_hh186
d118,d119_hh210
d118,d110_hh252
d118,d75_hh25
d118,d135_hh17
d118,d169_hh216
d118,d34_hh160
d118,d104_hh175
d118,d23_hh93
d118,d54_hh57
d118,d34_hh160
d118,d178_hh191
d118,d166_hh24
d118,d16_hh287
d118,d97_hh156
d118,d214_hh41
d118,d166_hh150
d118,d17_hh213
d118,d88_hh36
d118,d74_hh243
d118,d11_hh53
d118,d50_hh217
d118,d159_hh64
d118,d191_hh246
d118,d187_hh7
d118,d174_hh242
d118,d202_hh90
d118,d137_hh119
d118,d95_hh201
d118,d75_hh25
d118,d178_hh134
d118,d193_hh85
d118,d187_hh0
d118,d100_hh48
d118,d178_hh157
d118,d155_hh148
d118,d96_hh110
d118,d24_hh92
d118,d52_hh165
d118,d195_hh47
d118,d18_hh137
d118,d113_hh175
d118,d182_hh39
d118,d41_hh163
d118,d131_hh205
d118,d177_hh145
d118,d118_hh244
d118,d205_hh196
d118,d2_hh151
d118,d187_hh87
d118,d59_hh243
d118,d152_hh168
d118,d15_hh186
d118,d43_hh125
d118,d135_hh17
d118,d2_hh173
d118,d85_hh184
d118,d7_hh257
d118,d213_hh62
d118,d87_hh245
d118,d155_hh210
d118,d193_hh248
d118,d83_hh204
d118,d202_hh90
d118,d36_hh94
d118,d147_hh169
d118,d210_hh142
d118,d72_hh208
d118,d195_hh47
d118,d54_hh222
d118,d78_hh39
d118,d158_hh86
d118,d158_hh136
d118,d4_hh29
d118,d75_hh216
d118,d57_hh16
d118,d208_hh240
d118,d158_hh86
d118,d13_hh58
d118,d61_hh41
d118,d38_hh165
d118,d110_hh193
d118,d2_hh287
d118,d209_hh159
d118,d174_hh213
d118,d46_hh245
d118,d178_hh134
d118,d114_hh219
d118,d161_hh203
d118,d137_hh119
d118,d174_hh42
d118,d140_hh85
d118,d128_hh28
d118,d207_hh219
d118,d182_hh39
d118,d51_hh151
d118,d143_hh241
d118,d23_hh21
d118,d100_hh63
d118,d30_hh267
d118,d15_hh22
d118,d31_hh139
d118,d100_hh63
d118,d114_hh47
d118,d118_hh118
d118,d61_hh155
d118,d213_hh211
d118,d20_hh166
d118,d165_hh94
d118,d38_hh165
d118,d46_hh245
d118,d207_hh191
d118,d137_hh106
d118,d80_hh186
d118,d195_hh19
d118,d111_hh131
d118,d158_hh107
d118,d124_hh40
d118,d214_hh41
d118,d83_hh193
d118,d202_hh90
d118,d162_hh47
d118,d187_hh0
d118,d30_hh267
d118,d90_hh207
d118,d55_hh94
d118,d209_hh149
d118,d4_hh87
d118,d15_hh22
d118,d24_hh176
d118,d204_hh56
d118,d161_hh185
d118,d46_hh194
d118,d36_hh226
d118,d213_hh247
d118,d78_hh39
d118,d29_hh85
d118,d104_hh58
d118,d39_hh67
d118,d102_hh200
d118,d100_hh91
d118,d57_hh16
d118,d123_hh104
d118,d83_hh193
d118,d2_hh180
d118,d106_hh207
d118,d42_hh202
d118,d152_hh88
d118,d174_hh42
d118,d150_hh203
d118,d200_hh102
d118,d95_hh205
d118,d123_hh160
d118,d120_hh248
d118,d120_hh269
d118,d132_hh188
d118,d44_hh38
d118,d19_hh38
d118,d197_hh151
d118,d23_hh21
d118,d204_hh87
d118,d175_hh52
d118,d98_hh84
d118,d106_hh207
d118,d57_hh16
d118,d98_hh100
d118,d215_hh105
d118,d125_hh3
d118,d23_hh93
d118,d90_hh207
d118,d133_hh111
d118,d202_hh170
d118,d202_hh170
d118,d104_hh116
d118,d119_hh95
d118,d182_hh39
d118,d93_hh18
d118,d106_hh207
d118,d161_hh21
d118,d164_hh122
d118,d11_hh53
d118,d17_hh213
d118,d149_hh107
d118,d87_hh245
d118,d36_hh94
d118,d41_hh71
d118,d100_hh91
d118,d182_hh226
d118,d62_hh251
d118,d44_hh38
d118,d109_hh67
d118,d200_hh261
d118,d178_hh272
d118,d126_hh167
d118,d119_hh64
d118,d11_hh53
d118,d123_hh129
d118,d135_hh17
d118,d174_hh42
d118,d141_hh129
d118,d15_hh103
d118,d152_hh168
d118,d15_hh264
d118,d119_hh95
d118,d186_hh185
d118,d141_hh129
d118,d104_hh175
d118,d133_hh135
d118,d24_hh176
d105,d49_hh89
d105,d70_hh188
d105,d148_hh97
d105,d68_hh230
d105,d172_hh1
d105,d49_hh131
d105,d86_hh136
d105,d115_hh51
d105,d63_hh98
d105,d172_hh1
d105,d136_hh236
d105,d107_hh211
d105,d181_hh267
d105,d206_hh283
d105,d22_hh155
d105,d84_hh101
d105,d45_hh183
d105,d148_hh97
d105,d136_hh186
d105,d196_hh34
d105,d185_hh70
d105,d27_hh133
d105,d70_hh85
d105,d63_hh157
d105,d64_hh165
d105,d64_hh133
d105,d144_hh235
d105,d108_hh277
d105,d79_hh76
d105,d107_hh260
d105,d107_hh260
d105,d22_hh155
d105,d167_hh167
d105,d84_hh101
d105,d121_hh146
d105,d181_hh59
d105,d185_hh70
d105,d108_hh277
d105,d144_hh235
d105,d167_hh41
d105,d3_hh98
d105,d185_hh17
d105,d49_hh198
d105,d203_hh11
d105,d63_hh98
d105,d70_hh79
d105,d103_hh53
d105,d194_hh102
d105,d22_hh225
d105,d144_hh235
d105,d63_hh157
d105,d172_hh1
d105,d49_hh198
d105,d49_hh237
d105,d49_hh89
d105,d86_hh136
d105,d86_hh136
d105,d86_hh136
d105,d70_hh135
d105,d105_hh161
d105,d3_hh279
d105,d9_hh176
d105,d151_hh93
d105,d185_hh17
d105,d70_hh79
d105,d206_hh283
d105,d206_hh188
d105,d60_hh165
d105,d167_hh36
d105,d181_hh63
d105,d107_hh143
d105,d103_hh175
d105,d86_hh167
d105,d107_hh211
d105,d27_hh133
d105,d103_hh72
d105,d167_hh41
d105,d60_hh210
d105,d60_hh165
d105,d86_hh136
d105,d196_hh34
d105,d89_hh65
d105,d181_hh63
d105,d107_hh0
d105,d105_hh48
d105,d49_hh119
d105,d105_hh161
d105,d79_hh76
d105,d180_hh34
d105,d49_hh155
d105,d206_hh256
d105,d107_hh6
d105,d180_hh130
d105,d145_hh2
d105,d64_hh137
d105,d107_hh0
d105,d167_hh120
d105,d189_hh237
d105,d10_hh110
d105,d194_hh13
d105,d79_hh93
d105,d192_hh28
d105,d71_hh292
d105,d64_hh45
d105,d103_hh115
d105,d22_hh155
d105,d10_hh110
d105,d203_hh30
d105,d45_hh183
d105,d148_hh82
d105,d121_hh238
d105,d121_hh146
d105,d27_hh133
d105,d145_hh2
d105,d6_hh77
d105,d79_hh93
d105,d181_hh63
d105,d145_hh145
d105,d145_hh145
d105,d196_hh34
d105,d45_hh9
d105,d70_hh188
d105,d185_hh17
d105,d192_hh28
d105,d180_hh34
d105,d49_hh119
d105,d105_hh48
d105,d63_hh98
d105,d71_hh169
d105,d22_hh155
d105,d107_hh6
d105,d206_hh256
d105,d192_hh159
d105,d206_hh151
d105,d71_hh152
d105,d180_hh34
d105,d45_hh9
d105,d64_hh133
d105,d107_hh6
d105,d25_hh250
d105,d108_hh127
d105,d68_hh230
d105,d89_hh65
d105,d105_hh161
d105,d84_hh62
d105,d84_hh6
d105,d172_hh1
d105,d107_hh211
d105,d84_hh101
d105,d64_hh45
d105,d105_hh161
d105,d192_hh0
d105,d68_hh230
d105,d148_hh82
d105,d145_hh150
d105,d94_hh178
d105,d151_hh146
d105,d206_hh74
d105,d196_hh42
d105,d107_hh143
d105,d84_hh220
d105,d172_hh1
d105,d172_hh263
d105,d145_hh2
d105,d185_hh70
d105,d167_hh167
d105,d107_hh260
d105,d27_hh65
d105,d22_hh225
d105,d84_hh62
d105,d84_hh15
d105,d148_hh98
d105,d180_hh130
d105,d148_hh97
d105,d105_hh48
d105,d84_hh220
d105,d176_hh183
d105,d107_hh260
d105,d144_hh235
d105,d189_hh237
d105,d84_hh6
d105,d45_hh282
d105,d3_hh279
d105,d206_hh74
d105,d189_hh237
d105,d86_hh136
d105,d108_hh277
d105,d196_hh34
d105,d84_hh220
d105,d64_hh133
d105,d84_hh101
d105,d151_hh146
d105,d172_hh263
d105,d49_hh131
d105,d107_hh211
d105,d6_hh77
d105,d10_hh110
d105,d107_hh143
d105,d172_hh1
d105,d108_hh35
d105,d84_hh15
d105,d86_hh114
d105,d22_hh0
d105,d9_hh176
d105,d84_hh6
d105,d6_hh77
d105,d64_hh137
d105,d194_hh102
d105,d3_hh7
d105,d68_hh230
d105,d79_hh93
d105,d107_hh0
d105,d192_hh0
d105,d28_hh124
d105,d79_hh76
d105,d14_hh160
d105,d70_hh79
d105,d145_hh2
d105,d192_hh28
d105,d84_hh62
d105,d185_hh17
d105,d89_hh65
d105,d151_hh194
d105,d107_hh260
d105,d10_hh110
d105,d136_hh186
d105,d107_hh260
d105,d84_hh101
d105,d145_hh2
d105,d79_hh93
d105,d64_hh45
d105,d192_hh28
d105,d79_hh76
d105,d27_hh65
d105,d27_hh65
d105,d49_hh149
d105,d107_hh143
d105,d107_hh143
d105,d60_hh210
d105,d60_hh259
d105,d49_hh89
d105,d22_hh219
d105,d145_hh145
d105,d45_hh183
d105,d206_hh188
d105,d151_hh146
d105,d86_hh114
d105,d27_hh145
d105,d27_hh65
d105,d181_hh63
d105,d84_hh15
d105,d84_hh101
d105,d3_hh279
d105,d148_hh82
d105,d206_hh74
d105,d153_hh185
d105,d107_hh6
d105,d206_hh151
d105,d45_hh183
d105,d70_hh243
d105,d9_hh56
d105,d94_hh178
d105,d151_hh207
d105,d70_hh79
d105,d148_hh189
d105,d145_hh2
d105,d189_hh237
d105,d86_hh136
d105,d27_hh133
d105,d201_hh21
d105,d206_hh283
d105,d108_hh277
d105,d27_hh133
d105,d201_hh86
d107,d105_hh48
d107,d105_hh238
d107,d185_hh70
d107,d144_hh235
d107,d22_hh225
d107,d27_hh65
d107,d185_hh70
d107,d103_hh172
d107,d64_hh133
d107,d176_hh122
d107,d103_hh175
d107,d148_hh189
d107,d148_hh98
d107,d79_hh76
d107,d203_hh30
d107,d196_hh34
d107,d70_hh135
d107,d84_hh62
d107,d103_hh72
d107,d10_hh46
d107,d151_hh1
d107,d108_hh127
d107,d206_hh256
d107,d144_hh235
d107,d206_hh74
d107,d194_hh102
d107,d89_hh43
d107,d9_hh176
d107,d167_hh120
d107,d107_hh143
d107,d181_hh267
d107,d108_hh127
d107,d105_hh48
d107,d3_hh7
d107,d89_hh77
d107,d70_hh135
d107,d145_hh2
d107,d84_hh15
d107,d79_hh93
d107,d3_hh279
d107,d144_hh235
d107,d9_hh97
d107,d84_hh101
d107,d84_hh15
d107,d192_hh0
d107,d188_hh137
d107,d49_hh119
d107,d3_hh279
d107,d115_hh196
d107,d64_hh133
d107,d89_hh43
d107,d14_hh160
d107,d27_hh145
d107,d49_hh119
d107,d148_hh98
d107,d185_hh17
d107,d144_hh235
d107,d49_hh149
d107,d201_hh28
d107,d64_hh45
d107,d148_hh82
d107,d148_hh82
d107,d64_hh271
d107,d27_hh133
d107,d189_hh80
d107,d64_hh45
d107,d201_hh86
d107,d9_hh56
d107,d176_hh122
d107,d60_hh172
d107,d189_hh106
d107,d107_hh0
d107,d107_hh0
d107,d167_hh120
d107,d103_hh53
d107,d71_hh169
d107,d45_hh183
d107,d206_hh188
d107,d148_hh82
d107,d9_hh176
d107,d107_hh211
d107,d89_hh77
d107,d188_hh223
d107,d212_hh78
d107,d86_hh136
d107,d189_hh80
d107,d194_hh224
d107,d45_hh183
d107,d206_hh74
d107,d70_hh79
d107,d60_hh210
d107,d45_hh183
d107,d194_hh13
d107,d188_hh137
d107,d185_hh70
d107,d10_hh110
d107,d70_hh243
d107,d180_hh34
d107,d49_hh237
d107,d84_hh6
d107,d70_hh243
d107,d148_hh97
d107,d148_hh189
d107,d68_hh230
d107,d3_hh279
d107,d103_hh264
d107,d71_hh169
d107,d148_hh82
d107,d189_hh237
d107,d64_hh133
d107,d79_hh76
d107,d148_hh82
d107,d79_hh76
d107,d189_hh80
d107,d79_hh93
d107,d148_hh82
d107,d71_hh169
d107,d145_hh2
d107,d86_hh70
d107,d60_hh172
d107,d145_hh145
d107,d107_hh6
d107,d79_hh76
d107,d148_hh97
d107,d105_hh238
d107,d105_hh161
d107,d27_hh65
d107,d108_hh40
d107,d45_hh183
d107,d167_hh120
d107,d201_hh28
d107,d151_hh93
d107,d8_hh179
d107,d108_hh127
d107,d45_hh183
d107,d196_hh34
d107,d144_hh235
d107,d94_hh137
d107,d103_hh172
d107,d60_hh172
d107,d84_hh6
d107,d49_hh245
d107,d108_hh277
d107,d189_hh106
d107,d176_hh122
d107,d206_hh283
d107,d8_hh179
d107,d68_hh230
d107,d103_hh72
d107,d144_hh285
d107,d167_hh120
d107,d49_hh155
d107,d45_hh9
d107,d8_hh179
d107,d60_hh172
d107,d60_hh210
d107,d71_hh292
d107,d49_hh245
d107,d201_hh21
d107,d49_hh237
d107,d103_hh72
d107,d196_hh42
d107,d84_hh62
d107,d84_hh15
d107,d196_hh42
d107,d145_hh2
d107,d145_hh150
d107,d107_hh260
d107,d151_hh93
d107,d185_hh70
d107,d49_hh149
d107,d3_hh98
d107,d103_hh53
d107,d49_hh89
d107,d206_hh74
d107,d70_hh79
d107,d176_hh122
d107,d145_hh150
d107,d108_hh277
d107,d148_hh82
d107,d206_hh256
d107,d105_hh161
d107,d49_hh131
d107,d136_hh186
d107,d206_hh188
d107,d107_hh76
d107,d148_hh82
d107,d79_hh182
d107,d107_hh6
d107,d206_hh74
d107,d107_hh143
d107,d145_hh150
d107,d105_hh48
d107,d115_hh51
d107,d45_hh183
d107,d3_hh98
d107,d79_hh93
d107,d3_hh279
d107,d9_hh176
d107,d206_hh283
d107,d201_hh21
d107,d10_hh46
d107,d194_hh13
d107,d167_hh120
d107,d84_hh220
d107,d64_hh45
d107,d28_hh124
d107,d148_hh98
d107,d103_hh115
d107,d28_hh260
d107,d60_hh172
d107,d151_hh194
d107,d49_hh89
d107,d63_hh157
d107,d136_hh186
d107,d49_hh245
d107,d45_hh282
d107,d71_hh292
d107,d68_hh230
d107,d105_hh161
d107,d136_hh236
d107,d194_hh102
d107,d151_hh207
d107,d145_hh2
d107,d64_hh271
d107,d70_hh85
d107,d70_hh79
d107,d27_hh65
d107,d148_hh82
d107,d105_hh48
d107,d22_hh155
d107,d206_hh188
d107,d145_hh2
d107,d107_hh211
d107,d84_hh101
d107,d103_hh115
d107,d27_hh16
d107,d9_hh56
d107,d201_hh21
d107,d203_hh11
d107,d196_hh34
d107,d79_hh76
d107,d9_hh176
d107,d10_hh110
d107,d192_hh0
d107,d10_hh46
d107,d167_hh167
d107,d64_hh271
d107,d86_hh136
d107,d89_hh77
d107,d86_hh114
d107,d49_hh237
d107,d27_hh16
d107,d60_hh165
d107,d64_hh271
d107,d45_hh183
d107,d10_hh110
d107,d145_hh2
d107,d144_hh235
d107,d167_hh41
d107,d107_hh211
d107,d71_hh152
d107,d84_hh6
d107,d3_hh279
d107,d63_hh98
d107,d71_hh152
d107,d28_hh124
d107,d10_hh110
d107,d185_hh17
d107,d148_hh189
d107,d148_hh189
d107,d151_hh194
d107,d107_hh42
d107,d105_hh161
d107,d108_hh277
d107,d151_hh93
d107,d89_hh65
d107,d176_hh122
d107,d27_hh133
d107,d167_hh167
d107,d70_hh135
d107,d206_hh74
d107,d185_hh17
d107,d196_hh175
d107,d148_hh98
d107,d71_hh152
d107,d103_hh72
d107,d206_hh151
d107,d107_hh260
d107,d148_hh189
d107,d189_hh106
d107,d14_hh160
d107,d60_hh210
d107,d49_hh198
d107,d45_hh9
d107,d108_hh127
d107,d176_hh183
d107,d3_hh279
d107,d22_hh155
d107,d107_hh0
d107,d107_hh0
d107,d63_hh98
d107,d49_hh198
d107,d176_hh122
d107,d94_hh137
d107,d206_hh188
d107,d115_hh2
d108,d84_hh62
d108,d172_hh263
d108,d108_hh35
d108,d151_hh146
d108,d105_hh48
d108,d211_hh181
d108,d79_hh182
d108,d167_hh120
d108,d194_hh224
d108,d64_hh271
d108,d136_hh236
d108,d206_hh151
d108,d108_hh195
d108,d71_hh152
d108,d64_hh271
d108,d49_hh149
d108,d22_hh219
d108,d107_hh143
d108,d192_hh0
d108,d84_hh15
d108,d144_hh285
d108,d115_hh51
d108,d194_hh102
d108,d115_hh85
d108,d145_hh145
d108,d70_hh79
d108,d108_hh35
d108,d14_hh160
d108,d136_hh186
d108,d84_hh101
d108,d70_hh85
d108,d194_hh224
d108,d107_hh143
d108,d167_hh36
d108,d49_hh89
d108,d194_hh224
d108,d108_hh195
d108,d105_hh161
d108,d22_hh0
d108,d136_hh236
d108,d49_hh155
d108,d201_hh21
d108,d167_hh36
d108,d25_hh250
d108,d176_hh122
d108,d211_hh181
d108,d49_hh149
d108,d206_hh74
d108,d107_hh143
d108,d194_hh13
d108,d167_hh167
d108,d63_hh157
d108,d189_hh237
d108,d103_hh72
d108,d136_hh236
d108,d157_hh104
d108,d107_hh143
d108,d28_hh124
d108,d151_hh207
d108,d108_hh35
d108,d14_hh160
d108,d136_hh236
d108,d192_hh0
d108,d63_hh157
d108,d22_hh0
d108,d167_hh36
d108,d176_hh122
d108,d64_hh45
d108,d89_hh77
d108,d212_hh78
d108,d108_hh35
d108,d107_hh260
d108,d3_hh279
d108,d176_hh122
d108,d108_hh35
d108,d203_hh30
d108,d60_hh210
d108,d189_hh106
d108,d49_hh89
d108,d71_hh292
d108,d60_hh210
d108,d49_hh245
d108,d45_hh140
d108,d180_hh34
d108,d136_hh186
d108,d211_hh181
d108,d107_hh76
d108,d115_hh51
d108,d49_hh149
d108,d45_hh183
d108,d8_hh179
d108,d25_hh250
d108,d188_hh223
d108,d194_hh224
d108,d185_hh70
d108,d108_hh35
d108,d70_hh135
d108,d192_hh169
d108,d181_hh63
d108,d181_hh59
d108,d185_hh17
d108,d60_hh210
d108,d167_hh36
d108,d105_hh48
d108,d201_hh21
d108,d68_hh230
d108,d206_hh256
d108,d185_hh70
d108,d203_hh30
d108,d28_hh260
d108,d49_hh198
d108,d157_hh104
d108,d176_hh239
d108,d49_hh131
d108,d212_hh78
d108,d70_hh243
d108,d192_hh169
d108,d181_hh59
d108,d22_hh0
d108,d144_hh285
d108,d49_hh237
d108,d192_hh28
d108,d63_hh157
d108,d188_hh137
d108,d49_hh119
d108,d45_hh282
d108,d103_hh175
d108,d108_hh195
d108,d68_hh230
d108,d188_hh98
d108,d108_hh195
d108,d68_hh230
d108,d49_hh237
d108,d28_hh260
d108,d49_hh245
d108,d136_hh236
d108,d151_hh146
d108,d188_hh98
d108,d28_hh260
d108,d103_hh53
d108,d196_hh60
d108,d25_hh250
d108,d136_hh186
d108,d84_hh6
d108,d151_hh1
d108,d201_hh28
d108,d64_hh133
d108,d115_hh51
d108,d206_hh151
d108,d194_hh13
d108,d84_hh62
d108,d167_hh36
d108,d3_hh7
d108,d194_hh102
d108,d108_hh40
d108,d151_hh1
d108,d115_hh51
d108,d70_hh85
d108,d60_hh210
d108,d203_hh30
d108,d206_hh188
d108,d103_hh264
d108,d22_hh0
d108,d203_hh30
d108,d84_hh15
d108,d136_hh186
d108,d108_hh35
d108,d28_hh260
d108,d180_hh130
d108,d188_hh137
d108,d136_hh186
d108,d153_hh185
d108,d136_hh186
d108,d49_hh149
d108,d103_hh53
d108,d70_hh85
d108,d194_hh224
d108,d192_hh169
d108,d206_hh283
d108,d151_hh146
d108,d194_hh224
d108,d148_hh189
d108,d27_hh16
d108,d194_hh13
d108,d148_hh98
d108,d60_hh210
d108,d148_hh189
d108,d136_hh236
d108,d201_hh86
d108,d103_hh264
d108,d45_hh183
d108,d188_hh137
d108,d211_hh181
d108,d64_hh45
d108,d136_hh236
d108,d89_hh43
d108,d136_hh236
d108,d108_hh35
d108,d144_hh285
d108,d10_hh60
d108,d188_hh137
d108,d180_hh130
d108,d14_hh160
d108,d144_hh285
d108,d68_hh230
d108,d89_hh43
d108,d115_hh2
d108,d107_hh143
d108,d22_hh0
d108,d196_hh60
d108,d86_hh70
d108,d211_hh181
d108,d144_hh285
d108,d121_hh238
d108,d103_hh175
d108,d105_hh48
d108,d89_hh43
d108,d194_hh102
d108,d60_hh210
d108,d115_hh85
d108,d148_hh82
d108,d49_hh119
d108,d89_hh43
d108,d64_hh45
d108,d49_hh245
d108,d206_hh188
d108,d148_hh98
d108,d188_hh223
d108,d49_hh89
d108,d212_hh78
d108,d201_hh28
d108,d49_hh198
d108,d144_hh285
d108,d28_hh260
d108,d108_hh35
d108,d172_hh1
d108,d153_hh185
d108,d206_hh151
d108,d188_hh223
d108,d70_hh243
d108,d103_hh172
d108,d194_hh224
d108,d107_hh76
d108,d79_hh182
d108,d107_hh0
d108,d153_hh185
d108,d192_hh169
d108,d70_hh85
d108,d45_hh140
d108,d194_hh224
d108,d181_hh59
d108,d64_hh271
d108,d60_hh210
d108,d70_hh79
d108,d196_hh42
d108,d28_hh260
d108,d192_hh0
d108,d63_hh98
d108,d151_hh1
d108,d68_hh230
d108,d84_hh62
d108,d115_hh85
d108,d144_hh285
d108,d64_hh165
d108,d180_hh130
d108,d49_hh245
d108,d206_hh151
d108,d68_hh230
d108,d167_hh167
d108,d64_hh45
d108,d115_hh2
d108,d196_hh60
d108,d71_hh152
d108,d196_hh34
d108,d94_hh137
d108,d201_hh21
d108,d3_hh98
d108,d49_hh119
d108,d107_hh76
d108,d145_hh212
d108,d176_hh239
d108,d115_hh51
d108,d203_hh30
d108,d94_hh178
d111,d46_hh53
d111,d209_hh254
d111,d174_hh24
d111,d74_hh257
d111,d100_hh145
d111,d123_hh129
d111,d98_hh245
d111,d62_hh22
d111,d15_hh186
d111,d26_hh40
d111,d95_hh201
d111,d33_hh58
d111,d160_hh88
d111,d23_hh204
d111,d114_hh219
d111,d117_hh140
d111,d35_hh2
d111,d21_hh105
d111,d174_hh24
d111,d90_hh233
d111,d111_hh227
d111,d165_hh94
d111,d120_hh161
d111,d62_hh251
d111,d125_hh3
d111,d187_hh42
d111,d56_hh262
d111,d128_hh246
d111,d124_hh40
d111,d213_hh252
d111,d87_hh245
d111,d177_hh145
d111,d158_hh86
d111,d132_hh44
d111,d119_hh210
d111,d52_hh165
d111,d102_hh201
d111,d72_hh208
d111,d52_hh33
d111,d135_hh2
d111,d101_hh155
d111,d90_hh151
d111,d209_hh149
d111,d169_hh216
d111,d31_hh127
d111,d202_hh170
d111,d109_hh88
d111,d23_hh204
d111,d163_hh213
d111,d155_hh210
d111,d15_hh22
d111,d109_hh67
d111,d15_hh264
d111,d102_hh179
d111,d135_hh2
d111,d44_hh164
d111,d2_hh151
d111,d15_hh103
d111,d91_hh90
d111,d90_hh233
d111,d195_hh47
d111,d166_hh164
d111,d158_hh107
d111,d119_hh222
d111,d40_hh200
d111,d41_hh163
d111,d138_hh150
d111,d165_hh107
d111,d62_hh251
d111,d134_hh223
d111,d66_hh240
d111,d208_hh240
d111,d123_hh84
d111,d131_hh102
d111,d177_hh145
d111,d50_hh217
d111,d19_hh130
d111,d162_hh47
d111,d83_hh117
d111,d54_hh218
d111,d127_hh89
d111,d52_hh165
d111,d56_hh4
d111,d96_hh110
d111,d11_hh53
d111,d69_hh240
d111,d110_hh252
d111,d139_hh214
d111,d50_hh272
d111,d15_hh76
d111,d51_hh231
d111,d149_hh107
d111,d131_hh205
d111,d190_hh38
d111,d200_hh261
d111,d193_hh138
d111,d54_hh57
d111,d36_hh226
d111,d17_hh106
d111,d133_hh135
d111,d195_hh47
d111,d214_hh47
d111,d65_hh29
d111,d166_hh24
d111,d159_hh64
d111,d90_hh207
d111,d93_hh66
d111,d41_hh150
d111,d161_hh203
d111,d41_hh71
d111,d200_hh102
d111,d91_hh199
d111,d16_hh287
d111,d98_hh245
d111,d186_hh185
d111,d54_hh44
d111,d195_hh19
d111,d213_hh178
d111,d62_hh98
d111,d114_hh219
d111,d128_hh246
d111,d100_hh48
d111,d184_hh158
d111,d213_hh178
d111,d130_hh244
d111,d182_hh149
d111,d82_hh154
d111,d149_hh107
d111,d2_hh180
d111,d24_hh176
d111,d200_hh102
d111,d57_hh207
d111,d101_hh155
d111,d83_hh153
d111,d213_hh178
d111,d187_hh42
d111,d52_hh165
d111,d2_hh180
d111,d57_hh16
d111,d214_hh70
d111,d147_hh43
d111,d117_hh11
d111,d90_hh207
d111,d182_hh195
d111,d175_hh131
d111,d119_hh24
d111,d130_hh244
d111,d207_hh219
d111,d4_hh65
d111,d17_hh106
d111,d199_hh71
d111,d213_hh247
d111,d55_hh254
d111,d209_hh254
d111,d169_hh225
d111,d209_hh11
d111,d159_hh64
d111,d83_hh117
d111,d141_hh128
d111,d125_hh3
d111,d120_hh269
d111,d191_hh246
d111,d31_hh139
d111,d81_hh89
d111,d208_hh240
d111,d100_hh145
d111,d87_hh245
d111,d184_hh158
d111,d213_hh125
d111,d59_hh184
d111,d102_hh179
d111,d102_hh200
d111,d123_hh57
d111,d51_hh231
d111,d138_hh150
d111,d51_hh151
d111,d15_hh80
d111,d132_hh46
d111,d195_hh47
d111,d118_hh244
d111,d80_hh106
d111,d66_hh213
d111,d184_hh158
d111,d171_hh23
d111,d83_hh153
d111,d165_hh94
d111,d101_hh155
d111,d214_hh41
d111,d85_hh144
d111,d119_hh210
d111,d29_hh243
d111,d4_hh202
d111,d137_hh119
d111,d150_hh207
d111,d133_hh111
d111,d52_hh115
d111,d113_hh175
d111,d119_hh210
d111,d62_hh98
d111,d83_hh193
d111,d198_hh136
d111,d62_hh251
d111,d40_hh152
d111,d104_hh58
d111,d46_hh245
d111,d42_hh202
d111,d20_hh166
d111,d29_hh85
d111,d209_hh11
d111,d125_hh135
d111,d88_hh195
d111,d123_hh106
d111,d54_hh61
d111,d42_hh185
d111,d197_hh151
d111,d165_hh94
d111,d59_hh251
d111,d119_hh210
d111,d154_hh2
d111,d56_hh262
d111,d177_hh145
d111,d119_hh64
d111,d74_hh243
d111,d26_hh40
d111,d52_hh33
d111,d31_hh139
d111,d122_hh16
d111,d169_hh225
d111,d130_hh142
d111,d209_hh254
d111,d15_hh80
d111,d12_hh23
d111,d193_hh85
d111,d17_hh210
d111,d21_hh90
d111,d213_hh2
d111,d83_hh193
d111,d210_hh200
d111,d46_hh69
d111,d62_hh251
d111,d41_hh71
d111,d193_hh138
d111,d72_hh42
d111,d135_hh17
d111,d169_hh190
d111,d42_hh202
d111,d46_hh53
d111,d2_hh68
d111,d110_hh193
d111,d160_hh0
d111,d15_hh76
d111,d53_hh147
d111,d202_hh205
d111,d149_hh107
d111,d69_hh240
d111,d149_hh107
d111,d2_hh217
d111,d65_hh101
d111,d109_hh88
d111,d54_hh222
d111,d24_hh92
d111,d154_hh2
d111,d74_hh142
d111,d114_hh47
d111,d50_hh272
d111,d90_hh207
d111,d200_hh21
d111,d97_hh26
d111,d74_hh257
d111,d184_hh238
d111,d209_hh11
d111,d195_hh109
d111,d125_hh3
d111,d17_hh210
d111,d65_hh101
d114,d91_hh90
d114,d52_hh165
d114,d131_hh205
d114,d15_hh264
d114,d202_hh170
d114,d158_hh239
d114,d213_hh2
d114,d2_hh151
d114,d147_hh169
d114,d122_hh144
d114,d123_hh160
d114,d119_hh24
d114,d15_hh186
d114,d98_hh245
d114,d214_hh70
d114,d17_hh213
d114,d170_hh130
d114,d62_hh259
d114,d119_hh24
d114,d95_hh205
d114,d137_hh119
d114,d66_hh18
d114,d123_hh84
d114,d21_hh90
d114,d132_hh188
d114,d159_hh64
d114,d122_hh159
d114,d51_hh151
d114,d209_hh159
d114,d158_hh107
d114,d75_hh102
d114,d131_hh174
d114,d42_hh202
d114,d97_hh26
d114,d44_hh164
d114,d215_hh105
d114,d170_hh130
d114,d120_hh248
d114,d31_hh34
d114,d118_hh118
d114,d169_hh216
d114,d102_hh201
d114,d174_hh213
d114,d75_hh227
d114,d122_hh16
d114,d91_hh21
d114,d15_hh76
d114,d213_hh252
d114,d132_hh76
d114,d51_hh231
d114,d36_hh226
d114,d87_hh156
d114,d182_hh226
d114,d193_hh248
d114,d39_hh66
d114,d96_hh110
d114,d54_hh44
d114,d109_hh88
d114,d65_hh242
d114,d131_hh174
d114,d39_hh66
d114,d62_hh259
d114,d2_hh180
d114,d161_hh185
d114,d87_hh245
d114,d75_hh264
d114,d98_hh100
d114,d182_hh39
d114,d122_hh144
d114,d204_hh87
d114,d149_hh107
d114,d215_hh105
d114,d59_hh243
d114,d209_hh254
d114,d46_hh245
d114,d98_hh100
d114,d36_hh94
d114,d57_hh207
d114,d160_hh0
d114,d26_hh40
d114,d95_hh201
d114,d209_hh149
d114,d202_hh205
d114,d78_hh39
d114,d39_hh99
d114,d83_hh204
d114,d137_hh106
d114,d15_hh103
d114,d134_hh223
d114,d149_hh14
d114,d15_hh80
d114,d200_hh21
d114,d133_hh241
d114,d213_hh211
d114,d50_hh249
d114,d57_hh216
d114,d4_hh202
d114,d125_hh3
d114,d23_hh233
d114,d204_hh239
d114,d138_hh83
d114,d213_hh62
d114,d123_hh160
d114,d175_hh131
d114,d87_hh245
d114,d36_hh94
d114,d109_hh67
d114,d182_hh226
d114,d122_hh144
d114,d137_hh119
d114,d202_hh90
d114,d200_hh21
d114,d202_hh170
d114,d15_hh80
d114,d169_hh199
d114,d50_hh7
d114,d80_hh186
d114,d67_hh209
d114,d48_hh118
d114,d90_hh151
d114,d163_hh213
d114,d26_hh40
d114,d41_hh163
d114,d132_hh46
d114,d198_hh152
d114,d149_hh107
d114,d160_hh0
d114,d2_hh151
d114,d40_hh152
d114,d213_hh252
d114,d96_hh145
d114,d150_hh203
d114,d4_hh65
d114,d78_hh39
d114,d154_hh2
d114,d186_hh185
d114,d39_hh67
d114,d104_hh58
d114,d11_hh53
d114,d178_hh157
d114,d122_hh231
d114,d125_hh3
d114,d36_hh226
d114,d15_hh76
d114,d20_hh166
d114,d198_hh152
d114,d110_hh252
d114,d46_hh194
d114,d131_hh24
d114,d75_hh102
d114,d74_hh243
d114,d85_hh144
d114,d130_hh244
d114,d174_hh42
d114,d72_hh208
d114,d31_hh127
d114,d143_hh28
d114,d77_hh123
d114,d82_hh154
d114,d169_hh216
d114,d169_hh199
d114,d123_hh104
d114,d54_hh57
d114,d34_hh77
d114,d23_hh93
d114,d54_hh218
d114,d178_hh58
d114,d119_hh222
d114,d174_hh42
d114,d139_hh214
d114,d72_hh42
d114,d202_hh170
d114,d15_hh22
d114,d131_hh24
d114,d204_hh239
d114,d2_hh180
d114,d83_hh153
d114,d54_hh44
d114,d77_hh123
d114,d160_hh0
d114,d209_hh149
d114,d169_hh190
d114,d102_hh242
d114,d62_hh251
d114,d12_hh23
d114,d135_hh2
d114,d74_hh15
d114,d170_hh130
d114,d187_hh42
d114,d178_hh157
d114,d66_hh240
d114,d59_hh251
d114,d129_hh122
d114,d123_hh104
d114,d128_hh246
d114,d52_hh165
d114,d34_hh160
d114,d39_hh154
d114,d154_hh2
d114,d178_hh157
d114,d53_hh3
d114,d187_hh87
d114,d119_hh210
d114,d123_hh129
d114,d182_hh229
d114,d175_hh131
d114,d149_hh107
d114,d4_hh80
d114,d85_hh184
d114,d132_hh46
d114,d191_hh246
d114,d91_hh90
d114,d166_hh150
d114,d175_hh52
d114,d138_hh150
d114,d18_hh227
d114,d178_hh272
d114,d78_hh223
d114,d190_hh38
d114,d132_hh76
d114,d174_hh24
d114,d195_hh19
d114,d21_hh90
d114,d33_hh58
d114,d83_hh204
d114,d161_hh21
d114,d175_hh131
d114,d13_hh58
d114,d182_hh226
d114,d164_hh123
d114,d81_hh89
d114,d158_hh136
d114,d29_hh131
d114,d100_hh91
d114,d42_hh58
d114,d66_hh18
d114,d213_hh211
d114,d178_hh134
d114,d39_hh154
d114,d132_hh44
d114,d38_hh159
d114,d119_hh177
d114,d137_hh106
d114,d109_hh88
d114,d163_hh145
d114,d125_hh3
d114,d155_hh210
d114,d193_hh85
d114,d57_hh286
d114,d96_hh145
d114,d17_hh213
d114,d24_hh176
d114,d15_hh22
d114,d132_hh46
d114,d75_hh102
d114,d48_hh118
d114,d4_hh65
d114,d132_hh46
d114,d161_hh203
d114,d191_hh246
d114,d50_hh217
d114,d52_hh165
d114,d66_hh213
d114,d50_hh249
d114,d98_hh245
d114,d83_hh193
d114,d165_hh94
d114,d123_hh119
d114,d132_hh188
d112,d155_hh151
d112,d56_hh4
d112,d120_hh248
d112,d137_hh119
d112,d165_hh94
d112,d138_hh82
d112,d102_hh201
d112,d135_hh2
d112,d82_hh154
d112,d209_hh11
d112,d200_hh77
d112,d131_hh174
d112,d187_hh0
d112,d42_hh202
d112,d133_hh135
d112,d182_hh226
d112,d123_hh104
d112,d80_hh236
d112,d4_hh202
d112,d191_hh246
d112,d187_hh0
d112,d102_hh200
d112,d114_hh47
d112,d177_hh163
d112,d17_hh213
d112,d123_hh84
d112,d40_hh200
d112,d90_hh207
d112,d202_hh90
d112,d101_hh129
d112,d161_hh185
d112,d169_hh190
d112,d159_hh64
d112,d147_hh43
d112,d209_hh149
d112,d29_hh131
d112,d147_hh169
d112,d178_hh134
d112,d158_hh239
d112,d98_hh177
d112,d42_hh58
d112,d19_hh130
d112,d187_hh61
d112,d16_hh294
d112,d104_hh116
d112,d93_hh66
d112,d213_hh2
d112,d55_hh94
d112,d106_hh207
d112,d141_hh27
d112,d15_hh264
d112,d57_hh286
d112,d139_hh214
d112,d97_hh26
d112,d164_hh123
d112,d213_hh2
d112,d13_hh58
d112,d55_hh254
d112,d4_hh202
d112,d39_hh66
d112,d213_hh2
d112,d39_hh99
d112,d74_hh243
d112,d149_hh1
d112,d195_hh109
d112,d23_hh21
d112,d128_hh246
d112,d187_hh42
d112,d160_hh0
d112,d177_hh145
d112,d102_hh179
d112,d93_hh18
d112,d57_hh166
d112,d50_hh249
d112,d42_hh58
d112,d2_hh180
d112,d213_hh2
d112,d133_hh111
d112,d4_hh29
d112,d42_hh202
d112,d44_hh164
d112,d160_hh88
d112,d66_hh207
d112,d209_hh159
d112,d125_hh135
d112,d57_hh16
d112,d109_hh88
d112,d200_hh102
d112,d104_hh270
d112,d15_hh103
d112,d4_hh202
d112,d118_hh244
d112,d61_hh155
d112,d166_hh150
d112,d213_hh125
d112,d41_hh71
d112,d82_hh154
d112,d46_hh245
d112,d15_hh22
d112,d177_hh145
d112,d56_hh4
d112,d75_hh227
d112,d19_hh38
d112,d93_hh66
d112,d96_hh145
d112,d66_hh207
d112,d54_hh218
d112,d66_hh240
d112,d15_hh103
d112,d98_hh245
d112,d26_hh40
d112,d173_hh262
d112,d42_hh185
d112,d83_hh76
d112,d2_hh173
d112,d24_hh92
d112,d30_hh130
d112,d128_hh246
d112,d123_hh119
d112,d202_hh170
d112,d209_hh244
d112,d78_hh223
d112,d130_hh244
d112,d126_hh167
d112,d174_hh242
d112,d202_hh205
d112,d143_hh28
d112,d54_hh152
d112,d184_hh158
d112,d137_hh119
d112,d119_hh95
d112,d48_hh118
d112,d15_hh22
d112,d147_hh54
d112,d51_hh151
d112,d29_hh131
d112,d152_hh168
d112,d81_hh89
d112,d35_hh263
d112,d95_hh205
d112,d131_hh174
d112,d209_hh11
d112,d54_hh222
d112,d187_hh7
d112,d106_hh207
d112,d106_hh207
d112,d46_hh245
d112,d132_hh46
d112,d213_hh125
d112,d41_hh206
d112,d74_hh243
d112,d54_hh222
d112,d21_hh105
d112,d125_hh135
d112,d57_hh216
d112,d154_hh2
d112,d97_hh26
d112,d140_hh85
d112,d50_hh7
d112,d100_hh145
d112,d80_hh186
d112,d19_hh38
d112,d111_hh131
d112,d4_hh80
d112,d42_hh19
d112,d119_hh222
d112,d134_hh270
d112,d78_hh223
d112,d208_hh253
d112,d67_hh209
d112,d158_hh136
d112,d42_hh185
d112,d81_hh89
d112,d110_hh252
d112,d91_hh199
d112,d62_hh259
d112,d208_hh253
d112,d138_hh82
d112,d15_hh76
d112,d87_hh245
d112,d99_hh225
d112,d171_hh23
d112,d46_hh194
d112,d193_hh138
d112,d123_hh84
d112,d171_hh23
d112,d2_hh173
d112,d102_hh200
d112,d126_hh263
d112,d140_hh85
d112,d31_hh34
d112,d17_hh12
d112,d186_hh185
d112,d149_hh14
d112,d213_hh125
d112,d57_hh216
d112,d169_hh190
d112,d82_hh154
d112,d191_hh53
d112,d213_hh62
d112,d15_hh186
d112,d67_hh209
d112,d214_hh41
d112,d158_hh136
d112,d98_hh245
d112,d15_hh103
d112,d161_hh21
d112,d166_hh24
d112,d128_hh126
d112,d4_hh65
d112,d119_hh222
d112,d161_hh21
d112,d17_hh106
d112,d29_hh131
d112,d132_hh44
d112,d187_hh7
d112,d213_hh62
d112,d119_hh64
d112,d210_hh142
d112,d143_hh28
d112,d164_hh123
d112,d21_hh105
d112,d177_hh163
d112,d83_hh204
d112,d128_hh246
d112,d209_hh219
d112,d56_hh174
d112,d215_hh105
d112,d128_hh126
d112,d59_hh243
d112,d137_hh106
d112,d50_hh217
d112,d186_hh185
d112,d29_hh85
d112,d83_hh117
d112,d214_hh210
d112,d19_hh38
d112,d205_hh196
d112,d208_hh168
d112,d100_hh48
d112,d162_hh47
d112,d98_hh84
d112,d198_hh188
d112,d214_hh13
d112,d160_hh88
d112,d138_hh150
d112,d199_hh180
d112,d93_hh18
d112,d155_hh210
d112,d126_hh167
d112,d182_hh39
d112,d170_hh117
d112,d113_hh175
d112,d88_hh195
d112,d125_hh3
d112,d75_hh264
d112,d19_hh130
d112,d80_hh186
d112,d202_hh205
d112,d20_hh166
d112,d90_hh207
d112,d138_hh82
d112,d214_hh13
d112,d204_hh239
d112,d23_hh156
d112,d29_hh131
d112,d33_hh58
d112,d154_hh2
d112,d213_hh125
d112,d182_hh229
d112,d132_hh76
d112,d78_hh223
d112,d207_hh219
d112,d98_hh84
d112,d54_hh218
d112,d175_hh131
d112,d141_hh128
d112,d54_hh189
d112,d131_hh205
d128,d59_hh184
d128,d127_hh89
d128,d75_hh25
d128,d13_hh58
d128,d213_hh247
d128,d135_hh17
d128,d72_hh208
d128,d110_hh252
d128,d169_hh216
d128,d17_hh213
d128,d66_hh213
d128,d177_hh163
d128,d178_hh157
d128,d4_hh202
d128,d126_hh4
d128,d131_hh24
d128,d16_hh287
d128,d214_hh210
d128,d23_hh156
d128,d130_hh244
d128,d109_hh67
d128,d65_hh242
d128,d90_hh233
d128,d169_hh225
d128,d130_hh142
d128,d110_hh193
d128,d113_hh175
d128,d7_hh257
d128,d90_hh151
d128,d74_hh15
d128,d44_hh164
d128,d100_hh91
d128,d171_hh23
d128,d149_hh1
d128,d135_hh17
d128,d131_hh205
d128,d200_hh77
d128,d34_hh77
d128,d102_hh200
d128,d131_hh24
d128,d187_hh61
d128,d46_hh245
d128,d98_hh100
d128,d4_hh29
d128,d122_hh231
d128,d187_hh61
d128,d114_hh66
d128,d59_hh112
d128,d149_hh107
d128,d13_hh58
d128,d88_hh36
d128,d74_hh107
d128,d93_hh66
d128,d40_hh152
d128,d162_hh213
d128,d126_hh263
d128,d171_hh23
d128,d214_hh41
d128,d83_hh204
d128,d31_hh139
d128,d61_hh155
d128,d143_hh28
d128,d122_hh231
d128,d143_hh241
d128,d173_hh163
d128,d119_hh24
d128,d119_hh24
d128,d4_hh29
d128,d213_hh211
d128,d57_hh207
d128,d174_hh213
d128,d46_hh12
d128,d199_hh180
d128,d46_hh194
d128,d57_hh216
d128,d118_hh244
d128,d83_hh204
d128,d193_hh138
d128,d139_hh214
d128,d152_hh88
d128,d138_hh82
d128,d99_hh225
d128,d82_hh154
d128,d74_hh142
d128,d122_hh144
d128,d75_hh25
d128,d178_hh157
d128,d16_hh287
d128,d186_hh185
d128,d204_hh239
d128,d66_hh207
d128,d204_hh239
d128,d182_hh229
d128,d54_hh222
d128,d62_hh98
d128,d75_hh53
d128,d191_hh246
d128,d205_hh196
d128,d150_hh203
d128,d57_hh16
d128,d15_hh76
d128,d187_hh7
d128,d209_hh254
d128,d98_hh245
d128,d95_hh205
d128,d166_hh150
d128,d130_hh142
d128,d174_hh213
d128,d149_hh14
d128,d91_hh21
d128,d195_hh19
d128,d36_hh94
d128,d50_hh217
d128,d85_hh144
d128,d75_hh25
d128,d62_hh251
d128,d15_hh76
d128,d138_hh150
d128,d54_hh218
d128,d198_hh152
d128,d208_hh253
d128,d23_hh93
d128,d214_hh41
d128,d48_hh118
d128,d170_hh117
d128,d15_hh210
d128,d138_hh82
d128,d214_hh13
d128,d34_hh160
d128,d36_hh94
d128,d74_hh142
d128,d62_hh98
d128,d62_hh98
d128,d85_hh110
d128,d101_hh155
d128,d18_hh227
d128,d184_hh238
d128,d29_hh85
d128,d152_hh29
d128,d164_hh122
d128,d202_hh90
d128,d98_hh84
d128,d120_hh161
d128,d129_hh122
d128,d54_hh152
d128,d214_hh13
d128,d119_hh64
d128,d44_hh38
d128,d11_hh53
d128,d91_hh21
d128,d158_hh136
d128,d75_hh102
d128,d141_hh129
d128,d61_hh41
d128,d48_hh118
d128,d198_hh136
d128,d213_hh178
d128,d143_hh241
d128,d208_hh253
d128,d174_hh24
d128,d119_hh210
d128,d169_hh190
d128,d15_hh22
d128,d75_hh25
d128,d120_hh248
d128,d95_hh56
d128,d15_hh80
d128,d149_hh107
d128,d166_hh24
d128,d80_hh106
d128,d163_hh145
d128,d87_hh245
d128,d38_hh165
d128,d143_hh28
d128,d114_hh47
d128,d43_hh125
d128,d137_hh119
d128,d54_hh189
d128,d90_hh207
d128,d123_hh160
d128,d123_hh119
d128,d54_hh222
d128,d100_hh48
d128,d85_hh110
d128,d101_hh155
d128,d52_hh33
d128,d150_hh207
d128,d51_hh231
d128,d15_hh103
d128,d208_hh168
d128,d166_hh164
d128,d182_hh74
d128,d209_hh11
d128,d87_hh245
d128,d75_hh216
d128,d11_hh128
d128,d102_hh200
d128,d214_hh13
d128,d53_hh147
d128,d129_hh122
d128,d65_hh29
d128,d118_hh118
d128,d126_hh4
d128,d17_hh106
d128,d187_hh87
d128,d160_hh0
d128,d46_hh69
d128,d126_hh207
d128,d42_hh19
d128,d100_hh91
d128,d96_hh110
d128,d214_hh47
d128,d50_hh249
d128,d113_hh175
d128,d65_hh101
d128,d13_hh58
d128,d204_hh87
d128,d80_hh186
d128,d96_hh110
d128,d152_hh29
d128,d101_hh129
d128,d56_hh4
d128,d35_hh263
d128,d2_hh151
d128,d198_hh136
d128,d198_hh152
d128,d46_hh69
d128,d21_hh90
d128,d163_hh213
d128,d83_hh204
d128,d74_hh15
d128,d33_hh58
d128,d78_hh39
d128,d149_hh107
d128,d126_hh167
d128,d130_hh142
d128,d123_hh160
d128,d46_hh69
d128,d120_hh161
d128,d166_hh24
d128,d57_hh216
d128,d174_hh213
d128,d213_hh211
d128,d87_hh156
d128,d36_hh226
d128,d215_hh105
d128,d42_hh19
d128,d199_hh180
d128,d123_hh106
d128,d129_hh122
d128,d214_hh41
d128,d95_hh56
d128,d26_hh40
d128,d134_hh223
d128,d56_hh174
d128,d214_hh13
d128,d137_hh106
d128,d83_hh204
d128,d182_hh226
d128,d101_hh129
d128,d132_hh44
d128,d119_hh210
d128,d131_hh174
d128,d62_hh22
d128,d132_hh46
d128,d96_hh145
d128,d15_hh186
d128,d182_hh149
d128,d198_hh136
d128,d35_hh263
d128,d83_hh117
d128,d123_hh104
d128,d15_hh186
d128,d150_hh207
d128,d77_hh123
d128,d73_hh242
d128,d113_hh175
d128,d30_hh130
d128,d29_hh243
d128,d46_hh53
d128,d174_hh213
d128,d124_hh40
d128,d72_hh42
d128,d72_hh208
d128,d42_hh58
d128,d4_hh202
d128,d210_hh200
d128,d67_hh15
d128,d91_hh138
d128,d159_hh183
d128,d106_hh207
d128,d2_hh287
d120,d169_hh199
d120,d4_hh202
d120,d23_hh21
d120,d204_hh87
d120,d95_hh164
d120,d44_hh38
d120,d100_hh91
d120,d149_hh1
d120,d213_hh178
d120,d163_hh145
d120,d174_hh24
d120,d187_hh42
d120,d18_hh227
d120,d166_hh164
d120,d81_hh89
d120,d191_hh53
d120,d173_hh163
d120,d131_hh102
d120,d2_hh173
d120,d158_hh107
d120,d2_hh68
d120,d57_hh286
d120,d104_hh175
d120,d209_hh219
d120,d15_hh22
d120,d177_hh163
d120,d170_hh117
d120,d207_hh191
d120,d74_hh243
d120,d75_hh264
d120,d209_hh244
d120,d209_hh244
d120,d214_hh47
d120,d29_hh243
d120,d120_hh269
d120,d65_hh29
d120,d38_hh159
d120,d209_hh219
d120,d199_hh49
d120,d155_hh18
d120,d134_hh223
d120,d46_hh245
d120,d122_hh159
d120,d42_hh58
d120,d191_hh246
d120,d98_hh100
d120,d132_hh188
d120,d149_hh14
d120,d133_hh241
d120,d147_hh169
d120,d118_hh244
d120,d5_hh5
d120,d46_hh53
d120,d23_hh204
d120,d73_hh242
d120,d150_hh207
d120,d128_hh28
d120,d39_hh154
d120,d24_hh176
d120,d75_hh25
d120,d93_hh66
d120,d74_hh257
d120,d131_hh174
d120,d41_hh71
d120,d102_hh242
d120,d104_hh270
d120,d59_hh112
d120,d102_hh200
d120,d182_hh74
d120,d213_hh62
d120,d155_hh18
d120,d33_hh58
d120,d209_hh254
d120,d132_hh76
d120,d182_hh195
d120,d213_hh2
d120,d91_hh138
d120,d17_hh213
d120,d2_hh287
d120,d135_hh2
d120,d213_hh211
d120,d54_hh152
d120,d15_hh80
d120,d202_hh264
d120,d132_hh44
d120,d54_hh57
d120,d160_hh0
d120,d184_hh158
d120,d155_hh151
d120,d214_hh210
d120,d210_hh142
d120,d30_hh267
d120,d56_hh4
d120,d26_hh40
d120,d50_hh217
d120,d209_hh159
d120,d4_hh87
d120,d213_hh211
d120,d131_hh24
d120,d2_hh180
d120,d31_hh139
d120,d75_hh216
d120,d210_hh142
d120,d24_hh92
d120,d213_hh211
d120,d128_hh246
d120,d112_hh8
d120,d88_hh195
d120,d182_hh229
d120,d160_hh0
d120,d118_hh173
d120,d46_hh194
d120,d62_hh98
d120,d123_hh84
d120,d158_hh239
d120,d126_hh4
d120,d112_hh8
d120,d85_hh110
d120,d42_hh19
d120,d17_hh210
d120,d120_hh161
d120,d195_hh19
d120,d200_hh102
d120,d137_hh119
d120,d118_hh244
d120,d179_hh1
d120,d55_hh254
d120,d74_hh257
d120,d91_hh21
d120,d98_hh245
d120,d4_hh87
d120,d190_hh38
d120,d202_hh205
d120,d197_hh151
d120,d104_hh116
d120,d61_hh41
d120,d24_hh92
d120,d39_hh99
d120,d57_hh286
d120,d158_hh107
d120,d112_hh8
d120,d75_hh25
d120,d152_hh88
d120,d17_hh106
d120,d31_hh139
d120,d54_hh61
d120,d131_hh24
d120,d135_hh17
d120,d169_hh225
d120,d158_hh107
d120,d56_hh262
d120,d98_hh245
d120,d199_hh49
d120,d19_hh38
d120,d114_hh47
d120,d198_hh136
d120,d126_hh4
d120,d65_hh242
d120,d75_hh264
d120,d101_hh155
d120,d23_hh93
d120,d208_hh168
d120,d195_hh109
d120,d182_hh229
d120,d129_hh122
d120,d140_hh85
d120,d7_hh257
d120,d124_hh40
d120,d66_hh240
d120,d99_hh225
d120,d165_hh94
d120,d87_hh156
d120,d119_hh222
d120,d57_hh16
d120,d65_hh29
d120,d198_hh136
d120,d91_hh138
d120,d123_hh84
d120,d166_hh164
d120,d66_hh213
d120,d200_hh21
d120,d42_hh185
d120,d65_hh29
d120,d96_hh145
d120,d104_hh58
d120,d160_hh0
d120,d119_hh64
d120,d202_hh90
d120,d186_hh185
d120,d213_hh252
d120,d85_hh110
d120,d119_hh177
d120,d131_hh102
d120,d36_hh94
d120,d62_hh22
d120,d195_hh109
d120,d18_hh227
d120,d62_hh22
d120,d2_hh151
d120,d97_hh156
d120,d197_hh151
d120,d67_hh209
d120,d113_hh175
d120,d42_hh19
d120,d119_hh222
d120,d166_hh24
d120,d66_hh207
d120,d110_hh193
d120,d134_hh270
d120,d54_hh222
d120,d198_hh136
d120,d134_hh270
d120,d186_hh185
d120,d178_hh173
d120,d21_hh90
d120,d170_hh130
d120,d193_hh85
d120,d21_hh97
d120,d56_hh174
d120,d40_hh152
d120,d98_hh100
d120,d187_hh0
d120,d141_hh129
d120,d126_hh4
d120,d15_hh210
d120,d141_hh27
d120,d138_hh83
d120,d83_hh204
d120,d51_hh151
d120,d132_hh76
d120,d39_hh66
d120,d95_hh201
d120,d114_hh219
d120,d17_hh106
d120,d177_hh145
d120,d170_hh117
d120,d186_hh185
d120,d120_hh248
d120,d74_hh107
d120,d57_hh16
d120,d164_hh122
d120,d34_hh77
d120,d161_hh185
d120,d132_hh188
d120,d184_hh238
d120,d141_hh128
d120,d123_hh160
d120,d100_hh63
d120,d122_hh231
d120,d97_hh26
d120,d96_hh145
d120,d132_hh46
d120,d209_hh159
d120,d50_hh217
d120,d96_hh145
d120,d31_hh127
d120,d169_hh216
d120,d155_hh151
d120,d187_hh61
d120,d214_hh47
d120,d125_hh3
d120,d90_hh151
d120,d40_hh152
d120,d200_hh261
d120,d73_hh242
d120,d33_hh58
d120,d91_hh178
d120,d198_hh152
d120,d104_hh175
d120,d169_hh225
d120,d38_hh165
d120,d23_hh21
d120,d95_hh164
d120,d44_hh164
d120,d91_hh90
d120,d96_hh145
d120,d155_hh148
d120,d195_hh19
d120,d23_hh233
d120,d98_hh245
d120,d152_hh88
d120,d133_hh111
d120,d96_hh110
d120,d56_hh174
d120,d18_hh137
d120,d16_hh287
d120,d2_hh68
d120,d128_hh246
d116,d151_hh194
d116,d27_hh145
d116,d45_hh282
d116,d151_hh93
d116,d107_hh76
d116,d189_hh80
d116,d172_hh102
d116,d194_hh224
d116,d145_hh145
d116,d27_hh65
d116,d60_hh210
d116,d103_hh115
d116,d192_hh169
d116,d105_hh161
d116,d167_hh167
d116,d172_hh263
d116,d148_hh189
d116,d71_hh152
d116,d86_hh136
d116,d45_hh282
d116,d151_hh146
d116,d84_hh101
d116,d64_hh137
d116,d49_hh237
d116,d103_hh89
d116,d108_hh40
d116,d192_hh28
d116,d107_hh260
d116,d103_hh175
d116,d151_hh146
d116,d79_hh182
d116,d188_hh137
d116,d60_hh165
d116,d27_hh65
d116,d71_hh169
d116,d28_hh124
d116,d10_hh46
d116,d94_hh137
d116,d107_hh0
d116,d60_hh165
d116,d206_hh151
d116,d71_hh292
d116,d86_hh70
d116,d107_hh42
d116,d145_hh2
d116,d176_hh183
d116,d206_hh151
d116,d45_hh9
d116,d86_hh136
d116,d84_hh62
d116,d89_hh77
d116,d121_hh146
d116,d9_hh56
d116,d145_hh145
d116,d151_hh1
d116,d10_hh46
d116,d103_hh264
d116,d201_hh86
d116,d22_hh155
d116,d176_hh122
d116,d49_hh198
d116,d107_hh211
d116,d145_hh2
d116,d144_hh235
d116,d70_hh188
d116,d206_hh151
d116,d107_hh6
d116,d188_hh137
d116,d136_hh186
d116,d121_hh238
d116,d181_hh59
d116,d105_hh48
d116,d60_hh210
d116,d28_hh260
d116,d63_hh157
d116,d27_hh145
d116,d84_hh220
d116,d49_hh89
d116,d196_hh34
d116,d115_hh51
d116,d79_hh182
d116,d63_hh98
d116,d180_hh34
d116,d105_hh161
d116,d103_hh53
d116,d8_hh179
d116,d103_hh89
d116,d145_hh145
d116,d68_hh230
d116,d45_hh9
d116,d176_hh122
d116,d64_hh137
d116,d49_hh131
d116,d172_hh102
d116,d103_hh115
d116,d203_hh11
d116,d196_hh60
d116,d10_hh46
d116,d194_hh102
d116,d108_hh195
d116,d201_hh86
d116,d121_hh146
d116,d185_hh70
d116,d10_hh46
d116,d63_hh98
d116,d6_hh77
d116,d84_hh62
d116,d64_hh137
d116,d10_hh60
d116,d49_hh89
d116,d64_hh69
d116,d115_hh196
d116,d84_hh6
d116,d45_hh282
d116,d70_hh243
d116,d45_hh183
d116,d84_hh6
d116,d89_hh65
d116,d9_hh56
d116,d84_hh101
d116,d201_hh28
d116,d107_hh211
d116,d84_hh101
d116,d108_hh195
d116,d27_hh145
d116,d107_hh260
d116,d79_hh182
d116,d105_hh161
d116,d79_hh76
d116,d79_hh182
d116,d103_hh175
d116,d84_hh6
d116,d103_hh72
d116,d201_hh86
d116,d8_hh179
d116,d189_hh80
d116,d22_hh0
d116,d194_hh102
d116,d64_hh133
d116,d201_hh86
d116,d181_hh59
d116,d71_hh292
d116,d145_hh145
d116,d107_hh6
d116,d180_hh34
d116,d196_hh34
d116,d108_hh277
d116,d107_hh143
d116,d103_hh115
d116,d172_hh102
d116,d64_hh137
d116,d71_hh292
d116,d176_hh122
d116,d45_hh282
d116,d105_hh48
d116,d3_hh98
d116,d108_hh195
d116,d64_hh271
d116,d192_hh28
d116,d27_hh133
d116,d28_hh124
d116,d94_hh137
d116,d196_hh60
d116,d201_hh86
d116,d196_hh60
d116,d151_hh93
d116,d185_hh17
d116,d6_hh77
d116,d70_hh188
d116,d192_hh0
d116,d107_hh211
d116,d107_hh6
d116,d206_hh188
d116,d189_hh237
d116,d84_hh101
d116,d49_hh155
d116,d60_hh172
d116,d27_hh145
d116,d64_hh137
d116,d206_hh283
d116,d189_hh80
d116,d196_hh34
d116,d148_hh189
d116,d70_hh79
d116,d145_hh212
d116,d27_hh133
d116,d45_hh183
d116,d71_hh152
d116,d115_hh196
d116,d201_hh86
d116,d94_hh178
d116,d151_hh93
d116,d45_hh140
d116,d180_hh34
d116,d64_hh133
d116,d60_hh210
d116,d180_hh34
d116,d148_hh98
d116,d89_hh77
d116,d105_hh48
d116,d79_hh182
d116,d89_hh77
d116,d176_hh239
d116,d107_hh260
d116,d206_hh283
d116,d49_hh155
d116,d94_hh137
d116,d107_hh211
d116,d49_hh245
d116,d70_hh135
d116,d108_hh127
d116,d192_hh159
d116,d107_hh211
d116,d8_hh179
d116,d107_hh211
d116,d107_hh143
d116,d27_hh133
d116,d60_hh210
d116,d107_hh211
d116,d189_hh80
d116,d49_hh89
d116,d9_hh176
d116,d71_hh152
d116,d86_hh136
d116,d10_hh110
d116,d115_hh196
d116,d206_hh74
d116,d71_hh152
d116,d196_hh34
d116,d79_hh182
d116,d151_hh194
d116,d49_hh198
d116,d196_hh34
d116,d185_hh17
d116,d107_hh143
d116,d172_hh102
d116,d60_hh165
d116,d22_hh225
d116,d71_hh292
d116,d108_hh277
d116,d151_hh1
d116,d94_hh178
d116,d107_hh260
d116,d107_hh260
d116,d27_hh145
d116,d27_hh133
d116,d3_hh279
d116,d84_hh6
d116,d172_hh1
d116,d49_hh245
d116,d105_hh161
d116,d49_hh89
d116,d144_hh235
d116,d49_hh89
d116,d103_hh89
d116,d188_hh223
d116,d206_hh283
d116,d89_hh65
d116,d64_hh133
d116,d45_hh140
d116,d145_hh150
d116,d70_hh135
d116,d107_hh260
d116,d60_hh165
d116,d201_hh21
d116,d68_hh230
d116,d27_hh145
d116,d196_hh175
d116,d206_hh151
d116,d196_hh60
d116,d115_hh196
d116,d70_hh85
d116,d148_hh98
d116,d86_hh114
d116,d70_hh135
d116,d6_hh77
d116,d3_hh7
d116,d151_hh207
d116,d192_hh0
d116,d192_hh169
d116,d172_hh263
d116,d25_hh250
d116,d103_hh264
d116,d9_hh56
d116,d212_hh78
d116,d103_hh72
d116,d167_hh167
d116,d49_hh131
d116,d103_hh89
d116,d49_hh237
d116,d27_hh16
d116,d10_hh46
d116,d49_hh119
d116,d68_hh230
d116,d196_hh34
d116,d49_hh149
d116,d188_hh223
d116,d181_hh59
d116,d84_hh101
d119,d69_hh240
d119,d191_hh246
d119,d54_hh189
d119,d56_hh262
d119,d4_hh87
d119,d214_hh70
d119,d66_hh213
d119,d149_hh14
d119,d97_hh26
d119,d54_hh152
d119,d149_hh1
d119,d210_hh142
d119,d207_hh191
d119,d24_hh92
d119,d193_hh248
d119,d124_hh40
d119,d4_hh29
d119,d198_hh152
d119,d54_hh222
d119,d98_hh84
d119,d199_hh180
d119,d46_hh69
d119,d83_hh204
d119,d46_hh245
d119,d213_hh2
d119,d90_hh151
d119,d62_hh259
d119,d59_hh184
d119,d66_hh207
d119,d199_hh49
d119,d197_hh151
d119,d61_hh155
d119,d95_hh56
d119,d126_hh167
d119,d123_hh119
d119,d143_hh241
d119,d23_hh233
d119,d67_hh209
d119,d57_hh216
d119,d95_hh56
d119,d118_hh244
d119,d214_hh41
d119,d209_hh149
d119,d169_hh216
d119,d187_hh61
d119,d15_hh22
d119,d40_hh200
d119,d12_hh23
d119,d178_hh157
d119,d83_hh193
d119,d132_hh76
d119,d119_hh222
d119,d43_hh125
d119,d187_hh7
d119,d59_hh184
d119,d178_hh134
d119,d18_hh227
d119,d119_hh95
d119,d19_hh130
d119,d101_hh155
d119,d174_hh213
d119,d132_hh44
d119,d90_hh207
d119,d119_hh24
d119,d169_hh199
d119,d182_hh195
d119,d74_hh107
d119,d50_hh249
d119,d135_hh17
d119,d119_hh177
d119,d13_hh58
d119,d114_hh47
d119,d126_hh167
d119,d166_hh239
d119,d50_hh217
d119,d131_hh205
d119,d149_hh14
d119,d59_hh243
d119,d120_hh248
d119,d122_hh144
d119,d209_hh149
d119,d114_hh47
d119,d110_hh193
d119,d55_hh94
d119,d122_hh144
d119,d187_hh0
d119,d62_hh22
d119,d11_hh128
d119,d33_hh58
d119,d113_hh175
d119,d166_hh164
d119,d158_hh239
d119,d57_hh207
d119,d18_hh227
d119,d15_hh22
d119,d209_hh149
d119,d213_hh211
d119,d100_hh63
d119,d54_hh222
d119,d15_hh103
d119,d178_hh134
d119,d15_hh22
d119,d119_hh64
d119,d31_hh34
d119,d50_hh249
d119,d83_hh193
d119,d83_hh76
d119,d93_hh18
d119,d208_hh253
d119,d36_hh226
d119,d150_hh207
d119,d213_hh178
d119,d34_hh160
d119,d101_hh129
d119,d214_hh41
d119,d171_hh71
d119,d96_hh145
d119,d98_hh100
d119,d104_hh175
d119,d209_hh159
d119,d23_hh156
d119,d104_hh58
d119,d54_hh57
d119,d31_hh34
d119,d141_hh128
d119,d66_hh213
d119,d164_hh123
d119,d128_hh28
d119,d42_hh202
d119,d41_hh150
d119,d23_hh233
d119,d23_hh93
d119,d213_hh178
d119,d23_hh204
d119,d104_hh175
d119,d165_hh94
d119,d171_hh23
d119,d207_hh191
d119,d155_hh18
d119,d104_hh270
d119,d118_hh244
d119,d100_hh91
d119,d182_hh39
d119,d78_hh223
d119,d207_hh191
d119,d174_hh24
d119,d4_hh65
d119,d175_hh52
d119,d66_hh213
d119,d80_hh236
d119,d131_hh180
d119,d46_hh69
d119,d126_hh207
d119,d213_hh178
d119,d30_hh267
d119,d118_hh118
d119,d195_hh109
d119,d31_hh127
d119,d184_hh238
d119,d159_hh64
d119,d97_hh26
d119,d169_hh216
d119,d178_hh157
d119,d18_hh137
d119,d155_hh148
d119,d171_hh23
d119,d74_hh142
d119,d78_hh39
d119,d187_hh87
d119,d204_hh87
d119,d4_hh87
d119,d4_hh87
d119,d184_hh238
d119,d184_hh238
d119,d114_hh66
d119,d54_hh218
d119,d66_hh18
d119,d81_hh89
d119,d80_hh186
d119,d52_hh115
d119,d100_hh91
d119,d35_hh2
d119,d91_hh199
d119,d62_hh259
d119,d62_hh251
d119,d114_hh47
d119,d41_hh150
d119,d51_hh231
d119,d132_hh188
d119,d182_hh74
d119,d31_hh127
d119,d31_hh139
d119,d126_hh263
d119,d178_hh272
d119,d41_hh163
d119,d159_hh64
d119,d21_hh97
d119,d174_hh24
d119,d125_hh3
d119,d62_hh98
d119,d132_hh76
d119,d200_hh261
d119,d100_hh63
d119,d51_hh231
d119,d62_hh22
d119,d51_hh231
d119,d187_hh0
d119,d23_hh21
d119,d55_hh94
d119,d102_hh242
d119,d99_hh225
d119,d44_hh38
d119,d175_hh131
d119,d160_hh0
d119,d42_hh88
d119,d17_hh213
d119,d62_hh98
d119,d41_hh71
d119,d193_hh85
d119,d199_hh49
d119,d50_hh7
d119,d150_hh203
d119,d38_hh159
d119,d23_hh204
d119,d83_hh204
d119,d118_hh173
d119,d41_hh150
d119,d125_hh3
d119,d19_hh38
d119,d131_hh174
d119,d133_hh135
d119,d90_hh151
d119,d182_hh226
d119,d85_hh110
d119,d100_hh48
d119,d54_hh189
d119,d120_hh269
d119,d101_hh129
d119,d4_hh87
d119,d169_hh225
d119,d123_hh160
d119,d171_hh88
d119,d18_hh227
d119,d53_hh3
d119,d55_hh254
d119,d125_hh3
d119,d208_hh168
d119,d29_hh243
d119,d40_hh152
d119,d38_hh159
d119,d2_hh217
d119,d207_hh191
d119,d75_hh25
d119,d213_hh125
d119,d2_hh287
d119,d200_hh102
d119,d41_hh163
d119,d39_hh67
d119,d204_hh56
d119,d73_hh242
d119,d164_hh123
d119,d118_hh173
d119,d91_hh199
d119,d42_hh19
d119,d26_hh40
d119,d155_hh18
d119,d41_hh206
d115,d28_hh124
d115,d151_hh1
d115,d185_hh17
d115,d71_hh152
d115,d60_hh165
d115,d188_hh223
d115,d10_hh60
d115,d121_hh238
d115,d211_hh181
d115,d108_hh127
d115,d49_hh119
d115,d64_hh137
d115,d60_hh210
d115,d151_hh207
d115,d70_hh135
d115,d176_hh183
d115,d136_hh236
d115,d172_hh102
d115,d189_hh80
d115,d108_hh127
d115,d3_hh7
d115,d64_hh45
d115,d86_hh136
d115,d70_hh85
d115,d25_hh250
d115,d192_hh169
d115,d144_hh285
d115,d45_hh9
d115,d70_hh79
d115,d206_hh188
d115,d94_hh137
d115,d206_hh188
d115,d22_hh0
d115,d49_hh149
d115,d89_hh65
d115,d70_hh243
d115,d63_hh157
d115,d115_hh51
d115,d211_hh181
d115,d206_hh188
d115,d136_hh236
d115,d22_hh0
d115,d94_hh178
d115,d206_hh283
d115,d49_hh245
d115,d196_hh175
d115,d84_hh15
d115,d167_hh41
d115,d49_hh149
d115,d203_hh30
d115,d145_hh2
d115,d63_hh157
d115,d167_hh167
d115,d68_hh230
d115,d192_hh169
d115,d108_hh127
d115,d49_hh149
d115,d194_hh102
d115,d64_hh271
d115,d148_hh97
d115,d176_hh122
d115,d60_hh165
d115,d194_hh224
d115,d107_hh260
d115,d201_hh28
d115,d27_hh65
d115,d108_hh277
d115,d201_hh21
d115,d8_hh179
d115,d25_hh250
d115,d70_hh79
d115,d201_hh28
d115,d10_hh60
d115,d206_hh151
d115,d64_hh271
d115,d108_hh277
d115,d25_hh250
d115,d194_hh13
d115,d212_hh78
d115,d103_hh264
d115,d136_hh236
d115,d60_hh210
d115,d115_hh2
d115,d145_hh2
d115,d206_hh151
d115,d136_hh236
d115,d45_hh140
d115,d176_hh239
d115,d107_hh0
d115,d115_hh85
d115,d136_hh186
d115,d192_hh169
d115,d70_hh243
d115,d63_hh157
d115,d136_hh236
d115,d94_hh178
d115,d180_hh130
d115,d49_hh149
d115,d103_hh53
d115,d108_hh40
d115,d107_hh0
d115,d89_hh77
d115,d10_hh60
d115,d108_hh40
d115,d105_hh238
d115,d63_hh157
d115,d49_hh245
d115,d167_hh120
d115,d108_hh40
d115,d167_hh36
d115,d151_hh93
d115,d64_hh133
d115,d108_hh35
d115,d108_hh277
d115,d115_hh51
d115,d84_hh62
d115,d49_hh245
d115,d176_hh239
d115,d107_hh42
d115,d86_hh70
d115,d49_hh119
d115,d192_hh28
d115,d28_hh124
d115,d148_hh97
d115,d151_hh1
d115,d115_hh51
d115,d103_hh264
d115,d49_hh245
d115,d10_hh60
d115,d49_hh198
d115,d49_hh119
d115,d49_hh245
d115,d71_hh169
d115,d10_hh60
d115,d176_hh122
d115,d181_hh63
d115,d68_hh230
d115,d196_hh60
d115,d108_hh40
d115,d167_hh41
d115,d206_hh188
d115,d188_hh223
d115,d94_hh137
d115,d206_hh151
d115,d107_hh211
d115,d60_hh210
d115,d192_hh28
d115,d136_hh236
d115,d70_hh85
d115,d3_hh279
d115,d192_hh0
d115,d60_hh210
d115,d108_hh35
d115,d196_hh34
d115,d172_hh102
d115,d167_hh167
d115,d136_hh236
d115,d151_hh93
d115,d136_hh236
d115,d70_hh243
d115,d60_hh210
d115,d108_hh40
d115,d148_hh98
d115,d105_hh161
d115,d70_hh85
d115,d115_hh2
d115,d194_hh102
d115,d108_hh40
d115,d144_hh285
d115,d136_hh186
d115,d105_hh161
d115,d108_hh35
d115,d70_hh243
d115,d107_hh260
d115,d194_hh13
d115,d211_hh181
d115,d107_hh0
d115,d49_hh245
d115,d211_hh181
d115,d49_hh155
d115,d192_hh169
d115,d192_hh159
d115,d84_hh220
d115,d64_hh133
d115,d70_hh243
d115,d70_hh135
d115,d84_hh220
d115,d167_hh120
d115,d121_hh238
d115,d148_hh98
d115,d108_hh277
d115,d70_hh85
d115,d145_hh150
d115,d172_hh1
d115,d115_hh2
d115,d107_hh0
d115,d49_hh149
d115,d194_hh224
d115,d64_hh45
d115,d107_hh143
d115,d108_hh277
d115,d201_hh28
d115,d136_hh236
d115,d60_hh210
d115,d60_hh210
d115,d105_hh238
d115,d206_hh283
d115,d108_hh35
d115,d63_hh98
d115,d194_hh224
d115,d176_hh239
d115,d10_hh60
d115,d108_hh40
d115,d10_hh60
d115,d176_hh122
d115,d188_hh98
d115,d63_hh98
d115,d28_hh124
d115,d86_hh114
d115,d64_hh69
d115,d49_hh245
d115,d145_hh2
d115,d25_hh250
d115,d64_hh133
d115,d103_hh264
d115,d194_hh224
d115,d49_hh119
d115,d64_hh133
d115,d70_hh85
d115,d206_hh283
d115,d108_hh195
d115,d196_hh175
d115,d176_hh239
d115,d84_hh62
d115,d94_hh178
d115,d49_hh245
d115,d86_hh70
d115,d136_hh236
d115,d45_hh183
d115,d60_hh210
d115,d151_hh194
d115,d201_hh21
d115,d203_hh30
d115,d192_hh0
d115,d108_hh277
d115,d121_hh238
d115,d10_hh60
d115,d64_hh69
d115,d153_hh185
d115,d136_hh186
d115,d8_hh179
d115,d172_hh1
d115,d188_hh98
d115,d49_hh198
d115,d105_hh48
d115,d151_hh1
d115,d206_hh283
d115,d203_hh30
d115,d3_hh7
d115,d49_hh198
d115,d185_hh17
d122,d160_hh0
d122,d114_hh66
d122,d4_hh87
d122,d213_hh62
d122,d83_hh153
d122,d187_hh42
d122,d83_hh117
d122,d55_hh94
d122,d100_hh48
d122,d198_hh152
d122,d46_hh194
d122,d17_hh12
d122,d178_hh157
d122,d213_hh247
d122,d98_hh223
d122,d171_hh23
d122,d161_hh21
d122,d80_hh106
d122,d54_hh218
d122,d122_hh16
d122,d129_hh122
d122,d126_hh207
d122,d44_hh38
d122,d213_hh2
d122,d199_hh49
d122,d123_hh104
d122,d7_hh257
d122,d191_hh246
d122,d149_hh107
d122,d175_hh52
d122,d31_hh34
d122,d57_hh286
d122,d130_hh142
d122,d140_hh85
d122,d43_hh125
d122,d131_hh205
d122,d51_hh231
d122,d127_hh89
d122,d182_hh39
d122,d13_hh58
d122,d131_hh174
d122,d54_hh218
d122,d12_hh23
d122,d7_hh257
d122,d109_hh67
d122,d187_hh0
d122,d202_hh264
d122,d91_hh178
d122,d199_hh180
d122,d51_hh231
d122,d83_hh204
d122,d82_hh154
d122,d213_hh247
d122,d215_hh105
d122,d123_hh119
d122,d95_hh201
d122,d111_hh227
d122,d131_hh205
d122,d102_hh200
d122,d73_hh242
d122,d155_hh151
d122,d213_hh252
d122,d137_hh119
d122,d57_hh250
d122,d199_hh180
d122,d123_hh104
d122,d119_hh24
d122,d125_hh3
d122,d75_hh227
d122,d91_hh199
d122,d159_hh183
d122,d123_hh129
d122,d161_hh21
d122,d119_hh210
d122,d130_hh244
d122,d93_hh66
d122,d81_hh89
d122,d193_hh248
d122,d209_hh149
d122,d75_hh264
d122,d36_hh226
d122,d214_hh47
d122,d57_hh16
d122,d213_hh211
d122,d198_hh152
d122,d187_hh87
d122,d147_hh43
d122,d56_hh174
d122,d83_hh193
d122,d214_hh41
d122,d204_hh56
d122,d200_hh102
d122,d202_hh90
d122,d170_hh117
d122,d213_hh125
d122,d96_hh110
d122,d161_hh185
d122,d215_hh105
d122,d162_hh47
d122,d97_hh156
d122,d202_hh264
d122,d199_hh180
d122,d57_hh207
d122,d118_hh173
d122,d175_hh131
d122,d61_hh155
d122,d30_hh130
d122,d204_hh56
d122,d21_hh97
d122,d171_hh23
d122,d15_hh210
d122,d199_hh180
d122,d200_hh102
d122,d128_hh28
d122,d186_hh185
d122,d18_hh227
d122,d104_hh116
d122,d187_hh87
d122,d15_hh210
d122,d158_hh86
d122,d134_hh270
d122,d93_hh66
d122,d118_hh244
d122,d104_hh58
d122,d18_hh137
d122,d187_hh0
d122,d36_hh226
d122,d134_hh223
d122,d123_hh129
d122,d195_hh19
d122,d138_hh83
d122,d122_hh231
d122,d143_hh241
d122,d57_hh207
d122,d83_hh204
d122,d62_hh251
d122,d143_hh28
d122,d72_hh208
d122,d87_hh245
d122,d178_hh173
d122,d75_hh102
d122,d213_hh252
d122,d155_hh18
d122,d164_hh122
d122,d50_hh7
d122,d133_hh135
d122,d44_hh164
d122,d208_hh168
d122,d130_hh244
d122,d159_hh64
d122,d198_hh136
d122,d122_hh231
d122,d17_hh228
d122,d46_hh194
d122,d131_hh174
d122,d128_hh126
d122,d171_hh88
d122,d31_hh127
d122,d106_hh207
d122,d54_hh57
d122,d208_hh168
d122,d119_hh222
d122,d91_hh199
d122,d2_hh287
d122,d190_hh38
d122,d137_hh106
d122,d120_hh248
d122,d125_hh135
d122,d17_hh213
d122,d102_hh242
d122,d202_hh90
d122,d15_hh186
d122,d117_hh74
d122,d155_hh18
d122,d59_hh184
d122,d182_hh195
d122,d204_hh87
d122,d186_hh185
d122,d24_hh176
d122,d123_hh57
d122,d90_hh151
d122,d198_hh188
d122,d42_hh19
d122,d129_hh122
d122,d59_hh184
d122,d65_hh242
d122,d123_hh160
d122,d54_hh189
d122,d149_hh1
d122,d134_hh270
d122,d120_hh248
d122,d102_hh201
d122,d137_hh106
d122,d213_hh2
d122,d100_hh63
d122,d104_hh116
d122,d98_hh177
d122,d42_hh185
d122,d24_hh176
d122,d210_hh142
d122,d200_hh77
d122,d4_hh87
d122,d128_hh28
d122,d184_hh238
d122,d129_hh122
d122,d18_hh227
d122,d4_hh29
d122,d54_hh218
d122,d119_hh95
d122,d158_hh107
d122,d13_hh58
d122,d202_hh264
d122,d178_hh157
d122,d187_hh87
d122,d87_hh156
d122,d204_hh239
d122,d101_hh155
d122,d214_hh210
d122,d100_hh145
d122,d11_hh128
d122,d110_hh193
d122,d208_hh253
d122,d186_hh185
d122,d46_hh245
d122,d87_hh156
d122,d73_hh184
d122,d23_hh156
d122,d17_hh228
d122,d98_hh245
d122,d178_hh134
d122,d54_hh189
d122,d171_hh88
d122,d111_hh131
d122,d199_hh49
d122,d91_hh21
d122,d23_hh233
d122,d149_hh107
d122,d88_hh36
d122,d36_hh226
d122,d74_hh15
d122,d88_hh36
d122,d135_hh17
d122,d195_hh109
d122,d46_hh245
d122,d198_hh188
d122,d96_hh110
d122,d50_hh249
d122,d208_hh240
d122,d150_hh203
d122,d120_hh161
d122,d131_hh24
d122,d174_hh242
d122,d41_hh163
d122,d66_hh240
d122,d186_hh185
d122,d159_hh183
d122,d90_hh207
d122,d214_hh41
d122,d30_hh130
d122,d134_hh270
d122,d125_hh3
d122,d109_hh67
d122,d137_hh119
d122,d213_hh125
d122,d175_hh52
d122,d102_hh242
d122,d42_hh202
d122,d50_hh272
d122,d117_hh74
d122,d2_hh173
d122,d52_hh165
d122,d2_hh173
d122,d198_hh136
d122,d195_hh47
d122,d198_hh152
d122,d114_hh219
d122,d83_hh76
d123,d17_hh106
d123,d15_hh103
d123,d166_hh239
d123,d130_hh142
d123,d122_hh16
d123,d46_hh69
d123,d150_hh207
d123,d182_hh229
d123,d170_hh117
d123,d50_hh272
d123,d42_hh19
d123,d65_hh242
d123,d83_hh153
d123,d174_hh42
d123,d208_hh168
d123,d214_hh47
d123,d143_hh241
d123,d41_hh206
d123,d44_hh164
d123,d100_hh63
d123,d100_hh63
d123,d59_hh112
d123,d195_hh47
d123,d131_hh102
d123,d29_hh85
d123,d118_hh118
d123,d13_hh58
d123,d202_hh90
d123,d155_hh210
d123,d39_hh67
d123,d98_hh84
d123,d83_hh153
d123,d83_hh76
d123,d110_hh193
d123,d158_hh107
d123,d4_hh29
d123,d199_hh49
d123,d109_hh88
d123,d54_hh218
d123,d91_hh138
d123,d29_hh85
d123,d74_hh142
d123,d53_hh3
d123,d55_hh94
d123,d200_hh261
d123,d197_hh151
d123,d104_hh116
d123,d36_hh226
d123,d159_hh64
d123,d204_hh87
d123,d202_hh264
d123,d132_hh188
d123,d166_hh24
d123,d106_hh207
d123,d95_hh201
d123,d61_hh41
d123,d131_hh174
d123,d126_hh263
d123,d123_hh106
d123,d15_hh264
d123,d197_hh151
d123,d178_hh134
d123,d83_hh153
d123,d119_hh95
d123,d143_hh241
d123,d120_hh248
d123,d208_hh168
d123,d54_hh44
d123,d110_hh193
d123,d114_hh47
d123,d174_hh24
d123,d13_hh58
d123,d155_hh151
d123,d17_hh12
d123,d134_hh270
d123,d46_hh12
d123,d72_hh208
d123,d141_hh129
d123,d75_hh227
d123,d12_hh23
d123,d140_hh85
d123,d41_hh150
d123,d187_hh42
d123,d129_hh122
d123,d131_hh102
d123,d55_hh254
d123,d93_hh18
d123,d130_hh142
d123,d17_hh106
d123,d17_hh213
d123,d132_hh76
d123,d149_hh1
d123,d132_hh188
d123,d83_hh153
d123,d138_hh83
d123,d42_hh202
d123,d134_hh223
d123,d11_hh53
d123,d2_hh180
d123,d88_hh195
d123,d74_hh142
d123,d182_hh229
d123,d33_hh58
d123,d182_hh39
d123,d120_hh248
d123,d104_hh58
d123,d165_hh94
d123,d91_hh21
d123,d59_hh184
d123,d126_hh167
d123,d57_hh216
d123,d154_hh2
d123,d52_hh33
d123,d21_hh90
d123,d213_hh178
d123,d20_hh166
d123,d51_hh231
d123,d137_hh106
d123,d74_hh243
d123,d119_hh177
d123,d106_hh207
d123,d2_hh287
d123,d160_hh0
d123,d67_hh15
d123,d155_hh18
d123,d41_hh206
d123,d122_hh16
d123,d98_hh84
d123,d125_hh3
d123,d213_hh178
d123,d100_hh145
d123,d129_hh122
d123,d57_hh286
d123,d95_hh56
d123,d100_hh48
d123,d17_hh228
d123,d182_hh226
d123,d42_hh185
d123,d214_hh13
d123,d208_hh240
d123,d131_hh102
d123,d133_hh135
d123,d166_hh150
d123,d90_hh207
d123,d202_hh264
d123,d31_hh139
d123,d74_hh142
d123,d21_hh105
d123,d169_hh199
d123,d56_hh174
d123,d102_hh200
d123,d21_hh105
d123,d69_hh240
d123,d51_hh231
d123,d131_hh24
d123,d123_hh106
d123,d98_hh100
d123,d195_hh19
d123,d130_hh244
d123,d50_hh217
d123,d15_hh210
d123,d208_hh240
d123,d187_hh87
d123,d119_hh177
d123,d39_hh66
d123,d57_hh207
d123,d2_hh173
d123,d114_hh219
d123,d97_hh156
d123,d74_hh15
d123,d72_hh208
d123,d159_hh183
d123,d200_hh102
d123,d75_hh102
d123,d15_hh210
d123,d173_hh163
d123,d208_hh168
d123,d4_hh29
d123,d62_hh98
d123,d154_hh2
d123,d74_hh107
d123,d147_hh43
d123,d77_hh123
d123,d165_hh94
d123,d57_hh207
d123,d190_hh38
d123,d56_hh262
d123,d213_hh211
d123,d193_hh85
d123,d75_hh264
d123,d112_hh8
d123,d175_hh131
d123,d104_hh116
d123,d83_hh153
d123,d182_hh229
d123,d93_hh66
d123,d178_hh58
d123,d162_hh47
d123,d53_hh147
d123,d80_hh236
d123,d208_hh168
d123,d114_hh66
d123,d199_hh180
d123,d117_hh140
d123,d202_hh264
d123,d198_hh188
d123,d55_hh94
d123,d133_hh111
d123,d104_hh58
d123,d213_hh2
d123,d175_hh52
d123,d209_hh219
d123,d193_hh138
d123,d93_hh66
d123,d149_hh14
d123,d209_hh254
d123,d23_hh21
d123,d125_hh3
d123,d190_hh38
d123,d44_hh38
d123,d62_hh259
d123,d214_hh41
d123,d152_hh168
d123,d163_hh145
d123,d102_hh242
d123,d42_hh185
d123,d122_hh159
d123,d119_hh177
d123,d191_hh53
d123,d53_hh147
d123,d129_hh122
d123,d165_hh94
d123,d187_hh87
d123,d2_hh173
d123,d122_hh16
d123,d54_hh57
d123,d26_hh40
d123,d57_hh16
d123,d87_hh245
d123,d42_hh19
d123,d123_hh160
d123,d123_hh160
d123,d54_hh189
d123,d169_hh216
d123,d209_hh219
d123,d209_hh244
d123,d169_hh199
d123,d54_hh152
d123,d200_hh261
d123,d88_hh195
d123,d75_hh102
d123,d100_hh63
d123,d23_hh204
d123,d152_hh168
d123,d122_hh159
d123,d169_hh190
d123,d23_hh204
d123,d117_hh140
d123,d143_hh28
d123,d15_hh22
d123,d147_hh54
d123,d59_hh243
d123,d15_hh103
d133,d72_hh42
d133,d54_hh152
d133,d54_hh57
d133,d4_hh29
d133,d191_hh246
d133,d83_hh204
d133,d62_hh251
d133,d106_hh207
d133,d202_hh90
d133,d52_hh115
d133,d62_hh251
d133,d152_hh29
d133,d175_hh52
d133,d95_hh201
d133,d178_hh58
d133,d204_hh56
d133,d174_hh24
d133,d15_hh22
d133,d4_hh65
d133,d17_hh228
d133,d119_hh64
d133,d126_hh207
d133,d13_hh58
d133,d39_hh67
d133,d95_hh56
d133,d149_hh1
d133,d15_hh76
d133,d16_hh294
d133,d182_hh195
d133,d46_hh12
d133,d57_hh216
d133,d132_hh76
d133,d87_hh156
d133,d170_hh117
d133,d42_hh88
d133,d186_hh185
d133,d34_hh160
d133,d17_hh210
d133,d29_hh243
d133,d75_hh264
d133,d17_hh12
d133,d15_hh210
d133,d44_hh164
d133,d110_hh193
d133,d16_hh294
d133,d114_hh47
d133,d23_hh204
d133,d39_hh67
d133,d36_hh226
d133,d4_hh29
d133,d150_hh203
d133,d162_hh213
d133,d160_hh0
d133,d52_hh165
d133,d124_hh40
d133,d29_hh131
d133,d127_hh89
d133,d61_hh41
d133,d59_hh112
d133,d202_hh90
d133,d39_hh66
d133,d93_hh18
d133,d128_hh246
d133,d214_hh13
d133,d101_hh129
d133,d158_hh107
d133,d171_hh23
d133,d46_hh194
d133,d122_hh231
d133,d65_hh101
d133,d120_hh269
d133,d207_hh219
d133,d159_hh64
d133,d205_hh196
d133,d137_hh106
d133,d15_hh76
d133,d164_hh122
d133,d213_hh252
d133,d73_hh184
d133,d104_hh58
d133,d215_hh105
d133,d54_hh61
d133,d95_hh56
d133,d50_hh217
d133,d42_hh185
d133,d17_hh213
d133,d91_hh90
d133,d143_hh28
d133,d152_hh168
d133,d182_hh149
d133,d166_hh150
d133,d126_hh207
d133,d158_hh86
d133,d31_hh127
d133,d209_hh219
d133,d174_hh242
d133,d17_hh228
d133,d117_hh11
d133,d111_hh227
d133,d207_hh191
d133,d57_hh286
d133,d11_hh53
d133,d35_hh263
d133,d57_hh286
d133,d213_hh62
d133,d117_hh140
d133,d83_hh76
d133,d61_hh41
d133,d2_hh151
d133,d134_hh270
d133,d23_hh93
d133,d175_hh52
d133,d17_hh228
d133,d42_hh58
d133,d102_hh200
d133,d126_hh167
d133,d127_hh89
d133,d182_hh195
d133,d138_hh150
d133,d204_hh87
d133,d209_hh149
d133,d15_hh103
d133,d170_hh117
d133,d208_hh240
d133,d152_hh29
d133,d29_hh131
d133,d134_hh270
d133,d75_hh102
d133,d88_hh195
d133,d213_hh125
d133,d123_hh129
d133,d122_hh231
d133,d132_hh44
d133,d191_hh53
d133,d205_hh196
d133,d191_hh246
d133,d164_hh122
d133,d102_hh242
d133,d16_hh294
d133,d200_hh77
d133,d42_hh185
d133,d163_hh145
d133,d90_hh233
d133,d174_hh24
d133,d186_hh185
d133,d169_hh199
d133,d109_hh67
d133,d147_hh43
d133,d29_hh131
d133,d174_hh242
d133,d214_hh13
d133,d132_hh76
d133,d17_hh213
d133,d48_hh118
d133,d154_hh2
d133,d177_hh145
d133,d73_hh184
d133,d210_hh200
d133,d4_hh29
d133,d161_hh203
d133,d29_hh85
d133,d204_hh56
d133,d114_hh219
d133,d195_hh47
d133,d78_hh223
d133,d82_hh154
d133,d138_hh150
d133,d131_hh174
d133,d193_hh85
d133,d152_hh88
d133,d137_hh119
d133,d41_hh71
d133,d98_hh177
d133,d132_hh44
d133,d42_hh202
d133,d102_hh201
d133,d195_hh109
d133,d187_hh61
d133,d100_hh91
d133,d177_hh145
d133,d170_hh130
d133,d74_hh257
d133,d169_hh225
d133,d95_hh56
d133,d208_hh253
d133,d72_hh208
d133,d23_hh233
d133,d44_hh38
d133,d66_hh14
d133,d197_hh151
d133,d173_hh163
d133,d4_hh87
d133,d23_hh21
d133,d187_hh87
d133,d161_hh21
d133,d53_hh3
d133,d162_hh213
d133,d102_hh200
d133,d75_hh216
d133,d88_hh36
d133,d42_hh202
d133,d123_hh160
d133,d126_hh263
d133,d15_hh210
d133,d102_hh200
d133,d83_hh204
d133,d54_hh218
d133,d209_hh149
d133,d55_hh94
d133,d193_hh248
d133,d137_hh119
d133,d41_hh150
d133,d123_hh106
d133,d186_hh185
d133,d198_hh188
d133,d102_hh179
d133,d187_hh0
d133,d51_hh231
d133,d57_hh207
d133,d97_hh26
d133,d18_hh227
d133,d93_hh66
d133,d178_hh272
d133,d4_hh65
d133,d90_hh151
d133,d162_hh47
d133,d125_hh135
d133,d100_hh91
d133,d158_hh107
d133,d44_hh38
d133,d209_hh244
d133,d190_hh38
d133,d214_hh47
d133,d174_hh242
d133,d90_hh233
d133,d51_hh231
d133,d178_hh58
d133,d30_hh130
d133,d207_hh191
d133,d97_hh156
d133,d174_hh242
d133,d75_hh102
d133,d164_hh122
d133,d15_hh186
d133,d122_hh159
d133,d4_hh65
d133,d41_hh163
d133,d141_hh128
d133,d74_hh142
d133,d155_hh148
d133,d120_hh161
d133,d170_hh130
d133,d50_hh7
d133,d54_hh218
d133,d215_hh105
d133,d187_hh42
d133,d66_hh240
d133,d59_hh184
d133,d18_hh227
d133,d87_hh245
d133,d143_hh241
d133,d80_hh186
d133,d162_hh47
d133,d90_hh207
d133,d83_hh204
d133,d187_hh0
d133,d21_hh97
d133,d158_hh86
d133,d174_hh42
d133,d91_hh90
d133,d90_hh151
d133,d75_hh216
d133,d17_hh213
d133,d132_hh44
d133,d166_hh239
d133,d50_hh249
d133,d122_hh231
d133,d62_hh251
d133,d169_hh216
d133,d20_hh166
d133,d209_hh11
d133,d162_hh213
d133,d134_hh270
d133,d158_hh86
d133,d182_hh226
d133,d122_hh16
d133,d34_hh160
d133,d51_hh231
d133,d46_hh194
d133,d119_hh24
d133,d114_hh47
d124,d197_hh151
d124,d62_hh251
d124,d65_hh242
d124,d4_hh65
d124,d74_hh107
d124,d158_hh86
d124,d165_hh94
d124,d69_hh240
d124,d119_hh210
d124,d31_hh139
d124,d187_hh7
d124,d77_hh123
d124,d75_hh102
d124,d191_hh53
d124,d30_hh267
d124,d169_hh216
d124,d5_hh5
d124,d21_hh105
d124,d98_hh100
d124,d102_hh242
d124,d135_hh17
d124,d178_hh134
d124,d120_hh269
d124,d149_hh1
d124,d132_hh76
d124,d135_hh2
d124,d80_hh186
d124,d113_hh175
d124,d98_hh100
d124,d98_hh177
d124,d29_hh85
d124,d187_hh0
d124,d171_hh23
d124,d67_hh209
d124,d109_hh67
d124,d2_hh287
d124,d147_hh169
d124,d137_hh119
d124,d41_hh150
d124,d30_hh58
d124,d41_hh206
d124,d80_hh106
d124,d161_hh21
d124,d15_hh186
d124,d184_hh238
d124,d119_hh210
d124,d131_hh102
d124,d207_hh191
d124,d170_hh117
d124,d75_hh102
d124,d162_hh213
d124,d173_hh163
d124,d110_hh252
d124,d120_hh269
d124,d43_hh125
d124,d123_hh129
d124,d208_hh240
d124,d81_hh89
d124,d169_hh225
d124,d158_hh86
d124,d67_hh209
d124,d87_hh156
d124,d57_hh250
d124,d44_hh38
d124,d106_hh207
d124,d163_hh213
d124,d83_hh76
d124,d74_hh243
d124,d74_hh257
d124,d213_hh252
d124,d59_hh243
d124,d213_hh2
d124,d169_hh199
d124,d74_hh15
d124,d123_hh57
d124,d173_hh262
d124,d149_hh107
d124,d74_hh257
d124,d85_hh110
d124,d193_hh138
d124,d31_hh34
d124,d40_hh200
d124,d149_hh107
d124,d152_hh168
d124,d95_hh205
d124,d50_hh217
d124,d91_hh138
d124,d13_hh58
d124,d152_hh168
d124,d154_hh2
d124,d67_hh15
d124,d102_hh242
d124,d124_hh40
d124,d191_hh246
d124,d204_hh239
d124,d118_hh244
d124,d199_hh180
d124,d141_hh27
d124,d30_hh267
d124,d119_hh177
d124,d59_hh243
d124,d35_hh263
d124,d104_hh58
d124,d150_hh203
d124,d209_hh254
d124,d209_hh219
d124,d173_hh163
d124,d158_hh86
d124,d198_hh152
d124,d78_hh223
d124,d143_hh28
d124,d208_hh168
d124,d135_hh17
d124,d149_hh14
d124,d93_hh18
d124,d17_hh228
d124,d182_hh39
d124,d75_hh53
d124,d78_hh39
d124,d55_hh94
d124,d75_hh227
d124,d187_hh7
d124,d51_hh231
d124,d17_hh12
d124,d83_hh76
d124,d125_hh3
d124,d65_hh29
d124,d152_hh88
d124,d42_hh202
d124,d182_hh226
d124,d202_hh90
d124,d208_hh240
d124,d31_hh139
d124,d56_hh4
d124,d204_hh87
d124,d202_hh170
d124,d102_hh242
d124,d36_hh226
d124,d137_hh119
d124,d132_hh44
d124,d53_hh147
d124,d101_hh129
d124,d39_hh66
d124,d90_hh151
d124,d106_hh207
d124,d214_hh47
d124,d123_hh160
d124,d169_hh225
d124,d95_hh164
d124,d163_hh213
d124,d171_hh88
d124,d193_hh138
d124,d97_hh26
d124,d123_hh104
d124,d26_hh40
d124,d199_hh71
d124,d178_hh58
d124,d74_hh243
d124,d126_hh167
d124,d56_hh174
d124,d102_hh179
d124,d72_hh42
d124,d213_hh62
d124,d42_hh19
d124,d102_hh242
d124,d158_hh239
d124,d17_hh210
d124,d75_hh264
d124,d15_hh186
d124,d159_hh183
d124,d122_hh159
d124,d42_hh185
d124,d93_hh18
d124,d54_hh218
d124,d74_hh142
d124,d46_hh245
d124,d152_hh88
d124,d98_hh245
d124,d215_hh105
d124,d101_hh129
d124,d16_hh294
d124,d122_hh16
d124,d198_hh152
d124,d127_hh89
d124,d36_hh94
d124,d34_hh77
d124,d126_hh207
d124,d85_hh184
d124,d4_hh87
d124,d23_hh21
d124,d57_hh286
d124,d101_hh129
d124,d50_hh272
d124,d102_hh242
d124,d120_hh269
d124,d119_hh24
d124,d214_hh13
d124,d57_hh250
d124,d182_hh39
d124,d173_hh163
d124,d137_hh119
d124,d78_hh39
d124,d202_hh205
d124,d91_hh90
d124,d50_hh7
d124,d56_hh262
d124,d20_hh166
d124,d141_hh27
d124,d31_hh139
d124,d175_hh131
d124,d143_hh28
d124,d74_hh107
d124,d122_hh159
d124,d83_hh153
d124,d85_hh110
d124,d65_hh101
d124,d102_hh200
d124,d67_hh15
d124,d62_hh251
d124,d50_hh217
d124,d131_hh24
d124,d208_hh168
d124,d44_hh164
d124,d46_hh53
d124,d59_hh112
d124,d123_hh160
d124,d11_hh128
d124,d85_hh110
d124,d100_hh145
d124,d42_hh58
d124,d174_hh42
d124,d209_hh219
d124,d164_hh123
d124,d17_hh213
d124,d198_hh152
d124,d73_hh184
d124,d50_hh272
d124,d213_hh62
d124,d182_hh229
d124,d106_hh207
d124,d209_hh244
d124,d4_hh202
d124,d31_hh139
d124,d118_hh244
d124,d52_hh165
d124,d125_hh3
d124,d140_hh85
d124,d150_hh207
d124,d208_hh168
d124,d178_hh157
d124,d98_hh84
d124,d179_hh1
d124,d23_hh93
d124,d199_hh180
d124,d202_hh170
d124,d214_hh70
d124,d182_hh229
d124,d77_hh123
d124,d62_hh22
d124,d42_hh88
d124,d30_hh267
d124,d12_hh23
d124,d120_hh248
d124,d182_hh39
d124,d96_hh110
d124,d131_hh180
d124,d198_hh152
d124,d16_hh287
d124,d65_hh29
d124,d2_hh217
d124,d173_hh163
d124,d39_hh66
d124,d134_hh223
d124,d29_hh85
d124,d117_hh11
d124,d12_hh23
d124,d80_hh106
d124,d83_hh117
d125,d202_hh90
d125,d75_hh227
d125,d135_hh2
d125,d123_hh160
d125,d128_hh126
d125,d104_hh175
d125,d12_hh23
d125,d62_hh22
d125,d41_hh206
d125,d16_hh287
d125,d125_hh135
d125,d13_hh58
d125,d55_hh94
d125,d2_hh151
d125,d20_hh166
d125,d178_hh58
d125,d109_hh88
d125,d119_hh64
d125,d91_hh138
d125,d52_hh115
d125,d118_hh173
d125,d155_hh148
d125,d174_hh42
d125,d158_hh136
d125,d123_hh129
d125,d137_hh106
d125,d132_hh188
d125,d81_hh89
d125,d90_hh233
d125,d15_hh103
d125,d93_hh66
d125,d46_hh69
d125,d214_hh70
d125,d39_hh67
d125,d4_hh65
d125,d111_hh227
d125,d21_hh97
d125,d114_hh66
d125,d59_hh112
d125,d213_hh247
d125,d102_hh179
d125,d193_hh248
d125,d202_hh205
d125,d175_hh131
d125,d57_hh166
d125,d163_hh213
d125,d208_hh168
d125,d122_hh144
d125,d141_hh27
d125,d141_hh128
d125,d170_hh117
d125,d23_hh204
d125,d95_hh164
d125,d135_hh2
d125,d15_hh22
d125,d72_hh208
d125,d91_hh90
d125,d120_hh269
d125,d193_hh248
d125,d169_hh225
d125,d101_hh129
d125,d214_hh70
d125,d62_hh259
d125,d128_hh28
d125,d213_hh2
d125,d50_hh272
d125,d43_hh125
d125,d174_hh24
d125,d59_hh112
d125,d171_hh71
d125,d182_hh229
d125,d83_hh117
d125,d139_hh214
d125,d16_hh294
d125,d114_hh47
d125,d158_hh239
d125,d2_hh68
d125,d21_hh105
d125,d98_hh100
d125,d33_hh58
d125,d2_hh151
d125,d39_hh66
d125,d123_hh106
d125,d209_hh219
d125,d61_hh41
d125,d29_hh243
d125,d134_hh223
d125,d198_hh152
d125,d191_hh53
d125,d171_hh88
d125,d52_hh33
d125,d126_hh207
d125,d177_hh163
d125,d182_hh39
d125,d129_hh122
d125,d50_hh249
d125,d186_hh185
d125,d93_hh66
d125,d177_hh163
d125,d202_hh90
d125,d78_hh223
d125,d55_hh254
d125,d111_hh131
d125,d46_hh69
d125,d132_hh44
d125,d152_hh88
d125,d209_hh219
d125,d72_hh42
d125,d195_hh109
d125,d87_hh156
d125,d81_hh89
d125,d202_hh264
d125,d61_hh155
d125,d59_hh112
d125,d39_hh99
d125,d17_hh106
d125,d77_hh123
d125,d166_hh239
d125,d57_hh216
d125,d131_hh180
d125,d207_hh219
d125,d174_hh42
d125,d182_hh195
d125,d77_hh123
d125,d98_hh100
d125,d207_hh191
d125,d160_hh88
d125,d4_hh87
d125,d182_hh195
d125,d88_hh195
d125,d131_hh174
d125,d155_hh210
d125,d15_hh264
d125,d177_hh163
d125,d178_hh272
d125,d128_hh126
d125,d202_hh90
d125,d118_hh118
d125,d204_hh87
d125,d15_hh22
d125,d123_hh106
d125,d54_hh189
d125,d155_hh210
d125,d100_hh91
d125,d57_hh286
d125,d186_hh185
d125,d123_hh129
d125,d155_hh148
d125,d154_hh2
d125,d46_hh53
d125,d214_hh210
d125,d90_hh233
d125,d2_hh217
d125,d123_hh84
d125,d193_hh85
d125,d52_hh115
d125,d97_hh26
d125,d123_hh106
d125,d198_hh152
d125,d130_hh142
d125,d15_hh22
d125,d213_hh211
d125,d54_hh222
d125,d159_hh183
d125,d59_hh112
d125,d178_hh157
d125,d23_hh233
d125,d2_hh217
d125,d169_hh190
d125,d4_hh87
d125,d42_hh58
d125,d169_hh216
d125,d154_hh2
d125,d100_hh91
d125,d54_hh61
d125,d171_hh88
d125,d50_hh272
d125,d57_hh166
d125,d129_hh122
d125,d208_hh168
d125,d178_hh191
d125,d169_hh225
d125,d21_hh97
d125,d164_hh122
d125,d174_hh242
d125,d155_hh148
d125,d96_hh110
d125,d29_hh243
d125,d195_hh47
d125,d65_hh29
d125,d95_hh56
d125,d104_hh175
d125,d198_hh136
d125,d83_hh117
d125,d44_hh164
d125,d87_hh156
d125,d95_hh201
d125,d83_hh153
d125,d182_hh74
d125,d104_hh270
d125,d97_hh26
d125,d200_hh261
d125,d152_hh168
d125,d15_hh22
d125,d65_hh29
d125,d41_hh206
d125,d184_hh238
d125,d199_hh180
d125,d175_hh52
d125,d98_hh84
d125,d202_hh264
d125,d55_hh254
d125,d166_hh164
d125,d51_hh231
d125,d114_hh219
d125,d117_hh140
d125,d57_hh286
d125,d200_hh261
d125,d33_hh58
d125,d44_hh164
d125,d138_hh83
d125,d72_hh208
d125,d169_hh225
d125,d36_hh94
d125,d111_hh227
d125,d214_hh41
d125,d169_hh199
d125,d118_hh173
d125,d98_hh223
d125,d119_hh95
d125,d97_hh156
d125,d56_hh174
d125,d56_hh262
d125,d174_hh42
d125,d174_hh24
d125,d208_hh168
d125,d182_hh229
d125,d15_hh210
d125,d152_hh29
d125,d125_hh3
d125,d100_hh91
d125,d171_hh88
d125,d74_hh142
d125,d62_hh259
d125,d87_hh245
d125,d126_hh4
d125,d15_hh103
d125,d59_hh243
d125,d29_hh85
d125,d15_hh186
d125,d182_hh39
d125,d150_hh207
d125,d137_hh106
d125,d120_hh248
d125,d50_hh217
d125,d130_hh244
d125,d69_hh240
d125,d213_hh211
d125,d202_hh264
d125,d193_hh85
d125,d170_hh117
d125,d104_hh116
d125,d15_hh186
d125,d102_hh201
d125,d208_hh253
d125,d54_hh152
d125,d83_hh204
d125,d150_hh203
d125,d209_hh11
d125,d173_hh163
d125,d209_hh219
d125,d214_hh41
d125,d39_hh66
d125,d149_hh107
d125,d178_hh157
d126,d149_hh14
d126,d57_hh286
d126,d20_hh166
d126,d26_hh40
d126,d143_hh28
d126,d41_hh150
d126,d75_hh25
d126,d122_hh144
d126,d81_hh89
d126,d208_hh168
d126,d178_hh191
d126,d15_hh186
d126,d200_hh261
d126,d195_hh19
d126,d2_hh173
d126,d19_hh130
d126,d174_hh242
d126,d74_hh243
d126,d17_hh228
d126,d163_hh145
d126,d132_hh44
d126,d158_hh136
d126,d95_hh205
d126,d202_hh264
d126,d104_hh270
d126,d202_hh205
d126,d191_hh246
d126,d13_hh58
d126,d208_hh168
d126,d149_hh107
d126,d38_hh165
d126,d36_hh94
d126,d140_hh85
d126,d51_hh151
d126,d124_hh40
d126,d80_hh186
d126,d98_hh223
d126,d209_hh219
d126,d66_hh240
d126,d53_hh147
d126,d15_hh264
d126,d134_hh270
d126,d202_hh264
d126,d31_hh127
d126,d210_hh200
d126,d90_hh151
d126,d187_hh61
d126,d15_hh186
d126,d195_hh109
d126,d126_hh207
d126,d54_hh189
d126,d118_hh118
d126,d56_hh174
d126,d120_hh248
d126,d123_hh160
d126,d39_hh99
d126,d80_hh106
d126,d15_hh210
d126,d75_hh227
d126,d59_hh112
d126,d43_hh125
d126,d2_hh151
d126,d160_hh0
d126,d152_hh168
d126,d24_hh92
d126,d4_hh29
d126,d80_hh186
d126,d23_hh21
d126,d204_hh56
d126,d125_hh135
d126,d80_hh236
d126,d98_hh223
d126,d43_hh125
d126,d171_hh88
d126,d66_hh240
d126,d52_hh165
d126,d213_hh62
d126,d202_hh90
d126,d174_hh24
d126,d128_hh246
d126,d85_hh184
d126,d4_hh29
d126,d62_hh22
d126,d123_hh129
d126,d29_hh131
d126,d178_hh58
d126,d40_hh200
d126,d123_hh84
d126,d166_hh24
d126,d98_hh84
d126,d158_hh136
d126,d159_hh183
d126,d54_hh218
d126,d152_hh168
d126,d46_hh194
d126,d159_hh183
d126,d123_hh106
d126,d150_hh203
d126,d109_hh67
d126,d169_hh216
d126,d75_hh25
d126,d66_hh240
d126,d124_hh40
d126,d119_hh24
d126,d23_hh204
d126,d82_hh154
d126,d149_hh107
d126,d93_hh66
d126,d39_hh99
d126,d178_hh134
d126,d118_hh244
d126,d131_hh205
d126,d93_hh18
d126,d149_hh14
d126,d51_hh151
d126,d126_hh4
d126,d83_hh117
d126,d110_hh252
d126,d15_hh22
d126,d209_hh219
d126,d83_hh76
d126,d155_hh148
d126,d73_hh184
d126,d81_hh89
d126,d102_hh201
d126,d109_hh88
d126,d143_hh28
d126,d141_hh128
d126,d21_hh105
d126,d83_hh204
d126,d124_hh40
d126,d174_hh242
d126,d119_hh64
d126,d169_hh199
d126,d159_hh183
d126,d200_hh102
d126,d134_hh223
d126,d187_hh0
d126,d53_hh3
d126,d178_hh134
d126,d99_hh225
d126,d166_hh150
d126,d23_hh21
d126,d53_hh147
d126,d98_hh223
d126,d120_hh248
d126,d127_hh89
d126,d109_hh67
d126,d67_hh15
d126,d158_hh107
d126,d74_hh142
d126,d182_hh226
d126,d174_hh242
d126,d152_hh88
d126,d26_hh40
d126,d83_hh76
d126,d100_hh48
d126,d2_hh287
d126,d67_hh15
d126,d195_hh19
d126,d117_hh74
d126,d114_hh47
d126,d83_hh204
d126,d73_hh242
d126,d131_hh180
d126,d170_hh117
d126,d97_hh156
d126,d174_hh242
d126,d72_hh42
d126,d141_hh128
d126,d52_hh165
d126,d104_hh270
d126,d50_hh272
d126,d213_hh125
d126,d178_hh272
d126,d150_hh203
d126,d204_hh56
d126,d132_hh76
d126,d38_hh165
d126,d214_hh210
d126,d97_hh156
d126,d169_hh216
d126,d80_hh186
d126,d147_hh169
d126,d62_hh22
d126,d198_hh188
d126,d166_hh239
d126,d135_hh2
d126,d214_hh41
d126,d138_hh83
d126,d178_hh272
d126,d123_hh106
d126,d75_hh25
d126,d46_hh194
d126,d73_hh242
d126,d80_hh106
d126,d54_hh222
d126,d74_hh243
d126,d123_hh84
d126,d83_hh153
d126,d195_hh47
d126,d166_hh24
d126,d175_hh52
d126,d31_hh139
d126,d109_hh67
d126,d175_hh131
d126,d213_hh62
d126,d74_hh142
d126,d208_hh240
d126,d213_hh247
d126,d159_hh64
d126,d161_hh185
d126,d15_hh80
d126,d100_hh48
d126,d177_hh163
d126,d126_hh263
d126,d46_hh69
d126,d75_hh227
d126,d165_hh94
d126,d59_hh184
d126,d87_hh156
d126,d175_hh131
d126,d182_hh195
d126,d100_hh91
d126,d23_hh233
d126,d39_hh99
d126,d95_hh205
d126,d31_hh127
d126,d101_hh129
d126,d42_hh185
d126,d187_hh42
d126,d2_hh217
d126,d57_hh286
d126,d88_hh195
d126,d50_hh272
d126,d74_hh15
d126,d46_hh12
d126,d23_hh204
d126,d4_hh80
d126,d15_hh76
d126,d111_hh131
d126,d184_hh158
d126,d57_hh16
d126,d4_hh202
d126,d214_hh47
d126,d95_hh205
d126,d199_hh71
d126,d114_hh66
d126,d164_hh122
d126,d141_hh27
d126,d130_hh142
d126,d213_hh178
d126,d96_hh110
d126,d138_hh83
d126,d38_hh159
d126,d177_hh145
d126,d39_hh99
d126,d209_hh254
d126,d54_hh44
d126,d182_hh229
d126,d120_hh161
d126,d16_hh287
d126,d41_hh150
d126,d109_hh88
d126,d74_hh15
d126,d213_hh2
d126,d162_hh213
d126,d16_hh287
d126,d174_hh213
d126,d4_hh65
d126,d195_hh109
d126,d200_hh77
d126,d174_hh213
d121,d71_hh152
d121,d49_hh89
d121,d108_hh195
d121,d22_hh0
d121,d70_hh135
d121,d10_hh60
d121,d189_hh106
d121,d201_hh86
d121,d192_hh169
d121,d10_hh60
d121,d49_hh149
d121,d189_hh80
d121,d105_hh161
d121,d148_hh189
d121,d89_hh65
d121,d103_hh264
d121,d103_hh175
d121,d70_hh85
d121,d60_hh210
d121,d27_hh16
d121,d107_hh143
d121,d108_hh195
d121,d64_hh271
d121,d108_hh35
d121,d25_hh250
d121,d86_hh114
d121,d211_hh181
d121,d181_hh267
d121,d107_hh211
d121,d70_hh243
d121,d194_hh13
d121,d25_hh250
d121,d28_hh260
d121,d60_hh172
d121,d107_hh42
d121,d185_hh17
d121,d64_hh165
d121,d148_hh221
d121,d79_hh76
d121,d188_hh223
d121,d70_hh85
d121,d115_hh51
d121,d89_hh65
d121,d3_hh98
d121,d194_hh102
d121,d22_hh155
d121,d108_hh195
d121,d188_hh223
d121,d145_hh2
d121,d206_hh283
d121,d203_hh30
d121,d107_hh0
d121,d49_hh237
d121,d84_hh220
d121,d115_hh85
d121,d203_hh11
d121,d206_hh283
d121,d203_hh11
d121,d84_hh62
d121,d188_hh223
d121,d3_hh7
d121,d68_hh230
d121,d151_hh146
d121,d45_hh183
d121,d189_hh237
d121,d151_hh194
d121,d60_hh210
d121,d115_hh85
d121,d22_hh225
d121,d203_hh30
d121,d49_hh131
d121,d108_hh277
d121,d86_hh70
d121,d206_hh151
d121,d10_hh60
d121,d79_hh182
d121,d203_hh30
d121,d115_hh85
d121,d86_hh70
d121,d10_hh60
d121,d22_hh155
d121,d86_hh70
d121,d86_hh70
d121,d194_hh102
d121,d167_hh41
d121,d151_hh146
d121,d27_hh145
d121,d153_hh185
d121,d103_hh72
d121,d145_hh2
d121,d10_hh60
d121,d194_hh224
d121,d121_hh238
d121,d176_hh239
d121,d25_hh250
d121,d167_hh167
d121,d211_hh181
d121,d63_hh157
d121,d115_hh51
d121,d70_hh135
d121,d181_hh267
d121,d79_hh182
d121,d153_hh185
d121,d203_hh30
d121,d84_hh62
d121,d148_hh221
d121,d201_hh86
d121,d121_hh238
d121,d108_hh40
d121,d60_hh165
d121,d25_hh250
d121,d107_hh76
d121,d192_hh28
d121,d10_hh60
d121,d27_hh145
d121,d64_hh69
d121,d192_hh0
d121,d194_hh224
d121,d212_hh78
d121,d194_hh224
d121,d115_hh2
d121,d10_hh60
d121,d27_hh65
d121,d45_hh183
d121,d84_hh101
d121,d192_hh159
d121,d3_hh279
d121,d49_hh198
d121,d192_hh169
d121,d153_hh185
d121,d86_hh70
d121,d107_hh260
d121,d103_hh172
d121,d176_hh239
d121,d115_hh2
d121,d108_hh40
d121,d28_hh124
d121,d212_hh78
d121,d188_hh223
d121,d145_hh150
d121,d148_hh98
d121,d108_hh277
d121,d68_hh230
d121,d22_hh0
d121,d63_hh157
d121,d86_hh70
d121,d14_hh160
d121,d79_hh182
d121,d49_hh245
d121,d86_hh70
d121,d49_hh131
d121,d64_hh69
d121,d14_hh160
d121,d10_hh60
d121,d108_hh35
d121,d206_hh256
d121,d25_hh250
d121,d94_hh178
d121,d49_hh237
d121,d107_hh76
d121,d206_hh151
d121,d49_hh155
d121,d60_hh165
d121,d211_hh181
d121,d60_hh210
d121,d107_hh0
d121,d64_hh271
d121,d211_hh181
d121,d10_hh110
d121,d3_hh7
d121,d167_hh41
d121,d167_hh167
d121,d107_hh76
d121,d157_hh104
d121,d14_hh160
d121,d60_hh165
d121,d194_hh224
d121,d188_hh137
d121,d10_hh46
d121,d70_hh243
d121,d28_hh124
d121,d22_hh0
d121,d145_hh145
d121,d79_hh93
d121,d108_hh127
d121,d188_hh98
d121,d201_hh28
d121,d201_hh28
d121,d181_hh59
d121,d64_hh165
d121,d64_hh271
d121,d206_hh151
d121,d6_hh77
d121,d108_hh277
d121,d108_hh40
d121,d10_hh60
d121,d144_hh285
d121,d63_hh157
d121,d86_hh70
d121,d105_hh238
d121,d45_hh140
d121,d108_hh127
d121,d201_hh28
d121,d188_hh98
d121,d115_hh51
d121,d89_hh77
d121,d206_hh256
d121,d167_hh167
d121,d49_hh245
d121,d115_hh85
d121,d28_hh260
d121,d145_hh2
d121,d68_hh230
d121,d196_hh34
d121,d167_hh167
d121,d192_hh169
d121,d151_hh194
d121,d194_hh13
d121,d105_hh161
d121,d206_hh188
d121,d188_hh137
d121,d211_hh181
d121,d84_hh220
d121,d148_hh82
d121,d196_hh175
d121,d145_hh145
d121,d108_hh35
d121,d94_hh178
d121,d148_hh98
d121,d27_hh16
d121,d167_hh36
d121,d105_hh238
d121,d189_hh80
d121,d136_hh236
d121,d144_hh285
d121,d64_hh271
d121,d108_hh40
d121,d201_hh28
d121,d176_hh239
d121,d70_hh79
d121,d115_hh2
d121,d49_hh198
d121,d148_hh98
d121,d9_hh176
d121,d79_hh182
d121,d86_hh70
d121,d121_hh238
d121,d172_hh1
d121,d188_hh98
d121,d181_hh267
d121,d86_hh70
d121,d45_hh140
d121,d136_hh236
d121,d181_hh267
d121,d167_hh36
d121,d203_hh30
d121,d22_hh0
d121,d45_hh140
d121,d151_hh194
d121,d84_hh220
d121,d144_hh285
d121,d115_hh2
d121,d194_hh102
d121,d206_hh283
d121,d189_hh80
d121,d45_hh140
d121,d167_hh41
d121,d180_hh34
d121,d28_hh260
d121,d196_hh175
d121,d201_hh21
d121,d49_hh149
d121,d89_hh65
d121,d27_hh145
d121,d63_hh98
d140,d131_hh174
d140,d53_hh147
d140,d43_hh125
d140,d141_hh129
d140,d123_hh84
d140,d209_hh149
d140,d90_hh151
d140,d187_hh87
d140,d91_hh138
d140,d122_hh144
d140,d44_hh38
d140,d174_hh213
d140,d178_hh272
d140,d132_hh76
d140,d139_hh214
d140,d50_hh217
d140,d62_hh251
d140,d78_hh223
d140,d15_hh210
d140,d34_hh160
d140,d74_hh15
d140,d119_hh24
d140,d149_hh107
d140,d122_hh159
d140,d122_hh159
d140,d178_hh134
d140,d102_hh242
d140,d131_hh205
d140,d122_hh16
d140,d149_hh1
d140,d152_hh168
d140,d91_hh178
d140,d197_hh151
d140,d213_hh211
d140,d175_hh52
d140,d178_hh191
d140,d178_hh157
d140,d114_hh66
d140,d162_hh47
d140,d178_hh58
d140,d182_hh39
d140,d199_hh49
d140,d17_hh228
d140,d131_hh24
d140,d83_hh153
d140,d126_hh263
d140,d75_hh25
d140,d50_hh217
d140,d186_hh185
d140,d74_hh243
d140,d187_hh0
d140,d29_hh243
d140,d166_hh164
d140,d131_hh102
d140,d66_hh213
d140,d200_hh261
d140,d34_hh160
d140,d33_hh58
d140,d54_hh57
d140,d122_hh231
d140,d190_hh38
d140,d82_hh154
d140,d16_hh287
d140,d15_hh186
d140,d97_hh156
d140,d175_hh52
d140,d23_hh93
d140,d164_hh122
d140,d20_hh166
d140,d166_hh24
d140,d46_hh245
d140,d102_hh200
d140,d161_hh21
d140,d123_hh129
d140,d74_hh142
d140,d66_hh207
d140,d54_hh61
d140,d213_hh247
d140,d117_hh74
d140,d178_hh173
d140,d40_hh152
d140,d195_hh19
d140,d197_hh151
d140,d96_hh110
d140,d57_hh286
d140,d123_hh57
d140,d15_hh210
d140,d199_hh49
d140,d50_hh272
d140,d178_hh191
d140,d110_hh193
d140,d150_hh207
d140,d23_hh233
d140,d193_hh85
d140,d141_hh128
d140,d199_hh49
d140,d126_hh263
d140,d131_hh205
d140,d209_hh149
d140,d106_hh207
d140,d193_hh85
d140,d209_hh149
d140,d29_hh131
d140,d133_hh135
d140,d56_hh262
d140,d91_hh21
d140,d66_hh207
d140,d202_hh170
d140,d52_hh33
d140,d110_hh252
d140,d126_hh207
d140,d74_hh243
d140,d182_hh229
d140,d74_hh107
d140,d118_hh118
d140,d126_hh207
d140,d50_hh217
d140,d114_hh47
d140,d26_hh40
d140,d90_hh233
d140,d174_hh24
d140,d200_hh102
d140,d143_hh241
d140,d26_hh40
d140,d160_hh0
d140,d30_hh58
d140,d23_hh204
d140,d46_hh12
d140,d209_hh254
d140,d97_hh156
d140,d110_hh252
d140,d23_hh204
d140,d57_hh216
d140,d66_hh213
d140,d141_hh27
d140,d197_hh151
d140,d75_hh227
d140,d198_hh136
d140,d150_hh207
d140,d209_hh244
d140,d54_hh44
d140,d118_hh118
d140,d198_hh152
d140,d205_hh196
d140,d128_hh126
d140,d104_hh58
d140,d125_hh3
d140,d85_hh110
d140,d51_hh151
d140,d165_hh94
d140,d131_hh174
d140,d109_hh67
d140,d138_hh82
d140,d26_hh40
d140,d29_hh131
d140,d118_hh118
d140,d102_hh242
d140,d31_hh127
d140,d149_hh107
d140,d182_hh226
d140,d85_hh110
d140,d202_hh90
d140,d149_hh14
d140,d2_hh180
d140,d123_hh104
d140,d117_hh74
d140,d111_hh131
d140,d100_hh145
d140,d57_hh250
d140,d54_hh189
d140,d138_hh83
d140,d85_hh110
d140,d67_hh15
d140,d57_hh16
d140,d205_hh196
d140,d50_hh217
d140,d62_hh98
d140,d101_hh155
d140,d18_hh137
d140,d147_hh43
d140,d36_hh94
d140,d169_hh199
d140,d31_hh139
d140,d154_hh2
d140,d127_hh89
d140,d119_hh64
d140,d18_hh137
d140,d179_hh1
d140,d42_hh19
d140,d15_hh103
d140,d186_hh185
d140,d118_hh118
d140,d15_hh210
d140,d213_hh211
d140,d57_hh286
d140,d40_hh200
d140,d133_hh135
d140,d98_hh223
d140,d57_hh16
d140,d34_hh160
d140,d199_hh71
d140,d39_hh99
d140,d111_hh227
d140,d59_hh243
d140,d139_hh214
d140,d178_hh191
d140,d54_hh152
d140,d29_hh131
d140,d165_hh94
d140,d129_hh122
d140,d15_hh210
d140,d158_hh239
d140,d143_hh241
d140,d50_hh7
d140,d17_hh210
d140,d42_hh185
d140,d123_hh106
d140,d117_hh11
d140,d101_hh129
d140,d74_hh243
d140,d21_hh105
d140,d214_hh13
d140,d141_hh128
d140,d91_hh90
d140,d102_hh201
d140,d155_hh18
d140,d150_hh207
d140,d213_hh178
d140,d123_hh119
d140,d179_hh1
d140,d17_hh213
d140,d114_hh47
d140,d75_hh227
d140,d174_hh213
d140,d182_hh39
d140,d200_hh261
d140,d98_hh100
d140,d165_hh94
d140,d78_hh223
d140,d96_hh110
d140,d17_hh12
d140,d62_hh259
d140,d102_hh200
d140,d182_hh39
d140,d134_hh223
d140,d209_hh219
d140,d42_hh19
d140,d111_hh131
d140,d30_hh58
d140,d119_hh177
d140,d30_hh130
d140,d16_hh294
d140,d15_hh186
d140,d90_hh207
d140,d81_hh89
d140,d85_hh110
d140,d15_hh22
d140,d161_hh203
d140,d93_hh66
d140,d159_hh64
d140,d209_hh149
d140,d91_hh199
d140,d15_hh264
d140,d193_hh248
d140,d98_hh100
d140,d29_hh85
d140,d4_hh87
d140,d17_hh12
d140,d159_hh183
d140,d161_hh21
d140,d39_hh66
d140,d50_hh217
d140,d100_hh145
d140,d125_hh135
d140,d119_hh210
d140,d91_hh90
d140,d164_hh122
d140,d2_hh151
d140,d134_hh270
d127,d110_hh193
d127,d35_hh263
d127,d72_hh208
d127,d191_hh53
d127,d143_hh28
d127,d39_hh66
d127,d182_hh149
d127,d42_hh202
d127,d131_hh180
d127,d61_hh155
d127,d175_hh131
d127,d29_hh85
d127,d54_hh61
d127,d54_hh189
d127,d75_hh216
d127,d74_hh15
d127,d15_hh210
d127,d169_hh216
d127,d85_hh184
d127,d42_hh88
d127,d117_hh11
d127,d67_hh15
d127,d207_hh219
d127,d104_hh58
d127,d110_hh252
d127,d200_hh102
d127,d31_hh127
d127,d132_hh46
d127,d67_hh15
d127,d182_hh229
d127,d97_hh26
d127,d21_hh105
d127,d123_hh129
d127,d62_hh259
d127,d209_hh149
d127,d30_hh267
d127,d50_hh249
d127,d31_hh127
d127,d85_hh184
d127,d104_hh116
d127,d149_hh14
d127,d191_hh246
d127,d38_hh159
d127,d66_hh18
d127,d213_hh247
d127,d133_hh111
d127,d122_hh16
d127,d123_hh57
d127,d66_hh240
d127,d57_hh166
d127,d54_hh189
d127,d102_hh201
d127,d174_hh213
d127,d174_hh42
d127,d169_hh225
d127,d23_hh93
d127,d123_hh160
d127,d177_hh163
d127,d53_hh147
d127,d114_hh47
d127,d169_hh225
d127,d31_hh127
d127,d134_hh223
d127,d158_hh107
d127,d2_hh180
d127,d83_hh117
d127,d50_hh272
d127,d161_hh185
d127,d42_hh58
d127,d213_hh247
d127,d125_hh3
d127,d158_hh86
d127,d214_hh47
d127,d213_hh2
d127,d169_hh216
d127,d147_hh54
d127,d134_hh270
d127,d214_hh41
d127,d209_hh254
d127,d2_hh180
d127,d46_hh69
d127,d54_hh189
d127,d209_hh254
d127,d23_hh93
d127,d4_hh29
d127,d182_hh149
d127,d16_hh294
d127,d209_hh219
d127,d143_hh28
d127,d122_hh16
d127,d208_hh240
d127,d95_hh56
d127,d149_hh14
d127,d17_hh228
d127,d81_hh89
d127,d158_hh107
d127,d187_hh7
d127,d132_hh76
d127,d143_hh241
d127,d129_hh122
d127,d128_hh28
d127,d17_hh106
d127,d38_hh159
d127,d74_hh257
d127,d199_hh49
d127,d88_hh195
d127,d2_hh151
d127,d200_hh77
d127,d19_hh130
d127,d36_hh226
d127,d61_hh41
d127,d197_hh151
d127,d93_hh66
d127,d35_hh2
d127,d100_hh63
d127,d127_hh89
d127,d163_hh145
d127,d214_hh41
d127,d98_hh100
d127,d109_hh88
d127,d137_hh106
d127,d132_hh46
d127,d131_hh205
d127,d95_hh56
d127,d205_hh196
d127,d125_hh3
d127,d109_hh88
d127,d113_hh175
d127,d193_hh248
d127,d191_hh246
d127,d119_hh177
d127,d78_hh39
d127,d75_hh264
d127,d119_hh64
d127,d162_hh213
d127,d67_hh209
d127,d204_hh87
d127,d62_hh98
d127,d170_hh117
d127,d174_hh213
d127,d131_hh102
d127,d199_hh71
d127,d97_hh26
d127,d23_hh93
d127,d169_hh216
d127,d175_hh52
d127,d59_hh251
d127,d126_hh263
d127,d204_hh87
d127,d104_hh270
d127,d54_hh218
d127,d104_hh175
d127,d171_hh88
d127,d131_hh102
d127,d209_hh219
d127,d87_hh156
d127,d80_hh236
d127,d21_hh97
d127,d147_hh169
d127,d111_hh227
d127,d26_hh40
d127,d169_hh199
d127,d162_hh213
d127,d119_hh95
d127,d200_hh77
d127,d200_hh77
d127,d80_hh106
d127,d83_hh76
d127,d149_hh1
d127,d52_hh115
d127,d100_hh48
d127,d199_hh180
d127,d132_hh76
d127,d42_hh185
d127,d191_hh53
d127,d119_hh177
d127,d75_hh102
d127,d62_hh259
d127,d80_hh236
d127,d56_hh4
d127,d29_hh85
d127,d100_hh91
d127,d187_hh42
d127,d214_hh70
d127,d169_hh199
d127,d20_hh166
d127,d54_hh152
d127,d39_hh99
d127,d123_hh106
d127,d171_hh88
d127,d102_hh201
d127,d95_hh205
d127,d29_hh243
d127,d210_hh200
d127,d42_hh88
d127,d98_hh245
d127,d40_hh200
d127,d178_hh157
d127,d138_hh83
d127,d129_hh122
d127,d90_hh233
d127,d46_hh194
d127,d54_hh57
d127,d130_hh142
d127,d117_hh74
d127,d110_hh252
d127,d209_hh149
d127,d11_hh128
d127,d132_hh188
d127,d138_hh82
d127,d137_hh106
d127,d114_hh66
d127,d128_hh126
d127,d91_hh21
d127,d54_hh44
d127,d178_hh191
d127,d163_hh145
d127,d119_hh24
d127,d16_hh294
d127,d214_hh41
d127,d120_hh161
d127,d95_hh56
d127,d65_hh29
d127,d199_hh180
d127,d177_hh163
d127,d199_hh180
d127,d164_hh122
d127,d62_hh22
d127,d19_hh38
d127,d147_hh54
d127,d193_hh85
d127,d175_hh131
d127,d102_hh200
d127,d40_hh152
d127,d4_hh29
d127,d85_hh144
d127,d40_hh152
d127,d90_hh233
d127,d123_hh160
d127,d2_hh180
d127,d124_hh40
d127,d143_hh241
d127,d122_hh159
d127,d118_hh244
d127,d15_hh76
d127,d119_hh64
d127,d75_hh216
d127,d95_hh56
d127,d177_hh163
d127,d78_hh39
d127,d12_hh23
d127,d17_hh106
d127,d97_hh26
d127,d106_hh207
d127,d90_hh233
d127,d200_hh21
d127,d39_hh154
d127,d114_hh47
d127,d209_hh219
d127,d15_hh186
d127,d158_hh86
d127,d95_hh164
d127,d147_hh54
d127,d125_hh3
d127,d31_hh139
d127,d208_hh253
d129,d62_hh259
d129,d15_hh22
d129,d199_hh49
d129,d34_hh77
d129,d74_hh15
d129,d98_hh245
d129,d51_hh231
d129,d36_hh94
d129,d165_hh94
d129,d119_hh24
d129,d133_hh111
d129,d57_hh286
d129,d51_hh231
d129,d112_hh8
d129,d152_hh168
d129,d193_hh138
d129,d138_hh82
d129,d123_hh106
d129,d78_hh223
d129,d123_hh104
d129,d30_hh267
d129,d123_hh160
d129,d54_hh222
d129,d31_hh139
d129,d83_hh193
d129,d118_hh118
d129,d160_hh88
d129,d31_hh34
d129,d187_hh0
d129,d169_hh225
d129,d178_hh58
d129,d16_hh294
d129,d173_hh262
d129,d34_hh160
d129,d113_hh175
d129,d111_hh131
d129,d41_hh71
d129,d24_hh176
d129,d193_hh138
d129,d213_hh125
d129,d128_hh28
d129,d213_hh178
d129,d202_hh264
d129,d75_hh53
d129,d118_hh173
d129,d135_hh2
d129,d191_hh246
d129,d35_hh263
d129,d75_hh264
d129,d46_hh245
d129,d209_hh254
d129,d177_hh145
d129,d95_hh201
d129,d134_hh270
d129,d186_hh185
d129,d4_hh87
d129,d33_hh58
d129,d42_hh185
d129,d109_hh88
d129,d57_hh207
d129,d178_hh157
d129,d204_hh56
d129,d150_hh203
d129,d106_hh207
d129,d174_hh242
d129,d127_hh89
d129,d213_hh62
d129,d138_hh82
d129,d159_hh64
d129,d166_hh164
d129,d4_hh65
d129,d112_hh8
d129,d210_hh200
d129,d62_hh22
d129,d29_hh85
d129,d83_hh193
d129,d66_hh213
d129,d166_hh150
d129,d87_hh245
d129,d213_hh178
d129,d12_hh23
d129,d50_hh249
d129,d204_hh239
d129,d113_hh175
d129,d50_hh7
d129,d215_hh105
d129,d120_hh248
d129,d62_hh22
d129,d46_hh194
d129,d126_hh167
d129,d178_hh157
d129,d213_hh247
d129,d162_hh213
d129,d106_hh207
d129,d46_hh194
d129,d31_hh127
d129,d143_hh28
d129,d170_hh117
d129,d73_hh184
d129,d149_hh1
d129,d169_hh216
d129,d182_hh226
d129,d55_hh254
d129,d83_hh204
d129,d42_hh19
d129,d100_hh145
d129,d35_hh2
d129,d152_hh168
d129,d122_hh16
d129,d101_hh129
d129,d171_hh88
d129,d91_hh90
d129,d18_hh137
d129,d122_hh16
d129,d191_hh246
d129,d187_hh7
d129,d31_hh34
d129,d11_hh128
d129,d199_hh49
d129,d39_hh66
d129,d198_hh152
d129,d21_hh90
d129,d214_hh70
d129,d150_hh207
d129,d209_hh159
d129,d184_hh158
d129,d102_hh242
d129,d119_hh177
d129,d83_hh204
d129,d138_hh82
d129,d200_hh21
d129,d166_hh150
d129,d65_hh101
d129,d100_hh91
d129,d213_hh2
d129,d83_hh117
d129,d127_hh89
d129,d31_hh139
d129,d18_hh227
d129,d158_hh86
d129,d170_hh117
d129,d184_hh158
d129,d42_hh19
d129,d165_hh107
d129,d99_hh225
d129,d95_hh164
d129,d104_hh116
d129,d209_hh254
d129,d134_hh270
d129,d17_hh210
d129,d178_hh134
d129,d173_hh163
d129,d30_hh130
d129,d75_hh216
d129,d152_hh88
d129,d93_hh66
d129,d74_hh15
d129,d126_hh207
d129,d114_hh47
d129,d118_hh173
d129,d134_hh270
d129,d119_hh95
d129,d95_hh56
d129,d182_hh226
d129,d187_hh0
d129,d36_hh226
d129,d118_hh173
d129,d66_hh18
d129,d147_hh43
d129,d104_hh175
d129,d178_hh58
d129,d39_hh99
d129,d26_hh40
d129,d41_hh150
d129,d117_hh140
d129,d51_hh231
d129,d57_hh286
d129,d187_hh61
d129,d11_hh128
d129,d152_hh168
d129,d83_hh76
d129,d158_hh107
d129,d4_hh80
d129,d4_hh87
d129,d15_hh103
d129,d149_hh14
d129,d57_hh207
d129,d155_hh210
d129,d195_hh47
d129,d95_hh164
d129,d191_hh246
d129,d85_hh144
d129,d66_hh207
d129,d179_hh1
d129,d122_hh144
d129,d44_hh164
d129,d210_hh200
d129,d87_hh245
d129,d46_hh53
d129,d132_hh188
d129,d98_hh245
d129,d78_hh39
d129,d4_hh202
d129,d83_hh153
d129,d131_hh174
d129,d51_hh231
d129,d161_hh21
d129,d195_hh19
d129,d80_hh236
d129,d72_hh42
d129,d54_hh222
d129,d100_hh48
d129,d132_hh188
d129,d91_hh21
d129,d56_hh174
d129,d36_hh226
d129,d177_hh145
d129,d23_hh204
d129,d44_hh164
d129,d199_hh180
d129,d141_hh27
d129,d141_hh128
d129,d74_hh107
d129,d138_hh83
d129,d169_hh216
d129,d166_hh24
d129,d67_hh209
d129,d119_hh210
d129,d169_hh199
d129,d31_hh139
d129,d102_hh179
d129,d52_hh33
d129,d166_hh150
d129,d54_hh61
d129,d75_hh216
d129,d119_hh24
d129,d2_hh287
d129,d54_hh61
d129,d117_hh11
d129,d74_hh243
d129,d39_hh66
d129,d54_hh218
d129,d161_hh185
d129,d75_hh25
d129,d15_hh186
d129,d209_hh11
d129,d135_hh2
d129,d95_hh164
d129,d132_hh46
d129,d134_hh270
d129,d51_hh151
d129,d166_hh24
d129,d161_hh203
d129,d59_hh184
d129,d165_hh94
d129,d21_hh90
d129,d166_hh24
d129,d128_hh246
d129,d15_hh210
d129,d19_hh38
d129,d36_hh226
d129,d114_hh47
d129,d2_hh180
d129,d95_hh164
d129,d113_hh175
d129,d23_hh93
d131,d165_hh107
d131,d166_hh150
d131,d91_hh138
d131,d17_hh106
d131,d38_hh165
d131,d117_hh140
d131,d174_hh24
d131,d17_hh12
d131,d138_hh83
d131,d46_hh69
d131,d213_hh247
d131,d158_hh136
d131,d209_hh254
d131,d164_hh123
d131,d39_hh67
d131,d117_hh11
d131,d97_hh26
d131,d110_hh252
d131,d162_hh213
d131,d178_hh173
d131,d207_hh219
d131,d198_hh152
d131,d42_hh202
d131,d123_hh84
d131,d174_hh24
d131,d66_hh14
d131,d31_hh34
d131,d102_hh200
d131,d74_hh107
d131,d23_hh233
d131,d158_hh136
d131,d42_hh185
d131,d102_hh200
d131,d195_hh109
d131,d46_hh194
d131,d97_hh26
d131,d195_hh109
d131,d132_hh188
d131,d66_hh213
d131,d52_hh165
d131,d213_hh252
d131,d159_hh183
d131,d11_hh53
d131,d21_hh105
d131,d104_hh58
d131,d46_hh245
d131,d104_hh116
d131,d208_hh168
d131,d202_hh90
d131,d20_hh166
d131,d155_hh210
d131,d114_hh219
d131,d57_hh250
d131,d56_hh174
d131,d93_hh66
d131,d73_hh184
d131,d74_hh15
d131,d96_hh145
d131,d20_hh166
d131,d104_hh270
d131,d104_hh58
d131,d174_hh242
d131,d74_hh107
d131,d125_hh3
d131,d80_hh186
d131,d150_hh207
d131,d161_hh185
d131,d93_hh18
d131,d15_hh76
d131,d141_hh128
d131,d62_hh259
d131,d113_hh175
d131,d102_hh242
d131,d40_hh152
d131,d131_hh102
d131,d54_hh57
d131,d50_hh249
d131,d122_hh144
d131,d74_hh107
d131,d2_hh217
d131,d118_hh173
d131,d132_hh188
d131,d42_hh19
d131,d169_hh190
d131,d85_hh184
d131,d90_hh151
d131,d19_hh38
d131,d15_hh264
d131,d39_hh66
d131,d83_hh204
d131,d179_hh1
d131,d42_hh19
d131,d73_hh242
d131,d199_hh49
d131,d69_hh240
d131,d187_hh0
d131,d39_hh66
d131,d195_hh47
d131,d109_hh67
d131,d43_hh125
d131,d75_hh53
d131,d100_hh145
d131,d97_hh156
d131,d210_hh142
d131,d39_hh99
d131,d117_hh140
d131,d177_hh163
d131,d123_hh106
d131,d169_hh190
d131,d187_hh7
d131,d163_hh213
d131,d158_hh107
d131,d100_hh145
d131,d128_hh126
d131,d91_hh178
d131,d178_hh191
d131,d91_hh178
d131,d57_hh250
d131,d193_hh85
d131,d100_hh48
d131,d213_hh247
d131,d85_hh144
d131,d163_hh145
d131,d165_hh107
d131,d62_hh22
d131,d46_hh69
d131,d126_hh167
d131,d62_hh98
d131,d21_hh97
d131,d186_hh185
d131,d138_hh150
d131,d198_hh136
d131,d104_hh175
d131,d98_hh100
d131,d214_hh13
d131,d98_hh245
d131,d91_hh21
d131,d202_hh205
d131,d20_hh166
d131,d214_hh41
d131,d57_hh166
d131,d101_hh129
d131,d169_hh199
d131,d78_hh39
d131,d202_hh170
d131,d31_hh139
d131,d210_hh142
d131,d120_hh269
d131,d169_hh199
d131,d98_hh245
d131,d178_hh157
d131,d187_hh42
d131,d5_hh5
d131,d122_hh159
d131,d24_hh176
d131,d100_hh91
d131,d21_hh105
d131,d193_hh85
d131,d163_hh213
d131,d2_hh287
d131,d118_hh118
d131,d75_hh25
d131,d104_hh58
d131,d59_hh184
d131,d104_hh116
d131,d117_hh74
d131,d48_hh118
d131,d119_hh64
d131,d200_hh77
d131,d202_hh264
d131,d213_hh247
d131,d143_hh241
d131,d18_hh227
d131,d135_hh17
d131,d72_hh42
d131,d11_hh128
d131,d19_hh130
d131,d39_hh67
d131,d126_hh263
d131,d15_hh264
d131,d126_hh167
d131,d30_hh58
d131,d100_hh63
d131,d44_hh164
d131,d2_hh180
d131,d51_hh231
d131,d137_hh119
d131,d72_hh208
d131,d75_hh227
d131,d23_hh93
d131,d149_hh1
d131,d158_hh136
d131,d91_hh138
d131,d174_hh24
d131,d209_hh11
d131,d182_hh74
d131,d214_hh47
d131,d159_hh183
d131,d193_hh138
d131,d155_hh18
d131,d50_hh249
d131,d62_hh259
d131,d50_hh249
d131,d131_hh180
d131,d21_hh90
d131,d170_hh130
d131,d119_hh64
d131,d178_hh173
d131,d163_hh213
d131,d186_hh185
d131,d150_hh203
d131,d46_hh194
d131,d164_hh123
d131,d21_hh97
d131,d130_hh142
d131,d75_hh264
d131,d53_hh147
d131,d114_hh219
d131,d165_hh94
d131,d215_hh105
d131,d182_hh229
d131,d150_hh203
d131,d42_hh202
d131,d155_hh18
d131,d193_hh248
d131,d166_hh150
d131,d24_hh92
d131,d198_hh152
d131,d56_hh4
d131,d193_hh85
d131,d39_hh67
d131,d15_hh76
d131,d2_hh180
d131,d83_hh153
d131,d187_hh7
d131,d53_hh147
d131,d17_hh228
d131,d209_hh254
d131,d133_hh241
d131,d177_hh163
d131,d129_hh122
d131,d155_hh151
d131,d62_hh98
d131,d209_hh159
d131,d23_hh156
d131,d15_hh264
d131,d150_hh203
d131,d210_hh142
d131,d83_hh76
d131,d119_hh222
d131,d29_hh243
d131,d122_hh231
d131,d209_hh219
d131,d155_hh148
d131,d132_hh46
d131,d133_hh241
d131,d42_hh185
d131,d36_hh94
d131,d150_hh207
d131,d97_hh156
d131,d96_hh110
d131,d123_hh84
d131,d123_hh129
d131,d113_hh175
d131,d133_hh111
d131,d91_hh199
d131,d31_hh34
d131,d4_hh87
d131,d178_hh58
d131,d205_hh196
d131,d193_hh85
d131,d100_hh91
d131,d2_hh180
d131,d170_hh117
d131,d118_hh118
d131,d4_hh65
d131,d97_hh156
d131,d85_hh110
d131,d209_hh244
d134,d2_hh173
d134,d81_hh89
d134,d186_hh185
d134,d21_hh97
d134,d195_hh109
d134,d164_hh123
d134,d2_hh180
d134,d123_hh119
d134,d48_hh118
d134,d51_hh231
d134,d209_hh219
d134,d141_hh129
d134,d66_hh240
d134,d15_hh80
d134,d21_hh105
d134,d209_hh254
d134,d4_hh65
d134,d133_hh135
d134,d104_hh175
d134,d197_hh151
d134,d207_hh191
d134,d182_hh149
d134,d150_hh207
d134,d191_hh246
d134,d18_hh227
d134,d132_hh188
d134,d24_hh176
d134,d23_hh21
d134,d80_hh236
d134,d158_hh86
d134,d38_hh159
d134,d187_hh7
d134,d36_hh226
d134,d74_hh107
d134,d141_hh27
d134,d99_hh225
d134,d137_hh106
d134,d90_hh207
d134,d98_hh245
d134,d131_hh102
d134,d65_hh29
d134,d164_hh123
d134,d17_hh106
d134,d21_hh105
d134,d143_hh241
d134,d40_hh152
d134,d143_hh241
d134,d199_hh49
d134,d120_hh248
d134,d178_hh58
d134,d50_hh217
d134,d80_hh186
d134,d15_hh103
d134,d213_hh2
d134,d210_hh142
d134,d128_hh126
d134,d54_hh222
d134,d187_hh42
d134,d214_hh13
d134,d101_hh155
d134,d150_hh207
d134,d16_hh294
d134,d101_hh155
d134,d20_hh166
d134,d75_hh25
d134,d75_hh264
d134,d95_hh56
d134,d102_hh201
d134,d209_hh254
d134,d150_hh203
d134,d11_hh53
d134,d123_hh84
d134,d131_hh102
d134,d66_hh207
d134,d51_hh151
d134,d90_hh207
d134,d120_hh269
d134,d91_hh138
d134,d75_hh264
d134,d90_hh233
d134,d31_hh34
d134,d34_hh160
d134,d52_hh33
d134,d166_hh24
d134,d101_hh129
d134,d122_hh231
d134,d213_hh178
d134,d52_hh115
d134,d41_hh206
d134,d44_hh164
d134,d104_hh116
d134,d66_hh207
d134,d2_hh217
d134,d52_hh33
d134,d163_hh145
d134,d51_hh151
d134,d74_hh107
d134,d214_hh210
d134,d114_hh219
d134,d17_hh228
d134,d137_hh106
d134,d113_hh175
d134,d95_hh56
d134,d31_hh139
d134,d73_hh242
d134,d17_hh228
d134,d62_hh98
d134,d104_hh270
d134,d69_hh240
d134,d182_hh229
d134,d120_hh248
d134,d132_hh46
d134,d198_hh152
d134,d200_hh21
d134,d138_hh82
d134,d158_hh107
d134,d150_hh207
d134,d135_hh2
d134,d132_hh76
d134,d141_hh129
d134,d100_hh48
d134,d96_hh145
d134,d110_hh252
d134,d138_hh83
d134,d195_hh19
d134,d23_hh21
d134,d133_hh111
d134,d82_hh154
d134,d209_hh159
d134,d125_hh3
d134,d29_hh131
d134,d88_hh36
d134,d16_hh294
d134,d54_hh57
d134,d97_hh26
d134,d75_hh216
d134,d143_hh241
d134,d177_hh145
d134,d178_hh157
d134,d39_hh99
d134,d147_hh54
d134,d54_hh189
d134,d117_hh11
d134,d149_hh14
d134,d178_hh191
d134,d214_hh13
d134,d15_hh210
d134,d130_hh142
d134,d118_hh173
d134,d182_hh74
d134,d97_hh26
d134,d36_hh226
d134,d170_hh130
d134,d193_hh248
d134,d15_hh186
d134,d175_hh131
d134,d54_hh57
d134,d91_hh138
d134,d174_hh242
d134,d110_hh193
d134,d143_hh241
d134,d53_hh3
d134,d123_hh106
d134,d214_hh70
d134,d138_hh83
d134,d158_hh86
d134,d15_hh80
d134,d75_hh102
d134,d17_hh210
d134,d80_hh236
d134,d199_hh180
d134,d91_hh178
d134,d17_hh12
d134,d175_hh52
d134,d209_hh219
d134,d69_hh240
d134,d137_hh119
d134,d141_hh128
d134,d191_hh53
d134,d54_hh222
d134,d2_hh287
d134,d169_hh190
d134,d208_hh168
d134,d191_hh246
d134,d137_hh106
d134,d15_hh76
d134,d123_hh119
d134,d57_hh216
d134,d173_hh163
d134,d17_hh228
d134,d2_hh180
d134,d129_hh122
d134,d209_hh159
d134,d41_hh163
d134,d82_hh154
d134,d34_hh160
d134,d132_hh44
d134,d160_hh0
d134,d98_hh177
d134,d24_hh92
d134,d50_hh249
d134,d120_hh248
d134,d123_hh104
d134,d74_hh243
d134,d175_hh52
d134,d186_hh185
d134,d75_hh264
d134,d128_hh126
d134,d26_hh40
d134,d133_hh135
d134,d190_hh38
d134,d57_hh216
d134,d123_hh106
d134,d53_hh3
d134,d29_hh85
d134,d56_hh262
d134,d87_hh245
d134,d4_hh65
d134,d200_hh77
d134,d98_hh245
d134,d17_hh213
d134,d214_hh13
d134,d83_hh204
d134,d54_hh57
d134,d11_hh128
d134,d164_hh123
d134,d209_hh159
d134,d2_hh180
d134,d119_hh210
d134,d187_hh7
d134,d174_hh24
d134,d120_hh161
d134,d57_hh250
d134,d173_hh163
d134,d117_hh74
d134,d93_hh66
d134,d163_hh213
d134,d198_hh188
d134,d40_hh152
d134,d195_hh19
d134,d67_hh15
d134,d187_hh42
d134,d138_hh83
d134,d209_hh254
d134,d90_hh233
d134,d178_hh134
d134,d210_hh200
d134,d102_hh201
d134,d98_hh100
d134,d2_hh180
d134,d162_hh213
d134,d132_hh188
d134,d95_hh205
d134,d213_hh62
d134,d54_hh189
d134,d66_hh14
d134,d131_hh174
d134,d119_hh222
d134,d135_hh17
d134,d104_hh270
d134,d15_hh103
d134,d213_hh252
d134,d208_hh253
d134,d83_hh76
d134,d174_hh242
d134,d91_hh21
d134,d178_hh58
d134,d210_hh142
d134,d123_hh104
d134,d11_hh53
d134,d87_hh156
d134,d75_hh53
d134,d123_hh119
d134,d120_hh269
d134,d41_hh71
d134,d200_hh21
d134,d204_hh239
d134,d95_hh201
d134,d132_hh76
d134,d59_hh251
d135,d98_hh223
d135,d42_hh58
d135,d95_hh56
d135,d52_hh165
d135,d44_hh38
d135,d165_hh107
d135,d173_hh262
d135,d54_hh189
d135,d95_hh56
d135,d50_hh217
d135,d20_hh166
d135,d72_hh208
d135,d173_hh163
d135,d62_hh259
d135,d72_hh208
d135,d59_hh243
d135,d19_hh38
d135,d159_hh183
d135,d90_hh233
d135,d209_hh254
d135,d78_hh223
d135,d91_hh21
d135,d65_hh29
d135,d16_hh287
d135,d147_hh169
d135,d114_hh47
d135,d119_hh177
d135,d120_hh248
d135,d2_hh287
d135,d119_hh210
d135,d119_hh24
d135,d23_hh233
d135,d210_hh200
d135,d29_hh243
d135,d126_hh207
d135,d54_hh44
d135,d152_hh88
d135,d78_hh223
d135,d98_hh177
d135,d178_hh272
d135,d40_hh200
d135,d66_hh18
d135,d132_hh44
d135,d198_hh152
d135,d199_hh180
d135,d149_hh1
d135,d29_hh131
d135,d171_hh88
d135,d83_hh76
d135,d213_hh247
d135,d57_hh216
d135,d98_hh177
d135,d122_hh16
d135,d95_hh56
d135,d204_hh87
d135,d162_hh213
d135,d106_hh207
d135,d57_hh16
d135,d15_hh264
d135,d98_hh84
d135,d132_hh44
d135,d83_hh76
d135,d131_hh24
d135,d30_hh58
d135,d80_hh236
d135,d83_hh193
d135,d66_hh207
d135,d102_hh201
d135,d29_hh131
d135,d36_hh94
d135,d149_hh107
d135,d4_hh65
d135,d169_hh225
d135,d34_hh160
d135,d134_hh223
d135,d4_hh202
d135,d44_hh38
d135,d149_hh107
d135,d118_hh118
d135,d177_hh145
d135,d213_hh252
d135,d74_hh15
d135,d135_hh17
d135,d74_hh243
d135,d36_hh94
d135,d147_hh54
d135,d202_hh170
d135,d150_hh203
d135,d209_hh219
d135,d55_hh94
d135,d21_hh97
d135,d17_hh228
d135,d213_hh247
d135,d214_hh210
d135,d52_hh115
d135,d155_hh18
d135,d122_hh144
d135,d155_hh18
d135,d54_hh152
d135,d195_hh109
d135,d187_hh87
d135,d29_hh85
d135,d18_hh137
d135,d4_hh202
d135,d187_hh42
d135,d131_hh205
d135,d56_hh174
d135,d53_hh3
d135,d2_hh287
d135,d213_hh211
d135,d109_hh88
d135,d123_hh119
d135,d208_hh253
d135,d61_hh41
d135,d57_hh216
d135,d198_hh152
d135,d204_hh239
d135,d191_hh246
d135,d202_hh90
d135,d149_hh14
d135,d204_hh87
d135,d182_hh195
d135,d54_hh222
d135,d171_hh23
d135,d23_hh204
d135,d57_hh16
d135,d91_hh199
d135,d133_hh135
d135,d21_hh90
d135,d126_hh207
d135,d119_hh64
d135,d100_hh145
d135,d165_hh107
d135,d53_hh147
d135,d161_hh203
d135,d88_hh195
d135,d169_hh190
d135,d114_hh47
d135,d83_hh193
d135,d15_hh76
d135,d159_hh183
d135,d52_hh115
d135,d62_hh98
d135,d85_hh184
d135,d117_hh74
d135,d147_hh54
d135,d82_hh154
d135,d199_hh180
d135,d214_hh13
d135,d62_hh98
d135,d74_hh243
d135,d209_hh219
d135,d31_hh34
d135,d158_hh107
d135,d97_hh26
d135,d54_hh44
d135,d124_hh40
d135,d102_hh200
d135,d214_hh210
d135,d18_hh137
d135,d23_hh21
d135,d57_hh250
d135,d202_hh205
d135,d95_hh56
d135,d11_hh128
d135,d41_hh163
d135,d141_hh27
d135,d124_hh40
d135,d91_hh21
d135,d195_hh109
d135,d16_hh287
d135,d161_hh21
d135,d35_hh2
d135,d124_hh40
d135,d16_hh287
d135,d119_hh24
d135,d2_hh217
d135,d187_hh7
d135,d184_hh158
d135,d39_hh99
d135,d46_hh53
d135,d83_hh204
d135,d15_hh80
d135,d209_hh244
d135,d59_hh243
d135,d2_hh180
d135,d184_hh238
d135,d98_hh100
d135,d149_hh1
d135,d74_hh15
d135,d164_hh122
d135,d202_hh170
d135,d123_hh119
d135,d173_hh262
d135,d97_hh26
d135,d53_hh147
d135,d15_hh103
d135,d159_hh183
d135,d91_hh21
d135,d124_hh40
d135,d199_hh49
d135,d83_hh153
d135,d104_hh270
d135,d39_hh154
d135,d177_hh163
d135,d5_hh5
d135,d214_hh41
d135,d178_hh191
d135,d65_hh242
d135,d46_hh245
d135,d100_hh91
d135,d162_hh47
d135,d134_hh270
d135,d2_hh217
d135,d119_hh210
d135,d195_hh19
d135,d207_hh191
d135,d66_hh18
d135,d36_hh226
d135,d15_hh210
d135,d74_hh142
d135,d90_hh151
d135,d166_hh24
d135,d95_hh201
d135,d51_hh231
d135,d174_hh242
d135,d123_hh129
d135,d159_hh183
d135,d88_hh36
d135,d174_hh213
d135,d74_hh107
d135,d42_hh88
d135,d15_hh103
d135,d122_hh144
d135,d98_hh245
d135,d174_hh24
d135,d164_hh122
d135,d4_hh87
d135,d73_hh242
d135,d81_hh89
d135,d29_hh243
d135,d50_hh249
d135,d4_hh87
d135,d7_hh257
d135,d177_hh145
d135,d187_hh0
d135,d130_hh244
d135,d12_hh23
d135,d83_hh204
d135,d166_hh24
d135,d15_hh210
d135,d54_hh44
d135,d210_hh142
d135,d141_hh129
d135,d23_hh204
d135,d122_hh16
d135,d80_hh186
d135,d48_hh118
d135,d2_hh68
d135,d41_hh150
d135,d53_hh147
d135,d23_hh93
d135,d62_hh98
d135,d15_hh80
d135,d178_hh191
d135,d104_hh175
d135,d30_hh130
d135,d100_hh145
d135,d178_hh58
d135,d173_hh262
d135,d90_hh233
d135,d46_hh245
d135,d112_hh8
d135,d83_hh193
d135,d165_hh107
d135,d44_hh38
d135,d81_hh89
d135,d106_hh207
d135,d57_hh286
d135,d214_hh70
d135,d96_hh145
d135,d38_hh159
d135,d96_hh145
d135,d169_hh190
d135,d12_hh23
d135,d214_hh41
d135,d97_hh156
d135,d91_hh90
d135,d62_hh22
d135,d35_hh2
d135,d178_hh191
d135,d155_hh18
d135,d29_hh131
d135,d147_hh169
d132,d149_hh107
d132,d100_hh63
d132,d213_hh211
d132,d132_hh44
d132,d129_hh122
d132,d182_hh39
d132,d29_hh243
d132,d73_hh242
d132,d163_hh213
d132,d141_hh128
d132,d2_hh180
d132,d24_hh92
d132,d110_hh252
d132,d30_hh267
d132,d4_hh80
d132,d204_hh87
d132,d90_hh233
d132,d163_hh145
d132,d182_hh149
d132,d114_hh66
d132,d205_hh196
d132,d54_hh61
d132,d30_hh130
d132,d171_hh88
d132,d83_hh117
d132,d106_hh207
d132,d46_hh69
d132,d208_hh240
d132,d11_hh128
d132,d74_hh257
d132,d214_hh70
d132,d161_hh203
d132,d141_hh128
d132,d104_hh58
d132,d54_hh189
d132,d149_hh107
d132,d72_hh208
d132,d202_hh90
d132,d198_hh136
d132,d101_hh155
d132,d62_hh98
d132,d126_hh207
d132,d174_hh213
d132,d118_hh118
d132,d158_hh86
d132,d213_hh125
d132,d174_hh24
d132,d104_hh58
d132,d33_hh58
d132,d117_hh74
d132,d30_hh130
d132,d133_hh135
d132,d2_hh68
d132,d159_hh183
d132,d215_hh105
d132,d178_hh272
d132,d198_hh136
d132,d17_hh213
d132,d4_hh65
d132,d54_hh44
d132,d213_hh211
d132,d7_hh257
d132,d213_hh247
d132,d200_hh77
d132,d163_hh213
d132,d198_hh136
d132,d182_hh226
d132,d85_hh110
d132,d114_hh219
d132,d215_hh105
d132,d61_hh41
d132,d123_hh57
d132,d15_hh264
d132,d184_hh158
d132,d2_hh173
d132,d173_hh262
d132,d41_hh206
d132,d93_hh18
d132,d118_hh173
d132,d54_hh218
d132,d74_hh257
d132,d119_hh24
d132,d182_hh195
d132,d36_hh94
d132,d109_hh67
d132,d98_hh223
d132,d174_hh242
d132,d56_hh4
d132,d15_hh80
d132,d118_hh244
d132,d213_hh62
d132,d128_hh126
d132,d155_hh18
d132,d133_hh111
d132,d15_hh264
d132,d170_hh130
d132,d90_hh207
d132,d141_hh129
d132,d99_hh225
d132,d104_hh116
d132,d100_hh48
d132,d140_hh85
d132,d52_hh165
d132,d59_hh184
d132,d169_hh190
d132,d125_hh3
d132,d96_hh110
d132,d127_hh89
d132,d204_hh239
d132,d82_hh154
d132,d36_hh226
d132,d83_hh76
d132,d214_hh13
d132,d120_hh248
d132,d59_hh251
d132,d2_hh68
d132,d42_hh202
d132,d149_hh1
d132,d15_hh22
d132,d165_hh94
d132,d56_hh174
d132,d208_hh240
d132,d158_hh239
d132,d204_hh56
d132,d124_hh40
d132,d166_hh164
d132,d35_hh2
d132,d100_hh91
d132,d213_hh2
d132,d152_hh29
d132,d62_hh22
d132,d209_hh254
d132,d38_hh165
d132,d195_hh109
d132,d184_hh158
d132,d104_hh116
d132,d23_hh21
d132,d155_hh18
d132,d178_hh157
d132,d91_hh138
d132,d62_hh259
d132,d109_hh88
d132,d62_hh22
d132,d174_hh42
d132,d124_hh40
d132,d41_hh71
d132,d57_hh16
d132,d213_hh125
d132,d155_hh210
d132,d50_hh249
d132,d15_hh103
d132,d56_hh4
d132,d31_hh127
d132,d61_hh41
d132,d41_hh206
d132,d125_hh3
d132,d102_hh242
d132,d119_hh177
d132,d109_hh88
d132,d200_hh102
d132,d138_hh82
d132,d155_hh151
d132,d41_hh150
d132,d31_hh139
d132,d102_hh242
d132,d15_hh210
d132,d91_hh199
d132,d114_hh219
d132,d83_hh204
d132,d178_hh173
d132,d158_hh86
d132,d162_hh47
d132,d57_hh216
d132,d15_hh76
d132,d61_hh41
d132,d21_hh105
d132,d46_hh69
d132,d184_hh238
d132,d98_hh223
d132,d69_hh240
d132,d126_hh4
d132,d50_hh217
d132,d15_hh76
d132,d178_hh157
d132,d46_hh194
d132,d75_hh53
d132,d147_hh43
d132,d130_hh142
d132,d85_hh144
d132,d200_hh77
d132,d31_hh139
d132,d15_hh80
d132,d134_hh270
d132,d130_hh244
d132,d119_hh95
d132,d166_hh24
d132,d15_hh186
d132,d149_hh14
d132,d53_hh3
d132,d165_hh107
d132,d52_hh115
d132,d210_hh142
d132,d133_hh135
d132,d126_hh4
d132,d30_hh267
d132,d44_hh38
d132,d15_hh186
d132,d158_hh107
d132,d129_hh122
d132,d54_hh61
d132,d91_hh199
d132,d83_hh76
d132,d66_hh207
d132,d193_hh85
d132,d98_hh223
d132,d21_hh90
d132,d100_hh145
d132,d127_hh89
d132,d190_hh38
d132,d95_hh56
d132,d137_hh119
d132,d83_hh76
d132,d42_hh202
d132,d56_hh174
d132,d4_hh87
d132,d120_hh269
d132,d43_hh125
d132,d160_hh88
d132,d210_hh200
d132,d204_hh239
d132,d52_hh165
d132,d110_hh252
d132,d53_hh3
d132,d102_hh201
d132,d75_hh102
d132,d199_hh71
d132,d209_hh149
d132,d178_hh191
d132,d54_hh44
d132,d95_hh164
d132,d133_hh241
d132,d120_hh248
d132,d46_hh69
d132,d110_hh252
d132,d55_hh254
d132,d39_hh154
d132,d39_hh66
d132,d122_hh231
d132,d213_hh2
d132,d199_hh49
d132,d23_hh21
d132,d133_hh135
d132,d74_hh15
d132,d213_hh62
d132,d213_hh62
d132,d54_hh189
d132,d207_hh191
d132,d125_hh3
d132,d195_hh109
d132,d195_hh19
d132,d200_hh261
d132,d193_hh85
d132,d21_hh97
d132,d100_hh48
d132,d197_hh151
d132,d131_hh205
d132,d165_hh107
d132,d200_hh102
d132,d17_hh210
d132,d160_hh88
d132,d175_hh52
d132,d74_hh142
d132,d117_hh74
d132,d169_hh199
d132,d119_hh24
d132,d40_hh200
d132,d101_hh129
d132,d182_hh39
d132,d54_hh222
d132,d91_hh138
d132,d174_hh42
d132,d52_hh115
d132,d48_hh118
d132,d113_hh175
d132,d209_hh159
d132,d130_hh244
d132,d50_hh249
d132,d65_hh242
d132,d214_hh210
d132,d80_hh106
d132,d98_hh245
d138,d2_hh287
d138,d150_hh207
d138,d178_hh134
d138,d42_hh88
d138,d131_hh174
d138,d187_hh87
d138,d143_hh28
d138,d200_hh77
d138,d17_hh213
d138,d177_hh145
d138,d178_hh173
d138,d123_hh129
d138,d213_hh62
d138,d149_hh107
d138,d132_hh44
d138,d182_hh229
d138,d150_hh203
d138,d170_hh130
d138,d174_hh42
d138,d191_hh246
d138,d202_hh264
d138,d123_hh106
d138,d131_hh102
d138,d74_hh107
d138,d199_hh71
d138,d55_hh254
d138,d174_hh42
d138,d42_hh88
d138,d120_hh248
d138,d102_hh201
d138,d85_hh184
d138,d98_hh100
d138,d182_hh149
d138,d130_hh142
d138,d159_hh183
d138,d54_hh152
d138,d102_hh201
d138,d175_hh131
d138,d174_hh42
d138,d132_hh46
d138,d152_hh88
d138,d4_hh80
d138,d160_hh0
d138,d44_hh164
d138,d209_hh159
d138,d74_hh15
d138,d147_hh54
d138,d82_hh154
d138,d98_hh245
d138,d199_hh180
d138,d11_hh53
d138,d51_hh231
d138,d55_hh254
d138,d131_hh102
d138,d23_hh204
d138,d117_hh11
d138,d190_hh38
d138,d214_hh47
d138,d74_hh15
d138,d199_hh49
d138,d20_hh166
d138,d46_hh194
d138,d123_hh104
d138,d158_hh136
d138,d56_hh174
d138,d83_hh204
d138,d52_hh33
d138,d102_hh242
d138,d100_hh48
d138,d186_hh185
d138,d119_hh64
d138,d128_hh126
d138,d61_hh155
d138,d207_hh219
d138,d85_hh144
d138,d132_hh76
d138,d199_hh180
d138,d119_hh222
d138,d198_hh152
d138,d100_hh91
d138,d87_hh245
d138,d133_hh135
d138,d74_hh107
d138,d205_hh196
d138,d23_hh21
d138,d199_hh71
d138,d169_hh216
d138,d23_hh204
d138,d75_hh227
d138,d61_hh155
d138,d199_hh71
d138,d178_hh134
d138,d17_hh228
d138,d193_hh138
d138,d41_hh71
d138,d171_hh23
d138,d178_hh173
d138,d171_hh88
d138,d46_hh194
d138,d100_hh63
d138,d164_hh122
d138,d138_hh82
d138,d202_hh90
d138,d35_hh263
d138,d19_hh130
d138,d191_hh246
d138,d182_hh226
d138,d56_hh4
d138,d120_hh248
d138,d202_hh170
d138,d95_hh164
d138,d137_hh106
d138,d67_hh15
d138,d73_hh242
d138,d199_hh49
d138,d132_hh76
d138,d74_hh107
d138,d36_hh94
d138,d130_hh142
d138,d81_hh89
d138,d123_hh119
d138,d50_hh249
d138,d207_hh219
d138,d53_hh3
d138,d38_hh165
d138,d52_hh33
d138,d74_hh243
d138,d66_hh213
d138,d62_hh98
d138,d46_hh12
d138,d213_hh2
d138,d114_hh219
d138,d182_hh74
d138,d43_hh125
d138,d158_hh86
d138,d80_hh106
d138,d23_hh156
d138,d98_hh245
d138,d133_hh111
d138,d131_hh24
d138,d30_hh130
d138,d20_hh166
d138,d88_hh195
d138,d67_hh15
d138,d83_hh204
d138,d122_hh16
d138,d57_hh166
d138,d93_hh18
d138,d57_hh250
d138,d199_hh49
d138,d174_hh24
d138,d149_hh107
d138,d106_hh207
d138,d95_hh205
d138,d161_hh21
d138,d135_hh2
d138,d29_hh131
d138,d134_hh223
d138,d160_hh0
d138,d98_hh84
d138,d85_hh184
d138,d171_hh88
d138,d67_hh15
d138,d23_hh93
d138,d46_hh53
d138,d191_hh246
d138,d31_hh34
d138,d39_hh67
d138,d91_hh138
d138,d85_hh110
d138,d178_hh134
d138,d182_hh229
d138,d4_hh29
d138,d198_hh136
d138,d78_hh223
d138,d56_hh4
d138,d122_hh231
d138,d125_hh135
d138,d209_hh11
d138,d140_hh85
d138,d29_hh85
d138,d100_hh145
d138,d214_hh47
d138,d200_hh77
d138,d122_hh144
d138,d69_hh240
d138,d214_hh13
d138,d15_hh264
d138,d81_hh89
d138,d166_hh239
d138,d193_hh248
d138,d214_hh13
d138,d83_hh117
d138,d122_hh159
d138,d111_hh227
d138,d78_hh39
d138,d96_hh110
d138,d54_hh222
d138,d51_hh231
d138,d67_hh15
d138,d209_hh244
d138,d62_hh259
d138,d65_hh29
d138,d42_hh88
d138,d199_hh71
d138,d143_hh28
d138,d187_hh42
d138,d67_hh209
d138,d133_hh135
d138,d26_hh40
d138,d91_hh138
d138,d132_hh76
d138,d182_hh195
d138,d161_hh203
d138,d85_hh110
d138,d51_hh231
d138,d56_hh4
d138,d178_hh134
d138,d123_hh104
d138,d34_hh77
d138,d57_hh166
d138,d91_hh138
d138,d199_hh180
d138,d31_hh127
d138,d186_hh185
d138,d187_hh42
d138,d15_hh264
d138,d23_hh204
d138,d191_hh53
d138,d50_hh217
d138,d202_hh90
d138,d15_hh186
d138,d166_hh239
d138,d210_hh142
d138,d174_hh24
d138,d214_hh41
d138,d4_hh29
d138,d204_hh239
d138,d178_hh58
d138,d193_hh138
d138,d141_hh27
d138,d75_hh264
d138,d123_hh104
d138,d135_hh17
d138,d2_hh180
d138,d62_hh259
d138,d36_hh94
d138,d104_hh175
d138,d117_hh11
d138,d80_hh236
d138,d214_hh70
d138,d78_hh223
d138,d72_hh42
d138,d125_hh3
d137,d169_hh216
d137,d214_hh47
d137,d208_hh168
d137,d29_hh85
d137,d175_hh131
d137,d209_hh219
d137,d209_hh254
d137,d166_hh24
d137,d110_hh252
d137,d199_hh71
d137,d40_hh200
d137,d57_hh207
d137,d17_hh210
d137,d208_hh168
d137,d187_hh61
d137,d83_hh76
d137,d111_hh227
d137,d202_hh90
d137,d23_hh93
d137,d82_hh154
d137,d191_hh246
d137,d173_hh163
d137,d62_hh22
d137,d177_hh145
d137,d73_hh242
d137,d139_hh214
d137,d110_hh252
d137,d15_hh186
d137,d163_hh213
d137,d4_hh202
d137,d46_hh194
d137,d119_hh222
d137,d200_hh102
d137,d13_hh58
d137,d134_hh270
d137,d114_hh66
d137,d152_hh88
d137,d193_hh138
d137,d158_hh136
d137,d131_hh174
d137,d213_hh62
d137,d126_hh207
d137,d155_hh151
d137,d43_hh125
d137,d119_hh210
d137,d78_hh223
d137,d54_hh61
d137,d204_hh56
d137,d169_hh225
d137,d117_hh74
d137,d52_hh165
d137,d83_hh204
d137,d74_hh107
d137,d54_hh152
d137,d127_hh89
d137,d75_hh264
d137,d102_hh200
d137,d214_hh41
d137,d200_hh261
d137,d191_hh246
d137,d137_hh119
d137,d184_hh158
d137,d4_hh202
d137,d33_hh58
d137,d213_hh252
d137,d195_hh19
d137,d123_hh106
d137,d127_hh89
d137,d160_hh0
d137,d31_hh139
d137,d88_hh36
d137,d112_hh8
d137,d135_hh17
d137,d134_hh223
d137,d43_hh125
d137,d57_hh166
d137,d4_hh87
d137,d135_hh2
d137,d209_hh11
d137,d43_hh125
d137,d100_hh48
d137,d204_hh87
d137,d161_hh185
d137,d44_hh38
d137,d119_hh95
d137,d57_hh207
d137,d54_hh152
d137,d46_hh12
d137,d46_hh245
d137,d104_hh58
d137,d80_hh106
d137,d12_hh23
d137,d15_hh264
d137,d67_hh209
d137,d205_hh196
d137,d164_hh123
d137,d117_hh140
d137,d97_hh156
d137,d41_hh206
d137,d186_hh185
d137,d128_hh126
d137,d43_hh125
d137,d123_hh129
d137,d182_hh229
d137,d46_hh194
d137,d35_hh263
d137,d15_hh264
d137,d147_hh54
d137,d83_hh76
d137,d98_hh84
d137,d123_hh160
d137,d126_hh4
d137,d18_hh137
d137,d72_hh208
d137,d41_hh163
d137,d61_hh155
d137,d163_hh145
d137,d126_hh167
d137,d100_hh48
d137,d15_hh264
d137,d87_hh245
d137,d16_hh287
d137,d75_hh102
d137,d74_hh257
d137,d193_hh138
d137,d102_hh242
d137,d147_hh43
d137,d202_hh170
d137,d182_hh39
d137,d65_hh101
d137,d83_hh204
d137,d91_hh90
d137,d182_hh74
d137,d2_hh173
d137,d202_hh264
d137,d182_hh149
d137,d215_hh105
d137,d178_hh272
d137,d98_hh84
d137,d104_hh58
d137,d74_hh107
d137,d46_hh194
d137,d93_hh18
d137,d132_hh188
d137,d65_hh29
d137,d128_hh28
d137,d213_hh247
d137,d171_hh88
d137,d191_hh53
d137,d111_hh131
d137,d109_hh67
d137,d31_hh34
d137,d190_hh38
d137,d164_hh122
d137,d109_hh67
d137,d138_hh83
d137,d169_hh190
d137,d77_hh123
d137,d26_hh40
d137,d149_hh107
d137,d26_hh40
d137,d98_hh245
d137,d122_hh159
d137,d80_hh186
d137,d98_hh100
d137,d57_hh286
d137,d126_hh167
d137,d17_hh210
d137,d147_hh169
d137,d75_hh102
d137,d175_hh52
d137,d54_hh218
d137,d200_hh21
d137,d54_hh152
d137,d54_hh44
d137,d75_hh227
d137,d118_hh244
d137,d52_hh165
d137,d122_hh16
d137,d29_hh131
d137,d138_hh82
d137,d111_hh227
d137,d182_hh229
d137,d30_hh267
d137,d178_hh134
d137,d123_hh84
d137,d100_hh48
d137,d15_hh22
d137,d82_hh154
d137,d177_hh145
d137,d2_hh68
d137,d128_hh246
d137,d51_hh231
d137,d62_hh22
d137,d126_hh207
d137,d131_hh102
d137,d174_hh24
d137,d117_hh11
d137,d200_hh77
d137,d195_hh109
d137,d4_hh87
d137,d44_hh164
d137,d195_hh19
d137,d132_hh44
d137,d54_hh57
d137,d104_hh175
d137,d51_hh231
d137,d16_hh294
d137,d19_hh130
d137,d35_hh263
d137,d80_hh106
d137,d122_hh159
d137,d209_hh254
d137,d31_hh139
d137,d62_hh251
d137,d39_hh67
d137,d15_hh80
d137,d117_hh140
d137,d44_hh164
d137,d161_hh203
d137,d171_hh71
d137,d131_hh102
d137,d119_hh210
d137,d90_hh207
d137,d41_hh163
d137,d209_hh219
d137,d213_hh252
d137,d205_hh196
d137,d104_hh175
d137,d52_hh165
d137,d66_hh240
d137,d57_hh250
d137,d139_hh214
d137,d166_hh24
d137,d33_hh58
d137,d193_hh248
d137,d96_hh110
d137,d166_hh24
d137,d117_hh74
d137,d102_hh179
d137,d209_hh254
d137,d126_hh167
d137,d31_hh139
d137,d48_hh118
d137,d21_hh97
d137,d59_hh243
d137,d200_hh77
d137,d21_hh105
d137,d13_hh58
d137,d90_hh151
d137,d209_hh254
d137,d75_hh25
d137,d16_hh287
d137,d15_hh210
d137,d82_hh154
d137,d200_hh77
d137,d152_hh168
d137,d50_hh272
d137,d34_hh77
d137,d15_hh264
d137,d62_hh251
d137,d141_hh27
d137,d30_hh58
d137,d178_hh272
d137,d214_hh210
d137,d164_hh122
d137,d2_hh151
d137,d106_hh207
d137,d101_hh155
d137,d175_hh131
d137,d170_hh130
d137,d207_hh191
d139,d111_hh131
d139,d122_hh144
d139,d152_hh88
d139,d104_hh58
d139,d197_hh151
d139,d149_hh107
d139,d35_hh2
d139,d82_hh154
d139,d117_hh11
d139,d13_hh58
d139,d128_hh126
d139,d209_hh244
d139,d169_hh216
d139,d141_hh27
d139,d126_hh263
d139,d102_hh200
d139,d80_hh186
d139,d18_hh137
d139,d69_hh240
d139,d165_hh107
d139,d83_hh153
d139,d126_hh263
d139,d54_hh44
d139,d82_hh154
d139,d95_hh205
d139,d30_hh267
d139,d83_hh193
d139,d4_hh87
d139,d149_hh14
d139,d122_hh144
d139,d200_hh261
d139,d53_hh147
d139,d213_hh62
d139,d178_hh157
d139,d97_hh26
d139,d202_hh264
d139,d66_hh207
d139,d46_hh69
d139,d38_hh165
d139,d65_hh101
d139,d209_hh159
d139,d160_hh88
d139,d26_hh40
d139,d12_hh23
d139,d152_hh29
d139,d4_hh29
d139,d187_hh7
d139,d174_hh242
d139,d209_hh159
d139,d20_hh166
d139,d66_hh207
d139,d166_hh239
d139,d158_hh107
d139,d155_hh148
d139,d75_hh25
d139,d184_hh158
d139,d17_hh210
d139,d90_hh207
d139,d40_hh200
d139,d198_hh188
d139,d117_hh140
d139,d125_hh3
d139,d131_hh180
d139,d100_hh48
d139,d97_hh156
d139,d209_hh219
d139,d119_hh177
d139,d80_hh106
d139,d69_hh240
d139,d143_hh241
d139,d13_hh58
d139,d161_hh21
d139,d38_hh159
d139,d200_hh21
d139,d122_hh159
d139,d83_hh76
d139,d114_hh47
d139,d23_hh21
d139,d42_hh202
d139,d48_hh118
d139,d182_hh39
d139,d17_hh106
d139,d166_hh150
d139,d128_hh28
d139,d182_hh226
d139,d78_hh223
d139,d133_hh135
d139,d123_hh119
d139,d209_hh219
d139,d187_hh42
d139,d50_hh272
d139,d87_hh245
d139,d164_hh122
d139,d74_hh15
d139,d158_hh107
d139,d123_hh119
d139,d62_hh98
d139,d30_hh130
d139,d209_hh159
d139,d96_hh110
d139,d173_hh262
d139,d90_hh233
d139,d186_hh185
d139,d82_hh154
d139,d104_hh270
d139,d208_hh253
d139,d143_hh241
d139,d166_hh24
d139,d213_hh62
d139,d213_hh247
d139,d209_hh219
d139,d169_hh216
d139,d15_hh22
d139,d135_hh2
d139,d207_hh191
d139,d35_hh263
d139,d59_hh184
d139,d152_hh88
d139,d137_hh106
d139,d165_hh107
d139,d111_hh131
d139,d159_hh64
d139,d120_hh161
d139,d18_hh137
d139,d41_hh150
d139,d178_hh173
d139,d54_hh44
d139,d214_hh47
d139,d100_hh63
d139,d160_hh88
d139,d178_hh191
d139,d98_hh84
d139,d93_hh66
d139,d42_hh202
d139,d24_hh176
d139,d213_hh178
d139,d104_hh270
d139,d54_hh57
d139,d141_hh128
d139,d202_hh170
d139,d51_hh151
d139,d20_hh166
d139,d130_hh142
d139,d55_hh254
d139,d90_hh151
d139,d91_hh138
d139,d39_hh67
d139,d187_hh61
d139,d199_hh180
d139,d61_hh41
d139,d213_hh2
d139,d147_hh54
d139,d39_hh154
d139,d125_hh135
d139,d54_hh218
d139,d193_hh248
d139,d19_hh38
d139,d214_hh41
d139,d123_hh129
d139,d213_hh211
d139,d186_hh185
d139,d191_hh246
d139,d143_hh241
d139,d66_hh213
d139,d114_hh66
d139,d39_hh99
d139,d126_hh207
d139,d184_hh238
d139,d199_hh71
d139,d209_hh254
d139,d162_hh47
d139,d54_hh61
d139,d19_hh38
d139,d104_hh116
d139,d169_hh216
d139,d147_hh43
d139,d120_hh161
d139,d202_hh170
d139,d120_hh248
d139,d133_hh111
d139,d59_hh112
d139,d109_hh88
d139,d66_hh207
d139,d5_hh5
d139,d125_hh3
d139,d91_hh178
d139,d26_hh40
d139,d143_hh28
d139,d207_hh219
d139,d51_hh151
d139,d75_hh227
d139,d126_hh263
d139,d123_hh160
d139,d141_hh129
d139,d174_hh242
d139,d131_hh205
d139,d152_hh88
d139,d213_hh211
d139,d199_hh49
d139,d42_hh202
d139,d102_hh201
d139,d160_hh88
d139,d174_hh213
d139,d66_hh213
d139,d42_hh202
d139,d128_hh246
d139,d202_hh170
d139,d213_hh247
d139,d134_hh270
d139,d182_hh149
d139,d191_hh246
d139,d44_hh38
d139,d199_hh180
d139,d122_hh159
d139,d119_hh95
d139,d66_hh14
d139,d36_hh94
d139,d209_hh149
d139,d215_hh105
d139,d75_hh25
d139,d155_hh148
d139,d213_hh62
d139,d199_hh49
d139,d33_hh58
d139,d93_hh18
d139,d41_hh163
d139,d23_hh93
d139,d100_hh63
d139,d114_hh219
d139,d73_hh242
d139,d110_hh193
d139,d126_hh4
d139,d210_hh200
d139,d34_hh77
d139,d135_hh2
d139,d131_hh205
d139,d152_hh88
d139,d141_hh128
d139,d15_hh103
d139,d73_hh184
d139,d132_hh76
d139,d200_hh21
d139,d126_hh4
d139,d2_hh217
d139,d35_hh263
d139,d34_hh160
d139,d50_hh217
d139,d54_hh218
d139,d155_hh18
d139,d35_hh263
d139,d15_hh210
d139,d141_hh128
d139,d138_hh83
d139,d100_hh48
d139,d138_hh150
d139,d67_hh15
d139,d150_hh207
d139,d31_hh34
d139,d215_hh105
d139,d54_hh44
d139,d207_hh219
d139,d54_hh222
d139,d173_hh163
d139,d119_hh177
d139,d4_hh87
d141,d138_hh150
d141,d75_hh25
d141,d152_hh29
d141,d214_hh47
d141,d34_hh77
d141,d214_hh13
d141,d40_hh152
d141,d137_hh119
d141,d213_hh125
d141,d213_hh178
d141,d33_hh58
d141,d106_hh207
d141,d150_hh203
d141,d140_hh85
d141,d75_hh216
d141,d178_hh272
d141,d56_hh174
d141,d83_hh193
d141,d74_hh107
d141,d198_hh136
d141,d169_hh199
d141,d75_hh25
d141,d91_hh178
d141,d21_hh105
d141,d123_hh104
d141,d111_hh131
d141,d119_hh95
d141,d104_hh58
d141,d169_hh199
d141,d95_hh205
d141,d39_hh154
d141,d36_hh226
d141,d205_hh196
d141,d102_hh242
d141,d30_hh267
d141,d208_hh240
d141,d141_hh27
d141,d91_hh178
d141,d44_hh164
d141,d31_hh127
d141,d200_hh102
d141,d193_hh248
d141,d53_hh147
d141,d209_hh11
d141,d130_hh244
d141,d62_hh22
d141,d7_hh257
d141,d187_hh42
d141,d80_hh106
d141,d72_hh208
d141,d54_hh222
d141,d11_hh128
d141,d50_hh7
d141,d184_hh238
d141,d213_hh125
d141,d38_hh165
d141,d195_hh47
d141,d55_hh94
d141,d138_hh83
d141,d171_hh23
d141,d214_hh70
d141,d135_hh2
d141,d102_hh200
d141,d169_hh216
d141,d90_hh233
d141,d173_hh163
d141,d210_hh142
d141,d155_hh210
d141,d163_hh213
d141,d39_hh99
d141,d29_hh243
d141,d83_hh204
d141,d202_hh205
d141,d141_hh27
d141,d155_hh151
d141,d134_hh270
d141,d15_hh210
d141,d174_hh24
d141,d178_hh173
d141,d95_hh205
d141,d147_hh169
d141,d102_hh242
d141,d191_hh246
d141,d106_hh207
d141,d93_hh18
d141,d209_hh219
d141,d164_hh122
d141,d100_hh145
d141,d123_hh106
d141,d160_hh88
d141,d12_hh23
d141,d152_hh29
d141,d85_hh110
d141,d177_hh145
d141,d52_hh115
d141,d135_hh2
d141,d174_hh242
d141,d133_hh135
d141,d119_hh222
d141,d102_hh179
d141,d4_hh202
d141,d87_hh245
d141,d53_hh3
d141,d125_hh135
d141,d42_hh202
d141,d154_hh2
d141,d207_hh219
d141,d21_hh105
d141,d72_hh42
d141,d155_hh210
d141,d187_hh87
d141,d184_hh158
d141,d57_hh250
d141,d110_hh193
d141,d93_hh66
d141,d171_hh23
d141,d18_hh137
d141,d149_hh107
d141,d137_hh106
d141,d66_hh207
d141,d143_hh28
d141,d54_hh222
d141,d83_hh76
d141,d75_hh216
d141,d23_hh93
d141,d44_hh38
d141,d177_hh163
d141,d204_hh87
d141,d138_hh83
d141,d17_hh106
d141,d31_hh127
d141,d166_hh150
d141,d83_hh204
d141,d178_hh191
d141,d21_hh97
d141,d15_hh103
d141,d50_hh217
d141,d50_hh249
d141,d91_hh21
d141,d29_hh131
d141,d24_hh176
d141,d102_hh179
d141,d78_hh223
d141,d15_hh76
d141,d195_hh47
d141,d51_hh151
d141,d11_hh53
d141,d31_hh34
d141,d114_hh47
d141,d214_hh47
d141,d77_hh123
d141,d187_hh42
d141,d162_hh213
d141,d164_hh123
d141,d213_hh247
d141,d178_hh58
d141,d114_hh66
d141,d126_hh263
d141,d177_hh145
d141,d161_hh21
d141,d39_hh67
d141,d174_hh213
d141,d164_hh122
d141,d163_hh145
d141,d210_hh142
d141,d130_hh244
d141,d31_hh127
d141,d46_hh194
d141,d95_hh164
d141,d199_hh180
d141,d15_hh103
d141,d82_hh154
d141,d128_hh246
d141,d43_hh125
d141,d31_hh139
d141,d214_hh13
d141,d42_hh58
d141,d93_hh18
d141,d21_hh105
d141,d147_hh169
d141,d48_hh118
d141,d4_hh29
d141,d75_hh25
d141,d178_hh191
d141,d87_hh156
d141,d166_hh150
d141,d198_hh136
d141,d182_hh226
d141,d62_hh98
d141,d41_hh163
d141,d75_hh102
d141,d137_hh119
d141,d171_hh88
d141,d104_hh175
d141,d178_hh272
d141,d83_hh76
d141,d129_hh122
d141,d159_hh183
d141,d78_hh39
d141,d214_hh13
d141,d61_hh155
d141,d174_hh242
d141,d23_hh93
d141,d166_hh164
d141,d169_hh225
d141,d83_hh153
d141,d205_hh196
d141,d73_hh242
d141,d2_hh180
d141,d26_hh40
d141,d164_hh123
d141,d91_hh199
d141,d13_hh58
d141,d67_hh15
d141,d186_hh185
d141,d29_hh85
d141,d186_hh185
d141,d149_hh14
d141,d158_hh239
d141,d149_hh1
d141,d122_hh159
d141,d120_hh269
d141,d197_hh151
d141,d198_hh188
d141,d197_hh151
d141,d39_hh99
d141,d41_hh150
d141,d54_hh222
d141,d159_hh64
d141,d169_hh225
d141,d120_hh269
d141,d197_hh151
d141,d88_hh36
d141,d137_hh106
d141,d202_hh90
d141,d137_hh119
d141,d62_hh259
d141,d119_hh177
d141,d83_hh193
d141,d135_hh2
d141,d90_hh151
d141,d131_hh180
d141,d213_hh252
d141,d143_hh28
d141,d15_hh80
d141,d17_hh228
d141,d41_hh163
d141,d54_hh61
d141,d182_hh149
d141,d147_hh169
d141,d195_hh19
d141,d197_hh151
d141,d187_hh87
d141,d98_hh177
d141,d214_hh70
d141,d208_hh240
d141,d160_hh0
d141,d74_hh107
d141,d213_hh62
d141,d175_hh52
d141,d75_hh216
d136,d176_hh239
d136,d115_hh85
d136,d151_hh207
d136,d206_hh151
d136,d167_hh36
d136,d192_hh169
d136,d68_hh230
d136,d196_hh175
d136,d64_hh69
d136,d107_hh211
d136,d194_hh224
d136,d45_hh183
d136,d145_hh150
d136,d206_hh283
d136,d194_hh102
d136,d108_hh35
d136,d71_hh152
d136,d64_hh271
d136,d136_hh236
d136,d10_hh60
d136,d64_hh69
d136,d49_hh237
d136,d196_hh34
d136,d136_hh236
d136,d108_hh40
d136,d180_hh34
d136,d212_hh78
d136,d188_hh223
d136,d192_hh0
d136,d70_hh85
d136,d79_hh93
d136,d64_hh271
d136,d188_hh137
d136,d70_hh85
d136,d49_hh237
d136,d203_hh30
d136,d206_hh151
d136,d212_hh78
d136,d192_hh169
d136,d194_hh224
d136,d145_hh212
d136,d206_hh151
d136,d144_hh235
d136,d10_hh60
d136,d107_hh0
d136,d115_hh85
d136,d89_hh43
d136,d28_hh260
d136,d167_hh36
d136,d107_hh211
d136,d151_hh93
d136,d64_hh69
d136,d70_hh243
d136,d25_hh250
d136,d86_hh70
d136,d3_hh7
d136,d201_hh21
d136,d27_hh145
d136,d181_hh63
d136,d192_hh169
d136,d68_hh230
d136,d180_hh34
d136,d108_hh277
d136,d136_hh236
d136,d212_hh78
d136,d49_hh245
d136,d203_hh30
d136,d45_hh282
d136,d192_hh0
d136,d153_hh185
d136,d115_hh2
d136,d148_hh189
d136,d108_hh40
d136,d153_hh185
d136,d68_hh230
d136,d157_hh104
d136,d49_hh155
d136,d64_hh133
d136,d167_hh120
d136,d151_hh1
d136,d176_hh183
d136,d194_hh224
d136,d71_hh292
d136,d206_hh151
d136,d145_hh145
d136,d103_hh53
d136,d60_hh259
d136,d68_hh230
d136,d180_hh34
d136,d172_hh1
d136,d194_hh224
d136,d22_hh0
d136,d84_hh62
d136,d28_hh124
d136,d151_hh146
d136,d86_hh70
d136,d115_hh2
d136,d136_hh236
d136,d27_hh16
d136,d9_hh97
d136,d70_hh135
d136,d196_hh34
d136,d49_hh131
d136,d27_hh16
d136,d185_hh70
d136,d70_hh243
d136,d105_hh48
d136,d49_hh155
d136,d103_hh53
d136,d49_hh149
d136,d121_hh238
d136,d181_hh267
d136,d188_hh137
d136,d49_hh155
d136,d27_hh16
d136,d45_hh140
d136,d115_hh2
d136,d45_hh140
d136,d70_hh79
d136,d167_hh41
d136,d188_hh137
d136,d94_hh178
d136,d70_hh243
d136,d86_hh114
d136,d64_hh165
d136,d86_hh70
d136,d60_hh210
d136,d45_hh140
d136,d115_hh51
d136,d103_hh115
d136,d63_hh98
d136,d60_hh259
d136,d167_hh120
d136,d211_hh181
d136,d94_hh178
d136,d10_hh110
d136,d14_hh160
d136,d148_hh189
d136,d121_hh146
d136,d49_hh198
d136,d3_hh279
d136,d181_hh267
d136,d28_hh260
d136,d10_hh110
d136,d144_hh235
d136,d22_hh0
d136,d192_hh0
d136,d25_hh250
d136,d176_hh239
d136,d49_hh198
d136,d176_hh183
d136,d151_hh1
d136,d94_hh178
d136,d196_hh34
d136,d203_hh30
d136,d103_hh89
d136,d22_hh0
d136,d136_hh236
d136,d22_hh0
d136,d60_hh165
d136,d203_hh30
d136,d49_hh237
d136,d192_hh0
d136,d107_hh42
d136,d192_hh169
d136,d145_hh150
d136,d203_hh30
d136,d94_hh178
d136,d136_hh236
d136,d70_hh85
d136,d108_hh195
d136,d136_hh186
d136,d22_hh219
d136,d108_hh35
d136,d201_hh28
d136,d10_hh60
d136,d201_hh86
d136,d203_hh11
d136,d25_hh250
d136,d212_hh78
d136,d60_hh172
d136,d60_hh210
d136,d194_hh13
d136,d84_hh62
d136,d107_hh0
d136,d63_hh98
d136,d45_hh140
d136,d136_hh236
d136,d108_hh40
d136,d3_hh7
d136,d176_hh239
d136,d194_hh224
d136,d49_hh245
d136,d206_hh256
d136,d108_hh127
d136,d212_hh78
d136,d115_hh85
d136,d22_hh0
d136,d108_hh40
d136,d84_hh15
d136,d176_hh183
d136,d64_hh69
d136,d103_hh264
d136,d115_hh85
d136,d45_hh140
d136,d172_hh1
d136,d86_hh136
d136,d211_hh181
d136,d10_hh60
d136,d70_hh85
d136,d188_hh223
d136,d60_hh165
d136,d194_hh224
d136,d167_hh36
d136,d192_hh169
d136,d211_hh181
d136,d10_hh60
d136,d107_hh76
d136,d49_hh149
d136,d115_hh2
d136,d108_hh195
d136,d203_hh30
d136,d60_hh172
d136,d49_hh237
d136,d49_hh149
d136,d206_hh283
d136,d194_hh224
d136,d49_hh89
d136,d63_hh98
d136,d136_hh236
d136,d64_hh137
d136,d45_hh183
d136,d22_hh155
d136,d49_hh198
d136,d136_hh186
d136,d108_hh40
d136,d206_hh188
d136,d68_hh230
d136,d115_hh85
d136,d167_hh167
d136,d64_hh45
d136,d10_hh60
d136,d196_hh175
d136,d115_hh85
d136,d212_hh78
d136,d181_hh59
d136,d206_hh283
d136,d185_hh70
d136,d189_hh237
d136,d180_hh130
d136,d211_hh181
d136,d203_hh11
d136,d103_hh175
d136,d180_hh130
d136,d64_hh271
d136,d107_hh0
d136,d107_hh260
d136,d196_hh42
d136,d206_hh256
d136,d70_hh135
d136,d148_hh221
d136,d211_hh181
d136,d103_hh115
d136,d60_hh210
d136,d94_hh178
d136,d68_hh230
d136,d27_hh16
d136,d107_hh76
d136,d49_hh198
d136,d107_hh42
d136,d105_hh161
d136,d63_hh98
d136,d94_hh178
d136,d68_hh230
d136,d49_hh131
d136,d60_hh210
d136,d84_hh62
d136,d206_hh283
d136,d108_hh277
d136,d194_hh224
d136,d201_hh28
d143,d150_hh203
d143,d41_hh150
d143,d72_hh42
d143,d184_hh238
d143,d175_hh131
d143,d119_hh64
d143,d67_hh209
d143,d128_hh246
d143,d204_hh87
d143,d17_hh12
d143,d50_hh217
d143,d74_hh15
d143,d137_hh106
d143,d111_hh227
d143,d50_hh217
d143,d23_hh233
d143,d26_hh40
d143,d129_hh122
d143,d187_hh0
d143,d23_hh156
d143,d204_hh239
d143,d46_hh12
d143,d133_hh241
d143,d23_hh156
d143,d182_hh226
d143,d195_hh19
d143,d23_hh93
d143,d158_hh86
d143,d174_hh213
d143,d57_hh250
d143,d15_hh22
d143,d5_hh5
d143,d36_hh94
d143,d54_hh61
d143,d83_hh153
d143,d129_hh122
d143,d66_hh207
d143,d140_hh85
d143,d57_hh286
d143,d191_hh53
d143,d131_hh180
d143,d174_hh42
d143,d197_hh151
d143,d29_hh131
d143,d82_hh154
d143,d56_hh4
d143,d91_hh90
d143,d141_hh129
d143,d66_hh18
d143,d123_hh104
d143,d98_hh245
d143,d131_hh102
d143,d152_hh29
d143,d170_hh117
d143,d165_hh94
d143,d152_hh29
d143,d137_hh106
d143,d169_hh190
d143,d40_hh200
d143,d204_hh56
d143,d57_hh286
d143,d131_hh180
d143,d35_hh2
d143,d56_hh174
d143,d98_hh177
d143,d165_hh107
d143,d119_hh64
d143,d72_hh42
d143,d187_hh42
d143,d39_hh154
d143,d23_hh21
d143,d23_hh93
d143,d46_hh194
d143,d187_hh87
d143,d55_hh94
d143,d17_hh213
d143,d155_hh148
d143,d158_hh239
d143,d24_hh92
d143,d18_hh227
d143,d128_hh28
d143,d120_hh248
d143,d200_hh77
d143,d4_hh87
d143,d21_hh105
d143,d110_hh252
d143,d11_hh128
d143,d74_hh107
d143,d110_hh252
d143,d31_hh127
d143,d182_hh74
d143,d62_hh259
d143,d166_hh24
d143,d128_hh28
d143,d65_hh29
d143,d195_hh109
d143,d178_hh58
d143,d141_hh27
d143,d118_hh244
d143,d127_hh89
d143,d62_hh251
d143,d62_hh251
d143,d207_hh191
d143,d18_hh227
d143,d66_hh207
d143,d102_hh179
d143,d48_hh118
d143,d41_hh71
d143,d83_hh153
d143,d7_hh257
d143,d205_hh196
d143,d17_hh210
d143,d195_hh109
d143,d126_hh167
d143,d20_hh166
d143,d120_hh248
d143,d99_hh225
d143,d74_hh107
d143,d41_hh71
d143,d44_hh38
d143,d91_hh138
d143,d162_hh47
d143,d81_hh89
d143,d11_hh128
d143,d131_hh102
d143,d147_hh169
d143,d62_hh98
d143,d90_hh151
d143,d123_hh106
d143,d164_hh123
d143,d59_hh184
d143,d186_hh185
d143,d198_hh136
d143,d198_hh136
d143,d95_hh201
d143,d204_hh56
d143,d16_hh294
d143,d34_hh77
d143,d213_hh2
d143,d15_hh103
d143,d178_hh58
d143,d54_hh152
d143,d54_hh218
d143,d150_hh203
d143,d126_hh263
d143,d120_hh248
d143,d75_hh53
d143,d2_hh217
d143,d46_hh194
d143,d56_hh4
d143,d141_hh129
d143,d5_hh5
d143,d42_hh58
d143,d214_hh13
d143,d46_hh69
d143,d132_hh44
d143,d101_hh129
d143,d125_hh3
d143,d193_hh248
d143,d21_hh90
d143,d166_hh164
d143,d169_hh225
d143,d114_hh219
d143,d187_hh42
d143,d34_hh160
d143,d85_hh144
d143,d54_hh61
d143,d134_hh223
d143,d123_hh57
d143,d166_hh239
d143,d54_hh152
d143,d41_hh206
d143,d34_hh77
d143,d102_hh242
d143,d133_hh135
d143,d46_hh194
d143,d112_hh8
d143,d187_hh0
d143,d102_hh200
d143,d171_hh23
d143,d36_hh94
d143,d4_hh80
d143,d53_hh147
d143,d178_hh173
d143,d114_hh47
d143,d39_hh99
d143,d114_hh66
d143,d198_hh188
d143,d209_hh159
d143,d54_hh222
d143,d72_hh208
d143,d83_hh204
d143,d106_hh207
d143,d75_hh25
d143,d78_hh39
d143,d133_hh241
d143,d101_hh129
d143,d83_hh193
d143,d66_hh18
d143,d158_hh136
d143,d210_hh200
d143,d147_hh169
d143,d111_hh131
d143,d30_hh130
d143,d204_hh56
d143,d91_hh21
d143,d17_hh106
d143,d35_hh2
d143,d46_hh194
d143,d57_hh207
d143,d80_hh106
d143,d171_hh71
d143,d195_hh47
d143,d187_hh7
d143,d182_hh226
d143,d128_hh28
d143,d66_hh207
d143,d54_hh218
d143,d93_hh66
d143,d15_hh264
d143,d213_hh125
d143,d61_hh155
d143,d155_hh210
d143,d147_hh54
d143,d95_hh205
d143,d66_hh240
d143,d54_hh222
d143,d53_hh3
d143,d182_hh226
d143,d51_hh231
d143,d133_hh111
d143,d209_hh254
d143,d197_hh151
d143,d102_hh200
d143,d117_hh11
d143,d33_hh58
d143,d18_hh227
d143,d17_hh228
d143,d72_hh42
d143,d208_hh253
d143,d21_hh105
d143,d112_hh8
d143,d209_hh11
d143,d214_hh47
d143,d166_hh24
d143,d57_hh207
d143,d102_hh200
d143,d130_hh244
d143,d169_hh216
d143,d100_hh48
d143,d20_hh166
d143,d187_hh61
d143,d140_hh85
d143,d42_hh19
d143,d51_hh231
d143,d83_hh76
d143,d213_hh247
d143,d143_hh241
d143,d140_hh85
d143,d122_hh144
d143,d160_hh0
d143,d164_hh122
d143,d57_hh16
d143,d128_hh126
d143,d158_hh136
d143,d130_hh142
d143,d175_hh52
d143,d200_hh261
d143,d17_hh106
d143,d174_hh24
d143,d198_hh152
d143,d16_hh287
d143,d36_hh94
d143,d95_hh56
d143,d126_hh207
d143,d123_hh104
d143,d85_hh144
d143,d119_hh177
d143,d166_hh239
d143,d52_hh115
d143,d182_hh229
d143,d178_hh272
d143,d90_hh207
d143,d132_hh46
d142,d206_hh283
d142,d206_hh188
d142,d10_hh60
d142,d115_hh2
d142,d86_hh114
d142,d9_hh176
d142,d84_hh62
d142,d63_hh157
d142,d151_hh1
d142,d153_hh185
d142,d189_hh237
d142,d70_hh243
d142,d107_hh6
d142,d148_hh98
d142,d136_hh186
d142,d176_hh183
d142,d167_hh36
d142,d28_hh260
d142,d9_hh97
d142,d10_hh60
d142,d28_hh260
d142,d70_hh79
d142,d167_hh41
d142,d107_hh76
d142,d151_hh1
d142,d136_hh236
d142,d201_hh21
d142,d108_hh40
d142,d22_hh219
d142,d22_hh0
d142,d107_hh76
d142,d105_hh238
d142,d192_hh159
d142,d108_hh40
d142,d181_hh59
d142,d136_hh236
d142,d86_hh70
d142,d49_hh198
d142,d89_hh43
d142,d64_hh271
d142,d64_hh45
d142,d22_hh219
d142,d107_hh42
d142,d64_hh69
d142,d189_hh80
d142,d192_hh28
d142,d22_hh0
d142,d108_hh127
d142,d86_hh70
d142,d196_hh175
d142,d60_hh210
d142,d70_hh79
d142,d63_hh98
d142,d94_hh178
d142,d27_hh16
d142,d8_hh179
d142,d86_hh70
d142,d79_hh76
d142,d176_hh239
d142,d201_hh86
d142,d211_hh181
d142,d121_hh238
d142,d201_hh28
d142,d107_hh6
d142,d86_hh136
d142,d180_hh34
d142,d63_hh98
d142,d22_hh219
d142,d189_hh80
d142,d105_hh238
d142,d201_hh86
d142,d194_hh102
d142,d70_hh79
d142,d188_hh223
d142,d136_hh236
d142,d121_hh238
d142,d108_hh40
d142,d6_hh77
d142,d103_hh264
d142,d206_hh151
d142,d167_hh36
d142,d115_hh2
d142,d192_hh159
d142,d27_hh16
d142,d49_hh131
d142,d115_hh85
d142,d145_hh2
d142,d151_hh93
d142,d70_hh135
d142,d192_hh28
d142,d107_hh76
d142,d176_hh239
d142,d153_hh185
d142,d206_hh151
d142,d89_hh77
d142,d167_hh36
d142,d108_hh35
d142,d148_hh97
d142,d148_hh82
d142,d22_hh0
d142,d9_hh176
d142,d144_hh285
d142,d3_hh98
d142,d22_hh225
d142,d206_hh188
d142,d115_hh51
d142,d71_hh152
d142,d121_hh146
d142,d70_hh85
d142,d64_hh69
d142,d22_hh0
d142,d108_hh195
d142,d28_hh260
d142,d60_hh165
d142,d181_hh267
d142,d196_hh34
d142,d49_hh198
d142,d185_hh70
d142,d70_hh79
d142,d108_hh35
d142,d115_hh51
d142,d145_hh2
d142,d89_hh77
d142,d84_hh220
d142,d203_hh30
d142,d84_hh62
d142,d211_hh181
d142,d201_hh21
d142,d167_hh36
d142,d10_hh60
d142,d49_hh131
d142,d60_hh210
d142,d89_hh65
d142,d196_hh34
d142,d115_hh51
d142,d188_hh223
d142,d148_hh82
d142,d188_hh223
d142,d70_hh85
d142,d206_hh283
d142,d22_hh219
d142,d45_hh140
d142,d64_hh133
d142,d180_hh130
d142,d22_hh0
d142,d136_hh236
d142,d64_hh69
d142,d105_hh161
d142,d60_hh210
d142,d3_hh279
d142,d136_hh186
d142,d153_hh185
d142,d206_hh151
d142,d203_hh30
d142,d189_hh106
d142,d108_hh35
d142,d107_hh76
d142,d192_hh159
d142,d94_hh137
d142,d167_hh41
d142,d108_hh40
d142,d206_hh283
d142,d60_hh165
d142,d121_hh146
d142,d49_hh237
d142,d49_hh155
d142,d86_hh136
d142,d172_hh102
d142,d108_hh277
d142,d64_hh165
d142,d49_hh245
d142,d86_hh70
d142,d144_hh285
d142,d108_hh195
d142,d68_hh230
d142,d192_hh159
d142,d108_hh127
d142,d108_hh40
d142,d196_hh60
d142,d194_hh224
d142,d3_hh7
d142,d3_hh279
d142,d176_hh239
d142,d194_hh13
d142,d167_hh41
d142,d148_hh97
d142,d86_hh136
d142,d188_hh137
d142,d6_hh77
d142,d107_hh0
d142,d115_hh85
d142,d86_hh114
d142,d176_hh239
d142,d49_hh237
d142,d108_hh195
d142,d121_hh146
d142,d10_hh60
d142,d189_hh237
d142,d107_hh6
d142,d8_hh179
d142,d49_hh245
d142,d22_hh0
d142,d84_hh101
d142,d79_hh182
d142,d49_hh198
d142,d45_hh140
d142,d188_hh98
d142,d206_hh256
d142,d107_hh42
d142,d105_hh48
d142,d60_hh165
d142,d10_hh60
d142,d108_hh127
d142,d68_hh230
d142,d185_hh70
d142,d49_hh155
d142,d136_hh186
d142,d144_hh285
d142,d145_hh145
d142,d108_hh40
d142,d49_hh149
d142,d71_hh169
d142,d3_hh98
d142,d136_hh236
d142,d194_hh224
d142,d49_hh131
d142,d151_hh146
d142,d63_hh98
d142,d70_hh85
d142,d151_hh1
d142,d64_hh133
d142,d45_hh140
d142,d167_hh167
d142,d136_hh236
d142,d64_hh45
d142,d181_hh267
d142,d103_hh72
d142,d60_hh165
d142,d115_hh51
d142,d201_hh28
d142,d27_hh65
d142,d180_hh34
d142,d194_hh224
d142,d148_hh221
d142,d115_hh85
d142,d188_hh137
d142,d94_hh178
d142,d84_hh62
d142,d70_hh85
d142,d71_hh169
d142,d121_hh238
d142,d28_hh260
d142,d14_hh160
d142,d136_hh236
d142,d105_hh48
d142,d176_hh122
d142,d188_hh223
d142,d108_hh40
d142,d194_hh224
d142,d194_hh102
d142,d201_hh86
d142,d196_hh34
d142,d45_hh183
d142,d151_hh146
d142,d3_hh7
d142,d108_hh127
d142,d22_hh219
d142,d49_hh198
d142,d49_hh89
d142,d60_hh210
d142,d136_hh236
d142,d136_hh236
d142,d115_hh85
d142,d196_hh175
d142,d105_hh161
d142,d63_hh157
d142,d115_hh51
d144,d206_hh188
d144,d3_hh98
d144,d28_hh260
d144,d188_hh223
d144,d45_hh282
d144,d167_hh36
d144,d60_hh165
d144,d10_hh110
d144,d103_hh72
d144,d45_hh183
d144,d49_hh198
d144,d64_hh45
d144,d9_hh97
d144,d64_hh133
d144,d172_hh1
d144,d103_hh264
d144,d71_hh292
d144,d107_hh76
d144,d206_hh283
d144,d45_hh140
d144,d145_hh212
d144,d71_hh292
d144,d108_hh40
d144,d148_hh97
d144,d94_hh137
d144,d60_hh165
d144,d49_hh245
d144,d176_hh122
d144,d64_hh271
d144,d22_hh155
d144,d189_hh80
d144,d63_hh98
d144,d194_hh13
d144,d115_hh2
d144,d3_hh98
d144,d145_hh150
d144,d188_hh137
d144,d194_hh13
d144,d148_hh97
d144,d105_hh161
d144,d103_hh53
d144,d167_hh41
d144,d86_hh114
d144,d107_hh260
d144,d27_hh133
d144,d70_hh135
d144,d196_hh42
d144,d9_hh97
d144,d145_hh145
d144,d151_hh93
d144,d188_hh137
d144,d71_hh292
d144,d103_hh264
d144,d45_hh282
d144,d64_hh45
d144,d49_hh131
d144,d115_hh196
d144,d49_hh198
d144,d84_hh101
d144,d103_hh115
d144,d192_hh159
d144,d145_hh150
d144,d151_hh93
d144,d145_hh2
d144,d84_hh62
d144,d64_hh271
d144,d79_hh76
d144,d60_hh165
d144,d60_hh172
d144,d136_hh186
d144,d151_hh1
d144,d144_hh235
d144,d70_hh79
d144,d64_hh133
d144,d64_hh271
d144,d45_hh183
d144,d188_hh137
d144,d203_hh11
d144,d27_hh133
d144,d3_hh7
d144,d148_hh189
d144,d22_hh0
d144,d86_hh136
d144,d189_hh237
d144,d196_hh60
d144,d27_hh133
d144,d10_hh46
d144,d167_hh167
d144,d151_hh1
d144,d84_hh6
d144,d206_hh151
d144,d84_hh220
d144,d79_hh76
d144,d70_hh135
d144,d103_hh89
d144,d189_hh237
d144,d148_hh98
d144,d49_hh245
d144,d103_hh115
d144,d63_hh98
d144,d105_hh161
d144,d10_hh46
d144,d107_hh260
d144,d148_hh82
d144,d84_hh220
d144,d189_hh80
d144,d86_hh136
d144,d151_hh207
d144,d151_hh207
d144,d28_hh260
d144,d22_hh219
d144,d27_hh145
d144,d145_hh2
d144,d194_hh102
d144,d151_hh207
d144,d203_hh30
d144,d103_hh72
d144,d70_hh188
d144,d71_hh152
d144,d103_hh175
d144,d192_hh28
d144,d94_hh137
d144,d49_hh119
d144,d136_hh186
d144,d194_hh13
d144,d203_hh30
d144,d49_hh119
d144,d103_hh115
d144,d188_hh137
d144,d188_hh223
d144,d27_hh65
d144,d84_hh220
d144,d105_hh161
d144,d10_hh46
d144,d176_hh183
d144,d189_hh80
d144,d148_hh82
d144,d84_hh6
d144,d89_hh77
d144,d107_hh260
d144,d203_hh11
d144,d49_hh89
d144,d105_hh48
d144,d148_hh98
d144,d49_hh237
d144,d107_hh143
d144,d108_hh127
d144,d60_hh165
d144,d27_hh65
d144,d60_hh210
d144,d49_hh119
d144,d189_hh80
d144,d70_hh135
d144,d180_hh130
d144,d27_hh16
d144,d189_hh106
d144,d148_hh189
d144,d192_hh28
d144,d22_hh155
d144,d63_hh98
d144,d185_hh70
d144,d121_hh146
d144,d49_hh155
d144,d206_hh74
d144,d71_hh152
d144,d148_hh97
d144,d103_hh115
d144,d10_hh110
d144,d64_hh137
d144,d9_hh56
d144,d6_hh77
d144,d70_hh135
d144,d49_hh89
d144,d70_hh79
d144,d107_hh260
d144,d148_hh82
d144,d181_hh59
d144,d71_hh152
d144,d121_hh146
d144,d103_hh72
d144,d89_hh65
d144,d9_hh97
d144,d151_hh146
d144,d145_hh150
d144,d151_hh146
d144,d206_hh74
d144,d172_hh1
d144,d196_hh34
d144,d176_hh183
d144,d71_hh292
d144,d103_hh264
d144,d3_hh98
d144,d22_hh155
d144,d79_hh93
d144,d70_hh79
d144,d68_hh230
d144,d153_hh185
d144,d107_hh260
d144,d206_hh151
d144,d63_hh98
d144,d27_hh145
d144,d105_hh161
d144,d115_hh2
d144,d157_hh104
d144,d136_hh236
d144,d49_hh89
d144,d107_hh6
d144,d84_hh6
d144,d9_hh176
d144,d3_hh279
d144,d206_hh256
d144,d84_hh220
d144,d49_hh89
d144,d185_hh70
d144,d172_hh102
d144,d196_hh60
d144,d10_hh46
d144,d22_hh0
d144,d153_hh185
d144,d3_hh98
d144,d180_hh34
d144,d79_hh93
d144,d79_hh76
d144,d108_hh127
d144,d94_hh178
d144,d176_hh122
d144,d70_hh79
d144,d71_hh152
d144,d107_hh260
d144,d84_hh6
d144,d49_hh131
d144,d86_hh114
d144,d148_hh98
d144,d206_hh74
d144,d10_hh110
d144,d68_hh230
d144,d60_hh165
d144,d180_hh34
d144,d10_hh46
d144,d107_hh6
d144,d68_hh230
d144,d64_hh137
d144,d103_hh115
d144,d49_hh245
d144,d3_hh279
d144,d121_hh146
d144,d9_hh97
d144,d49_hh198
d144,d105_hh161
d144,d196_hh34
d144,d64_hh271
d144,d121_hh238
d144,d94_hh178
d144,d103_hh53
d144,d180_hh34
d144,d86_hh136
d144,d84_hh6
d144,d167_hh167
d144,d28_hh260
d144,d151_hh207
d144,d70_hh85
d144,d151_hh194
d144,d103_hh115
d144,d180_hh34
d144,d71_hh292
d144,d8_hh179
d144,d60_hh210
d144,d107_hh6
d144,d86_hh136
d144,d70_hh79
d144,d107_hh143
d144,d107_hh260
d144,d107_hh143
d144,d145_hh150
d144,d172_hh102
d144,d180_hh130
d144,d60_hh165
d144,d45_hh282
d144,d103_hh175
d144,d107_hh42
d144,d84_hh15
d144,d145_hh145
d144,d196_hh42
d144,d71_hh292
d144,d107_hh76
d144,d10_hh46
d144,d105_hh238
d144,d206_hh188
d144,d103_hh115
d144,d84_hh220
d144,d60_hh210
d144,d206_hh256
d144,d68_hh230
d144,d172_hh263
d144,d49_hh155
d147,d119_hh95
d147,d101_hh129
d147,d179_hh1
d147,d208_hh240
d147,d72_hh42
d147,d41_hh163
d147,d125_hh3
d147,d50_hh217
d147,d169_hh199
d147,d209_hh219
d147,d166_hh239
d147,d202_hh90
d147,d126_hh207
d147,d36_hh94
d147,d66_hh18
d147,d39_hh99
d147,d182_hh39
d147,d132_hh76
d147,d171_hh71
d147,d59_hh251
d147,d62_hh22
d147,d98_hh84
d147,d158_hh86
d147,d4_hh29
d147,d13_hh58
d147,d118_hh173
d147,d133_hh241
d147,d15_hh103
d147,d208_hh253
d147,d4_hh29
d147,d120_hh269
d147,d155_hh151
d147,d159_hh183
d147,d95_hh201
d147,d17_hh210
d147,d56_hh174
d147,d39_hh99
d147,d48_hh118
d147,d174_hh42
d147,d82_hh154
d147,d174_hh24
d147,d100_hh63
d147,d134_hh223
d147,d72_hh208
d147,d91_hh138
d147,d42_hh88
d147,d93_hh66
d147,d34_hh160
d147,d55_hh94
d147,d18_hh137
d147,d134_hh270
d147,d102_hh179
d147,d95_hh205
d147,d46_hh69
d147,d123_hh104
d147,d214_hh13
d147,d119_hh177
d147,d130_hh142
d147,d23_hh204
d147,d209_hh149
d147,d119_hh177
d147,d187_hh7
d147,d209_hh11
d147,d56_hh262
d147,d123_hh57
d147,d104_hh270
d147,d199_hh71
d147,d123_hh119
d147,d155_hh210
d147,d21_hh105
d147,d123_hh160
d147,d129_hh122
d147,d133_hh135
d147,d52_hh33
d147,d200_hh21
d147,d147_hh43
d147,d54_hh189
d147,d209_hh159
d147,d190_hh38
d147,d11_hh128
d147,d36_hh226
d147,d213_hh178
d147,d95_hh164
d147,d74_hh142
d147,d35_hh263
d147,d210_hh200
d147,d123_hh129
d147,d100_hh91
d147,d205_hh196
d147,d66_hh207
d147,d178_hh58
d147,d66_hh213
d147,d213_hh252
d147,d209_hh159
d147,d31_hh34
d147,d110_hh252
d147,d35_hh263
d147,d15_hh264
d147,d93_hh18
d147,d137_hh106
d147,d119_hh222
d147,d140_hh85
d147,d123_hh119
d147,d149_hh107
d147,d123_hh57
d147,d173_hh163
d147,d39_hh99
d147,d62_hh22
d147,d210_hh142
d147,d147_hh169
d147,d5_hh5
d147,d152_hh168
d147,d111_hh131
d147,d123_hh160
d147,d104_hh270
d147,d95_hh56
d147,d35_hh2
d147,d131_hh174
d147,d182_hh39
d147,d56_hh4
d147,d75_hh216
d147,d198_hh152
d147,d147_hh43
d147,d117_hh140
d147,d155_hh151
d147,d62_hh98
d147,d35_hh263
d147,d137_hh119
d147,d193_hh248
d147,d106_hh207
d147,d62_hh98
d147,d169_hh199
d147,d54_hh189
d147,d85_hh184
d147,d191_hh53
d147,d131_hh180
d147,d82_hh154
d147,d182_hh229
d147,d90_hh233
d147,d202_hh205
d147,d7_hh257
d147,d54_hh44
d147,d41_hh71
d147,d182_hh149
d147,d182_hh226
d147,d165_hh107
d147,d15_hh264
d147,d2_hh151
d147,d213_hh125
d147,d195_hh19
d147,d2_hh217
d147,d215_hh105
d147,d193_hh248
d147,d169_hh199
d147,d75_hh102
d147,d152_hh29
d147,d52_hh115
d147,d214_hh41
d147,d33_hh58
d147,d195_hh109
d147,d135_hh2
d147,d66_hh213
d147,d15_hh103
d147,d95_hh205
d147,d114_hh219
d147,d57_hh286
d147,d98_hh100
d147,d210_hh142
d147,d102_hh201
d147,d207_hh219
d147,d123_hh119
d147,d150_hh203
d147,d119_hh95
d147,d166_hh24
d147,d120_hh161
d147,d54_hh57
d147,d65_hh29
d147,d120_hh269
d147,d114_hh66
d147,d131_hh24
d147,d150_hh203
d147,d166_hh150
d147,d53_hh3
d147,d104_hh175
d147,d75_hh25
d147,d122_hh159
d147,d75_hh264
d147,d15_hh80
d147,d195_hh47
d147,d152_hh168
d147,d132_hh46
d147,d17_hh106
d147,d17_hh213
d147,d204_hh239
d147,d123_hh106
d147,d57_hh250
d147,d213_hh62
d147,d48_hh118
d147,d41_hh71
d147,d137_hh119
d147,d122_hh231
d147,d23_hh21
d147,d91_hh138
d147,d132_hh76
d147,d36_hh94
d147,d141_hh128
d147,d54_hh44
d147,d72_hh208
d147,d23_hh21
d147,d182_hh149
d147,d54_hh189
d147,d50_hh249
d147,d55_hh254
d147,d130_hh142
d147,d199_hh180
d147,d46_hh12
d147,d91_hh178
d147,d99_hh225
d147,d213_hh2
d147,d113_hh175
d147,d88_hh36
d147,d178_hh272
d147,d209_hh254
d147,d137_hh106
d147,d87_hh156
d147,d91_hh90
d147,d118_hh173
d147,d182_hh195
d147,d119_hh64
d147,d123_hh160
d147,d90_hh151
d147,d155_hh151
d147,d91_hh199
d147,d132_hh76
d147,d204_hh239
d147,d66_hh240
d147,d150_hh203
d147,d16_hh287
d147,d54_hh61
d147,d7_hh257
d147,d119_hh222
d147,d207_hh219
d147,d155_hh151
d147,d35_hh263
d147,d15_hh186
d147,d182_hh229
d147,d29_hh85
d147,d74_hh107
d147,d65_hh242
d147,d199_hh49
d147,d195_hh109
d147,d205_hh196
d147,d126_hh167
d147,d119_hh64
d147,d118_hh244
d147,d131_hh180
d147,d19_hh130
d147,d74_hh107
d147,d149_hh1
d147,d197_hh151
d147,d102_hh242
d147,d111_hh131
d147,d193_hh248
d147,d66_hh207
d147,d119_hh177
d147,d187_hh0
d155,d74_hh243
d155,d104_hh175
d155,d177_hh145
d155,d54_hh57
d155,d147_hh54
d155,d7_hh257
d155,d61_hh155
d155,d130_hh244
d155,d54_hh152
d155,d182_hh149
d155,d61_hh155
d155,d143_hh28
d155,d31_hh139
d155,d109_hh67
d155,d23_hh204
d155,d100_hh145
d155,d166_hh164
d155,d129_hh122
d155,d83_hh117
d155,d29_hh131
d155,d54_hh222
d155,d2_hh151
d155,d100_hh91
d155,d29_hh243
d155,d213_hh2
d155,d195_hh19
d155,d213_hh252
d155,d23_hh204
d155,d50_hh272
d155,d215_hh105
d155,d209_hh219
d155,d174_hh42
d155,d123_hh106
d155,d171_hh88
d155,d135_hh17
d155,d23_hh21
d155,d165_hh94
d155,d72_hh42
d155,d209_hh219
d155,d30_hh267
d155,d173_hh163
d155,d62_hh251
d155,d138_hh82
d155,d56_hh4
d155,d18_hh137
d155,d191_hh53
d155,d99_hh225
d155,d57_hh166
d155,d114_hh66
d155,d102_hh179
d155,d134_hh223
d155,d184_hh158
d155,d62_hh259
d155,d213_hh247
d155,d91_hh21
d155,d99_hh225
d155,d149_hh1
d155,d182_hh226
d155,d34_hh160
d155,d178_hh173
d155,d131_hh24
d155,d163_hh213
d155,d83_hh193
d155,d54_hh152
d155,d91_hh178
d155,d41_hh163
d155,d126_hh207
d155,d119_hh24
d155,d118_hh173
d155,d187_hh87
d155,d75_hh227
d155,d114_hh47
d155,d52_hh165
d155,d119_hh64
d155,d43_hh125
d155,d57_hh207
d155,d46_hh194
d155,d65_hh242
d155,d4_hh202
d155,d54_hh57
d155,d75_hh102
d155,d187_hh0
d155,d101_hh155
d155,d75_hh25
d155,d62_hh98
d155,d41_hh206
d155,d54_hh189
d155,d44_hh38
d155,d184_hh158
d155,d165_hh107
d155,d102_hh242
d155,d46_hh194
d155,d119_hh64
d155,d164_hh123
d155,d111_hh227
d155,d42_hh58
d155,d174_hh242
d155,d138_hh150
d155,d100_hh63
d155,d33_hh58
d155,d204_hh239
d155,d77_hh123
d155,d171_hh88
d155,d166_hh239
d155,d204_hh239
d155,d35_hh263
d155,d56_hh262
d155,d177_hh163
d155,d213_hh211
d155,d44_hh38
d155,d169_hh190
d155,d174_hh242
d155,d114_hh66
d155,d100_hh145
d155,d75_hh227
d155,d102_hh242
d155,d214_hh47
d155,d131_hh24
d155,d213_hh2
d155,d160_hh88
d155,d138_hh82
d155,d122_hh144
d155,d178_hh191
d155,d54_hh218
d155,d123_hh119
d155,d122_hh159
d155,d17_hh106
d155,d158_hh86
d155,d209_hh254
d155,d40_hh152
d155,d213_hh252
d155,d7_hh257
d155,d195_hh109
d155,d73_hh242
d155,d191_hh246
d155,d129_hh122
d155,d90_hh151
d155,d164_hh122
d155,d161_hh185
d155,d122_hh16
d155,d31_hh34
d155,d123_hh106
d155,d95_hh164
d155,d123_hh160
d155,d97_hh156
d155,d46_hh53
d155,d98_hh245
d155,d74_hh243
d155,d182_hh74
d155,d204_hh239
d155,d159_hh183
d155,d85_hh144
d155,d158_hh86
d155,d19_hh38
d155,d178_hh191
d155,d17_hh228
d155,d56_hh262
d155,d41_hh206
d155,d209_hh159
d155,d23_hh93
d155,d2_hh217
d155,d164_hh122
d155,d114_hh66
d155,d34_hh77
d155,d52_hh33
d155,d75_hh264
d155,d51_hh231
d155,d36_hh226
d155,d161_hh185
d155,d207_hh191
d155,d90_hh233
d155,d114_hh47
d155,d56_hh4
d155,d5_hh5
d155,d2_hh68
d155,d98_hh84
d155,d39_hh99
d155,d102_hh201
d155,d12_hh23
d155,d187_hh42
d155,d12_hh23
d155,d23_hh233
d155,d29_hh243
d155,d98_hh100
d155,d132_hh44
d155,d109_hh88
d155,d163_hh145
d155,d104_hh58
d155,d91_hh178
d155,d17_hh210
d155,d54_hh44
d155,d207_hh191
d155,d93_hh66
d155,d178_hh272
d155,d197_hh151
d155,d46_hh194
d155,d54_hh61
d155,d90_hh233
d155,d182_hh226
d155,d77_hh123
d155,d35_hh263
d155,d195_hh19
d155,d50_hh7
d155,d174_hh242
d155,d120_hh248
d155,d57_hh286
d155,d56_hh174
d155,d209_hh219
d155,d38_hh165
d155,d187_hh87
d155,d119_hh177
d155,d11_hh128
d155,d178_hh191
d155,d200_hh21
d155,d59_hh243
d155,d164_hh123
d155,d178_hh134
d155,d41_hh163
d155,d91_hh90
d155,d46_hh69
d155,d182_hh39
d155,d36_hh226
d155,d193_hh248
d155,d39_hh67
d155,d44_hh164
d155,d213_hh252
d155,d42_hh19
d155,d150_hh203
d155,d149_hh107
d155,d98_hh100
d155,d104_hh116
d155,d30_hh267
d155,d113_hh175
d155,d178_hh58
d155,d62_hh22
d155,d177_hh163
d155,d143_hh241
d155,d59_hh251
d155,d38_hh159
d155,d210_hh142
d155,d46_hh53
d155,d72_hh208
d155,d213_hh247
d155,d31_hh139
d155,d119_hh24
d155,d193_hh248
d155,d119_hh222
d155,d54_hh222
d155,d74_hh15
d155,d141_hh128
d155,d187_hh87
d155,d149_hh107
d155,d131_hh174
d155,d123_hh84
d155,d44_hh164
d155,d52_hh33
d155,d50_hh7
d155,d66_hh213
d155,d209_hh149
d155,d198_hh152
d155,d130_hh142
d155,d4_hh80
d155,d205_hh196
d155,d169_hh199
d155,d123_hh119
d155,d213_hh211
d155,d132_hh76
d155,d66_hh14
d155,d21_hh97
d155,d213_hh178
d155,d120_hh248
d155,d208_hh168
d155,d50_hh7
d155,d215_hh105
d155,d62_hh259
d155,d149_hh107
d155,d137_hh106
d155,d177_hh163
d155,d65_hh29
d145,d148_hh189
d145,d79_hh182
d145,d145_hh150
d145,d151_hh207
d145,d103_hh89
d145,d196_hh42
d145,d22_hh0
d145,d103_hh72
d145,d49_hh198
d145,d45_hh282
d145,d185_hh17
d145,d10_hh60
d145,d49_hh149
d145,d105_hh161
d145,d6_hh77
d145,d151_hh93
d145,d108_hh277
d145,d22_hh155
d145,d151_hh93
d145,d180_hh34
d145,d107_hh211
d145,d189_hh237
d145,d108_hh127
d145,d107_hh76
d145,d49_hh149
d145,d10_hh60
d145,d105_hh161
d145,d107_hh76
d145,d108_hh40
d145,d49_hh131
d145,d151_hh194
d145,d167_hh120
d145,d64_hh45
d145,d103_hh264
d145,d176_hh122
d145,d9_hh176
d145,d64_hh45
d145,d203_hh30
d145,d121_hh238
d145,d148_hh189
d145,d107_hh6
d145,d84_hh101
d145,d107_hh211
d145,d84_hh101
d145,d89_hh77
d145,d71_hh292
d145,d144_hh235
d145,d22_hh219
d145,d194_hh102
d145,d148_hh97
d145,d145_hh150
d145,d145_hh150
d145,d105_hh238
d145,d180_hh34
d145,d60_hh210
d145,d71_hh169
d145,d144_hh235
d145,d144_hh235
d145,d84_hh62
d145,d60_hh172
d145,d145_hh150
d145,d151_hh93
d145,d148_hh97
d145,d45_hh9
d145,d49_hh237
d145,d10_hh46
d145,d45_hh282
d145,d105_hh161
d145,d201_hh21
d145,d136_hh186
d145,d105_hh48
d145,d188_hh137
d145,d22_hh219
d145,d27_hh145
d145,d189_hh80
d145,d148_hh97
d145,d49_hh119
d145,d203_hh11
d145,d22_hh155
d145,d185_hh70
d145,d84_hh6
d145,d105_hh161
d145,d3_hh98
d145,d10_hh60
d145,d49_hh89
d145,d64_hh271
d145,d107_hh260
d145,d181_hh267
d145,d151_hh93
d145,d63_hh157
d145,d103_hh175
d145,d145_hh2
d145,d3_hh279
d145,d107_hh211
d145,d176_hh122
d145,d103_hh175
d145,d68_hh230
d145,d176_hh122
d145,d105_hh238
d145,d89_hh77
d145,d68_hh230
d145,d151_hh146
d145,d206_hh74
d145,d192_hh159
d145,d151_hh93
d145,d192_hh28
d145,d79_hh182
d145,d22_hh225
d145,d108_hh195
d145,d27_hh16
d145,d10_hh60
d145,d49_hh89
d145,d181_hh267
d145,d136_hh236
d145,d189_hh237
d145,d9_hh176
d145,d79_hh182
d145,d27_hh16
d145,d167_hh41
d145,d86_hh136
d145,d196_hh42
d145,d45_hh282
d145,d89_hh65
d145,d185_hh17
d145,d185_hh17
d145,d79_hh93
d145,d181_hh267
d145,d103_hh175
d145,d103_hh115
d145,d151_hh207
d145,d64_hh133
d145,d185_hh17
d145,d192_hh169
d145,d70_hh79
d145,d28_hh260
d145,d63_hh98
d145,d151_hh146
d145,d64_hh165
d145,d148_hh221
d145,d79_hh182
d145,d8_hh179
d145,d89_hh65
d145,d144_hh235
d145,d71_hh292
d145,d105_hh161
d145,d84_hh220
d145,d45_hh282
d145,d28_hh260
d145,d196_hh34
d145,d60_hh210
d145,d6_hh77
d145,d10_hh46
d145,d79_hh93
d145,d145_hh145
d145,d60_hh259
d145,d181_hh63
d145,d103_hh264
d145,d151_hh146
d145,d107_hh260
d145,d64_hh137
d145,d181_hh59
d145,d180_hh34
d145,d6_hh77
d145,d107_hh76
d145,d27_hh145
d145,d49_hh198
d145,d3_hh7
d145,d167_hh120
d145,d145_hh150
d145,d194_hh224
d145,d107_hh260
d145,d151_hh1
d145,d136_hh236
d145,d180_hh34
d145,d145_hh2
d145,d79_hh76
d145,d121_hh146
d145,d107_hh76
d145,d64_hh137
d145,d10_hh46
d145,d151_hh93
d145,d145_hh2
d145,d89_hh43
d145,d22_hh219
d145,d196_hh42
d145,d172_hh1
d145,d71_hh152
d145,d22_hh219
d145,d107_hh6
d145,d105_hh48
d145,d196_hh34
d145,d60_hh210
d145,d9_hh56
d145,d10_hh60
d145,d206_hh188
d145,d103_hh175
d145,d192_hh28
d145,d49_hh198
d145,d194_hh13
d145,d206_hh256
d145,d167_hh167
d145,d167_hh120
d145,d103_hh72
d145,d107_hh42
d145,d189_hh80
d145,d176_hh239
d145,d144_hh235
d145,d144_hh235
d145,d27_hh65
d145,d45_hh140
d145,d108_hh277
d145,d84_hh220
d145,d148_hh98
d145,d145_hh150
d145,d172_hh1
d145,d8_hh179
d145,d70_hh135
d145,d151_hh207
d145,d145_hh212
d145,d189_hh237
d145,d145_hh145
d145,d49_hh149
d145,d136_hh186
d145,d6_hh77
d145,d194_hh102
d145,d103_hh89
d145,d27_hh133
d145,d107_hh0
d145,d10_hh60
d145,d121_hh238
d145,d49_hh149
d145,d172_hh1
d145,d151_hh194
d145,d71_hh292
d145,d60_hh259
d145,d188_hh223
d145,d71_hh292
d145,d45_hh183
d145,d71_hh152
d145,d49_hh131
d145,d60_hh165
d145,d70_hh135
d145,d84_hh6
d145,d64_hh133
d145,d3_hh7
d145,d151_hh93
d145,d79_hh76
d145,d108_hh195
d145,d189_hh237
d145,d151_hh194
d145,d145_hh2
d145,d148_hh82
d145,d79_hh93
d145,d79_hh182
d145,d196_hh175
d145,d148_hh189
d145,d22_hh155
d145,d196_hh42
d145,d185_hh17
d145,d60_hh172
d145,d148_hh189
d145,d145_hh150
d145,d201_hh21
d145,d108_hh127
d145,d181_hh59
d145,d84_hh101
d145,d70_hh135
d145,d63_hh157
d145,d148_hh97
d145,d105_hh48
d145,d192_hh28
d145,d201_hh21
d145,d172_hh102
d145,d49_hh89
d145,d196_hh42
d145,d145_hh2
d145,d136_hh236
d145,d108_hh277
d145,d3_hh98
d145,d107_hh211
d145,d27_hh145
d145,d71_hh152
d145,d49_hh89
d145,d14_hh160
d145,d86_hh114
d145,d10_hh60
d145,d136_hh236
d130,d46_hh12
d130,d158_hh86
d130,d159_hh64
d130,d208_hh253
d130,d35_hh2
d130,d102_hh200
d130,d178_hh58
d130,d75_hh264
d130,d53_hh3
d130,d87_hh156
d130,d114_hh219
d130,d154_hh2
d130,d46_hh194
d130,d83_hh193
d130,d111_hh131
d130,d122_hh159
d130,d160_hh88
d130,d169_hh225
d130,d143_hh241
d130,d141_hh27
d130,d128_hh28
d130,d31_hh127
d130,d207_hh191
d130,d41_hh206
d130,d104_hh58
d130,d199_hh49
d130,d177_hh145
d130,d46_hh69
d130,d169_hh190
d130,d213_hh247
d130,d155_hh148
d130,d134_hh270
d130,d46_hh69
d130,d204_hh87
d130,d17_hh228
d130,d150_hh207
d130,d184_hh238
d130,d205_hh196
d130,d120_hh248
d130,d135_hh2
d130,d2_hh151
d130,d50_hh7
d130,d215_hh105
d130,d4_hh29
d130,d155_hh18
d130,d57_hh207
d130,d62_hh259
d130,d21_hh105
d130,d123_hh119
d130,d195_hh47
d130,d131_hh174
d130,d13_hh58
d130,d65_hh101
d130,d213_hh2
d130,d165_hh107
d130,d42_hh88
d130,d54_hh222
d130,d202_hh170
d130,d191_hh53
d130,d74_hh15
d130,d17_hh106
d130,d178_hh58
d130,d162_hh213
d130,d120_hh269
d130,d73_hh242
d130,d75_hh25
d130,d198_hh136
d130,d66_hh213
d130,d75_hh25
d130,d164_hh123
d130,d208_hh253
d130,d52_hh33
d130,d155_hh151
d130,d125_hh3
d130,d199_hh49
d130,d198_hh136
d130,d131_hh174
d130,d174_hh242
d130,d104_hh58
d130,d164_hh122
d130,d4_hh87
d130,d59_hh251
d130,d158_hh239
d130,d82_hh154
d130,d171_hh88
d130,d132_hh46
d130,d4_hh87
d130,d95_hh201
d130,d120_hh248
d130,d19_hh130
d130,d143_hh28
d130,d85_hh184
d130,d74_hh15
d130,d75_hh53
d130,d161_hh185
d130,d198_hh188
d130,d80_hh186
d130,d214_hh70
d130,d202_hh90
d130,d2_hh68
d130,d4_hh202
d130,d131_hh102
d130,d147_hh43
d130,d90_hh233
d130,d132_hh188
d130,d109_hh67
d130,d95_hh56
d130,d134_hh270
d130,d13_hh58
d130,d169_hh190
d130,d83_hh193
d130,d214_hh210
d130,d11_hh53
d130,d159_hh183
d130,d5_hh5
d130,d154_hh2
d130,d57_hh216
d130,d207_hh191
d130,d11_hh128
d130,d33_hh58
d130,d122_hh231
d130,d73_hh184
d130,d42_hh58
d130,d52_hh165
d130,d200_hh261
d130,d75_hh102
d130,d111_hh131
d130,d133_hh111
d130,d4_hh80
d130,d213_hh178
d130,d46_hh194
d130,d54_hh57
d130,d174_hh242
d130,d73_hh184
d130,d150_hh207
d130,d62_hh98
d130,d117_hh140
d130,d54_hh61
d130,d21_hh90
d130,d122_hh16
d130,d100_hh63
d130,d133_hh111
d130,d52_hh33
d130,d74_hh107
d130,d126_hh4
d130,d122_hh144
d130,d174_hh213
d130,d190_hh38
d130,d174_hh213
d130,d164_hh123
d130,d23_hh93
d130,d199_hh180
d130,d17_hh213
d130,d98_hh245
d130,d150_hh207
d130,d213_hh178
d130,d132_hh44
d130,d182_hh74
d130,d65_hh29
d130,d128_hh28
d130,d75_hh264
d130,d59_hh112
d130,d12_hh23
d130,d209_hh149
d130,d147_hh169
d130,d135_hh2
d130,d74_hh142
d130,d119_hh210
d130,d69_hh240
d130,d159_hh183
d130,d65_hh242
d130,d75_hh53
d130,d31_hh127
d130,d15_hh76
d130,d57_hh16
d130,d126_hh167
d130,d104_hh270
d130,d164_hh123
d130,d193_hh138
d130,d66_hh14
d130,d152_hh29
d130,d59_hh251
d130,d66_hh213
d130,d134_hh223
d130,d101_hh129
d130,d23_hh156
d130,d128_hh126
d130,d123_hh106
d130,d15_hh76
d130,d33_hh58
d130,d52_hh33
d130,d110_hh252
d130,d2_hh217
d130,d17_hh106
d130,d96_hh110
d130,d169_hh225
d130,d100_hh48
d130,d46_hh245
d130,d17_hh228
d130,d119_hh64
d130,d50_hh217
d130,d91_hh138
d130,d114_hh47
d130,d175_hh52
d130,d117_hh11
d130,d91_hh90
d130,d126_hh207
d130,d118_hh173
d130,d39_hh154
d130,d193_hh85
d130,d137_hh106
d130,d110_hh252
d130,d149_hh14
d130,d119_hh177
d130,d164_hh123
d130,d11_hh128
d130,d169_hh190
d130,d104_hh270
d130,d193_hh138
d130,d173_hh163
d130,d39_hh154
d130,d21_hh105
d130,d164_hh123
d130,d57_hh166
d130,d155_hh148
d130,d62_hh259
d130,d177_hh163
d130,d23_hh93
d130,d29_hh85
d130,d30_hh58
d130,d120_hh269
d130,d124_hh40
d130,d23_hh156
d130,d75_hh102
d130,d59_hh184
d130,d5_hh5
d130,d161_hh21
d130,d78_hh39
d130,d159_hh64
d130,d205_hh196
d130,d187_hh42
d130,d140_hh85
d130,d123_hh57
d130,d62_hh259
d130,d97_hh26
d130,d11_hh53
d130,d191_hh53
d130,d34_hh77
d130,d213_hh178
d130,d184_hh238
d130,d129_hh122
d130,d149_hh107
d130,d207_hh191
d130,d149_hh107
d130,d126_hh167
d130,d152_hh168
d130,d164_hh123
d130,d46_hh12
d130,d126_hh207
d130,d147_hh43
d130,d135_hh2
d130,d23_hh233
d130,d200_hh77
d130,d85_hh144
d130,d187_hh0
d130,d143_hh28
d130,d173_hh262
d130,d213_hh125
d130,d33_hh58
d130,d43_hh125
d130,d132_hh46
d130,d95_hh205
d150,d15_hh186
d150,d214_hh210
d150,d204_hh56
d150,d182_hh39
d150,d82_hh154
d150,d30_hh58
d150,d4_hh80
d150,d18_hh227
d150,d159_hh64
d150,d164_hh123
d150,d46_hh69
d150,d44_hh38
d150,d166_hh150
d150,d191_hh246
d150,d160_hh88
d150,d23_hh204
d150,d21_hh97
d150,d124_hh40
d150,d98_hh100
d150,d207_hh191
d150,d51_hh151
d150,d40_hh152
d150,d131_hh24
d150,d87_hh156
d150,d169_hh225
d150,d7_hh257
d150,d131_hh102
d150,d139_hh214
d150,d83_hh204
d150,d161_hh21
d150,d18_hh137
d150,d42_hh19
d150,d135_hh2
d150,d30_hh58
d150,d66_hh14
d150,d208_hh168
d150,d41_hh206
d150,d171_hh23
d150,d133_hh241
d150,d34_hh77
d150,d170_hh117
d150,d131_hh102
d150,d209_hh219
d150,d24_hh176
d150,d44_hh164
d150,d210_hh142
d150,d34_hh77
d150,d100_hh48
d150,d126_hh263
d150,d130_hh142
d150,d131_hh174
d150,d100_hh63
d150,d36_hh94
d150,d74_hh15
d150,d118_hh173
d150,d101_hh155
d150,d54_hh218
d150,d159_hh183
d150,d162_hh213
d150,d17_hh12
d150,d5_hh5
d150,d193_hh138
d150,d21_hh97
d150,d119_hh64
d150,d80_hh186
d150,d126_hh4
d150,d48_hh118
d150,d93_hh66
d150,d124_hh40
d150,d182_hh149
d150,d175_hh52
d150,d213_hh2
d150,d152_hh168
d150,d117_hh11
d150,d178_hh191
d150,d163_hh145
d150,d169_hh190
d150,d119_hh95
d150,d133_hh111
d150,d174_hh242
d150,d197_hh151
d150,d150_hh203
d150,d34_hh160
d150,d123_hh129
d150,d187_hh61
d150,d36_hh226
d150,d162_hh213
d150,d202_hh264
d150,d207_hh191
d150,d75_hh53
d150,d16_hh287
d150,d24_hh92
d150,d139_hh214
d150,d122_hh231
d150,d155_hh210
d150,d137_hh106
d150,d44_hh164
d150,d166_hh150
d150,d169_hh190
d150,d165_hh94
d150,d120_hh248
d150,d178_hh272
d150,d119_hh64
d150,d209_hh254
d150,d130_hh142
d150,d17_hh210
d150,d91_hh138
d150,d75_hh102
d150,d155_hh148
d150,d34_hh77
d150,d126_hh207
d150,d147_hh43
d150,d131_hh205
d150,d75_hh25
d150,d173_hh163
d150,d96_hh110
d150,d195_hh19
d150,d122_hh144
d150,d178_hh58
d150,d131_hh24
d150,d15_hh264
d150,d210_hh200
d150,d207_hh191
d150,d109_hh67
d150,d179_hh1
d150,d114_hh47
d150,d126_hh167
d150,d66_hh213
d150,d54_hh222
d150,d73_hh242
d150,d161_hh185
d150,d54_hh218
d150,d41_hh206
d150,d66_hh240
d150,d50_hh217
d150,d23_hh21
d150,d143_hh241
d150,d171_hh23
d150,d152_hh29
d150,d17_hh213
d150,d187_hh87
d150,d75_hh102
d150,d74_hh142
d150,d163_hh213
d150,d26_hh40
d150,d177_hh163
d150,d15_hh264
d150,d177_hh145
d150,d54_hh189
d150,d52_hh165
d150,d122_hh159
d150,d42_hh185
d150,d98_hh177
d150,d80_hh106
d150,d34_hh160
d150,d80_hh186
d150,d199_hh49
d150,d174_hh213
d150,d15_hh186
d150,d74_hh243
d150,d120_hh248
d150,d165_hh94
d150,d31_hh34
d150,d57_hh16
d150,d111_hh227
d150,d114_hh219
d150,d15_hh186
d150,d132_hh46
d150,d74_hh15
d150,d41_hh163
d150,d137_hh119
d150,d29_hh85
d150,d30_hh267
d150,d56_hh4
d150,d102_hh242
d150,d187_hh42
d150,d155_hh18
d150,d74_hh142
d150,d112_hh8
d150,d72_hh42
d150,d141_hh27
d150,d204_hh239
d150,d159_hh183
d150,d99_hh225
d150,d202_hh90
d150,d41_hh150
d150,d213_hh62
d150,d164_hh122
d150,d75_hh216
d150,d213_hh62
d150,d132_hh44
d150,d182_hh39
d150,d198_hh152
d150,d187_hh87
d150,d182_hh74
d150,d149_hh107
d150,d171_hh71
d150,d159_hh64
d150,d193_hh138
d150,d125_hh3
d150,d35_hh2
d150,d137_hh119
d150,d128_hh28
d150,d208_hh240
d150,d91_hh138
d150,d209_hh254
d150,d149_hh14
d150,d132_hh46
d150,d104_hh58
d150,d44_hh164
d150,d187_hh61
d150,d75_hh264
d150,d77_hh123
d150,d56_hh174
d150,d109_hh88
d150,d187_hh42
d150,d207_hh219
d150,d132_hh76
d150,d191_hh53
d150,d164_hh123
d150,d55_hh94
d150,d88_hh36
d150,d124_hh40
d150,d31_hh127
d150,d199_hh49
d150,d170_hh117
d150,d187_hh87
d150,d69_hh240
d150,d190_hh38
d150,d187_hh0
d150,d23_hh93
d150,d54_hh218
d150,d214_hh210
d150,d134_hh223
d150,d122_hh159
d150,d56_hh174
d150,d209_hh254
d150,d74_hh257
d150,d46_hh194
d150,d46_hh53
d150,d50_hh7
d150,d104_hh175
d150,d98_hh223
d150,d166_hh164
d150,d195_hh109
d150,d82_hh154
d150,d164_hh123
d150,d118_hh118
d150,d207_hh191
d150,d46_hh69
d150,d74_hh142
d150,d186_hh185
d150,d133_hh135
d150,d120_hh269
d150,d209_hh219
d150,d178_hh58
d150,d143_hh28
d150,d80_hh106
d150,d110_hh252
d150,d207_hh219
d150,d204_hh56
d150,d17_hh228
d150,d182_hh149
d150,d38_hh159
d149,d163_hh213
d149,d62_hh22
d149,d113_hh175
d149,d26_hh40
d149,d17_hh213
d149,d143_hh28
d149,d209_hh254
d149,d31_hh139
d149,d51_hh231
d149,d54_hh44
d149,d102_hh201
d149,d20_hh166
d149,d120_hh248
d149,d46_hh194
d149,d147_hh43
d149,d150_hh203
d149,d2_hh151
d149,d125_hh3
d149,d126_hh4
d149,d137_hh106
d149,d215_hh105
d149,d199_hh49
d149,d5_hh5
d149,d46_hh12
d149,d34_hh77
d149,d131_hh102
d149,d75_hh216
d149,d72_hh208
d149,d207_hh191
d149,d56_hh174
d149,d140_hh85
d149,d214_hh13
d149,d166_hh239
d149,d57_hh166
d149,d123_hh106
d149,d213_hh125
d149,d114_hh66
d149,d135_hh2
d149,d30_hh267
d149,d123_hh129
d149,d161_hh21
d149,d128_hh126
d149,d114_hh219
d149,d127_hh89
d149,d17_hh228
d149,d74_hh15
d149,d122_hh16
d149,d93_hh18
d149,d213_hh125
d149,d59_hh251
d149,d18_hh227
d149,d199_hh71
d149,d53_hh3
d149,d152_hh88
d149,d182_hh226
d149,d132_hh44
d149,d213_hh125
d149,d143_hh28
d149,d125_hh3
d149,d174_hh42
d149,d122_hh144
d149,d169_hh216
d149,d141_hh129
d149,d191_hh246
d149,d171_hh23
d149,d209_hh254
d149,d198_hh188
d149,d169_hh216
d149,d195_hh19
d149,d187_hh42
d149,d131_hh205
d149,d83_hh193
d149,d98_hh245
d149,d111_hh227
d149,d65_hh101
d149,d125_hh135
d149,d85_hh110
d149,d114_hh219
d149,d122_hh159
d149,d207_hh191
d149,d41_hh206
d149,d123_hh57
d149,d72_hh42
d149,d182_hh229
d149,d195_hh47
d149,d191_hh246
d149,d100_hh91
d149,d117_hh140
d149,d213_hh178
d149,d209_hh159
d149,d61_hh155
d149,d39_hh67
d149,d55_hh94
d149,d209_hh159
d149,d165_hh107
d149,d42_hh88
d149,d179_hh1
d149,d42_hh202
d149,d88_hh195
d149,d74_hh142
d149,d72_hh208
d149,d93_hh66
d149,d54_hh189
d149,d74_hh107
d149,d31_hh34
d149,d51_hh231
d149,d165_hh107
d149,d147_hh43
d149,d207_hh191
d149,d123_hh84
d149,d114_hh47
d149,d31_hh34
d149,d91_hh90
d149,d83_hh193
d149,d161_hh21
d149,d62_hh98
d149,d38_hh165
d149,d54_hh152
d149,d56_hh262
d149,d182_hh229
d149,d193_hh138
d149,d12_hh23
d149,d93_hh66
d149,d31_hh127
d149,d95_hh56
d149,d147_hh169
d149,d127_hh89
d149,d123_hh104
d149,d130_hh142
d149,d169_hh225
d149,d141_hh129
d149,d57_hh250
d149,d66_hh240
d149,d207_hh219
d149,d91_hh178
d149,d126_hh167
d149,d23_hh21
d149,d75_hh216
d149,d120_hh248
d149,d182_hh226
d149,d139_hh214
d149,d104_hh116
d149,d56_hh174
d149,d191_hh246
d149,d16_hh287
d149,d90_hh207
d149,d158_hh86
d149,d21_hh90
d149,d173_hh262
d149,d160_hh0
d149,d186_hh185
d149,d138_hh150
d149,d182_hh74
d149,d158_hh86
d149,d207_hh219
d149,d62_hh98
d149,d110_hh193
d149,d20_hh166
d149,d214_hh41
d149,d56_hh174
d149,d120_hh248
d149,d19_hh130
d149,d15_hh186
d149,d106_hh207
d149,d23_hh21
d149,d149_hh14
d149,d204_hh56
d149,d193_hh248
d149,d200_hh102
d149,d118_hh118
d149,d74_hh15
d149,d50_hh249
d149,d109_hh88
d149,d123_hh84
d149,d50_hh217
d149,d202_hh205
d149,d91_hh138
d149,d80_hh106
d149,d15_hh103
d149,d17_hh210
d149,d177_hh145
d149,d147_hh54
d149,d202_hh90
d149,d85_hh110
d149,d130_hh142
d149,d74_hh15
d149,d87_hh156
d149,d4_hh87
d149,d173_hh163
d149,d161_hh21
d149,d186_hh185
d149,d207_hh191
d149,d74_hh15
d149,d61_hh41
d149,d104_hh116
d149,d210_hh142
d149,d66_hh18
d149,d139_hh214
d149,d150_hh207
d149,d106_hh207
d149,d61_hh41
d149,d205_hh196
d149,d171_hh23
d149,d169_hh199
d149,d198_hh152
d149,d26_hh40
d149,d119_hh64
d149,d174_hh242
d149,d104_hh175
d149,d202_hh264
d149,d4_hh29
d149,d135_hh2
d149,d78_hh223
d149,d119_hh64
d149,d147_hh43
d149,d208_hh240
d149,d56_hh262
d149,d113_hh175
d149,d90_hh207
d149,d62_hh22
d149,d213_hh125
d149,d193_hh248
d149,d90_hh233
d149,d29_hh85
d149,d122_hh231
d149,d59_hh184
d149,d171_hh23
d149,d152_hh88
d149,d62_hh22
d149,d204_hh239
d149,d135_hh2
d149,d132_hh76
d149,d160_hh88
d149,d143_hh28
d149,d187_hh61
d149,d57_hh16
d149,d187_hh61
d149,d165_hh94
d149,d127_hh89
d149,d31_hh139
d149,d54_hh222
d149,d200_hh102
d149,d182_hh195
d149,d159_hh183
d149,d120_hh248
d149,d169_hh225
d149,d122_hh144
d149,d215_hh105
d149,d164_hh122
d149,d4_hh29
d149,d2_hh68
d149,d90_hh207
d149,d165_hh107
d149,d152_hh88
d149,d69_hh240
d149,d149_hh1
d149,d2_hh151
d149,d62_hh251
d149,d2_hh180
d149,d138_hh83
d149,d46_hh12
d149,d83_hh117
d146,d100_hh91
d146,d174_hh242
d146,d152_hh88
d146,d187_hh42
d146,d59_hh184
d146,d149_hh1
d146,d182_hh195
d146,d209_hh219
d146,d5_hh5
d146,d114_hh66
d146,d159_hh64
d146,d187_hh0
d146,d31_hh34
d146,d96_hh145
d146,d57_hh286
d146,d23_hh204
d146,d21_hh90
d146,d17_hh12
d146,d133_hh111
d146,d193_hh248
d146,d83_hh76
d146,d83_hh204
d146,d35_hh263
d146,d132_hh46
d146,d83_hh117
d146,d160_hh0
d146,d191_hh246
d146,d31_hh139
d146,d93_hh18
d146,d110_hh193
d146,d119_hh222
d146,d174_hh242
d146,d147_hh43
d146,d19_hh130
d146,d150_hh207
d146,d204_hh87
d146,d20_hh166
d146,d21_hh105
d146,d169_hh225
d146,d111_hh131
d146,d213_hh125
d146,d150_hh207
d146,d166_hh239
d146,d174_hh242
d146,d87_hh245
d146,d23_hh21
d146,d199_hh49
d146,d91_hh138
d146,d209_hh244
d146,d15_hh76
d146,d97_hh26
d146,d91_hh21
d146,d61_hh155
d146,d178_hh272
d146,d118_hh244
d146,d54_hh57
d146,d95_hh164
d146,d102_hh200
d146,d104_hh58
d146,d54_hh189
d146,d213_hh2
d146,d119_hh177
d146,d85_hh184
d146,d187_hh42
d146,d16_hh294
d146,d173_hh163
d146,d160_hh0
d146,d200_hh102
d146,d54_hh57
d146,d187_hh61
d146,d59_hh251
d146,d199_hh180
d146,d163_hh145
d146,d66_hh14
d146,d214_hh41
d146,d199_hh180
d146,d138_hh82
d146,d104_hh270
d146,d51_hh151
d146,d149_hh1
d146,d126_hh207
d146,d97_hh26
d146,d50_hh217
d146,d61_hh41
d146,d12_hh23
d146,d38_hh159
d146,d193_hh138
d146,d98_hh84
d146,d54_hh189
d146,d169_hh199
d146,d112_hh8
d146,d2_hh217
d146,d177_hh145
d146,d150_hh207
d146,d50_hh272
d146,d91_hh138
d146,d75_hh53
d146,d195_hh19
d146,d118_hh244
d146,d214_hh41
d146,d17_hh12
d146,d209_hh254
d146,d170_hh117
d146,d43_hh125
d146,d41_hh206
d146,d141_hh128
d146,d74_hh142
d146,d152_hh88
d146,d208_hh253
d146,d213_hh247
d146,d143_hh241
d146,d209_hh149
d146,d51_hh231
d146,d106_hh207
d146,d69_hh240
d146,d149_hh14
d146,d135_hh2
d146,d42_hh19
d146,d113_hh175
d146,d214_hh210
d146,d165_hh107
d146,d104_hh175
d146,d110_hh252
d146,d161_hh203
d146,d169_hh190
d146,d30_hh130
d146,d104_hh175
d146,d195_hh19
d146,d140_hh85
d146,d154_hh2
d146,d213_hh178
d146,d166_hh164
d146,d137_hh106
d146,d46_hh69
d146,d95_hh201
d146,d30_hh267
d146,d59_hh112
d146,d75_hh227
d146,d114_hh66
d146,d4_hh80
d146,d152_hh88
d146,d143_hh28
d146,d96_hh110
d146,d91_hh21
d146,d34_hh77
d146,d149_hh14
d146,d62_hh98
d146,d36_hh94
d146,d213_hh2
d146,d54_hh44
d146,d101_hh129
d146,d21_hh105
d146,d141_hh128
d146,d87_hh245
d146,d104_hh270
d146,d66_hh207
d146,d62_hh259
d146,d24_hh92
d146,d59_hh243
d146,d202_hh90
d146,d52_hh115
d146,d20_hh166
d146,d17_hh213
d146,d29_hh243
d146,d173_hh262
d146,d57_hh286
d146,d158_hh239
d146,d109_hh67
d146,d5_hh5
d146,d100_hh145
d146,d186_hh185
d146,d46_hh53
d146,d97_hh26
d146,d65_hh101
d146,d31_hh34
d146,d109_hh88
d146,d174_hh213
d146,d128_hh126
d146,d161_hh21
d146,d80_hh106
d146,d40_hh200
d146,d93_hh18
d146,d56_hh262
d146,d195_hh47
d146,d93_hh18
d146,d31_hh34
d146,d119_hh177
d146,d110_hh193
d146,d123_hh129
d146,d54_hh218
d146,d137_hh119
d146,d41_hh71
d146,d207_hh219
d146,d93_hh18
d146,d29_hh243
d146,d96_hh110
d146,d149_hh1
d146,d199_hh180
d146,d128_hh246
d146,d80_hh236
d146,d118_hh244
d146,d119_hh24
d146,d149_hh107
d146,d114_hh66
d146,d19_hh130
d146,d182_hh226
d146,d51_hh231
d146,d104_hh270
d146,d30_hh58
d146,d174_hh24
d146,d118_hh118
d146,d154_hh2
d146,d75_hh216
d146,d131_hh205
d146,d122_hh16
d146,d139_hh214
d146,d166_hh239
d146,d46_hh245
d146,d187_hh7
d146,d173_hh163
d146,d12_hh23
d146,d214_hh41
d146,d200_hh102
d146,d128_hh28
d146,d187_hh87
d146,d15_hh103
d146,d213_hh211
d146,d138_hh83
d146,d80_hh236
d146,d18_hh137
d146,d53_hh147
d146,d134_hh270
d146,d198_hh188
d146,d66_hh14
d146,d163_hh213
d146,d178_hh173
d146,d209_hh11
d146,d99_hh225
d146,d213_hh125
d146,d4_hh202
d146,d5_hh5
d146,d202_hh264
d146,d120_hh161
d146,d46_hh12
d146,d15_hh103
d146,d2_hh180
d146,d143_hh28
d146,d214_hh13
d146,d41_hh206
d146,d88_hh36
d146,d126_hh263
d146,d23_hh93
d146,d122_hh16
d146,d19_hh130
d146,d159_hh183
d146,d199_hh49
d146,d91_hh178
d146,d95_hh164
d146,d95_hh56
d146,d75_hh216
d146,d118_hh244
d146,d75_hh53
d146,d187_hh7
d146,d91_hh199
d146,d104_hh116
d146,d191_hh53
d146,d112_hh8
d146,d2_hh217
d146,d195_hh109
d146,d207_hh219
d146,d209_hh149
d146,d91_hh178
d146,d74_hh243
d146,d93_hh66
d146,d36_hh94
d146,d67_hh15
d146,d204_hh56
d146,d182_hh74
d146,d93_hh66
d146,d90_hh151
d159,d69_hh240
d159,d43_hh125
d159,d104_hh175
d159,d46_hh69
d159,d7_hh257
d159,d102_hh201
d159,d199_hh49
d159,d141_hh129
d159,d54_hh57
d159,d51_hh231
d159,d118_hh244
d159,d117_hh74
d159,d214_hh13
d159,d53_hh3
d159,d29_hh85
d159,d74_hh243
d159,d198_hh152
d159,d118_hh244
d159,d7_hh257
d159,d214_hh47
d159,d62_hh259
d159,d17_hh228
d159,d165_hh94
d159,d75_hh25
d159,d53_hh147
d159,d44_hh38
d159,d166_hh24
d159,d91_hh138
d159,d184_hh158
d159,d80_hh186
d159,d169_hh225
d159,d74_hh107
d159,d119_hh222
d159,d158_hh107
d159,d117_hh140
d159,d127_hh89
d159,d126_hh4
d159,d74_hh243
d159,d155_hh210
d159,d134_hh223
d159,d199_hh180
d159,d75_hh25
d159,d97_hh26
d159,d155_hh210
d159,d54_hh189
d159,d4_hh65
d159,d50_hh272
d159,d66_hh240
d159,d119_hh64
d159,d74_hh15
d159,d184_hh238
d159,d140_hh85
d159,d178_hh134
d159,d42_hh202
d159,d152_hh168
d159,d2_hh173
d159,d24_hh92
d159,d158_hh136
d159,d147_hh54
d159,d199_hh180
d159,d130_hh244
d159,d30_hh58
d159,d117_hh11
d159,d118_hh118
d159,d19_hh38
d159,d202_hh170
d159,d57_hh286
d159,d104_hh58
d159,d113_hh175
d159,d143_hh241
d159,d104_hh116
d159,d126_hh207
d159,d74_hh107
d159,d65_hh101
d159,d158_hh239
d159,d78_hh39
d159,d98_hh84
d159,d164_hh123
d159,d149_hh107
d159,d30_hh130
d159,d98_hh177
d159,d114_hh47
d159,d114_hh219
d159,d117_hh140
d159,d209_hh219
d159,d74_hh142
d159,d44_hh38
d159,d24_hh176
d159,d187_hh7
d159,d5_hh5
d159,d138_hh82
d159,d66_hh207
d159,d82_hh154
d159,d51_hh151
d159,d57_hh216
d159,d54_hh222
d159,d178_hh173
d159,d120_hh269
d159,d120_hh161
d159,d51_hh151
d159,d141_hh129
d159,d5_hh5
d159,d85_hh110
d159,d200_hh261
d159,d85_hh184
d159,d141_hh128
d159,d21_hh97
d159,d98_hh245
d159,d52_hh33
d159,d90_hh233
d159,d93_hh66
d159,d213_hh252
d159,d149_hh107
d159,d54_hh152
d159,d100_hh91
d159,d122_hh231
d159,d208_hh253
d159,d17_hh12
d159,d137_hh106
d159,d214_hh47
d159,d123_hh57
d159,d53_hh147
d159,d204_hh87
d159,d39_hh66
d159,d54_hh57
d159,d83_hh153
d159,d132_hh44
d159,d177_hh163
d159,d187_hh87
d159,d123_hh129
d159,d102_hh201
d159,d31_hh34
d159,d119_hh210
d159,d147_hh54
d159,d204_hh87
d159,d213_hh252
d159,d174_hh242
d159,d11_hh53
d159,d174_hh242
d159,d125_hh135
d159,d187_hh87
d159,d132_hh44
d159,d23_hh204
d159,d213_hh2
d159,d50_hh249
d159,d74_hh142
d159,d187_hh0
d159,d59_hh112
d159,d62_hh251
d159,d120_hh161
d159,d46_hh245
d159,d182_hh74
d159,d119_hh177
d159,d113_hh175
d159,d214_hh13
d159,d128_hh28
d159,d81_hh89
d159,d98_hh100
d159,d187_hh0
d159,d62_hh98
d159,d72_hh208
d159,d182_hh226
d159,d158_hh107
d159,d118_hh118
d159,d159_hh64
d159,d166_hh24
d159,d50_hh7
d159,d95_hh201
d159,d171_hh88
d159,d178_hh173
d159,d34_hh160
d159,d123_hh129
d159,d126_hh263
d159,d213_hh252
d159,d143_hh28
d159,d54_hh57
d159,d193_hh248
d159,d24_hh92
d159,d29_hh243
d159,d213_hh252
d159,d39_hh154
d159,d41_hh150
d159,d111_hh131
d159,d54_hh152
d159,d100_hh145
d159,d57_hh216
d159,d4_hh80
d159,d17_hh228
d159,d209_hh149
d159,d73_hh184
d159,d193_hh248
d159,d160_hh88
d159,d158_hh239
d159,d31_hh139
d159,d123_hh106
d159,d131_hh205
d159,d139_hh214
d159,d152_hh29
d159,d187_hh42
d159,d123_hh106
d159,d34_hh160
d159,d91_hh178
d159,d213_hh252
d159,d62_hh98
d159,d18_hh227
d159,d36_hh94
d159,d98_hh245
d159,d149_hh107
d159,d42_hh185
d159,d186_hh185
d159,d131_hh180
d159,d109_hh88
d159,d21_hh105
d159,d43_hh125
d159,d174_hh213
d159,d209_hh219
d159,d23_hh204
d159,d124_hh40
d159,d191_hh246
d159,d54_hh61
d159,d31_hh127
d159,d30_hh58
d159,d160_hh0
d159,d17_hh228
d159,d62_hh98
d159,d174_hh213
d159,d44_hh38
d159,d102_hh179
d159,d67_hh209
d159,d125_hh135
d159,d75_hh25
d159,d38_hh165
d159,d97_hh26
d159,d209_hh244
d159,d214_hh13
d159,d75_hh25
d159,d57_hh166
d159,d99_hh225
d159,d80_hh186
d159,d57_hh286
d159,d169_hh190
d159,d12_hh23
d159,d53_hh147
d159,d66_hh14
d159,d125_hh3
d159,d50_hh272
d159,d62_hh251
d159,d111_hh131
d159,d2_hh217
d159,d75_hh25
d159,d74_hh15
d159,d164_hh123
d159,d147_hh43
d159,d52_hh165
d159,d210_hh142
d159,d204_hh87
d159,d133_hh241
d159,d23_hh156
d159,d122_hh159
d159,d46_hh194
d159,d67_hh15
d159,d200_hh102
d159,d55_hh254
d159,d36_hh94
d159,d75_hh102
d159,d149_hh107
d159,d173_hh262
d159,d35_hh2
d159,d31_hh139
d159,d75_hh25
d159,d119_hh210
d159,d98_hh100
d159,d42_hh19
d159,d178_hh157
d159,d13_hh58
d159,d46_hh12
d159,d40_hh200
d159,d120_hh248
d159,d85_hh184
d159,d42_hh202
d159,d80_hh236
d159,d160_hh0
d159,d83_hh76
d159,d131_hh24
d159,d214_hh41
d159,d72_hh208
d159,d30_hh130
d159,d72_hh42
d159,d42_hh185
d159,d171_hh23
d159,d4_hh87
d159,d34_hh77
d162,d132_hh76
d162,d36_hh94
d162,d59_hh243
d162,d83_hh117
d162,d177_hh145
d162,d75_hh25
d162,d23_hh204
d162,d17_hh228
d162,d193_hh85
d162,d65_hh242
d162,d190_hh38
d162,d154_hh2
d162,d51_hh231
d162,d143_hh241
d162,d120_hh269
d162,d39_hh67
d162,d182_hh226
d162,d114_hh66
d162,d75_hh102
d162,d101_hh129
d162,d104_hh58
d162,d199_hh49
d162,d75_hh227
d162,d123_hh104
d162,d39_hh99
d162,d202_hh90
d162,d4_hh29
d162,d21_hh105
d162,d134_hh223
d162,d87_hh156
d162,d158_hh86
d162,d131_hh205
d162,d122_hh231
d162,d66_hh14
d162,d202_hh264
d162,d87_hh245
d162,d207_hh219
d162,d162_hh47
d162,d209_hh159
d162,d42_hh88
d162,d149_hh14
d162,d195_hh47
d162,d78_hh223
d162,d98_hh100
d162,d93_hh66
d162,d173_hh262
d162,d174_hh24
d162,d202_hh205
d162,d54_hh222
d162,d75_hh53
d162,d178_hh134
d162,d2_hh217
d162,d193_hh138
d162,d198_hh188
d162,d198_hh188
d162,d208_hh168
d162,d200_hh102
d162,d97_hh26
d162,d137_hh106
d162,d87_hh156
d162,d57_hh250
d162,d54_hh44
d162,d93_hh18
d162,d158_hh107
d162,d29_hh85
d162,d204_hh87
d162,d93_hh18
d162,d114_hh47
d162,d128_hh246
d162,d131_hh174
d162,d187_hh42
d162,d19_hh130
d162,d213_hh211
d162,d150_hh203
d162,d152_hh88
d162,d111_hh131
d162,d65_hh29
d162,d119_hh222
d162,d208_hh168
d162,d187_hh42
d162,d100_hh91
d162,d139_hh214
d162,d117_hh11
d162,d209_hh11
d162,d98_hh100
d162,d139_hh214
d162,d173_hh163
d162,d41_hh206
d162,d66_hh207
d162,d130_hh244
d162,d102_hh200
d162,d83_hh117
d162,d131_hh180
d162,d24_hh92
d162,d141_hh129
d162,d178_hh58
d162,d85_hh110
d162,d66_hh213
d162,d171_hh88
d162,d44_hh38
d162,d75_hh102
d162,d104_hh175
d162,d18_hh227
d162,d50_hh7
d162,d187_hh7
d162,d209_hh219
d162,d182_hh226
d162,d165_hh107
d162,d119_hh64
d162,d137_hh119
d162,d118_hh244
d162,d150_hh203
d162,d120_hh248
d162,d214_hh13
d162,d190_hh38
d162,d23_hh156
d162,d182_hh74
d162,d187_hh42
d162,d150_hh203
d162,d62_hh98
d162,d44_hh164
d162,d50_hh249
d162,d17_hh213
d162,d200_hh77
d162,d66_hh240
d162,d44_hh164
d162,d104_hh58
d162,d80_hh236
d162,d23_hh21
d162,d30_hh130
d162,d90_hh151
d162,d193_hh248
d162,d154_hh2
d162,d126_hh263
d162,d83_hh204
d162,d160_hh0
d162,d164_hh123
d162,d90_hh151
d162,d24_hh92
d162,d98_hh84
d162,d117_hh74
d162,d52_hh33
d162,d78_hh223
d162,d193_hh138
d162,d208_hh168
d162,d91_hh90
d162,d200_hh102
d162,d191_hh246
d162,d131_hh102
d162,d53_hh3
d162,d18_hh227
d162,d166_hh24
d162,d118_hh244
d162,d137_hh106
d162,d57_hh166
d162,d143_hh28
d162,d101_hh155
d162,d209_hh219
d162,d130_hh244
d162,d77_hh123
d162,d46_hh245
d162,d104_hh270
d162,d202_hh170
d162,d128_hh126
d162,d171_hh88
d162,d209_hh244
d162,d74_hh107
d162,d123_hh106
d162,d200_hh21
d162,d120_hh269
d162,d16_hh287
d162,d126_hh207
d162,d17_hh210
d162,d51_hh151
d162,d51_hh151
d162,d117_hh140
d162,d15_hh76
d162,d29_hh243
d162,d29_hh131
d162,d132_hh44
d162,d30_hh267
d162,d39_hh66
d162,d193_hh85
d162,d166_hh24
d162,d11_hh53
d162,d66_hh18
d162,d7_hh257
d162,d213_hh62
d162,d143_hh28
d162,d50_hh249
d162,d213_hh2
d162,d114_hh66
d162,d66_hh213
d162,d85_hh184
d162,d18_hh227
d162,d137_hh119
d162,d15_hh186
d162,d40_hh152
d162,d61_hh155
d162,d210_hh142
d162,d96_hh110
d162,d213_hh2
d162,d59_hh243
d162,d118_hh244
d162,d36_hh94
d162,d98_hh100
d162,d125_hh3
d162,d77_hh123
d162,d149_hh107
d162,d127_hh89
d162,d152_hh29
d162,d87_hh245
d162,d29_hh85
d162,d175_hh131
d162,d95_hh201
d162,d113_hh175
d162,d132_hh188
d162,d202_hh90
d162,d214_hh41
d162,d119_hh177
d162,d164_hh123
d162,d152_hh88
d162,d178_hh272
d162,d46_hh194
d162,d213_hh2
d162,d39_hh67
d162,d74_hh107
d162,d61_hh155
d162,d177_hh145
d162,d11_hh128
d162,d164_hh122
d162,d178_hh58
d162,d55_hh94
d162,d169_hh216
d162,d120_hh248
d162,d187_hh61
d162,d133_hh135
d162,d120_hh161
d162,d54_hh61
d162,d39_hh66
d162,d200_hh261
d162,d202_hh90
d162,d93_hh66
d162,d54_hh44
d162,d38_hh165
d162,d17_hh228
d162,d117_hh11
d162,d123_hh104
d162,d140_hh85
d162,d91_hh138
d162,d149_hh107
d162,d83_hh117
d162,d41_hh163
d162,d61_hh41
d162,d152_hh168
d162,d4_hh202
d162,d102_hh242
d162,d74_hh243
d162,d135_hh17
d162,d66_hh14
d162,d31_hh34
d162,d178_hh58
d162,d54_hh218
d162,d214_hh70
d162,d50_hh217
d162,d67_hh15
d162,d17_hh228
d162,d213_hh247
d162,d182_hh149
d162,d125_hh3
d162,d114_hh47
d162,d53_hh3
d162,d104_hh270
d162,d91_hh138
d162,d186_hh185
d162,d44_hh38
d148,d107_hh76
d148,d108_hh195
d148,d108_hh40
d148,d176_hh122
d148,d203_hh30
d148,d203_hh30
d148,d194_hh224
d148,d188_hh137
d148,d3_hh7
d148,d201_hh28
d148,d172_hh102
d148,d136_hh236
d148,d108_hh277
d148,d108_hh35
d148,d115_hh85
d148,d108_hh40
d148,d157_hh104
d148,d201_hh28
d148,d86_hh70
d148,d25_hh250
d148,d148_hh82
d148,d14_hh160
d148,d188_hh98
d148,d151_hh194
d148,d84_hh62
d148,d192_hh169
d148,d172_hh102
d148,d185_hh70
d148,d212_hh78
d148,d121_hh146
d148,d206_hh151
d148,d115_hh2
d148,d22_hh219
d148,d108_hh40
d148,d10_hh60
d148,d27_hh145
d148,d49_hh89
d148,d25_hh250
d148,d151_hh194
d148,d25_hh250
d148,d60_hh165
d148,d181_hh59
d148,d115_hh85
d148,d64_hh271
d148,d64_hh69
d148,d25_hh250
d148,d194_hh224
d148,d145_hh212
d148,d206_hh283
d148,d211_hh181
d148,d145_hh150
d148,d206_hh151
d148,d64_hh69
d148,d201_hh86
d148,d167_hh167
d148,d115_hh51
d148,d206_hh188
d148,d3_hh7
d148,d115_hh51
d148,d145_hh2
d148,d64_hh165
d148,d144_hh285
d148,d181_hh267
d148,d68_hh230
d148,d103_hh72
d148,d167_hh167
d148,d107_hh76
d148,d212_hh78
d148,d107_hh76
d148,d151_hh207
d148,d167_hh36
d148,d144_hh285
d148,d49_hh149
d148,d189_hh80
d148,d145_hh150
d148,d115_hh51
d148,d63_hh157
d148,d212_hh78
d148,d115_hh51
d148,d107_hh0
d148,d94_hh178
d148,d108_hh40
d148,d3_hh98
d148,d22_hh155
d148,d103_hh53
d148,d115_hh2
d148,d211_hh181
d148,d60_hh210
d148,d64_hh69
d148,d180_hh34
d148,d172_hh102
d148,d172_hh102
d148,d192_hh0
d148,d144_hh285
d148,d84_hh220
d148,d107_hh76
d148,d145_hh145
d148,d167_hh120
d148,d64_hh45
d148,d206_hh283
d148,d94_hh178
d148,d108_hh277
d148,d167_hh167
d148,d86_hh70
d148,d151_hh93
d148,d153_hh185
d148,d84_hh15
d148,d121_hh238
d148,d49_hh89
d148,d94_hh178
d148,d10_hh110
d148,d60_hh210
d148,d6_hh77
d148,d115_hh51
d148,d49_hh245
d148,d105_hh238
d148,d151_hh207
d148,d25_hh250
d148,d25_hh250
d148,d86_hh70
d148,d84_hh101
d148,d151_hh207
d148,d14_hh160
d148,d121_hh238
d148,d60_hh210
d148,d148_hh82
d148,d64_hh165
d148,d10_hh110
d148,d94_hh137
d148,d22_hh155
d148,d196_hh34
d148,d115_hh2
d148,d181_hh267
d148,d107_hh0
d148,d25_hh250
d148,d79_hh76
d148,d181_hh59
d148,d3_hh7
d148,d10_hh60
d148,d10_hh110
d148,d108_hh40
d148,d180_hh34
d148,d103_hh89
d148,d63_hh98
d148,d84_hh62
d148,d22_hh0
d148,d14_hh160
d148,d107_hh76
d148,d86_hh136
d148,d10_hh60
d148,d188_hh98
d148,d196_hh175
d148,d49_hh155
d148,d71_hh169
d148,d105_hh161
d148,d194_hh224
d148,d103_hh89
d148,d10_hh60
d148,d89_hh43
d148,d86_hh70
d148,d10_hh60
d148,d60_hh210
d148,d206_hh151
d148,d194_hh102
d148,d49_hh119
d148,d196_hh60
d148,d60_hh210
d148,d201_hh28
d148,d189_hh106
d148,d107_hh42
d148,d9_hh97
d148,d64_hh137
d148,d115_hh2
d148,d176_hh239
d148,d203_hh30
d148,d70_hh243
d148,d194_hh224
d148,d176_hh239
d148,d201_hh86
d148,d70_hh79
d148,d188_hh223
d148,d167_hh36
d148,d68_hh230
d148,d206_hh151
d148,d206_hh256
d148,d144_hh285
d148,d68_hh230
d148,d176_hh239
d148,d86_hh114
d148,d211_hh181
d148,d49_hh245
d148,d148_hh98
d148,d167_hh167
d148,d185_hh17
d148,d10_hh60
d148,d144_hh285
d148,d89_hh77
d148,d145_hh212
d148,d167_hh36
d148,d189_hh106
d148,d25_hh250
d148,d115_hh85
d148,d105_hh161
d148,d176_hh239
d148,d3_hh279
d148,d108_hh127
d148,d28_hh260
d148,d103_hh115
d148,d148_hh97
d148,d115_hh2
d148,d180_hh130
d148,d49_hh131
d148,d27_hh16
d148,d14_hh160
d148,d107_hh6
d148,d194_hh224
d148,d64_hh69
d148,d203_hh30
d148,d194_hh224
d148,d45_hh9
d148,d49_hh131
d148,d49_hh89
d148,d196_hh175
d148,d60_hh210
d148,d136_hh236
d148,d86_hh70
d148,d206_hh283
d148,d108_hh35
d148,d70_hh243
d148,d181_hh63
d148,d10_hh60
d148,d151_hh146
d148,d203_hh11
d148,d145_hh145
d148,d71_hh292
d148,d194_hh13
d148,d151_hh1
d148,d115_hh85
d148,d64_hh45
d148,d107_hh0
d148,d136_hh186
d148,d103_hh264
d148,d148_hh82
d148,d115_hh2
d148,d8_hh179
d148,d176_hh183
d148,d60_hh210
d148,d84_hh15
d148,d49_hh149
d148,d45_hh282
d148,d194_hh224
d148,d28_hh260
d148,d63_hh157
d148,d196_hh175
d148,d176_hh239
d148,d188_hh98
d148,d153_hh185
d148,d188_hh98
d148,d64_hh271
d148,d181_hh59
d148,d103_hh89
d148,d136_hh186
d148,d86_hh70
d148,d10_hh60
d148,d203_hh30
d148,d27_hh16
d148,d211_hh181
d148,d167_hh36
d148,d49_hh131
d148,d3_hh279
d148,d148_hh98
d148,d70_hh79
d148,d136_hh236
d148,d115_hh85
d148,d64_hh271
d148,d167_hh36
d148,d10_hh110
d148,d192_hh159
d148,d10_hh60
d148,d103_hh175
d152,d5_hh5
d152,d95_hh56
d152,d19_hh130
d152,d66_hh207
d152,d128_hh126
d152,d40_hh152
d152,d193_hh138
d152,d15_hh264
d152,d98_hh245
d152,d187_hh0
d152,d178_hh191
d152,d166_hh150
d152,d184_hh158
d152,d36_hh94
d152,d198_hh188
d152,d161_hh21
d152,d202_hh264
d152,d182_hh74
d152,d54_hh222
d152,d173_hh163
d152,d77_hh123
d152,d171_hh88
d152,d175_hh52
d152,d74_hh257
d152,d104_hh58
d152,d17_hh213
d152,d16_hh287
d152,d15_hh22
d152,d141_hh128
d152,d187_hh0
d152,d123_hh129
d152,d23_hh233
d152,d166_hh150
d152,d80_hh236
d152,d109_hh88
d152,d24_hh176
d152,d163_hh145
d152,d202_hh205
d152,d158_hh107
d152,d30_hh267
d152,d141_hh129
d152,d149_hh14
d152,d100_hh145
d152,d208_hh168
d152,d175_hh131
d152,d65_hh29
d152,d83_hh204
d152,d147_hh43
d152,d90_hh207
d152,d166_hh239
d152,d17_hh213
d152,d20_hh166
d152,d158_hh107
d152,d117_hh74
d152,d202_hh264
d152,d102_hh200
d152,d214_hh47
d152,d80_hh186
d152,d126_hh167
d152,d200_hh102
d152,d199_hh180
d152,d117_hh74
d152,d39_hh66
d152,d30_hh267
d152,d15_hh76
d152,d174_hh42
d152,d2_hh287
d152,d57_hh250
d152,d39_hh66
d152,d24_hh92
d152,d138_hh82
d152,d123_hh106
d152,d56_hh262
d152,d198_hh152
d152,d66_hh18
d152,d59_hh112
d152,d23_hh204
d152,d204_hh239
d152,d82_hh154
d152,d87_hh245
d152,d13_hh58
d152,d34_hh77
d152,d202_hh205
d152,d147_hh43
d152,d169_hh225
d152,d75_hh53
d152,d21_hh105
d152,d75_hh102
d152,d209_hh159
d152,d91_hh138
d152,d2_hh217
d152,d38_hh165
d152,d75_hh102
d152,d31_hh34
d152,d166_hh239
d152,d98_hh223
d152,d184_hh238
d152,d200_hh261
d152,d101_hh155
d152,d131_hh24
d152,d174_hh213
d152,d51_hh231
d152,d33_hh58
d152,d96_hh110
d152,d138_hh83
d152,d174_hh42
d152,d2_hh180
d152,d102_hh179
d152,d178_hh134
d152,d42_hh185
d152,d35_hh263
d152,d191_hh246
d152,d74_hh107
d152,d141_hh129
d152,d50_hh249
d152,d111_hh131
d152,d16_hh287
d152,d213_hh62
d152,d118_hh173
d152,d120_hh161
d152,d198_hh188
d152,d11_hh53
d152,d18_hh227
d152,d182_hh229
d152,d19_hh38
d152,d134_hh270
d152,d119_hh177
d152,d104_hh58
d152,d182_hh229
d152,d75_hh25
d152,d118_hh173
d152,d34_hh160
d152,d190_hh38
d152,d143_hh28
d152,d65_hh242
d152,d169_hh190
d152,d174_hh242
d152,d126_hh263
d152,d169_hh225
d152,d114_hh219
d152,d163_hh145
d152,d2_hh217
d152,d102_hh179
d152,d23_hh21
d152,d29_hh85
d152,d143_hh241
d152,d75_hh227
d152,d41_hh71
d152,d2_hh180
d152,d173_hh262
d152,d65_hh29
d152,d44_hh164
d152,d169_hh199
d152,d34_hh160
d152,d104_hh58
d152,d134_hh270
d152,d15_hh80
d152,d62_hh98
d152,d80_hh186
d152,d30_hh267
d152,d170_hh130
d152,d214_hh70
d152,d163_hh145
d152,d123_hh160
d152,d42_hh19
d152,d160_hh88
d152,d55_hh254
d152,d80_hh186
d152,d140_hh85
d152,d59_hh112
d152,d158_hh136
d152,d171_hh71
d152,d43_hh125
d152,d122_hh144
d152,d131_hh180
d152,d175_hh52
d152,d133_hh111
d152,d123_hh57
d152,d198_hh188
d152,d26_hh40
d152,d133_hh111
d152,d57_hh16
d152,d165_hh107
d152,d122_hh231
d152,d122_hh231
d152,d109_hh67
d152,d96_hh110
d152,d57_hh16
d152,d159_hh64
d152,d83_hh117
d152,d88_hh36
d152,d2_hh173
d152,d39_hh154
d152,d51_hh231
d152,d62_hh98
d152,d44_hh38
d152,d98_hh100
d152,d130_hh142
d152,d11_hh53
d152,d122_hh16
d152,d117_hh140
d152,d51_hh231
d152,d186_hh185
d152,d106_hh207
d152,d198_hh136
d152,d80_hh106
d152,d149_hh14
d152,d88_hh36
d152,d128_hh246
d152,d131_hh102
d152,d39_hh67
d152,d152_hh168
d152,d91_hh90
d152,d66_hh14
d152,d106_hh207
d152,d109_hh67
d152,d135_hh2
d152,d52_hh33
d152,d119_hh64
d152,d11_hh128
d152,d50_hh249
d152,d133_hh111
d152,d39_hh66
d152,d179_hh1
d152,d54_hh222
d152,d114_hh47
d152,d110_hh193
d152,d2_hh173
d152,d54_hh44
d152,d38_hh165
d152,d120_hh248
d152,d59_hh184
d152,d54_hh189
d152,d179_hh1
d152,d182_hh226
d152,d112_hh8
d152,d118_hh173
d152,d65_hh242
d152,d174_hh242
d152,d46_hh245
d152,d125_hh3
d152,d48_hh118
d152,d50_hh249
d152,d210_hh200
d152,d109_hh88
d152,d29_hh243
d152,d62_hh259
d152,d39_hh67
d152,d73_hh184
d152,d12_hh23
d152,d123_hh106
d152,d17_hh213
d152,d2_hh217
d152,d91_hh199
d152,d44_hh164
d152,d97_hh26
d152,d122_hh16
d152,d24_hh176
d152,d158_hh136
d152,d178_hh191
d152,d96_hh110
d152,d91_hh138
d152,d66_hh207
d152,d57_hh207
d152,d143_hh28
d152,d2_hh180
d152,d50_hh217
d152,d15_hh22
d152,d85_hh144
d152,d102_hh179
d152,d104_hh58
d152,d123_hh160
d152,d119_hh24
d151,d196_hh42
d151,d206_hh188
d151,d22_hh155
d151,d136_hh236
d151,d176_hh122
d151,d151_hh146
d151,d22_hh219
d151,d64_hh133
d151,d180_hh34
d151,d84_hh220
d151,d9_hh176
d151,d63_hh157
d151,d189_hh106
d151,d63_hh98
d151,d60_hh210
d151,d144_hh285
d151,d68_hh230
d151,d185_hh70
d151,d108_hh277
d151,d60_hh172
d151,d107_hh6
d151,d103_hh53
d151,d201_hh86
d151,d192_hh28
d151,d206_hh256
d151,d63_hh98
d151,d89_hh43
d151,d45_hh183
d151,d107_hh76
d151,d86_hh136
d151,d206_hh283
d151,d84_hh220
d151,d64_hh165
d151,d89_hh77
d151,d49_hh149
d151,d189_hh80
d151,d151_hh93
d151,d49_hh155
d151,d60_hh210
d151,d196_hh42
d151,d121_hh238
d151,d185_hh17
d151,d64_hh137
d151,d107_hh260
d151,d185_hh17
d151,d148_hh82
d151,d151_hh1
d151,d49_hh119
d151,d45_hh183
d151,d148_hh98
d151,d64_hh45
d151,d64_hh165
d151,d10_hh46
d151,d107_hh6
d151,d206_hh283
d151,d176_hh122
d151,d144_hh235
d151,d188_hh223
d151,d192_hh159
d151,d79_hh93
d151,d144_hh235
d151,d105_hh238
d151,d151_hh1
d151,d185_hh70
d151,d64_hh165
d151,d103_hh89
d151,d14_hh160
d151,d148_hh98
d151,d86_hh114
d151,d196_hh42
d151,d103_hh264
d151,d45_hh183
d151,d151_hh207
d151,d136_hh186
d151,d89_hh77
d151,d121_hh238
d151,d45_hh9
d151,d70_hh135
d151,d94_hh178
d151,d189_hh106
d151,d145_hh150
d151,d181_hh267
d151,d9_hh97
d151,d84_hh220
d151,d167_hh41
d151,d105_hh238
d151,d60_hh210
d151,d145_hh145
d151,d107_hh76
d151,d185_hh17
d151,d148_hh189
d151,d45_hh282
d151,d107_hh6
d151,d86_hh167
d151,d63_hh98
d151,d206_hh74
d151,d148_hh189
d151,d145_hh145
d151,d63_hh98
d151,d86_hh167
d151,d148_hh189
d151,d108_hh127
d151,d84_hh62
d151,d10_hh110
d151,d49_hh89
d151,d167_hh120
d151,d107_hh76
d151,d60_hh172
d151,d63_hh98
d151,d45_hh183
d151,d49_hh198
d151,d167_hh167
d151,d144_hh235
d151,d25_hh250
d151,d60_hh259
d151,d151_hh146
d151,d180_hh34
d151,d64_hh45
d151,d145_hh212
d151,d84_hh62
d151,d22_hh155
d151,d172_hh263
d151,d70_hh243
d151,d107_hh42
d151,d60_hh210
d151,d10_hh110
d151,d64_hh133
d151,d10_hh110
d151,d185_hh17
d151,d45_hh183
d151,d70_hh79
d151,d84_hh101
d151,d144_hh235
d151,d151_hh93
d151,d151_hh146
d151,d148_hh221
d151,d206_hh151
d151,d3_hh279
d151,d22_hh155
d151,d9_hh97
d151,d27_hh65
d151,d71_hh292
d151,d45_hh282
d151,d22_hh155
d151,d121_hh238
d151,d49_hh89
d151,d105_hh48
d151,d203_hh11
d151,d86_hh114
d151,d70_hh135
d151,d70_hh243
d151,d84_hh62
d151,d115_hh2
d151,d60_hh172
d151,d172_hh1
d151,d196_hh42
d151,d105_hh161
d151,d84_hh101
d151,d136_hh186
d151,d45_hh9
d151,d148_hh82
d151,d148_hh82
d151,d22_hh0
d151,d107_hh76
d151,d189_hh80
d151,d8_hh179
d151,d206_hh283
d151,d22_hh225
d151,d148_hh82
d151,d64_hh137
d151,d103_hh115
d151,d89_hh43
d151,d148_hh97
d151,d148_hh98
d151,d167_hh41
d151,d9_hh176
d151,d27_hh145
d151,d94_hh178
d151,d79_hh76
d151,d196_hh42
d151,d115_hh51
d151,d148_hh82
d151,d64_hh69
d151,d60_hh165
d151,d148_hh189
d151,d185_hh17
d151,d84_hh6
d151,d9_hh97
d151,d70_hh79
d151,d27_hh133
d151,d89_hh43
d151,d79_hh76
d151,d176_hh183
d151,d79_hh76
d151,d3_hh98
d151,d180_hh130
d151,d27_hh65
d151,d10_hh46
d151,d94_hh137
d151,d64_hh137
d151,d3_hh279
d151,d3_hh98
d151,d3_hh279
d151,d89_hh77
d151,d206_hh151
d151,d151_hh194
d151,d206_hh74
d151,d64_hh45
d151,d136_hh186
d151,d192_hh0
d151,d103_hh175
d151,d115_hh196
d151,d176_hh122
d151,d105_hh161
d151,d148_hh189
d151,d79_hh93
d151,d188_hh223
d151,d60_hh165
d151,d148_hh189
d151,d84_hh6
d151,d196_hh34
d151,d196_hh42
d151,d121_hh146
d151,d206_hh151
d151,d107_hh260
d151,d103_hh264
d151,d60_hh210
d151,d107_hh211
d151,d71_hh292
d151,d49_hh131
d151,d84_hh220
d151,d70_hh135
d151,d206_hh283
d151,d70_hh135
d151,d28_hh124
d151,d27_hh65
d151,d107_hh260
d151,d206_hh256
d151,d3_hh7
d151,d84_hh101
d151,d49_hh198
d151,d22_hh219
d151,d206_hh151
d151,d49_hh198
d151,d192_hh28
d151,d185_hh17
d151,d176_hh183
d151,d84_hh101
d151,d70_hh243
d151,d49_hh119
d151,d206_hh151
d151,d196_hh42
d151,d151_hh1
d151,d49_hh245
d151,d145_hh145
d151,d144_hh235
d151,d103_hh264
d151,d68_hh230
d151,d145_hh145
d151,d206_hh188
d151,d203_hh30
d151,d79_hh93
d151,d167_hh120
d151,d107_hh143
d151,d188_hh137
d151,d108_hh127
d151,d25_hh250
d151,d45_hh9
d151,d176_hh239
d151,d60_hh172
d151,d115_hh196
d151,d71_hh292
d151,d22_hh0
d151,d108_hh35
d151,d206_hh151
d151,d79_hh93
d151,d70_hh135
d151,d22_hh155
d151,d10_hh46
d151,d71_hh292
d151,d63_hh157
d151,d145_hh212
d151,d172_hh263
d151,d64_hh133
d151,d148_hh189
d151,d49_hh245
d151,d70_hh79
d151,d49_hh119
d151,d45_hh282
d151,d84_hh101
d151,d27_hh133
d151,d107_hh6
d151,d45_hh282
d151,d145_hh150
d151,d27_hh145
d151,d151_hh194
d154,d31_hh127
d154,d179_hh1
d154,d208_hh253
d154,d82_hh154
d154,d186_hh185
d154,d91_hh21
d154,d179_hh1
d154,d119_hh95
d154,d178_hh272
d154,d161_hh21
d154,d182_hh229
d154,d143_hh241
d154,d130_hh142
d154,d66_hh213
d154,d93_hh66
d154,d135_hh2
d154,d16_hh287
d154,d200_hh102
d154,d125_hh135
d154,d132_hh44
d154,d182_hh74
d154,d11_hh53
d154,d16_hh294
d154,d190_hh38
d154,d98_hh245
d154,d100_hh48
d154,d23_hh21
d154,d90_hh233
d154,d198_hh188
d154,d13_hh58
d154,d38_hh165
d154,d62_hh22
d154,d95_hh201
d154,d5_hh5
d154,d152_hh88
d154,d15_hh22
d154,d30_hh130
d154,d213_hh211
d154,d123_hh160
d154,d80_hh236
d154,d75_hh216
d154,d15_hh22
d154,d83_hh204
d154,d117_hh140
d154,d133_hh241
d154,d91_hh178
d154,d75_hh25
d154,d15_hh103
d154,d177_hh145
d154,d207_hh219
d154,d74_hh257
d154,d90_hh151
d154,d165_hh94
d154,d54_hh61
d154,d18_hh227
d154,d123_hh106
d154,d122_hh144
d154,d57_hh286
d154,d39_hh99
d154,d158_hh107
d154,d152_hh29
d154,d111_hh131
d154,d29_hh85
d154,d149_hh1
d154,d90_hh207
d154,d155_hh210
d154,d2_hh68
d154,d195_hh109
d154,d122_hh159
d154,d215_hh105
d154,d42_hh185
d154,d158_hh86
d154,d132_hh44
d154,d149_hh107
d154,d147_hh43
d154,d21_hh105
d154,d193_hh248
d154,d83_hh76
d154,d158_hh239
d154,d131_hh102
d154,d152_hh168
d154,d207_hh219
d154,d98_hh245
d154,d17_hh12
d154,d90_hh151
d154,d16_hh287
d154,d38_hh165
d154,d91_hh199
d154,d193_hh138
d154,d126_hh167
d154,d54_hh61
d154,d138_hh150
d154,d117_hh140
d154,d109_hh67
d154,d138_hh150
d154,d42_hh88
d154,d209_hh219
d154,d120_hh161
d154,d56_hh174
d154,d16_hh287
d154,d169_hh199
d154,d85_hh184
d154,d83_hh204
d154,d143_hh241
d154,d26_hh40
d154,d141_hh129
d154,d15_hh22
d154,d101_hh155
d154,d174_hh213
d154,d198_hh188
d154,d187_hh7
d154,d23_hh21
d154,d23_hh21
d154,d213_hh2
d154,d122_hh144
d154,d208_hh253
d154,d38_hh159
d154,d120_hh161
d154,d191_hh53
d154,d56_hh174
d154,d44_hh38
d154,d5_hh5
d154,d4_hh202
d154,d101_hh129
d154,d143_hh241
d154,d178_hh58
d154,d83_hh117
d154,d35_hh2
d154,d134_hh270
d154,d199_hh180
d154,d134_hh223
d154,d122_hh16
d154,d57_hh286
d154,d134_hh223
d154,d19_hh38
d154,d184_hh238
d154,d150_hh207
d154,d118_hh244
d154,d175_hh131
d154,d187_hh61
d154,d74_hh257
d154,d154_hh2
d154,d43_hh125
d154,d199_hh49
d154,d83_hh153
d154,d160_hh88
d154,d56_hh4
d154,d30_hh267
d154,d23_hh156
d154,d198_hh152
d154,d41_hh71
d154,d141_hh129
d154,d213_hh125
d154,d43_hh125
d154,d72_hh42
d154,d187_hh61
d154,d41_hh150
d154,d85_hh184
d154,d164_hh122
d154,d182_hh39
d154,d91_hh90
d154,d41_hh150
d154,d123_hh129
d154,d15_hh22
d154,d50_hh272
d154,d119_hh24
d154,d15_hh210
d154,d120_hh248
d154,d20_hh166
d154,d173_hh163
d154,d2_hh68
d154,d128_hh28
d154,d214_hh41
d154,d42_hh88
d154,d193_hh138
d154,d26_hh40
d154,d59_hh112
d154,d141_hh27
d154,d88_hh195
d154,d38_hh165
d154,d129_hh122
d154,d95_hh56
d154,d184_hh158
d154,d112_hh8
d154,d4_hh87
d154,d123_hh160
d154,d124_hh40
d154,d11_hh53
d154,d209_hh244
d154,d154_hh2
d154,d123_hh129
d154,d40_hh200
d154,d65_hh242
d154,d62_hh22
d154,d112_hh8
d154,d41_hh150
d154,d126_hh207
d154,d2_hh217
d154,d170_hh130
d154,d213_hh252
d154,d83_hh193
d154,d52_hh165
d154,d57_hh166
d154,d17_hh106
d154,d75_hh227
d154,d133_hh135
d154,d126_hh4
d154,d186_hh185
d154,d18_hh227
d154,d4_hh80
d154,d23_hh156
d154,d39_hh66
d154,d74_hh243
d154,d12_hh23
d154,d111_hh131
d154,d143_hh28
d154,d204_hh56
d154,d56_hh174
d154,d34_hh160
d154,d36_hh94
d154,d191_hh246
d154,d125_hh3
d154,d29_hh243
d154,d143_hh28
d154,d213_hh247
d154,d43_hh125
d154,d155_hh18
d154,d138_hh82
d154,d187_hh42
d154,d74_hh243
d154,d175_hh52
d154,d147_hh54
d154,d137_hh106
d154,d131_hh205
d154,d169_hh190
d154,d165_hh94
d154,d150_hh203
d154,d59_hh243
d154,d15_hh22
d154,d152_hh29
d154,d74_hh15
d154,d214_hh70
d154,d117_hh74
d154,d57_hh250
d154,d31_hh127
d154,d207_hh219
d154,d15_hh186
d154,d66_hh213
d154,d123_hh57
d154,d214_hh41
d154,d214_hh41
d154,d42_hh88
d154,d123_hh160
d154,d77_hh123
d154,d177_hh145
d154,d15_hh210
d154,d109_hh67
d154,d30_hh130
d153,d192_hh28
d153,d108_hh277
d153,d188_hh98
d153,d60_hh172
d153,d89_hh43
d153,d60_hh210
d153,d145_hh150
d153,d115_hh85
d153,d70_hh79
d153,d49_hh237
d153,d188_hh137
d153,d196_hh34
d153,d68_hh230
d153,d212_hh78
d153,d108_hh195
d153,d84_hh15
d153,d45_hh140
d153,d107_hh76
d153,d212_hh78
d153,d70_hh79
d153,d79_hh93
d153,d60_hh210
d153,d153_hh185
d153,d94_hh178
d153,d89_hh43
d153,d94_hh137
d153,d10_hh60
d153,d63_hh157
d153,d108_hh277
d153,d172_hh102
d153,d206_hh188
d153,d60_hh210
d153,d107_hh76
d153,d181_hh59
d153,d10_hh60
d153,d136_hh236
d153,d25_hh250
d153,d136_hh186
d153,d194_hh224
d153,d49_hh245
d153,d27_hh145
d153,d167_hh36
d153,d84_hh62
d153,d71_hh169
d153,d212_hh78
d153,d145_hh212
d153,d25_hh250
d153,d167_hh167
d153,d10_hh110
d153,d189_hh106
d153,d108_hh35
d153,d27_hh16
d153,d121_hh146
d153,d206_hh188
d153,d27_hh16
d153,d144_hh285
d153,d107_hh211
d153,d181_hh267
d153,d64_hh271
d153,d3_hh98
d153,d144_hh285
d153,d144_hh285
d153,d45_hh140
d153,d22_hh0
d153,d3_hh7
d153,d60_hh165
d153,d70_hh135
d153,d84_hh62
d153,d188_hh98
d153,d181_hh267
d153,d181_hh267
d153,d103_hh172
d153,d89_hh43
d153,d194_hh224
d153,d185_hh70
d153,d79_hh76
d153,d206_hh74
d153,d45_hh9
d153,d107_hh211
d153,d8_hh179
d153,d188_hh137
d153,d68_hh230
d153,d49_hh198
d153,d192_hh159
d153,d180_hh130
d153,d115_hh2
d153,d115_hh51
d153,d108_hh35
d153,d192_hh0
d153,d49_hh149
d153,d14_hh160
d153,d49_hh119
d153,d60_hh210
d153,d121_hh238
d153,d194_hh224
d153,d136_hh236
d153,d22_hh219
d153,d167_hh120
d153,d49_hh119
d153,d167_hh167
d153,d148_hh82
d153,d148_hh189
d153,d194_hh224
d153,d84_hh62
d153,d192_hh28
d153,d115_hh2
d153,d22_hh219
d153,d145_hh150
d153,d136_hh186
d153,d107_hh42
d153,d201_hh28
d153,d188_hh137
d153,d9_hh97
d153,d167_hh41
d153,d22_hh0
d153,d49_hh245
d153,d49_hh131
d153,d115_hh51
d153,d9_hh176
d153,d108_hh40
d153,d79_hh182
d153,d49_hh155
d153,d105_hh161
d153,d115_hh2
d153,d103_hh72
d153,d185_hh70
d153,d10_hh60
d153,d188_hh98
d153,d115_hh2
d153,d89_hh77
d153,d108_hh40
d153,d22_hh0
d153,d167_hh36
d153,d206_hh151
d153,d22_hh0
d153,d206_hh151
d153,d68_hh230
d153,d145_hh212
d153,d60_hh165
d153,d145_hh150
d153,d192_hh159
d153,d63_hh98
d153,d70_hh135
d153,d194_hh224
d153,d121_hh146
d153,d108_hh277
d153,d8_hh179
d153,d60_hh210
d153,d153_hh185
d153,d108_hh195
d153,d192_hh159
d153,d84_hh220
d153,d144_hh285
d153,d64_hh69
d153,d8_hh179
d153,d201_hh86
d153,d115_hh2
d153,d121_hh146
d153,d211_hh181
d153,d22_hh155
d153,d108_hh35
d153,d148_hh221
d153,d45_hh9
d153,d196_hh175
d153,d10_hh60
d153,d107_hh42
d153,d49_hh89
d153,d22_hh219
d153,d176_hh183
d153,d136_hh236
d153,d45_hh282
d153,d10_hh60
d153,d84_hh101
d153,d203_hh30
d153,d115_hh2
d153,d176_hh239
d153,d70_hh135
d153,d3_hh7
d153,d107_hh42
d153,d176_hh183
d153,d148_hh189
d153,d28_hh260
d153,d70_hh79
d153,d201_hh28
d153,d86_hh136
d153,d49_hh245
d153,d71_hh292
d153,d22_hh0
d153,d194_hh224
d153,d86_hh70
d153,d153_hh185
d153,d49_hh131
d153,d25_hh250
d153,d188_hh137
d153,d136_hh236
d153,d115_hh2
d153,d86_hh70
d153,d10_hh60
d153,d3_hh279
d153,d64_hh69
d153,d107_hh6
d153,d89_hh77
d153,d203_hh30
d153,d203_hh30
d153,d3_hh7
d153,d68_hh230
d153,d194_hh102
d153,d167_hh36
d153,d25_hh250
d153,d192_hh159
d153,d14_hh160
d153,d151_hh194
d153,d108_hh127
d153,d64_hh69
d153,d10_hh60
d153,d136_hh236
d153,d136_hh186
d153,d10_hh60
d153,d201_hh86
d153,d108_hh35
d153,d79_hh182
d153,d167_hh120
d153,d10_hh60
d153,d64_hh69
d153,d68_hh230
d153,d181_hh267
d153,d206_hh256
d153,d203_hh30
d153,d89_hh77
d153,d49_hh89
d153,d70_hh135
d153,d201_hh28
d153,d63_hh98
d153,d28_hh260
d153,d107_hh76
d153,d10_hh60
d153,d201_hh21
d153,d206_hh283
d153,d49_hh149
d153,d151_hh1
d153,d49_hh198
d153,d203_hh30
d153,d86_hh70
d153,d3_hh7
d153,d63_hh98
d153,d194_hh224
d153,d28_hh260
d153,d167_hh167
d153,d60_hh210
d153,d201_hh28
d153,d10_hh60
d153,d86_hh114
d153,d144_hh285
d153,d49_hh119
d153,d70_hh135
d153,d60_hh210
d153,d10_hh60
d153,d211_hh181
d153,d196_hh34
d153,d86_hh70
d153,d203_hh30
d156,d164_hh123
d156,d42_hh185
d156,d15_hh22
d156,d191_hh246
d156,d164_hh123
d156,d31_hh139
d156,d120_hh161
d156,d23_hh204
d156,d40_hh200
d156,d137_hh119
d156,d21_hh97
d156,d210_hh142
d156,d2_hh180
d156,d120_hh269
d156,d131_hh174
d156,d56_hh262
d156,d72_hh42
d156,d138_hh150
d156,d140_hh85
d156,d100_hh145
d156,d98_hh84
d156,d24_hh176
d156,d128_hh28
d156,d169_hh199
d156,d42_hh19
d156,d130_hh142
d156,d90_hh207
d156,d171_hh71
d156,d74_hh257
d156,d74_hh107
d156,d7_hh257
d156,d53_hh3
d156,d62_hh98
d156,d209_hh244
d156,d2_hh68
d156,d190_hh38
d156,d15_hh264
d156,d54_hh61
d156,d74_hh257
d156,d21_hh105
d156,d114_hh66
d156,d87_hh156
d156,d198_hh152
d156,d7_hh257
d156,d205_hh196
d156,d125_hh135
d156,d41_hh71
d156,d178_hh157
d156,d29_hh243
d156,d209_hh11
d156,d56_hh4
d156,d80_hh186
d156,d59_hh184
d156,d75_hh53
d156,d202_hh170
d156,d41_hh71
d156,d198_hh188
d156,d182_hh226
d156,d126_hh207
d156,d59_hh184
d156,d83_hh204
d156,d30_hh267
d156,d54_hh222
d156,d2_hh180
d156,d109_hh88
d156,d83_hh153
d156,d90_hh151
d156,d161_hh203
d156,d23_hh93
d156,d12_hh23
d156,d182_hh226
d156,d72_hh42
d156,d162_hh213
d156,d152_hh88
d156,d98_hh177
d156,d17_hh228
d156,d35_hh263
d156,d213_hh2
d156,d15_hh186
d156,d96_hh110
d156,d155_hh210
d156,d202_hh90
d156,d214_hh41
d156,d205_hh196
d156,d59_hh112
d156,d85_hh184
d156,d83_hh193
d156,d152_hh168
d156,d101_hh129
d156,d30_hh58
d156,d209_hh254
d156,d36_hh226
d156,d132_hh188
d156,d29_hh131
d156,d51_hh231
d156,d81_hh89
d156,d155_hh18
d156,d4_hh87
d156,d137_hh119
d156,d114_hh66
d156,d114_hh47
d156,d118_hh118
d156,d166_hh24
d156,d120_hh248
d156,d128_hh126
d156,d30_hh58
d156,d193_hh248
d156,d174_hh242
d156,d75_hh264
d156,d169_hh190
d156,d120_hh248
d156,d209_hh219
d156,d166_hh164
d156,d17_hh106
d156,d42_hh19
d156,d88_hh36
d156,d34_hh77
d156,d88_hh195
d156,d18_hh227
d156,d132_hh46
d156,d100_hh145
d156,d120_hh161
d156,d119_hh24
d156,d186_hh185
d156,d193_hh138
d156,d166_hh164
d156,d149_hh14
d156,d91_hh199
d156,d209_hh149
d156,d91_hh90
d156,d81_hh89
d156,d65_hh101
d156,d65_hh101
d156,d19_hh130
d156,d119_hh210
d156,d2_hh68
d156,d102_hh200
d156,d173_hh262
d156,d130_hh244
d156,d87_hh245
d156,d209_hh254
d156,d72_hh42
d156,d141_hh27
d156,d96_hh145
d156,d134_hh270
d156,d11_hh128
d156,d72_hh42
d156,d200_hh21
d156,d106_hh207
d156,d19_hh38
d156,d75_hh264
d156,d173_hh163
d156,d202_hh264
d156,d23_hh21
d156,d149_hh14
d156,d73_hh184
d156,d100_hh63
d156,d5_hh5
d156,d104_hh175
d156,d182_hh74
d156,d166_hh164
d156,d143_hh28
d156,d193_hh138
d156,d35_hh2
d156,d2_hh173
d156,d111_hh227
d156,d21_hh90
d156,d66_hh207
d156,d154_hh2
d156,d31_hh34
d156,d132_hh188
d156,d123_hh106
d156,d173_hh163
d156,d135_hh17
d156,d75_hh102
d156,d134_hh270
d156,d101_hh155
d156,d51_hh231
d156,d34_hh160
d156,d175_hh131
d156,d162_hh47
d156,d202_hh170
d156,d123_hh129
d156,d120_hh269
d156,d138_hh83
d156,d114_hh219
d156,d125_hh135
d156,d152_hh29
d156,d97_hh156
d156,d75_hh102
d156,d66_hh240
d156,d104_hh58
d156,d17_hh12
d156,d55_hh94
d156,d85_hh110
d156,d24_hh92
d156,d182_hh229
d156,d59_hh112
d156,d41_hh206
d156,d186_hh185
d156,d198_hh152
d156,d100_hh48
d156,d72_hh42
d156,d54_hh222
d156,d42_hh185
d156,d80_hh106
d156,d109_hh88
d156,d109_hh88
d156,d39_hh67
d156,d2_hh68
d156,d55_hh254
d156,d182_hh229
d156,d72_hh208
d156,d80_hh106
d156,d57_hh207
d156,d83_hh204
d156,d117_hh140
d156,d85_hh144
d156,d17_hh213
d156,d44_hh164
d156,d152_hh88
d156,d24_hh176
d156,d138_hh83
d156,d215_hh105
d156,d117_hh140
d156,d208_hh240
d156,d160_hh88
d156,d147_hh54
d156,d78_hh223
d156,d128_hh246
d156,d169_hh190
d156,d126_hh167
d156,d104_hh175
d156,d77_hh123
d156,d11_hh128
d156,d195_hh109
d156,d123_hh57
d156,d104_hh175
d156,d119_hh24
d156,d155_hh18
d156,d123_hh160
d156,d83_hh153
d156,d149_hh14
d156,d210_hh200
d156,d177_hh163
d156,d187_hh42
d156,d31_hh139
d156,d155_hh18
d156,d57_hh207
d156,d15_hh264
d156,d42_hh202
d156,d138_hh83
d156,d57_hh16
d156,d165_hh94
d156,d4_hh80
d156,d75_hh25
d156,d122_hh16
d156,d39_hh154
d156,d111_hh227
d156,d119_hh24
d156,d59_hh112
d156,d182_hh39
d156,d165_hh94
d156,d109_hh88
d156,d88_hh195
d156,d17_hh106
d156,d78_hh39
d156,d141_hh27
d156,d41_hh163
d156,d11_hh128
d156,d126_hh263
d156,d52_hh165
d156,d123_hh129
d156,d2_hh68
d156,d149_hh1
d156,d158_hh107
d156,d131_hh180
d156,d128_hh28
d156,d95_hh201
d156,d152_hh29
d156,d104_hh116
d158,d162_hh47
d158,d42_hh202
d158,d187_hh7
d158,d50_hh217
d158,d73_hh242
d158,d174_hh24
d158,d209_hh254
d158,d160_hh0
d158,d56_hh174
d158,d134_hh223
d158,d57_hh207
d158,d130_hh244
d158,d202_hh264
d158,d82_hh154
d158,d53_hh147
d158,d159_hh183
d158,d17_hh228
d158,d73_hh242
d158,d29_hh85
d158,d91_hh90
d158,d119_hh64
d158,d65_hh29
d158,d56_hh262
d158,d54_hh222
d158,d102_hh200
d158,d54_hh57
d158,d82_hh154
d158,d102_hh201
d158,d200_hh102
d158,d177_hh145
d158,d46_hh53
d158,d17_hh213
d158,d166_hh24
d158,d173_hh163
d158,d15_hh264
d158,d57_hh286
d158,d88_hh195
d158,d54_hh218
d158,d165_hh107
d158,d100_hh145
d158,d182_hh226
d158,d193_hh85
d158,d83_hh153
d158,d195_hh47
d158,d187_hh0
d158,d123_hh119
d158,d36_hh94
d158,d29_hh85
d158,d166_hh239
d158,d119_hh24
d158,d104_hh58
d158,d163_hh145
d158,d2_hh217
d158,d131_hh174
d158,d95_hh164
d158,d100_hh91
d158,d57_hh286
d158,d178_hh157
d158,d208_hh253
d158,d122_hh144
d158,d123_hh57
d158,d170_hh130
d158,d4_hh87
d158,d169_hh216
d158,d197_hh151
d158,d74_hh142
d158,d11_hh128
d158,d98_hh223
d158,d67_hh209
d158,d213_hh2
d158,d59_hh112
d158,d26_hh40
d158,d114_hh47
d158,d54_hh189
d158,d4_hh29
d158,d56_hh262
d158,d202_hh264
d158,d182_hh149
d158,d199_hh71
d158,d143_hh241
d158,d75_hh227
d158,d143_hh241
d158,d102_hh201
d158,d17_hh228
d158,d100_hh48
d158,d137_hh106
d158,d29_hh131
d158,d114_hh219
d158,d21_hh105
d158,d205_hh196
d158,d23_hh204
d158,d40_hh200
d158,d15_hh186
d158,d21_hh90
d158,d199_hh49
d158,d19_hh130
d158,d15_hh264
d158,d106_hh207
d158,d131_hh174
d158,d59_hh184
d158,d95_hh205
d158,d214_hh47
d158,d160_hh0
d158,d158_hh136
d158,d133_hh241
d158,d65_hh29
d158,d44_hh38
d158,d75_hh25
d158,d50_hh249
d158,d149_hh107
d158,d16_hh294
d158,d155_hh148
d158,d78_hh223
d158,d166_hh239
d158,d169_hh216
d158,d117_hh11
d158,d24_hh92
d158,d78_hh39
d158,d149_hh14
d158,d96_hh145
d158,d177_hh145
d158,d100_hh63
d158,d80_hh236
d158,d98_hh245
d158,d59_hh251
d158,d2_hh173
d158,d215_hh105
d158,d187_hh61
d158,d83_hh193
d158,d91_hh21
d158,d24_hh92
d158,d209_hh219
d158,d138_hh150
d158,d118_hh118
d158,d120_hh161
d158,d51_hh151
d158,d152_hh88
d158,d210_hh200
d158,d35_hh2
d158,d198_hh152
d158,d114_hh219
d158,d80_hh106
d158,d91_hh90
d158,d177_hh163
d158,d213_hh178
d158,d35_hh2
d158,d19_hh130
d158,d200_hh261
d158,d2_hh173
d158,d83_hh76
d158,d208_hh168
d158,d186_hh185
d158,d75_hh227
d158,d69_hh240
d158,d51_hh231
d158,d191_hh246
d158,d187_hh42
d158,d132_hh44
d158,d90_hh233
d158,d82_hh154
d158,d100_hh145
d158,d166_hh239
d158,d101_hh129
d158,d123_hh129
d158,d150_hh203
d158,d199_hh71
d158,d73_hh184
d158,d195_hh19
d158,d170_hh117
d158,d202_hh90
d158,d123_hh129
d158,d175_hh52
d158,d50_hh7
d158,d43_hh125
d158,d2_hh180
d158,d160_hh88
d158,d182_hh229
d158,d171_hh88
d158,d174_hh242
d158,d118_hh118
d158,d7_hh257
d158,d16_hh294
d158,d72_hh208
d158,d138_hh82
d158,d169_hh216
d158,d162_hh213
d158,d36_hh226
d158,d15_hh22
d158,d150_hh203
d158,d209_hh159
d158,d169_hh225
d158,d190_hh38
d158,d128_hh28
d158,d88_hh195
d158,d123_hh106
d158,d91_hh178
d158,d193_hh138
d158,d96_hh145
d158,d17_hh213
d158,d133_hh241
d158,d200_hh102
d158,d75_hh216
d158,d7_hh257
d158,d57_hh286
d158,d120_hh161
d158,d83_hh153
d158,d160_hh0
d158,d174_hh242
d158,d113_hh175
d158,d132_hh76
d158,d23_hh204
d158,d132_hh76
d158,d195_hh19
d158,d123_hh57
d158,d119_hh210
d158,d178_hh58
d158,d98_hh245
d158,d154_hh2
d158,d209_hh219
d158,d118_hh173
d158,d187_hh61
d158,d152_hh168
d158,d57_hh166
d158,d197_hh151
d158,d161_hh203
d158,d31_hh127
d158,d161_hh21
d158,d38_hh159
d158,d126_hh167
d158,d124_hh40
d158,d193_hh85
d158,d19_hh130
d158,d174_hh42
d158,d46_hh245
d158,d170_hh130
d158,d104_hh58
d158,d119_hh210
d158,d117_hh74
d158,d72_hh208
d158,d15_hh210
d158,d111_hh227
d158,d178_hh272
d158,d133_hh135
d158,d123_hh106
d158,d59_hh243
d158,d102_hh179
d158,d78_hh223
d158,d67_hh15
d158,d161_hh21
d158,d62_hh251
d158,d147_hh54
d158,d213_hh178
d158,d82_hh154
d158,d57_hh207
d158,d56_hh174
d158,d159_hh183
d158,d198_hh188
d158,d215_hh105
d158,d17_hh228
d158,d2_hh287
d158,d178_hh173
d158,d69_hh240
d158,d52_hh165
d158,d208_hh253
d160,d110_hh193
d160,d182_hh226
d160,d174_hh24
d160,d66_hh213
d160,d158_hh239
d160,d150_hh203
d160,d207_hh191
d160,d178_hh58
d160,d57_hh216
d160,d193_hh138
d160,d160_hh88
d160,d46_hh69
d160,d15_hh22
d160,d112_hh8
d160,d52_hh115
d160,d182_hh39
d160,d187_hh7
d160,d30_hh58
d160,d15_hh76
d160,d197_hh151
d160,d169_hh199
d160,d66_hh240
d160,d17_hh106
d160,d34_hh77
d160,d213_hh252
d160,d158_hh239
d160,d59_hh243
d160,d197_hh151
d160,d12_hh23
d160,d15_hh186
d160,d26_hh40
d160,d117_hh140
d160,d57_hh286
d160,d127_hh89
d160,d17_hh210
d160,d161_hh21
d160,d174_hh24
d160,d128_hh28
d160,d90_hh151
d160,d147_hh169
d160,d4_hh87
d160,d54_hh152
d160,d209_hh244
d160,d62_hh251
d160,d114_hh66
d160,d98_hh100
d160,d88_hh36
d160,d164_hh122
d160,d111_hh131
d160,d67_hh15
d160,d120_hh248
d160,d11_hh53
d160,d114_hh66
d160,d214_hh70
d160,d73_hh242
d160,d213_hh252
d160,d74_hh15
d160,d178_hh191
d160,d90_hh207
d160,d207_hh219
d160,d118_hh244
d160,d193_hh138
d160,d67_hh209
d160,d193_hh138
d160,d173_hh262
d160,d39_hh66
d160,d40_hh200
d160,d23_hh204
d160,d133_hh111
d160,d83_hh76
d160,d18_hh227
d160,d166_hh150
d160,d62_hh251
d160,d17_hh106
d160,d126_hh263
d160,d119_hh177
d160,d90_hh207
d160,d54_hh189
d160,d205_hh196
d160,d69_hh240
d160,d59_hh251
d160,d158_hh86
d160,d126_hh207
d160,d182_hh39
d160,d169_hh225
d160,d52_hh33
d160,d209_hh254
d160,d50_hh217
d160,d11_hh53
d160,d202_hh205
d160,d143_hh28
d160,d131_hh180
d160,d132_hh188
d160,d111_hh131
d160,d197_hh151
d160,d207_hh219
d160,d123_hh84
d160,d48_hh118
d160,d57_hh286
d160,d170_hh130
d160,d31_hh34
d160,d138_hh82
d160,d125_hh3
d160,d29_hh131
d160,d198_hh188
d160,d75_hh102
d160,d4_hh29
d160,d82_hh154
d160,d162_hh47
d160,d178_hh272
d160,d161_hh21
d160,d85_hh184
d160,d117_hh140
d160,d57_hh286
d160,d90_hh233
d160,d42_hh88
d160,d122_hh159
d160,d87_hh156
d160,d31_hh127
d160,d66_hh213
d160,d195_hh109
d160,d50_hh217
d160,d169_hh216
d160,d118_hh118
d160,d39_hh67
d160,d140_hh85
d160,d78_hh223
d160,d169_hh225
d160,d125_hh3
d160,d119_hh64
d160,d132_hh46
d160,d123_hh106
d160,d132_hh76
d160,d209_hh149
d160,d160_hh0
d160,d182_hh39
d160,d130_hh244
d160,d65_hh29
d160,d187_hh42
d160,d152_hh168
d160,d95_hh56
d160,d87_hh156
d160,d109_hh88
d160,d102_hh242
d160,d147_hh43
d160,d98_hh100
d160,d119_hh177
d160,d41_hh150
d160,d74_hh257
d160,d207_hh219
d160,d122_hh159
d160,d214_hh70
d160,d72_hh42
d160,d171_hh88
d160,d33_hh58
d160,d123_hh129
d160,d104_hh270
d160,d213_hh2
d160,d123_hh129
d160,d31_hh127
d160,d150_hh207
d160,d61_hh41
d160,d159_hh183
d160,d53_hh3
d160,d38_hh165
d160,d54_hh218
d160,d159_hh64
d160,d57_hh166
d160,d143_hh28
d160,d31_hh127
d160,d98_hh245
d160,d160_hh88
d160,d43_hh125
d160,d149_hh107
d160,d165_hh107
d160,d104_hh58
d160,d141_hh128
d160,d159_hh183
d160,d18_hh137
d160,d57_hh250
d160,d66_hh213
d160,d209_hh11
d160,d170_hh117
d160,d123_hh104
d160,d90_hh207
d160,d54_hh44
d160,d149_hh107
d160,d122_hh16
d160,d31_hh34
d160,d123_hh160
d160,d83_hh193
d160,d207_hh219
d160,d213_hh62
d160,d4_hh202
d160,d149_hh1
d160,d147_hh43
d160,d124_hh40
d160,d202_hh205
d160,d213_hh2
d160,d152_hh88
d160,d138_hh82
d160,d114_hh219
d160,d133_hh241
d160,d18_hh227
d160,d30_hh267
d160,d55_hh94
d160,d80_hh236
d160,d15_hh210
d160,d164_hh123
d160,d78_hh223
d160,d213_hh2
d160,d170_hh117
d160,d29_hh243
d160,d205_hh196
d160,d158_hh239
d160,d119_hh95
d160,d128_hh126
d160,d174_hh24
d160,d29_hh131
d160,d187_hh0
d160,d98_hh223
d160,d46_hh12
d160,d17_hh106
d160,d15_hh103
d160,d213_hh62
d160,d54_hh57
d160,d138_hh82
d160,d65_hh29
d160,d166_hh164
d160,d199_hh180
d160,d135_hh2
d160,d41_hh163
d160,d104_hh58
d160,d209_hh159
d160,d195_hh19
d160,d52_hh165
d160,d123_hh160
d160,d210_hh200
d160,d214_hh13
d160,d141_hh128
d160,d164_hh122
d160,d128_hh28
d160,d182_hh74
d160,d31_hh34
d160,d93_hh66
d160,d75_hh264
d160,d170_hh130
d160,d104_hh58
d160,d4_hh80
d160,d132_hh46
d160,d83_hh76
d160,d119_hh210
d160,d114_hh47
d160,d102_hh179
d160,d30_hh130
d160,d182_hh74
d160,d66_hh207
d160,d67_hh209
d160,d102_hh242
d160,d72_hh208
d160,d74_hh142
d160,d18_hh227
d160,d208_hh168
d160,d102_hh201
d160,d104_hh116
d160,d204_hh87
d160,d75_hh102
d160,d88_hh36
d160,d125_hh3
d160,d39_hh99
d160,d46_hh194
d160,d122_hh159
d160,d125_hh3
d160,d191_hh246
d160,d23_hh204
d160,d123_hh129
d160,d35_hh2
d160,d39_hh99
d160,d36_hh226
d160,d30_hh267
d160,d114_hh219
d160,d141_hh129
d160,d43_hh125
d160,d177_hh163
d160,d56_hh174
d160,d112_hh8
d160,d213_hh247
d160,d117_hh11
d160,d17_hh12
d160,d184_hh238
d161,d213_hh62
d161,d11_hh53
d161,d51_hh231
d161,d56_hh174
d161,d182_hh74
d161,d98_hh84
d161,d174_hh242
d161,d190_hh38
d161,d202_hh264
d161,d114_hh219
d161,d118_hh173
d161,d159_hh64
d161,d102_hh201
d161,d29_hh85
d161,d130_hh142
d161,d131_hh180
d161,d66_hh207
d161,d104_hh58
d161,d199_hh71
d161,d132_hh44
d161,d17_hh228
d161,d80_hh236
d161,d90_hh207
d161,d52_hh33
d161,d74_hh15
d161,d128_hh126
d161,d17_hh213
d161,d42_hh58
d161,d173_hh262
d161,d120_hh248
d161,d44_hh164
d161,d125_hh135
d161,d23_hh93
d161,d166_hh164
d161,d66_hh207
d161,d193_hh85
d161,d187_hh87
d161,d42_hh88
d161,d213_hh252
d161,d65_hh29
d161,d83_hh204
d161,d130_hh142
d161,d114_hh66
d161,d42_hh202
d161,d119_hh64
d161,d169_hh199
d161,d34_hh160
d161,d31_hh139
d161,d122_hh144
d161,d62_hh98
d161,d23_hh21
d161,d96_hh145
d161,d44_hh38
d161,d200_hh77
d161,d55_hh254
d161,d141_hh128
d161,d4_hh87
d161,d159_hh183
d161,d152_hh168
d161,d98_hh245
d161,d164_hh123
d161,d100_hh91
d161,d57_hh250
d161,d152_hh168
d161,d101_hh155
d161,d198_hh152
d161,d213_hh211
d161,d160_hh88
d161,d100_hh63
d161,d44_hh164
d161,d200_hh77
d161,d158_hh239
d161,d182_hh226
d161,d31_hh34
d161,d171_hh71
d161,d199_hh49
d161,d101_hh129
d161,d15_hh264
d161,d118_hh244
d161,d54_hh44
d161,d119_hh210
d161,d123_hh129
d161,d213_hh2
d161,d119_hh210
d161,d29_hh243
d161,d80_hh186
d161,d193_hh138
d161,d214_hh70
d161,d126_hh4
d161,d34_hh77
d161,d152_hh168
d161,d36_hh226
d161,d198_hh188
d161,d96_hh110
d161,d162_hh213
d161,d40_hh200
d161,d106_hh207
d161,d175_hh52
d161,d39_hh66
d161,d19_hh38
d161,d31_hh139
d161,d208_hh253
d161,d119_hh222
d161,d118_hh244
d161,d38_hh165
d161,d110_hh193
d161,d186_hh185
d161,d46_hh245
d161,d4_hh202
d161,d57_hh286
d161,d213_hh125
d161,d166_hh164
d161,d166_hh150
d161,d132_hh76
d161,d209_hh219
d161,d191_hh246
d161,d62_hh22
d161,d59_hh112
d161,d83_hh117
d161,d174_hh213
d161,d80_hh186
d161,d170_hh130
d161,d57_hh216
d161,d26_hh40
d161,d98_hh245
d161,d46_hh12
d161,d186_hh185
d161,d57_hh166
d161,d19_hh38
d161,d100_hh91
d161,d24_hh176
d161,d104_hh116
d161,d187_hh7
d161,d143_hh28
d161,d24_hh176
d161,d164_hh123
d161,d158_hh239
d161,d182_hh229
d161,d204_hh87
d161,d96_hh110
d161,d24_hh92
d161,d21_hh90
d161,d162_hh213
d161,d110_hh252
d161,d96_hh145
d161,d95_hh56
d161,d88_hh195
d161,d109_hh67
d161,d34_hh77
d161,d143_hh28
d161,d15_hh186
d161,d154_hh2
d161,d166_hh239
d161,d169_hh225
d161,d87_hh156
d161,d147_hh169
d161,d209_hh11
d161,d210_hh142
d161,d132_hh188
d161,d213_hh2
d161,d177_hh163
d161,d208_hh253
d161,d161_hh21
d161,d54_hh218
d161,d171_hh88
d161,d149_hh14
d161,d74_hh243
d161,d214_hh13
d161,d62_hh22
d161,d140_hh85
d161,d4_hh65
d161,d214_hh70
d161,d110_hh252
d161,d83_hh193
d161,d48_hh118
d161,d128_hh28
d161,d19_hh38
d161,d125_hh135
d161,d187_hh7
d161,d138_hh82
d161,d177_hh163
d161,d106_hh207
d161,d83_hh153
d161,d83_hh204
d161,d209_hh149
d161,d66_hh14
d161,d149_hh107
d161,d104_hh58
d161,d214_hh47
d161,d182_hh195
d161,d141_hh128
d161,d38_hh159
d161,d209_hh254
d161,d59_hh243
d161,d59_hh112
d161,d2_hh151
d161,d213_hh252
d161,d137_hh106
d161,d23_hh21
d161,d54_hh218
d161,d210_hh200
d161,d209_hh244
d161,d83_hh153
d161,d174_hh242
d161,d213_hh178
d161,d174_hh24
d161,d213_hh252
d161,d199_hh71
d161,d182_hh229
d161,d210_hh200
d161,d54_hh44
d161,d187_hh42
d161,d66_hh14
d161,d120_hh248
d161,d149_hh107
d161,d178_hh272
d161,d143_hh28
d161,d106_hh207
d161,d159_hh64
d161,d152_hh88
d161,d36_hh226
d161,d102_hh179
d161,d101_hh129
d161,d162_hh213
d161,d111_hh227
d161,d138_hh83
d161,d104_hh58
d161,d56_hh4
d161,d164_hh123
d161,d39_hh67
d161,d65_hh29
d161,d158_hh239
d161,d83_hh153
d161,d46_hh245
d161,d150_hh207
d161,d4_hh87
d161,d163_hh145
d161,d57_hh207
d161,d42_hh88
d161,d73_hh242
d161,d159_hh183
d161,d69_hh240
d161,d100_hh48
d161,d62_hh22
d161,d53_hh147
d161,d50_hh249
d161,d127_hh89
d161,d51_hh231
d161,d128_hh28
d161,d207_hh191
d161,d95_hh201
d161,d38_hh159
d161,d182_hh195
d161,d208_hh168
d161,d51_hh231
d161,d214_hh70
d161,d209_hh149
d161,d132_hh46
d161,d39_hh66
d161,d2_hh180
d161,d126_hh167
d161,d62_hh251
d161,d104_hh58
d161,d104_hh58
d161,d187_hh61
d161,d187_hh0
d161,d81_hh89
d161,d207_hh191
d161,d50_hh217
d161,d209_hh219
d161,d171_hh71
d161,d214_hh41
d161,d74_hh243
d161,d160_hh0
d161,d15_hh264
d161,d131_hh180
d161,d118_hh244
d163,d12_hh23
d163,d214_hh47
d163,d202_hh205
d163,d17_hh12
d163,d187_hh42
d163,d209_hh254
d163,d98_hh223
d163,d155_hh148
d163,d124_hh40
d163,d83_hh76
d163,d133_hh241
d163,d59_hh251
d163,d120_hh161
d163,d75_hh53
d163,d182_hh74
d163,d90_hh233
d163,d20_hh166
d163,d119_hh210
d163,d91_hh178
d163,d123_hh57
d163,d96_hh145
d163,d126_hh167
d163,d54_hh44
d163,d42_hh88
d163,d66_hh213
d163,d34_hh160
d163,d54_hh57
d163,d98_hh100
d163,d187_hh61
d163,d50_hh217
d163,d55_hh94
d163,d54_hh222
d163,d65_hh242
d163,d209_hh244
d163,d65_hh242
d163,d131_hh180
d163,d170_hh117
d163,d126_hh207
d163,d46_hh12
d163,d131_hh205
d163,d53_hh3
d163,d155_hh210
d163,d87_hh245
d163,d83_hh204
d163,d98_hh84
d163,d91_hh138
d163,d2_hh173
d163,d213_hh125
d163,d199_hh71
d163,d130_hh244
d163,d39_hh99
d163,d187_hh0
d163,d65_hh29
d163,d72_hh42
d163,d134_hh270
d163,d123_hh104
d163,d139_hh214
d163,d91_hh178
d163,d59_hh251
d163,d137_hh106
d163,d85_hh110
d163,d34_hh160
d163,d29_hh85
d163,d213_hh252
d163,d23_hh204
d163,d187_hh87
d163,d65_hh101
d163,d215_hh105
d163,d42_hh88
d163,d114_hh47
d163,d73_hh184
d163,d174_hh213
d163,d82_hh154
d163,d164_hh122
d163,d124_hh40
d163,d137_hh119
d163,d62_hh259
d163,d2_hh68
d163,d117_hh11
d163,d122_hh16
d163,d65_hh29
d163,d213_hh252
d163,d75_hh216
d163,d150_hh207
d163,d214_hh70
d163,d193_hh248
d163,d166_hh24
d163,d182_hh149
d163,d141_hh129
d163,d87_hh245
d163,d191_hh246
d163,d198_hh136
d163,d198_hh136
d163,d97_hh26
d163,d143_hh241
d163,d166_hh239
d163,d213_hh125
d163,d117_hh140
d163,d87_hh156
d163,d51_hh151
d163,d53_hh3
d163,d149_hh14
d163,d50_hh217
d163,d200_hh77
d163,d213_hh247
d163,d177_hh145
d163,d16_hh294
d163,d120_hh161
d163,d120_hh248
d163,d132_hh46
d163,d2_hh173
d163,d62_hh259
d163,d111_hh131
d163,d19_hh130
d163,d59_hh243
d163,d17_hh228
d163,d41_hh71
d163,d200_hh261
d163,d147_hh169
d163,d138_hh82
d163,d15_hh210
d163,d31_hh127
d163,d209_hh254
d163,d119_hh64
d163,d72_hh208
d163,d175_hh131
d163,d166_hh239
d163,d101_hh129
d163,d159_hh183
d163,d215_hh105
d163,d15_hh264
d163,d187_hh7
d163,d161_hh203
d163,d57_hh286
d163,d124_hh40
d163,d138_hh82
d163,d126_hh167
d163,d143_hh241
d163,d119_hh64
d163,d77_hh123
d163,d191_hh53
d163,d182_hh229
d163,d205_hh196
d163,d162_hh47
d163,d123_hh106
d163,d104_hh58
d163,d91_hh21
d163,d80_hh186
d163,d61_hh155
d163,d135_hh17
d163,d54_hh218
d163,d174_hh242
d163,d195_hh19
d163,d166_hh150
d163,d166_hh239
d163,d62_hh98
d163,d53_hh3
d163,d75_hh25
d163,d74_hh142
d163,d128_hh246
d163,d166_hh239
d163,d161_hh185
d163,d155_hh18
d163,d161_hh21
d163,d186_hh185
d163,d4_hh29
d163,d62_hh22
d163,d163_hh145
d163,d16_hh294
d163,d169_hh216
d163,d132_hh188
d163,d199_hh180
d163,d155_hh18
d163,d30_hh130
d163,d54_hh61
d163,d199_hh49
d163,d214_hh47
d163,d170_hh117
d163,d46_hh12
d163,d141_hh129
d163,d209_hh219
d163,d214_hh41
d163,d57_hh286
d163,d15_hh22
d163,d155_hh148
d163,d82_hh154
d163,d15_hh210
d163,d85_hh110
d163,d91_hh199
d163,d202_hh90
d163,d42_hh19
d163,d72_hh42
d163,d80_hh106
d163,d195_hh47
d163,d147_hh169
d163,d178_hh191
d163,d198_hh152
d163,d15_hh80
d163,d36_hh226
d163,d39_hh99
d163,d166_hh239
d163,d123_hh84
d163,d50_hh249
d163,d147_hh54
d163,d209_hh11
d163,d132_hh44
d163,d174_hh24
d163,d187_hh87
d163,d31_hh127
d163,d132_hh44
d163,d19_hh130
d163,d52_hh165
d163,d170_hh130
d163,d80_hh236
d163,d100_hh63
d163,d114_hh66
d163,d53_hh147
d163,d199_hh180
d163,d174_hh24
d163,d21_hh97
d163,d35_hh263
d163,d143_hh241
d163,d62_hh98
d163,d123_hh104
d163,d78_hh223
d163,d213_hh247
d163,d110_hh252
d163,d50_hh272
d163,d187_hh61
d163,d40_hh200
d163,d164_hh122
d163,d149_hh107
d163,d57_hh286
d163,d75_hh264
d163,d134_hh223
d163,d208_hh240
d163,d96_hh110
d163,d41_hh150
d163,d20_hh166
d163,d143_hh28
d163,d175_hh131
d163,d135_hh17
d163,d213_hh2
d163,d46_hh53
d163,d130_hh142
d163,d17_hh12
d163,d123_hh129
d163,d88_hh195
d163,d207_hh191
d163,d198_hh152
d163,d31_hh127
d163,d122_hh16
d163,d15_hh76
d163,d131_hh174
d163,d54_hh152
d163,d20_hh166
d163,d186_hh185
d163,d20_hh166
d163,d200_hh77
d163,d143_hh28
d163,d96_hh110
d163,d77_hh123
d163,d4_hh80
d163,d91_hh21
d163,d59_hh243
d163,d119_hh177
d163,d195_hh19
d163,d209_hh244
d163,d75_hh102
d163,d66_hh240
d163,d21_hh97
d163,d53_hh147
d163,d199_hh49
d163,d106_hh207
d163,d12_hh23
d163,d98_hh245
d163,d111_hh227
d164,d19_hh38
d164,d36_hh94
d164,d57_hh286
d164,d120_hh269
d164,d173_hh163
d164,d73_hh184
d164,d207_hh191
d164,d155_hh210
d164,d169_hh216
d164,d2_hh180
d164,d83_hh117
d164,d56_hh262
d164,d55_hh94
d164,d100_hh63
d164,d175_hh131
d164,d169_hh199
d164,d164_hh123
d164,d57_hh207
d164,d178_hh58
d164,d160_hh88
d164,d51_hh151
d164,d40_hh152
d164,d141_hh129
d164,d41_hh71
d164,d110_hh252
d164,d215_hh105
d164,d35_hh2
d164,d24_hh176
d164,d195_hh109
d164,d113_hh175
d164,d59_hh112
d164,d41_hh206
d164,d53_hh3
d164,d165_hh107
d164,d149_hh1
d164,d182_hh74
d164,d74_hh142
d164,d147_hh43
d164,d61_hh155
d164,d96_hh110
d164,d131_hh205
d164,d171_hh88
d164,d39_hh154
d164,d93_hh66
d164,d132_hh188
d164,d95_hh201
d164,d177_hh163
d164,d133_hh111
d164,d75_hh102
d164,d131_hh24
d164,d51_hh151
d164,d52_hh33
d164,d23_hh21
d164,d15_hh210
d164,d39_hh66
d164,d85_hh184
d164,d101_hh155
d164,d26_hh40
d164,d210_hh142
d164,d119_hh210
d164,d4_hh87
d164,d66_hh240
d164,d104_hh270
d164,d160_hh0
d164,d204_hh87
d164,d117_hh140
d164,d120_hh248
d164,d155_hh18
d164,d213_hh178
d164,d93_hh18
d164,d75_hh25
d164,d162_hh213
d164,d69_hh240
d164,d187_hh0
d164,d67_hh15
d164,d131_hh24
d164,d54_hh44
d164,d187_hh42
d164,d155_hh151
d164,d15_hh80
d164,d125_hh3
d164,d109_hh88
d164,d55_hh254
d164,d213_hh252
d164,d208_hh240
d164,d127_hh89
d164,d100_hh91
d164,d118_hh173
d164,d209_hh244
d164,d164_hh123
d164,d120_hh161
d164,d67_hh15
d164,d23_hh21
d164,d140_hh85
d164,d56_hh174
d164,d17_hh210
d164,d202_hh205
d164,d200_hh102
d164,d150_hh203
d164,d143_hh28
d164,d104_hh116
d164,d23_hh156
d164,d160_hh0
d164,d155_hh210
d164,d209_hh244
d164,d91_hh90
d164,d88_hh36
d164,d18_hh227
d164,d126_hh4
d164,d202_hh90
d164,d214_hh47
d164,d214_hh41
d164,d13_hh58
d164,d54_hh218
d164,d91_hh178
d164,d78_hh39
d164,d152_hh88
d164,d159_hh183
d164,d119_hh24
d164,d91_hh199
d164,d72_hh208
d164,d56_hh262
d164,d182_hh195
d164,d186_hh185
d164,d54_hh218
d164,d197_hh151
d164,d198_hh152
d164,d214_hh13
d164,d123_hh57
d164,d132_hh44
d164,d15_hh186
d164,d83_hh76
d164,d129_hh122
d164,d75_hh227
d164,d134_hh270
d164,d97_hh26
d164,d83_hh76
d164,d182_hh195
d164,d88_hh36
d164,d119_hh24
d164,d110_hh193
d164,d213_hh178
d164,d174_hh242
d164,d173_hh163
d164,d187_hh61
d164,d83_hh193
d164,d55_hh94
d164,d169_hh216
d164,d175_hh52
d164,d31_hh139
d164,d85_hh144
d164,d90_hh233
d164,d195_hh109
d164,d113_hh175
d164,d42_hh58
d164,d52_hh115
d164,d147_hh43
d164,d98_hh100
d164,d147_hh54
d164,d102_hh200
d164,d159_hh183
d164,d126_hh263
d164,d42_hh58
d164,d130_hh244
d164,d149_hh107
d164,d175_hh52
d164,d174_hh42
d164,d209_hh219
d164,d42_hh19
d164,d15_hh264
d164,d31_hh34
d164,d132_hh76
d164,d39_hh66
d164,d131_hh24
d164,d75_hh102
d164,d119_hh24
d164,d104_hh58
d164,d73_hh184
d164,d118_hh118
d164,d132_hh188
d164,d132_hh46
d164,d104_hh116
d164,d62_hh259
d164,d122_hh159
d164,d162_hh213
d164,d118_hh244
d164,d129_hh122
d164,d98_hh177
d164,d42_hh202
d164,d204_hh56
d164,d91_hh138
d164,d57_hh286
d164,d161_hh21
d164,d117_hh11
d164,d131_hh102
d164,d39_hh154
d164,d31_hh127
d164,d178_hh272
d164,d213_hh2
d164,d177_hh145
d164,d114_hh219
d164,d41_hh163
d164,d65_hh242
d164,d162_hh213
d164,d162_hh47
d164,d34_hh160
d164,d155_hh151
d164,d132_hh188
d164,d62_hh251
d164,d159_hh183
d164,d4_hh65
d164,d72_hh208
d164,d38_hh165
d164,d111_hh131
d164,d57_hh286
d164,d178_hh134
d164,d42_hh202
d164,d178_hh157
d164,d78_hh39
d164,d199_hh49
d164,d35_hh263
d164,d117_hh140
d164,d123_hh106
d164,d50_hh7
d164,d178_hh134
d164,d210_hh142
d164,d61_hh41
d164,d158_hh239
d164,d214_hh47
d164,d209_hh11
d164,d98_hh100
d164,d42_hh185
d164,d152_hh168
d164,d74_hh257
d164,d169_hh216
d164,d38_hh165
d164,d178_hh157
d164,d133_hh135
d164,d67_hh15
d164,d209_hh11
d164,d97_hh26
d164,d38_hh159
d164,d87_hh245
d164,d42_hh185
d164,d15_hh103
d164,d202_hh205
d164,d15_hh103
d164,d166_hh24
d164,d17_hh213
d164,d23_hh204
d164,d87_hh156
d164,d214_hh41
d164,d214_hh70
d164,d128_hh28
d164,d162_hh47
d164,d91_hh178
d164,d24_hh92
d164,d182_hh74
d164,d200_hh77
d164,d104_hh58
d164,d213_hh178
d164,d43_hh125
d164,d213_hh125
d164,d104_hh116
d164,d213_hh2
d164,d207_hh191
d164,d65_hh242
d164,d155_hh210
d164,d170_hh117
d164,d137_hh119
d164,d2_hh173
d164,d83_hh76
d164,d111_hh131
d164,d65_hh242
d164,d74_hh107
d164,d182_hh39
d164,d59_hh243
d164,d210_hh200
d164,d112_hh8
d164,d186_hh185
d164,d74_hh107
d164,d104_hh270
d164,d52_hh33
d164,d33_hh58
d157,d196_hh42
d157,d107_hh211
d157,d103_hh89
d157,d70_hh188
d157,d145_hh150
d157,d181_hh63
d157,d103_hh115
d157,d151_hh207
d157,d86_hh167
d157,d108_hh127
d157,d60_hh210
d157,d148_hh82
d157,d151_hh93
d157,d188_hh223
d157,d188_hh98
d157,d206_hh151
d157,d86_hh114
d157,d45_hh282
d157,d121_hh146
d157,d71_hh292
d157,d107_hh260
d157,d196_hh42
d157,d22_hh219
d157,d49_hh155
d157,d105_hh161
d157,d194_hh224
d157,d181_hh267
d157,d148_hh221
d157,d148_hh221
d157,d103_hh72
d157,d107_hh76
d157,d103_hh172
d157,d206_hh256
d157,d172_hh263
d157,d63_hh157
d157,d185_hh17
d157,d107_hh211
d157,d9_hh56
d157,d148_hh221
d157,d6_hh77
d157,d84_hh101
d157,d192_hh169
d157,d105_hh48
d157,d89_hh77
d157,d145_hh150
d157,d84_hh6
d157,d49_hh155
d157,d60_hh210
d157,d176_hh239
d157,d105_hh161
d157,d107_hh42
d157,d194_hh13
d157,d45_hh282
d157,d45_hh282
d157,d103_hh115
d157,d63_hh98
d157,d64_hh137
d157,d196_hh175
d157,d189_hh106
d157,d108_hh277
d157,d172_hh1
d157,d45_hh282
d157,d27_hh65
d157,d103_hh264
d157,d151_hh194
d157,d45_hh183
d157,d71_hh152
d157,d180_hh130
d157,d105_hh161
d157,d70_hh188
d157,d144_hh235
d157,d148_hh221
d157,d103_hh89
d157,d79_hh76
d157,d71_hh292
d157,d206_hh256
d157,d68_hh230
d157,d151_hh146
d157,d196_hh175
d157,d145_hh212
d157,d167_hh167
d157,d6_hh77
d157,d107_hh0
d157,d151_hh1
d157,d196_hh42
d157,d84_hh220
d157,d151_hh194
d157,d103_hh172
d157,d94_hh178
d157,d121_hh238
d157,d212_hh78
d157,d172_hh102
d157,d107_hh260
d157,d145_hh212
d157,d6_hh77
d157,d84_hh15
d157,d189_hh237
d157,d45_hh9
d157,d188_hh137
d157,d172_hh263
d157,d89_hh43
d157,d201_hh28
d157,d45_hh282
d157,d103_hh72
d157,d71_hh292
d157,d60_hh210
d157,d151_hh93
d157,d27_hh65
d157,d49_hh149
d157,d3_hh7
d157,d145_hh2
d157,d49_hh155
d157,d22_hh155
d157,d103_hh72
d157,d136_hh236
d157,d60_hh172
d157,d167_hh120
d157,d79_hh93
d157,d49_hh89
d157,d45_hh183
d157,d192_hh28
d157,d68_hh230
d157,d107_hh0
d157,d103_hh264
d157,d115_hh196
d157,d64_hh165
d157,d103_hh89
d157,d189_hh80
d157,d70_hh243
d157,d151_hh146
d157,d94_hh137
d157,d60_hh172
d157,d151_hh1
d157,d60_hh165
d157,d108_hh195
d157,d107_hh211
d157,d107_hh211
d157,d107_hh260
d157,d148_hh98
d157,d185_hh17
d157,d181_hh59
d157,d49_hh245
d157,d121_hh146
d157,d103_hh115
d157,d79_hh76
d157,d192_hh159
d157,d189_hh237
d157,d151_hh146
d157,d201_hh21
d157,d3_hh7
d157,d206_hh188
d157,d172_hh263
d157,d145_hh145
d157,d60_hh165
d157,d206_hh151
d157,d105_hh161
d157,d201_hh21
d157,d108_hh40
d157,d49_hh149
d157,d201_hh28
d157,d176_hh122
d157,d108_hh277
d157,d185_hh17
d157,d103_hh115
d157,d196_hh34
d157,d107_hh0
d157,d60_hh172
d157,d84_hh220
d157,d145_hh150
d157,d70_hh135
d157,d86_hh70
d157,d70_hh79
d157,d107_hh76
d157,d206_hh256
d157,d107_hh6
d157,d60_hh210
d157,d105_hh161
d157,d167_hh120
d157,d107_hh76
d157,d188_hh137
d157,d84_hh101
d157,d192_hh28
d157,d108_hh195
d157,d70_hh188
d157,d192_hh159
d157,d79_hh76
d157,d206_hh283
d157,d94_hh137
d157,d188_hh223
d157,d79_hh182
d157,d176_hh122
d157,d148_hh82
d157,d27_hh65
d157,d103_hh115
d157,d196_hh42
d157,d71_hh292
d157,d103_hh264
d157,d49_hh89
d157,d103_hh72
d157,d71_hh292
d157,d64_hh271
d157,d145_hh150
d157,d79_hh93
d157,d103_hh115
d157,d192_hh169
d157,d45_hh9
d157,d172_hh263
d157,d64_hh45
d157,d45_hh282
d157,d206_hh74
d157,d84_hh101
d157,d103_hh72
d157,d22_hh219
d157,d206_hh188
d157,d22_hh219
d157,d45_hh183
d157,d201_hh86
d157,d60_hh210
d157,d68_hh230
d157,d145_hh212
d157,d45_hh282
d157,d84_hh220
d157,d196_hh60
d157,d84_hh6
d157,d212_hh78
d157,d49_hh198
d157,d188_hh137
d157,d45_hh183
d157,d103_hh175
d157,d49_hh131
d157,d71_hh152
d157,d103_hh53
d157,d103_hh72
d157,d49_hh155
d157,d22_hh225
d157,d60_hh165
d157,d28_hh124
d157,d84_hh62
d157,d70_hh79
d157,d49_hh237
d157,d22_hh155
d157,d70_hh243
d157,d9_hh176
d157,d64_hh45
d157,d206_hh256
d157,d27_hh65
d157,d49_hh89
d157,d107_hh6
d157,d107_hh260
d157,d49_hh119
d157,d22_hh155
d157,d64_hh69
d157,d196_hh60
d157,d49_hh89
d157,d145_hh145
d157,d49_hh155
d157,d103_hh53
d157,d107_hh6
d172,d49_hh89
d172,d45_hh183
d172,d9_hh56
d172,d148_hh97
d172,d206_hh74
d172,d25_hh250
d172,d151_hh1
d172,d86_hh114
d172,d189_hh237
d172,d121_hh238
d172,d45_hh282
d172,d196_hh42
d172,d45_hh282
d172,d115_hh2
d172,d27_hh65
d172,d84_hh6
d172,d103_hh264
d172,d70_hh135
d172,d22_hh219
d172,d180_hh130
d172,d79_hh93
d172,d86_hh136
d172,d3_hh98
d172,d22_hh225
d172,d107_hh260
d172,d22_hh155
d172,d108_hh277
d172,d196_hh42
d172,d201_hh86
d172,d6_hh77
d172,d107_hh211
d172,d64_hh133
d172,d192_hh28
d172,d10_hh110
d172,d60_hh165
d172,d107_hh0
d172,d105_hh238
d172,d103_hh172
d172,d45_hh282
d172,d206_hh74
d172,d89_hh65
d172,d145_hh2
d172,d176_hh122
d172,d148_hh82
d172,d71_hh169
d172,d107_hh42
d172,d189_hh237
d172,d181_hh59
d172,d192_hh28
d172,d22_hh155
d172,d6_hh77
d172,d189_hh237
d172,d108_hh277
d172,d172_hh102
d172,d6_hh77
d172,d10_hh46
d172,d94_hh178
d172,d194_hh102
d172,d108_hh127
d172,d108_hh277
d172,d201_hh21
d172,d49_hh149
d172,d107_hh260
d172,d189_hh237
d172,d71_hh292
d172,d167_hh120
d172,d9_hh56
d172,d71_hh152
d172,d64_hh137
d172,d196_hh42
d172,d103_hh175
d172,d181_hh63
d172,d196_hh34
d172,d194_hh13
d172,d10_hh110
d172,d89_hh65
d172,d180_hh34
d172,d45_hh282
d172,d94_hh178
d172,d86_hh136
d172,d148_hh82
d172,d60_hh259
d172,d148_hh97
d172,d70_hh79
d172,d71_hh152
d172,d151_hh1
d172,d9_hh176
d172,d148_hh221
d172,d3_hh279
d172,d3_hh98
d172,d148_hh98
d172,d206_hh256
d172,d180_hh34
d172,d151_hh146
d172,d86_hh136
d172,d71_hh152
d172,d103_hh115
d172,d45_hh282
d172,d192_hh159
d172,d71_hh152
d172,d84_hh15
d172,d192_hh159
d172,d86_hh114
d172,d121_hh238
d172,d89_hh65
d172,d107_hh211
d172,d49_hh131
d172,d192_hh28
d172,d172_hh102
d172,d192_hh28
d172,d181_hh267
d172,d151_hh93
d172,d136_hh236
d172,d49_hh119
d172,d189_hh80
d172,d151_hh93
d172,d145_hh145
d172,d64_hh137
d172,d201_hh21
d172,d71_hh152
d172,d206_hh188
d172,d181_hh63
d172,d206_hh256
d172,d49_hh237
d172,d144_hh285
d172,d64_hh271
d172,d105_hh161
d172,d71_hh292
d172,d153_hh185
d172,d148_hh97
d172,d206_hh256
d172,d151_hh93
d172,d151_hh93
d172,d79_hh182
d172,d103_hh72
d172,d145_hh212
d172,d144_hh235
d172,d196_hh42
d172,d206_hh256
d172,d84_hh220
d172,d10_hh60
d172,d10_hh46
d172,d148_hh98
d172,d180_hh130
d172,d151_hh194
d172,d181_hh267
d172,d3_hh279
d172,d64_hh165
d172,d105_hh238
d172,d94_hh137
d172,d189_hh80
d172,d153_hh185
d172,d63_hh98
d172,d22_hh155
d172,d89_hh65
d172,d148_hh98
d172,d107_hh76
d172,d28_hh124
d172,d45_hh140
d172,d28_hh124
d172,d136_hh236
d172,d27_hh145
d172,d151_hh207
d172,d194_hh13
d172,d151_hh146
d172,d63_hh98
d172,d49_hh198
d172,d121_hh146
d172,d84_hh6
d172,d172_hh1
d172,d64_hh45
d172,d151_hh194
d172,d206_hh151
d172,d89_hh65
d172,d136_hh186
d172,d45_hh282
d172,d103_hh72
d172,d105_hh161
d172,d206_hh151
d172,d145_hh145
d172,d201_hh28
d172,d153_hh185
d172,d148_hh97
d172,d145_hh2
d172,d145_hh2
d172,d103_hh89
d172,d49_hh155
d172,d60_hh165
d172,d71_hh169
d172,d201_hh21
d172,d108_hh127
d172,d27_hh65
d172,d68_hh230
d172,d172_hh102
d172,d185_hh17
d172,d45_hh282
d172,d79_hh76
d172,d107_hh6
d172,d70_hh79
d172,d70_hh135
d172,d196_hh60
d172,d192_hh28
d172,d64_hh165
d172,d107_hh211
d172,d22_hh225
d172,d180_hh130
d172,d107_hh260
d172,d103_hh72
d172,d145_hh212
d172,d172_hh1
d172,d60_hh210
d172,d64_hh165
d172,d103_hh115
d172,d145_hh145
d172,d189_hh80
d172,d70_hh135
d172,d63_hh98
d172,d86_hh70
d172,d103_hh115
d172,d84_hh101
d172,d64_hh45
d172,d180_hh130
d172,d27_hh133
d172,d107_hh76
d172,d49_hh155
d172,d115_hh196
d172,d27_hh65
d172,d192_hh169
d172,d71_hh292
d172,d3_hh7
d172,d121_hh146
d172,d27_hh133
d172,d145_hh145
d172,d105_hh161
d172,d107_hh211
d172,d105_hh238
d172,d180_hh130
d172,d64_hh45
d172,d64_hh137
d172,d206_hh256
d172,d181_hh267
d172,d49_hh119
d172,d86_hh136
d172,d206_hh151
d172,d64_hh165
d172,d189_hh106
d172,d70_hh79
d172,d70_hh135
d172,d9_hh56
d172,d71_hh152
d172,d49_hh119
d172,d108_hh195
d172,d49_hh155
d172,d49_hh149
d172,d6_hh77
d172,d49_hh198
d172,d172_hh263
d172,d145_hh145
d172,d49_hh245
d172,d8_hh179
d172,d49_hh198
d172,d148_hh82
d172,d63_hh98
d172,d64_hh137
d172,d3_hh279
d172,d115_hh196
d172,d71_hh169
d172,d151_hh207
d165,d62_hh251
d165,d31_hh34
d165,d56_hh174
d165,d13_hh58
d165,d139_hh214
d165,d41_hh71
d165,d75_hh264
d165,d129_hh122
d165,d191_hh53
d165,d198_hh136
d165,d177_hh163
d165,d204_hh239
d165,d75_hh216
d165,d54_hh152
d165,d126_hh4
d165,d213_hh211
d165,d96_hh110
d165,d130_hh244
d165,d23_hh204
d165,d118_hh173
d165,d165_hh94
d165,d39_hh66
d165,d114_hh47
d165,d164_hh123
d165,d193_hh138
d165,d117_hh140
d165,d31_hh34
d165,d104_hh270
d165,d57_hh16
d165,d56_hh174
d165,d57_hh166
d165,d135_hh2
d165,d119_hh222
d165,d195_hh109
d165,d214_hh70
d165,d191_hh246
d165,d187_hh0
d165,d132_hh76
d165,d141_hh128
d165,d7_hh257
d165,d110_hh193
d165,d51_hh151
d165,d101_hh129
d165,d190_hh38
d165,d4_hh87
d165,d15_hh22
d165,d100_hh91
d165,d46_hh194
d165,d129_hh122
d165,d69_hh240
d165,d205_hh196
d165,d36_hh94
d165,d161_hh203
d165,d123_hh57
d165,d184_hh238
d165,d50_hh272
d165,d101_hh129
d165,d75_hh216
d165,d152_hh168
d165,d69_hh240
d165,d42_hh19
d165,d124_hh40
d165,d88_hh195
d165,d141_hh128
d165,d91_hh21
d165,d26_hh40
d165,d93_hh66
d165,d140_hh85
d165,d65_hh29
d165,d137_hh119
d165,d42_hh58
d165,d187_hh0
d165,d66_hh207
d165,d29_hh243
d165,d50_hh249
d165,d39_hh67
d165,d152_hh168
d165,d96_hh110
d165,d209_hh159
d165,d191_hh246
d165,d91_hh21
d165,d133_hh241
d165,d100_hh48
d165,d102_hh200
d165,d29_hh243
d165,d2_hh68
d165,d91_hh199
d165,d207_hh219
d165,d214_hh47
d165,d91_hh90
d165,d74_hh243
d165,d82_hh154
d165,d53_hh147
d165,d165_hh107
d165,d40_hh200
d165,d4_hh80
d165,d166_hh150
d165,d138_hh83
d165,d91_hh199
d165,d199_hh180
d165,d29_hh243
d165,d73_hh184
d165,d182_hh229
d165,d44_hh38
d165,d17_hh106
d165,d15_hh76
d165,d30_hh58
d165,d193_hh138
d165,d100_hh91
d165,d41_hh206
d165,d175_hh52
d165,d182_hh229
d165,d18_hh137
d165,d53_hh147
d165,d132_hh188
d165,d131_hh180
d165,d208_hh240
d165,d137_hh106
d165,d202_hh205
d165,d100_hh91
d165,d182_hh149
d165,d34_hh77
d165,d166_hh24
d165,d128_hh246
d165,d42_hh185
d165,d48_hh118
d165,d36_hh226
d165,d65_hh242
d165,d110_hh252
d165,d57_hh286
d165,d57_hh207
d165,d34_hh160
d165,d74_hh142
d165,d122_hh231
d165,d36_hh226
d165,d195_hh19
d165,d83_hh193
d165,d15_hh22
d165,d160_hh0
d165,d214_hh47
d165,d131_hh174
d165,d52_hh33
d165,d57_hh216
d165,d208_hh253
d165,d106_hh207
d165,d100_hh91
d165,d137_hh106
d165,d74_hh257
d165,d4_hh87
d165,d42_hh202
d165,d133_hh135
d165,d114_hh66
d165,d120_hh161
d165,d113_hh175
d165,d174_hh24
d165,d166_hh239
d165,d165_hh94
d165,d198_hh136
d165,d159_hh64
d165,d21_hh97
d165,d67_hh15
d165,d50_hh249
d165,d191_hh246
d165,d200_hh21
d165,d90_hh151
d165,d114_hh219
d165,d210_hh200
d165,d175_hh131
d165,d166_hh239
d165,d207_hh219
d165,d78_hh223
d165,d208_hh168
d165,d130_hh244
d165,d44_hh164
d165,d4_hh87
d165,d161_hh203
d165,d139_hh214
d165,d21_hh90
d165,d17_hh210
d165,d15_hh264
d165,d87_hh156
d165,d118_hh244
d165,d122_hh144
d165,d131_hh24
d165,d152_hh88
d165,d204_hh87
d165,d200_hh261
d165,d24_hh92
d165,d57_hh166
d165,d195_hh109
d165,d91_hh178
d165,d158_hh107
d165,d102_hh179
d165,d155_hh18
d165,d98_hh245
d165,d44_hh164
d165,d96_hh145
d165,d65_hh29
d165,d106_hh207
d165,d123_hh57
d165,d202_hh205
d165,d20_hh166
d165,d213_hh2
d165,d118_hh244
d165,d65_hh29
d165,d61_hh155
d165,d75_hh227
d165,d125_hh3
d165,d98_hh177
d165,d140_hh85
d165,d42_hh58
d165,d52_hh115
d165,d202_hh264
d165,d46_hh69
d165,d165_hh94
d165,d82_hh154
d165,d138_hh150
d165,d130_hh142
d165,d88_hh195
d165,d75_hh216
d165,d158_hh107
d165,d80_hh236
d165,d200_hh261
d165,d74_hh15
d165,d209_hh254
d165,d163_hh145
d165,d120_hh248
d165,d175_hh131
d165,d31_hh34
d165,d78_hh39
d165,d152_hh168
d165,d96_hh145
d165,d40_hh152
d165,d118_hh173
d165,d42_hh202
d165,d143_hh28
d165,d52_hh165
d165,d66_hh207
d165,d132_hh76
d165,d199_hh71
d165,d169_hh199
d165,d170_hh130
d165,d21_hh90
d165,d200_hh21
d165,d161_hh203
d165,d34_hh77
d165,d119_hh64
d165,d191_hh53
d165,d46_hh245
d165,d109_hh67
d165,d75_hh53
d165,d152_hh168
d165,d59_hh243
d165,d141_hh128
d165,d123_hh57
d165,d15_hh264
d165,d50_hh217
d165,d165_hh94
d165,d162_hh47
d165,d195_hh109
d165,d117_hh74
d165,d128_hh126
d165,d104_hh175
d165,d88_hh36
d165,d165_hh94
d165,d182_hh39
d165,d158_hh136
d165,d5_hh5
d165,d67_hh15
d165,d75_hh264
d165,d12_hh23
d165,d152_hh88
d165,d214_hh41
d165,d109_hh67
d165,d15_hh186
d165,d41_hh150
d165,d104_hh270
d168,d17_hh228
d168,d67_hh15
d168,d187_hh7
d168,d138_hh150
d168,d166_hh24
d168,d125_hh135
d168,d21_hh90
d168,d4_hh87
d168,d199_hh71
d168,d173_hh262
d168,d4_hh202
d168,d40_hh200
d168,d44_hh164
d168,d34_hh77
d168,d171_hh71
d168,d104_hh270
d168,d119_hh177
d168,d38_hh165
d168,d102_hh242
d168,d48_hh118
d168,d87_hh156
d168,d74_hh243
d168,d170_hh117
d168,d123_hh119
d168,d178_hh134
d168,d202_hh170
d168,d134_hh223
d168,d57_hh250
d168,d23_hh93
d168,d56_hh4
d168,d87_hh245
d168,d104_hh116
d168,d213_hh211
d168,d213_hh247
d168,d59_hh184
d168,d169_hh199
d168,d74_hh243
d168,d117_hh140
d168,d186_hh185
d168,d74_hh107
d168,d97_hh26
d168,d34_hh160
d168,d95_hh205
d168,d170_hh130
d168,d140_hh85
d168,d90_hh151
d168,d98_hh223
d168,d41_hh71
d168,d17_hh210
d168,d109_hh67
d168,d202_hh205
d168,d95_hh164
d168,d120_hh161
d168,d83_hh76
d168,d4_hh29
d168,d174_hh242
d168,d104_hh116
d168,d54_hh222
d168,d23_hh21
d168,d102_hh200
d168,d174_hh242
d168,d215_hh105
d168,d165_hh107
d168,d17_hh210
d168,d120_hh161
d168,d95_hh205
d168,d99_hh225
d168,d120_hh161
d168,d46_hh245
d168,d199_hh180
d168,d178_hh191
d168,d114_hh219
d168,d23_hh93
d168,d158_hh136
d168,d2_hh68
d168,d123_hh106
d168,d53_hh147
d168,d75_hh102
d168,d50_hh217
d168,d11_hh53
d168,d30_hh58
d168,d169_hh225
d168,d193_hh138
d168,d110_hh193
d168,d54_hh189
d168,d52_hh115
d168,d198_hh188
d168,d143_hh28
d168,d29_hh131
d168,d171_hh88
d168,d57_hh16
d168,d66_hh213
d168,d204_hh56
d168,d123_hh106
d168,d36_hh226
d168,d119_hh24
d168,d125_hh135
d168,d102_hh179
d168,d143_hh241
d168,d83_hh117
d168,d56_hh4
d168,d215_hh105
d168,d46_hh194
d168,d127_hh89
d168,d85_hh144
d168,d46_hh194
d168,d46_hh194
d168,d66_hh240
d168,d187_hh42
d168,d184_hh238
d168,d122_hh159
d168,d95_hh201
d168,d202_hh205
d168,d91_hh21
d168,d42_hh185
d168,d15_hh80
d168,d34_hh77
d168,d213_hh211
d168,d125_hh3
d168,d132_hh188
d168,d104_hh58
d168,d123_hh160
d168,d62_hh22
d168,d159_hh183
d168,d187_hh87
d168,d46_hh53
d168,d208_hh240
d168,d54_hh44
d168,d104_hh270
d168,d98_hh223
d168,d46_hh69
d168,d163_hh145
d168,d15_hh264
d168,d40_hh152
d168,d191_hh53
d168,d31_hh34
d168,d179_hh1
d168,d88_hh36
d168,d56_hh174
d168,d72_hh42
d168,d66_hh240
d168,d135_hh17
d168,d114_hh47
d168,d88_hh36
d168,d178_hh134
d168,d163_hh145
d168,d100_hh91
d168,d54_hh61
d168,d160_hh88
d168,d83_hh204
d168,d77_hh123
d168,d208_hh253
d168,d202_hh90
d168,d77_hh123
d168,d123_hh129
d168,d57_hh286
d168,d199_hh49
d168,d91_hh90
d168,d54_hh152
d168,d83_hh153
d168,d44_hh38
d168,d208_hh240
d168,d138_hh83
d168,d97_hh26
d168,d36_hh94
d168,d73_hh242
d168,d34_hh77
d168,d117_hh74
d168,d155_hh151
d168,d135_hh17
d168,d174_hh213
d168,d78_hh39
d168,d50_hh272
d168,d213_hh247
d168,d100_hh91
d168,d208_hh240
d168,d4_hh202
d168,d17_hh213
d168,d85_hh184
d168,d57_hh286
d168,d62_hh259
d168,d15_hh186
d168,d91_hh21
d168,d122_hh144
d168,d214_hh47
d168,d41_hh206
d168,d182_hh39
d168,d141_hh129
d168,d11_hh53
d168,d4_hh80
d168,d50_hh217
d168,d149_hh1
d168,d214_hh47
d168,d209_hh219
d168,d90_hh233
d168,d110_hh252
d168,d30_hh130
d168,d149_hh107
d168,d46_hh53
d168,d118_hh173
d168,d208_hh168
d168,d117_hh140
d168,d171_hh88
d168,d62_hh251
d168,d21_hh105
d168,d98_hh100
d168,d174_hh242
d168,d117_hh140
d168,d123_hh106
d168,d178_hh58
d168,d209_hh159
d168,d213_hh211
d168,d23_hh204
d168,d208_hh168
d168,d43_hh125
d168,d62_hh259
d168,d159_hh183
d168,d198_hh136
d168,d131_hh24
d168,d139_hh214
d168,d69_hh240
d168,d125_hh135
d168,d38_hh159
d168,d42_hh19
d168,d97_hh26
d168,d21_hh105
d168,d24_hh92
d168,d34_hh160
d168,d195_hh47
d168,d134_hh270
d168,d112_hh8
d168,d85_hh110
d168,d59_hh251
d168,d122_hh144
d168,d119_hh95
d168,d120_hh269
d168,d2_hh68
d168,d174_hh24
d168,d75_hh264
d168,d187_hh0
d168,d162_hh213
d168,d213_hh2
d168,d39_hh99
d168,d80_hh236
d168,d54_hh57
d168,d155_hh210
d168,d7_hh257
d168,d29_hh243
d168,d170_hh130
d168,d124_hh40
d168,d141_hh128
d168,d182_hh229
d168,d133_hh135
d168,d119_hh210
d168,d39_hh99
d168,d46_hh245
d168,d182_hh149
d168,d67_hh15
d168,d164_hh123
d168,d59_hh112
d168,d178_hh157
d168,d119_hh64
d168,d193_hh85
d168,d2_hh151
d168,d158_hh136
d168,d17_hh210
d168,d213_hh247
d168,d4_hh29
d168,d13_hh58
d168,d67_hh209
d168,d75_hh53
d168,d162_hh213
d168,d190_hh38
d168,d119_hh177
d168,d133_hh111
d168,d123_hh129
d168,d42_hh185
d168,d198_hh152
d168,d140_hh85
d168,d147_hh54
d168,d46_hh12
d168,d182_hh149
d168,d85_hh184
d168,d184_hh158
d167,d153_hh185
d167,d188_hh98
d167,d71_hh152
d167,d3_hh279
d167,d10_hh60
d167,d180_hh130
d167,d64_hh69
d167,d115_hh2
d167,d115_hh51
d167,d194_hh224
d167,d63_hh98
d167,d70_hh85
d167,d201_hh28
d167,d108_hh40
d167,d176_hh239
d167,d25_hh250
d167,d115_hh85
d167,d28_hh124
d167,d68_hh230
d167,d70_hh243
d167,d176_hh122
d167,d70_hh135
d167,d115_hh2
d167,d94_hh178
d167,d3_hh7
d167,d28_hh124
d167,d3_hh279
d167,d136_hh186
d167,d196_hh175
d167,d70_hh79
d167,d201_hh28
d167,d192_hh28
d167,d194_hh224
d167,d94_hh178
d167,d84_hh220
d167,d108_hh277
d167,d70_hh243
d167,d89_hh43
d167,d64_hh271
d167,d10_hh46
d167,d115_hh2
d167,d151_hh207
d167,d189_hh80
d167,d70_hh85
d167,d49_hh245
d167,d151_hh93
d167,d94_hh137
d167,d108_hh40
d167,d108_hh35
d167,d196_hh175
d167,d89_hh77
d167,d203_hh30
d167,d64_hh69
d167,d136_hh236
d167,d49_hh245
d167,d86_hh136
d167,d94_hh178
d167,d211_hh181
d167,d60_hh210
d167,d115_hh51
d167,d167_hh167
d167,d9_hh56
d167,d70_hh79
d167,d176_hh239
d167,d3_hh98
d167,d189_hh237
d167,d86_hh70
d167,d107_hh76
d167,d71_hh292
d167,d151_hh1
d167,d192_hh0
d167,d136_hh236
d167,d86_hh136
d167,d60_hh165
d167,d108_hh195
d167,d151_hh146
d167,d108_hh40
d167,d64_hh69
d167,d211_hh181
d167,d108_hh40
d167,d8_hh179
d167,d151_hh1
d167,d115_hh196
d167,d203_hh30
d167,d3_hh7
d167,d107_hh76
d167,d70_hh135
d167,d71_hh292
d167,d64_hh69
d167,d9_hh97
d167,d28_hh124
d167,d167_hh41
d167,d206_hh151
d167,d22_hh0
d167,d136_hh236
d167,d201_hh21
d167,d71_hh152
d167,d107_hh6
d167,d115_hh51
d167,d70_hh135
d167,d121_hh146
d167,d136_hh236
d167,d167_hh167
d167,d70_hh85
d167,d145_hh2
d167,d192_hh159
d167,d22_hh0
d167,d107_hh42
d167,d49_hh149
d167,d211_hh181
d167,d49_hh155
d167,d86_hh114
d167,d185_hh70
d167,d189_hh237
d167,d145_hh145
d167,d144_hh285
d167,d145_hh150
d167,d115_hh2
d167,d192_hh0
d167,d28_hh260
d167,d10_hh60
d167,d25_hh250
d167,d89_hh65
d167,d70_hh243
d167,d60_hh210
d167,d79_hh76
d167,d22_hh0
d167,d27_hh65
d167,d27_hh16
d167,d151_hh146
d167,d167_hh36
d167,d64_hh137
d167,d151_hh207
d167,d28_hh260
d167,d10_hh60
d167,d203_hh11
d167,d70_hh85
d167,d151_hh207
d167,d22_hh219
d167,d49_hh149
d167,d206_hh74
d167,d192_hh169
d167,d84_hh62
d167,d181_hh63
d167,d70_hh135
d167,d45_hh183
d167,d60_hh165
d167,d25_hh250
d167,d115_hh85
d167,d144_hh285
d167,d108_hh195
d167,d70_hh79
d167,d115_hh85
d167,d14_hh160
d167,d144_hh285
d167,d192_hh0
d167,d86_hh136
d167,d86_hh114
d167,d9_hh176
d167,d151_hh194
d167,d196_hh34
d167,d206_hh151
d167,d14_hh160
d167,d115_hh51
d167,d206_hh283
d167,d115_hh2
d167,d192_hh28
d167,d115_hh51
d167,d136_hh236
d167,d151_hh207
d167,d144_hh285
d167,d148_hh97
d167,d49_hh149
d167,d108_hh40
d167,d115_hh2
d167,d192_hh0
d167,d107_hh76
d167,d108_hh127
d167,d203_hh11
d167,d28_hh260
d167,d196_hh60
d167,d212_hh78
d167,d201_hh28
d167,d151_hh194
d167,d70_hh79
d167,d22_hh225
d167,d115_hh51
d167,d108_hh35
d167,d70_hh79
d167,d196_hh60
d167,d115_hh85
d167,d194_hh224
d167,d115_hh85
d167,d49_hh155
d167,d176_hh122
d167,d201_hh28
d167,d211_hh181
d167,d201_hh86
d167,d176_hh183
d167,d22_hh0
d167,d151_hh93
d167,d108_hh35
d167,d22_hh0
d167,d71_hh169
d167,d60_hh172
d167,d84_hh15
d167,d86_hh70
d167,d22_hh0
d167,d49_hh237
d167,d144_hh235
d167,d45_hh140
d167,d192_hh169
d167,d28_hh260
d167,d107_hh76
d167,d188_hh98
d167,d121_hh238
d167,d60_hh172
d167,d22_hh0
d167,d108_hh35
d167,d22_hh219
d167,d181_hh267
d167,d84_hh62
d167,d121_hh146
d167,d108_hh35
d167,d22_hh225
d167,d181_hh59
d167,d63_hh157
d167,d201_hh21
d167,d70_hh79
d167,d71_hh169
d167,d201_hh28
d167,d136_hh236
d167,d203_hh30
d167,d151_hh146
d167,d63_hh157
d167,d192_hh0
d167,d27_hh16
d167,d115_hh2
d167,d28_hh260
d167,d194_hh102
d167,d192_hh169
d167,d206_hh188
d167,d167_hh167
d167,d151_hh146
d167,d194_hh13
d167,d14_hh160
d167,d192_hh28
d167,d203_hh30
d167,d108_hh35
d167,d145_hh150
d167,d176_hh122
d167,d115_hh51
d167,d63_hh98
d167,d136_hh236
d167,d196_hh42
d167,d206_hh151
d167,d181_hh59
d167,d136_hh236
d167,d22_hh219
d167,d148_hh221
d167,d70_hh135
d167,d206_hh188
d167,d28_hh260
d167,d203_hh11
d167,d86_hh70
d167,d107_hh76
d167,d206_hh188
d167,d181_hh59
d167,d196_hh175
d167,d94_hh178
d167,d196_hh34
d167,d10_hh60
d167,d194_hh13
d167,d180_hh130
d167,d63_hh98
d167,d203_hh11
d167,d79_hh182
d167,d194_hh224
d167,d148_hh221
d167,d6_hh77
d167,d194_hh224
d167,d89_hh65
d167,d194_hh102
d167,d108_hh40
d167,d151_hh1
d170,d169_hh216
d170,d166_hh150
d170,d4_hh65
d170,d4_hh202
d170,d100_hh91
d170,d104_hh116
d170,d171_hh23
d170,d102_hh242
d170,d39_hh67
d170,d130_hh244
d170,d173_hh163
d170,d57_hh286
d170,d165_hh94
d170,d118_hh173
d170,d91_hh199
d170,d123_hh119
d170,d100_hh48
d170,d42_hh19
d170,d120_hh248
d170,d56_hh262
d170,d122_hh144
d170,d163_hh145
d170,d15_hh80
d170,d208_hh253
d170,d124_hh40
d170,d98_hh223
d170,d42_hh185
d170,d123_hh57
d170,d207_hh191
d170,d152_hh88
d170,d29_hh131
d170,d117_hh140
d170,d19_hh130
d170,d138_hh150
d170,d158_hh86
d170,d165_hh107
d170,d138_hh83
d170,d159_hh183
d170,d26_hh40
d170,d155_hh210
d170,d169_hh199
d170,d128_hh246
d170,d16_hh294
d170,d170_hh130
d170,d162_hh213
d170,d11_hh128
d170,d100_hh48
d170,d126_hh4
d170,d29_hh243
d170,d83_hh193
d170,d24_hh176
d170,d4_hh80
d170,d95_hh56
d170,d2_hh217
d170,d160_hh88
d170,d75_hh264
d170,d111_hh131
d170,d178_hh157
d170,d39_hh67
d170,d169_hh225
d170,d55_hh254
d170,d178_hh173
d170,d73_hh242
d170,d166_hh24
d170,d104_hh58
d170,d118_hh118
d170,d147_hh54
d170,d209_hh219
d170,d54_hh152
d170,d43_hh125
d170,d160_hh0
d170,d132_hh76
d170,d46_hh245
d170,d147_hh43
d170,d83_hh204
d170,d127_hh89
d170,d163_hh213
d170,d214_hh210
d170,d119_hh64
d170,d209_hh11
d170,d137_hh106
d170,d200_hh102
d170,d91_hh138
d170,d193_hh248
d170,d150_hh207
d170,d74_hh243
d170,d19_hh38
d170,d102_hh200
d170,d54_hh222
d170,d90_hh151
d170,d41_hh163
d170,d213_hh62
d170,d11_hh53
d170,d96_hh110
d170,d147_hh43
d170,d59_hh243
d170,d112_hh8
d170,d122_hh231
d170,d59_hh251
d170,d100_hh91
d170,d193_hh248
d170,d117_hh140
d170,d101_hh129
d170,d133_hh241
d170,d207_hh191
d170,d100_hh91
d170,d174_hh242
d170,d23_hh156
d170,d2_hh173
d170,d66_hh213
d170,d102_hh200
d170,d97_hh156
d170,d4_hh29
d170,d54_hh189
d170,d173_hh262
d170,d2_hh180
d170,d202_hh170
d170,d13_hh58
d170,d56_hh262
d170,d152_hh168
d170,d74_hh142
d170,d123_hh129
d170,d75_hh102
d170,d15_hh103
d170,d41_hh206
d170,d16_hh294
d170,d184_hh158
d170,d74_hh15
d170,d143_hh28
d170,d147_hh43
d170,d88_hh195
d170,d50_hh249
d170,d31_hh127
d170,d98_hh84
d170,d55_hh254
d170,d200_hh261
d170,d4_hh80
d170,d54_hh218
d170,d50_hh249
d170,d78_hh39
d170,d23_hh93
d170,d131_hh205
d170,d54_hh218
d170,d16_hh294
d170,d19_hh130
d170,d122_hh159
d170,d15_hh210
d170,d2_hh217
d170,d109_hh88
d170,d178_hh272
d170,d106_hh207
d170,d17_hh12
d170,d209_hh254
d170,d174_hh42
d170,d75_hh264
d170,d122_hh231
d170,d138_hh83
d170,d15_hh103
d170,d123_hh119
d170,d122_hh231
d170,d123_hh104
d170,d160_hh0
d170,d42_hh88
d170,d77_hh123
d170,d171_hh88
d170,d13_hh58
d170,d104_hh175
d170,d101_hh155
d170,d102_hh179
d170,d169_hh225
d170,d210_hh200
d170,d163_hh145
d170,d135_hh17
d170,d100_hh91
d170,d132_hh188
d170,d173_hh262
d170,d138_hh83
d170,d19_hh38
d170,d75_hh25
d170,d155_hh151
d170,d85_hh144
d170,d159_hh183
d170,d88_hh36
d170,d42_hh88
d170,d213_hh178
d170,d209_hh11
d170,d133_hh241
d170,d199_hh49
d170,d160_hh0
d170,d175_hh52
d170,d55_hh94
d170,d31_hh127
d170,d54_hh44
d170,d88_hh195
d170,d174_hh42
d170,d114_hh47
d170,d198_hh136
d170,d88_hh36
d170,d163_hh213
d170,d104_hh58
d170,d120_hh248
d170,d186_hh185
d170,d173_hh163
d170,d61_hh41
d170,d214_hh41
d170,d83_hh76
d170,d200_hh21
d170,d30_hh267
d170,d200_hh102
d170,d91_hh138
d170,d57_hh286
d170,d118_hh118
d170,d66_hh213
d170,d54_hh61
d170,d4_hh87
d170,d128_hh246
d170,d50_hh217
d170,d75_hh25
d170,d117_hh74
d170,d120_hh269
d170,d182_hh229
d170,d118_hh118
d170,d169_hh216
d170,d214_hh41
d170,d100_hh91
d170,d132_hh46
d170,d130_hh142
d170,d158_hh136
d170,d24_hh176
d170,d174_hh42
d170,d200_hh77
d170,d209_hh244
d170,d122_hh16
d170,d160_hh88
d170,d205_hh196
d170,d83_hh76
d170,d30_hh267
d170,d54_hh222
d170,d123_hh106
d170,d100_hh48
d170,d39_hh154
d170,d54_hh44
d170,d21_hh105
d170,d20_hh166
d170,d98_hh177
d170,d56_hh174
d170,d104_hh58
d170,d198_hh152
d170,d171_hh88
d170,d55_hh254
d170,d128_hh246
d170,d21_hh105
d170,d65_hh29
d170,d35_hh2
d170,d97_hh26
d170,d75_hh102
d170,d119_hh177
d170,d209_hh11
d170,d131_hh205
d170,d126_hh4
d170,d93_hh18
d170,d122_hh159
d170,d41_hh150
d170,d18_hh137
d170,d23_hh156
d170,d210_hh200
d170,d195_hh19
d170,d109_hh67
d170,d171_hh23
d170,d165_hh107
d170,d95_hh56
d170,d199_hh180
d170,d54_hh57
d170,d150_hh203
d170,d163_hh213
d170,d39_hh66
d170,d21_hh90
d170,d119_hh210
d170,d150_hh207
d170,d174_hh42
d169,d93_hh66
d169,d143_hh241
d169,d159_hh64
d169,d41_hh71
d169,d129_hh122
d169,d4_hh65
d169,d187_hh7
d169,d73_hh242
d169,d19_hh130
d169,d72_hh42
d169,d162_hh47
d169,d34_hh77
d169,d169_hh190
d169,d150_hh203
d169,d213_hh178
d169,d83_hh204
d169,d59_hh112
d169,d73_hh242
d169,d125_hh3
d169,d133_hh111
d169,d133_hh111
d169,d120_hh269
d169,d23_hh156
d169,d83_hh193
d169,d5_hh5
d169,d133_hh135
d169,d15_hh186
d169,d204_hh87
d169,d195_hh19
d169,d171_hh23
d169,d11_hh128
d169,d51_hh231
d169,d67_hh15
d169,d91_hh21
d169,d67_hh15
d169,d11_hh53
d169,d46_hh12
d169,d187_hh42
d169,d163_hh213
d169,d52_hh165
d169,d114_hh47
d169,d209_hh254
d169,d186_hh185
d169,d29_hh85
d169,d209_hh254
d169,d200_hh261
d169,d155_hh18
d169,d98_hh100
d169,d36_hh94
d169,d214_hh47
d169,d42_hh88
d169,d119_hh210
d169,d182_hh226
d169,d205_hh196
d169,d149_hh14
d169,d102_hh201
d169,d44_hh164
d169,d140_hh85
d169,d74_hh107
d169,d42_hh202
d169,d209_hh244
d169,d213_hh125
d169,d208_hh253
d169,d130_hh142
d169,d213_hh211
d169,d41_hh150
d169,d193_hh138
d169,d150_hh203
d169,d31_hh139
d169,d122_hh16
d169,d112_hh8
d169,d161_hh203
d169,d200_hh77
d169,d93_hh66
d169,d154_hh2
d169,d30_hh267
d169,d4_hh202
d169,d66_hh14
d169,d202_hh170
d169,d173_hh163
d169,d91_hh199
d169,d83_hh204
d169,d123_hh84
d169,d54_hh189
d169,d36_hh226
d169,d39_hh66
d169,d114_hh66
d169,d202_hh170
d169,d152_hh29
d169,d83_hh153
d169,d36_hh94
d169,d46_hh194
d169,d126_hh167
d169,d123_hh106
d169,d21_hh105
d169,d29_hh85
d169,d120_hh248
d169,d213_hh178
d169,d82_hh154
d169,d152_hh88
d169,d17_hh106
d169,d114_hh66
d169,d98_hh84
d169,d118_hh244
d169,d202_hh90
d169,d200_hh21
d169,d41_hh71
d169,d163_hh213
d169,d34_hh160
d169,d158_hh107
d169,d91_hh199
d169,d152_hh168
d169,d81_hh89
d169,d39_hh154
d169,d178_hh191
d169,d13_hh58
d169,d44_hh38
d169,d4_hh202
d169,d87_hh245
d169,d171_hh23
d169,d56_hh262
d169,d15_hh76
d169,d119_hh64
d169,d91_hh138
d169,d195_hh19
d169,d65_hh101
d169,d59_hh243
d169,d23_hh204
d169,d205_hh196
d169,d209_hh149
d169,d83_hh193
d169,d54_hh222
d169,d123_hh84
d169,d15_hh22
d169,d31_hh34
d169,d104_hh270
d169,d59_hh243
d169,d130_hh142
d169,d41_hh163
d169,d2_hh180
d169,d155_hh18
d169,d39_hh67
d169,d128_hh28
d169,d214_hh41
d169,d137_hh119
d169,d73_hh242
d169,d147_hh43
d169,d214_hh13
d169,d83_hh204
d169,d91_hh138
d169,d197_hh151
d169,d39_hh99
d169,d204_hh56
d169,d91_hh90
d169,d169_hh199
d169,d112_hh8
d169,d166_hh24
d169,d118_hh118
d169,d15_hh186
d169,d95_hh56
d169,d128_hh28
d169,d213_hh125
d169,d40_hh200
d169,d134_hh270
d169,d179_hh1
d169,d59_hh112
d169,d91_hh199
d169,d42_hh19
d169,d169_hh225
d169,d7_hh257
d169,d161_hh21
d169,d162_hh213
d169,d102_hh200
d169,d95_hh201
d169,d131_hh180
d169,d209_hh254
d169,d128_hh126
d169,d182_hh149
d169,d50_hh272
d169,d177_hh163
d169,d81_hh89
d169,d178_hh134
d169,d56_hh174
d169,d166_hh24
d169,d213_hh247
d169,d12_hh23
d169,d209_hh149
d169,d209_hh244
d169,d209_hh159
d169,d91_hh199
d169,d135_hh17
d169,d4_hh65
d169,d126_hh4
d169,d129_hh122
d169,d101_hh129
d169,d54_hh218
d169,d175_hh52
d169,d178_hh157
d169,d209_hh219
d169,d118_hh118
d169,d127_hh89
d169,d131_hh24
d169,d74_hh257
d169,d199_hh180
d169,d178_hh191
d169,d91_hh199
d169,d122_hh16
d169,d132_hh76
d169,d15_hh264
d169,d154_hh2
d169,d15_hh22
d169,d93_hh66
d169,d119_hh222
d169,d131_hh174
d169,d125_hh3
d169,d174_hh242
d169,d2_hh173
d169,d93_hh66
d169,d16_hh294
d169,d91_hh138
d169,d178_hh191
d169,d46_hh69
d169,d15_hh186
d169,d80_hh106
d169,d114_hh66
d169,d199_hh49
d169,d44_hh38
d169,d199_hh49
d169,d209_hh254
d169,d202_hh170
d169,d208_hh240
d169,d210_hh200
d169,d182_hh74
d169,d21_hh105
d169,d59_hh251
d169,d169_hh190
d169,d132_hh44
d169,d16_hh294
d169,d122_hh16
d169,d179_hh1
d169,d147_hh169
d169,d33_hh58
d169,d149_hh107
d169,d4_hh202
d169,d54_hh222
d169,d128_hh126
d169,d15_hh210
d169,d35_hh263
d169,d169_hh190
d169,d169_hh199
d169,d21_hh90
d169,d160_hh0
d169,d149_hh107
d169,d209_hh149
d169,d162_hh47
d169,d24_hh176
d169,d46_hh12
d171,d140_hh85
d171,d118_hh244
d171,d19_hh38
d171,d74_hh142
d171,d187_hh42
d171,d166_hh164
d171,d122_hh144
d171,d52_hh115
d171,d147_hh169
d171,d29_hh131
d171,d199_hh71
d171,d66_hh14
d171,d126_hh167
d171,d214_hh41
d171,d191_hh246
d171,d42_hh19
d171,d90_hh207
d171,d191_hh246
d171,d17_hh213
d171,d17_hh12
d171,d23_hh204
d171,d130_hh142
d171,d170_hh130
d171,d19_hh130
d171,d114_hh47
d171,d210_hh142
d171,d95_hh201
d171,d16_hh287
d171,d46_hh12
d171,d122_hh144
d171,d85_hh110
d171,d4_hh202
d171,d140_hh85
d171,d197_hh151
d171,d21_hh90
d171,d178_hh272
d171,d91_hh199
d171,d30_hh58
d171,d130_hh142
d171,d17_hh210
d171,d200_hh261
d171,d170_hh117
d171,d214_hh47
d171,d128_hh126
d171,d122_hh159
d171,d56_hh174
d171,d195_hh47
d171,d75_hh227
d171,d4_hh80
d171,d54_hh189
d171,d66_hh207
d171,d200_hh77
d171,d158_hh107
d171,d210_hh142
d171,d56_hh262
d171,d135_hh17
d171,d101_hh155
d171,d66_hh207
d171,d170_hh130
d171,d53_hh3
d171,d169_hh190
d171,d57_hh16
d171,d202_hh264
d171,d149_hh107
d171,d186_hh185
d171,d30_hh130
d171,d125_hh135
d171,d149_hh14
d171,d131_hh102
d171,d177_hh145
d171,d160_hh0
d171,d80_hh186
d171,d91_hh90
d171,d174_hh242
d171,d117_hh11
d171,d74_hh15
d171,d46_hh194
d171,d91_hh138
d171,d126_hh207
d171,d174_hh42
d171,d50_hh249
d171,d130_hh142
d171,d195_hh19
d171,d207_hh219
d171,d21_hh105
d171,d100_hh63
d171,d126_hh4
d171,d141_hh128
d171,d54_hh218
d171,d85_hh184
d171,d104_hh116
d171,d75_hh102
d171,d200_hh261
d171,d104_hh58
d171,d111_hh131
d171,d101_hh155
d171,d161_hh185
d171,d50_hh272
d171,d133_hh241
d171,d147_hh54
d171,d104_hh270
d171,d182_hh226
d171,d137_hh106
d171,d202_hh170
d171,d7_hh257
d171,d149_hh1
d171,d200_hh261
d171,d140_hh85
d171,d16_hh287
d171,d155_hh148
d171,d30_hh130
d171,d42_hh202
d171,d152_hh88
d171,d152_hh29
d171,d19_hh130
d171,d200_hh261
d171,d120_hh248
d171,d75_hh216
d171,d123_hh104
d171,d54_hh189
d171,d41_hh71
d171,d15_hh264
d171,d127_hh89
d171,d152_hh168
d171,d82_hh154
d171,d23_hh204
d171,d158_hh107
d171,d19_hh130
d171,d90_hh151
d171,d191_hh53
d171,d209_hh254
d171,d15_hh210
d171,d178_hh58
d171,d123_hh106
d171,d213_hh178
d171,d137_hh106
d171,d164_hh123
d171,d198_hh136
d171,d57_hh216
d171,d202_hh90
d171,d72_hh208
d171,d72_hh42
d171,d128_hh126
d171,d122_hh16
d171,d77_hh123
d171,d166_hh164
d171,d23_hh233
d171,d149_hh107
d171,d31_hh139
d171,d91_hh178
d171,d209_hh219
d171,d98_hh177
d171,d54_hh189
d171,d113_hh175
d171,d46_hh194
d171,d214_hh13
d171,d96_hh145
d171,d90_hh151
d171,d207_hh191
d171,d125_hh3
d171,d214_hh70
d171,d209_hh149
d171,d152_hh168
d171,d90_hh151
d171,d122_hh16
d171,d174_hh242
d171,d187_hh0
d171,d88_hh195
d171,d182_hh39
d171,d52_hh115
d171,d209_hh254
d171,d80_hh236
d171,d209_hh254
d171,d177_hh145
d171,d46_hh53
d171,d35_hh2
d171,d123_hh160
d171,d204_hh239
d171,d65_hh242
d171,d80_hh186
d171,d100_hh48
d171,d23_hh156
d171,d75_hh216
d171,d123_hh119
d171,d150_hh203
d171,d54_hh61
d171,d29_hh243
d171,d118_hh173
d171,d118_hh244
d171,d155_hh151
d171,d55_hh94
d171,d15_hh22
d171,d46_hh12
d171,d100_hh145
d171,d113_hh175
d171,d182_hh226
d171,d160_hh0
d171,d99_hh225
d171,d193_hh138
d171,d74_hh107
d171,d139_hh214
d171,d34_hh77
d171,d75_hh53
d171,d184_hh238
d171,d166_hh164
d171,d193_hh138
d171,d134_hh270
d171,d195_hh47
d171,d110_hh193
d171,d36_hh94
d171,d178_hh157
d171,d53_hh147
d171,d90_hh207
d171,d149_hh14
d171,d110_hh193
d171,d155_hh151
d171,d21_hh105
d171,d57_hh250
d171,d51_hh231
d171,d134_hh270
d171,d126_hh263
d171,d182_hh39
d171,d141_hh128
d171,d150_hh207
d171,d87_hh156
d171,d209_hh11
d171,d98_hh177
d171,d74_hh15
d171,d122_hh16
d171,d143_hh28
d171,d16_hh287
d171,d104_hh175
d171,d162_hh213
d171,d66_hh240
d171,d34_hh77
d171,d125_hh3
d171,d54_hh189
d171,d72_hh42
d171,d100_hh63
d171,d75_hh25
d171,d193_hh248
d171,d141_hh27
d171,d54_hh44
d171,d123_hh160
d171,d213_hh211
d171,d17_hh213
d171,d104_hh58
d171,d129_hh122
d171,d133_hh111
d171,d126_hh263
d171,d100_hh48
d171,d59_hh251
d171,d150_hh207
d171,d133_hh241
d171,d20_hh166
d171,d182_hh149
d171,d133_hh135
d171,d193_hh138
d171,d35_hh263
d171,d200_hh21
d171,d39_hh66
d171,d50_hh7
d171,d209_hh149
d171,d213_hh2
d171,d29_hh131
d171,d126_hh167
d171,d87_hh156
d171,d186_hh185
d171,d164_hh123
d171,d33_hh58
d171,d50_hh217
d171,d93_hh18
d171,d195_hh47
d171,d46_hh245
d171,d202_hh170
d171,d23_hh21
d171,d195_hh19
d171,d104_hh270
d171,d52_hh115
d171,d152_hh168
d171,d4_hh202
d173,d74_hh243
d173,d141_hh129
d173,d74_hh257
d173,d208_hh168
d173,d80_hh106
d173,d50_hh249
d173,d155_hh151
d173,d126_hh263
d173,d131_hh174
d173,d77_hh123
d173,d123_hh104
d173,d182_hh226
d173,d66_hh207
d173,d98_hh177
d173,d42_hh202
d173,d184_hh158
d173,d193_hh138
d173,d152_hh168
d173,d134_hh223
d173,d182_hh195
d173,d57_hh250
d173,d17_hh210
d173,d90_hh151
d173,d114_hh66
d173,d102_hh179
d173,d133_hh135
d173,d54_hh222
d173,d119_hh24
d173,d42_hh19
d173,d98_hh245
d173,d195_hh19
d173,d187_hh87
d173,d166_hh24
d173,d50_hh249
d173,d195_hh47
d173,d62_hh259
d173,d51_hh151
d173,d54_hh44
d173,d110_hh252
d173,d98_hh245
d173,d131_hh24
d173,d152_hh88
d173,d122_hh231
d173,d182_hh39
d173,d122_hh144
d173,d100_hh91
d173,d178_hh58
d173,d177_hh145
d173,d130_hh142
d173,d65_hh242
d173,d91_hh138
d173,d101_hh129
d173,d21_hh97
d173,d199_hh49
d173,d204_hh87
d173,d131_hh24
d173,d85_hh184
d173,d66_hh207
d173,d118_hh244
d173,d155_hh148
d173,d184_hh238
d173,d57_hh216
d173,d74_hh107
d173,d62_hh22
d173,d2_hh287
d173,d202_hh90
d173,d34_hh160
d173,d54_hh218
d173,d48_hh118
d173,d210_hh142
d173,d175_hh131
d173,d111_hh131
d173,d31_hh127
d173,d113_hh175
d173,d208_hh240
d173,d75_hh264
d173,d182_hh226
d173,d214_hh13
d173,d187_hh7
d173,d110_hh193
d173,d54_hh189
d173,d77_hh123
d173,d4_hh65
d173,d186_hh185
d173,d23_hh21
d173,d101_hh129
d173,d78_hh39
d173,d169_hh216
d173,d213_hh247
d173,d208_hh168
d173,d82_hh154
d173,d35_hh263
d173,d56_hh262
d173,d2_hh68
d173,d209_hh244
d173,d213_hh2
d173,d74_hh142
d173,d132_hh76
d173,d123_hh106
d173,d131_hh205
d173,d137_hh119
d173,d62_hh98
d173,d42_hh185
d173,d109_hh88
d173,d163_hh145
d173,d17_hh213
d173,d51_hh151
d173,d120_hh269
d173,d169_hh190
d173,d117_hh11
d173,d78_hh223
d173,d152_hh29
d173,d104_hh58
d173,d182_hh39
d173,d171_hh71
d173,d123_hh129
d173,d128_hh28
d173,d126_hh207
d173,d110_hh252
d173,d140_hh85
d173,d152_hh88
d173,d198_hh136
d173,d171_hh23
d173,d166_hh239
d173,d17_hh213
d173,d171_hh23
d173,d104_hh175
d173,d193_hh248
d173,d80_hh106
d173,d202_hh205
d173,d20_hh166
d173,d40_hh200
d173,d74_hh142
d173,d147_hh169
d173,d54_hh44
d173,d16_hh287
d173,d208_hh168
d173,d162_hh213
d173,d98_hh84
d173,d24_hh92
d173,d213_hh178
d173,d35_hh2
d173,d101_hh129
d173,d177_hh145
d173,d85_hh184
d173,d163_hh213
d173,d200_hh21
d173,d51_hh231
d173,d123_hh129
d173,d65_hh29
d173,d75_hh25
d173,d123_hh57
d173,d141_hh128
d173,d113_hh175
d173,d200_hh261
d173,d59_hh112
d173,d46_hh53
d173,d178_hh272
d173,d21_hh97
d173,d75_hh227
d173,d129_hh122
d173,d114_hh219
d173,d98_hh100
d173,d18_hh137
d173,d200_hh77
d173,d62_hh98
d173,d114_hh47
d173,d20_hh166
d173,d128_hh246
d173,d182_hh74
d173,d200_hh261
d173,d114_hh219
d173,d178_hh173
d173,d125_hh135
d173,d131_hh24
d173,d214_hh13
d173,d112_hh8
d173,d138_hh82
d173,d87_hh245
d173,d147_hh169
d173,d53_hh147
d173,d131_hh180
d173,d54_hh44
d173,d75_hh53
d173,d83_hh204
d173,d29_hh243
d173,d209_hh254
d173,d23_hh93
d173,d184_hh238
d173,d161_hh21
d173,d177_hh163
d173,d178_hh58
d173,d178_hh173
d173,d75_hh227
d173,d132_hh44
d173,d62_hh251
d173,d131_hh102
d173,d41_hh150
d173,d199_hh180
d173,d74_hh107
d173,d204_hh87
d173,d214_hh41
d173,d57_hh286
d173,d88_hh195
d173,d93_hh18
d173,d204_hh87
d173,d50_hh272
d173,d187_hh7
d173,d41_hh150
d173,d123_hh57
d173,d66_hh213
d173,d126_hh207
d173,d195_hh19
d173,d98_hh245
d173,d202_hh90
d173,d186_hh185
d173,d132_hh46
d173,d81_hh89
d173,d209_hh11
d173,d18_hh227
d173,d31_hh139
d173,d16_hh294
d173,d162_hh213
d173,d59_hh243
d173,d166_hh24
d173,d158_hh107
d173,d163_hh145
d173,d141_hh128
d173,d17_hh228
d173,d44_hh38
d173,d114_hh66
d173,d31_hh34
d173,d137_hh106
d173,d15_hh22
d173,d215_hh105
d173,d21_hh105
d173,d111_hh227
d173,d213_hh211
d173,d29_hh243
d173,d80_hh186
d173,d123_hh129
d173,d44_hh164
d173,d187_hh61
d173,d98_hh245
d173,d143_hh28
d173,d123_hh129
d173,d171_hh88
d173,d163_hh213
d173,d81_hh89
d173,d2_hh287
d173,d15_hh76
d173,d15_hh264
d173,d29_hh85
d173,d104_hh58
d173,d16_hh294
d173,d16_hh294
d173,d50_hh249
d173,d15_hh76
d173,d109_hh88
d173,d114_hh66
d173,d122_hh159
d173,d39_hh66
d173,d98_hh223
d173,d100_hh48
d173,d114_hh47
d173,d18_hh137
d173,d15_hh210
d173,d128_hh246
d173,d131_hh205
d173,d91_hh90
d173,d170_hh117
d173,d36_hh226
d173,d208_hh253
d173,d169_hh190
d173,d88_hh36
d173,d123_hh160
d173,d77_hh123
d173,d11_hh53
d173,d178_hh157
d173,d104_hh270
d173,d178_hh173
d173,d57_hh286
d173,d114_hh47
d173,d98_hh245
d173,d56_hh4
d173,d59_hh184
d173,d91_hh90
d173,d169_hh216
d173,d166_hh239
d173,d123_hh129
d173,d31_hh127
d166,d81_hh89
d166,d18_hh137
d166,d65_hh242
d166,d75_hh227
d166,d128_hh246
d166,d100_hh91
d166,d178_hh191
d166,d57_hh286
d166,d72_hh208
d166,d61_hh155
d166,d162_hh213
d166,d54_hh218
d166,d54_hh152
d166,d209_hh11
d166,d120_hh161
d166,d57_hh166
d166,d162_hh47
d166,d17_hh106
d166,d73_hh184
d166,d91_hh199
d166,d74_hh257
d166,d24_hh176
d166,d147_hh54
d166,d54_hh189
d166,d186_hh185
d166,d55_hh94
d166,d170_hh130
d166,d169_hh199
d166,d66_hh18
d166,d213_hh2
d166,d154_hh2
d166,d91_hh199
d166,d34_hh77
d166,d152_hh88
d166,d197_hh151
d166,d137_hh119
d166,d4_hh29
d166,d164_hh122
d166,d57_hh216
d166,d122_hh231
d166,d155_hh210
d166,d177_hh145
d166,d125_hh3
d166,d174_hh213
d166,d135_hh2
d166,d129_hh122
d166,d187_hh42
d166,d149_hh107
d166,d132_hh188
d166,d104_hh270
d166,d73_hh184
d166,d82_hh154
d166,d135_hh2
d166,d177_hh145
d166,d135_hh2
d166,d110_hh252
d166,d41_hh163
d166,d43_hh125
d166,d15_hh103
d166,d133_hh241
d166,d15_hh76
d166,d101_hh129
d166,d54_hh222
d166,d173_hh262
d166,d123_hh84
d166,d4_hh29
d166,d199_hh71
d166,d104_hh270
d166,d36_hh226
d166,d106_hh207
d166,d54_hh222
d166,d175_hh131
d166,d102_hh242
d166,d123_hh160
d166,d95_hh56
d166,d129_hh122
d166,d2_hh173
d166,d125_hh3
d166,d65_hh242
d166,d205_hh196
d166,d164_hh122
d166,d161_hh185
d166,d24_hh92
d166,d187_hh42
d166,d117_hh74
d166,d16_hh294
d166,d174_hh242
d166,d195_hh47
d166,d130_hh244
d166,d104_hh58
d166,d80_hh106
d166,d16_hh294
d166,d98_hh177
d166,d83_hh117
d166,d100_hh145
d166,d75_hh25
d166,d51_hh231
d166,d102_hh200
d166,d187_hh87
d166,d13_hh58
d166,d31_hh34
d166,d154_hh2
d166,d42_hh202
d166,d174_hh242
d166,d100_hh63
d166,d208_hh253
d166,d21_hh90
d166,d91_hh199
d166,d34_hh160
d166,d11_hh128
d166,d57_hh216
d166,d102_hh201
d166,d4_hh65
d166,d178_hh191
d166,d141_hh129
d166,d104_hh270
d166,d52_hh115
d166,d199_hh71
d166,d11_hh128
d166,d133_hh135
d166,d75_hh25
d166,d101_hh155
d166,d17_hh213
d166,d2_hh180
d166,d110_hh252
d166,d155_hh151
d166,d17_hh12
d166,d114_hh47
d166,d119_hh177
d166,d17_hh228
d166,d165_hh107
d166,d129_hh122
d166,d101_hh155
d166,d111_hh227
d166,d210_hh200
d166,d182_hh149
d166,d80_hh186
d166,d62_hh251
d166,d91_hh90
d166,d73_hh184
d166,d46_hh12
d166,d23_hh21
d166,d195_hh47
d166,d123_hh104
d166,d133_hh241
d166,d50_hh7
d166,d2_hh180
d166,d19_hh130
d166,d17_hh210
d166,d78_hh39
d166,d87_hh245
d166,d186_hh185
d166,d138_hh150
d166,d2_hh68
d166,d114_hh219
d166,d152_hh29
d166,d104_hh116
d166,d16_hh287
d166,d210_hh200
d166,d187_hh61
d166,d57_hh286
d166,d120_hh248
d166,d101_hh155
d166,d87_hh245
d166,d150_hh203
d166,d29_hh243
d166,d62_hh259
d166,d150_hh203
d166,d164_hh122
d166,d90_hh233
d166,d75_hh102
d166,d55_hh254
d166,d204_hh239
d166,d102_hh200
d166,d119_hh64
d166,d98_hh223
d166,d78_hh223
d166,d123_hh119
d166,d59_hh243
d166,d205_hh196
d166,d73_hh242
d166,d36_hh226
d166,d15_hh264
d166,d75_hh102
d166,d77_hh123
d166,d127_hh89
d166,d17_hh213
d166,d213_hh252
d166,d5_hh5
d166,d191_hh246
d166,d18_hh227
d166,d182_hh74
d166,d159_hh183
d166,d213_hh125
d166,d198_hh188
d166,d191_hh246
d166,d38_hh165
d166,d90_hh207
d166,d209_hh159
d166,d182_hh195
d166,d147_hh54
d166,d83_hh193
d166,d104_hh116
d166,d155_hh18
d166,d52_hh115
d166,d198_hh152
d166,d178_hh191
d166,d54_hh152
d166,d106_hh207
d166,d182_hh39
d166,d120_hh269
d166,d159_hh64
d166,d214_hh13
d166,d135_hh17
d166,d72_hh208
d166,d130_hh244
d166,d33_hh58
d166,d54_hh189
d166,d125_hh135
d166,d169_hh199
d166,d12_hh23
d166,d133_hh135
d166,d143_hh28
d166,d2_hh217
d166,d57_hh250
d166,d100_hh48
d166,d178_hh157
d166,d178_hh134
d166,d65_hh101
d166,d96_hh145
d166,d2_hh180
d166,d149_hh107
d166,d215_hh105
d166,d215_hh105
d166,d111_hh131
d166,d175_hh131
d166,d98_hh177
d166,d15_hh186
d166,d59_hh243
d166,d74_hh142
d166,d182_hh39
d166,d208_hh240
d166,d195_hh47
d166,d149_hh1
d166,d200_hh102
d166,d126_hh207
d166,d80_hh106
d166,d173_hh163
d166,d38_hh159
d166,d209_hh219
d166,d207_hh219
d166,d214_hh70
d166,d137_hh119
d166,d15_hh264
d166,d161_hh203
d166,d135_hh17
d166,d80_hh186
d166,d17_hh228
d166,d80_hh186
d166,d23_hh93
d166,d114_hh219
d166,d214_hh41
d166,d67_hh209
d166,d131_hh102
d166,d20_hh166
d166,d95_hh205
d166,d114_hh47
d166,d131_hh24
d166,d50_hh249
d166,d46_hh12
d166,d138_hh82
d166,d46_hh53
d166,d199_hh180
d166,d207_hh191
d166,d186_hh185
d166,d213_hh125
d166,d67_hh15
d166,d17_hh12
d166,d74_hh107
d166,d98_hh223
d166,d66_hh14
d166,d214_hh13
d184,d93_hh66
d184,d177_hh145
d184,d119_hh64
d184,d202_hh264
d184,d158_hh107
d184,d35_hh2
d184,d166_hh239
d184,d143_hh28
d184,d123_hh160
d184,d123_hh129
d184,d56_hh4
d184,d75_hh25
d184,d7_hh257
d184,d186_hh185
d184,d128_hh126
d184,d184_hh158
d184,d4_hh65
d184,d17_hh210
d184,d17_hh106
d184,d66_hh213
d184,d23_hh21
d184,d182_hh39
d184,d117_hh140
d184,d125_hh3
d184,d65_hh242
d184,d182_hh74
d184,d98_hh245
d184,d40_hh152
d184,d207_hh191
d184,d54_hh218
d184,d34_hh160
d184,d5_hh5
d184,d21_hh97
d184,d62_hh259
d184,d75_hh227
d184,d53_hh3
d184,d41_hh206
d184,d160_hh0
d184,d213_hh211
d184,d69_hh240
d184,d155_hh148
d184,d110_hh193
d184,d149_hh107
d184,d62_hh22
d184,d166_hh24
d184,d53_hh3
d184,d131_hh24
d184,d39_hh99
d184,d91_hh138
d184,d119_hh210
d184,d88_hh195
d184,d7_hh257
d184,d182_hh229
d184,d200_hh21
d184,d65_hh101
d184,d4_hh65
d184,d120_hh248
d184,d198_hh152
d184,d169_hh199
d184,d161_hh203
d184,d177_hh163
d184,d91_hh178
d184,d139_hh214
d184,d15_hh76
d184,d35_hh2
d184,d62_hh98
d184,d111_hh227
d184,d111_hh131
d184,d152_hh29
d184,d128_hh246
d184,d147_hh43
d184,d54_hh61
d184,d42_hh19
d184,d213_hh62
d184,d11_hh53
d184,d51_hh231
d184,d19_hh130
d184,d138_hh83
d184,d57_hh286
d184,d93_hh66
d184,d41_hh206
d184,d100_hh63
d184,d158_hh107
d184,d193_hh248
d184,d143_hh241
d184,d31_hh139
d184,d57_hh166
d184,d187_hh61
d184,d93_hh18
d184,d187_hh61
d184,d106_hh207
d184,d24_hh92
d184,d204_hh56
d184,d170_hh130
d184,d20_hh166
d184,d141_hh27
d184,d177_hh163
d184,d72_hh208
d184,d143_hh28
d184,d160_hh0
d184,d137_hh119
d184,d88_hh36
d184,d66_hh207
d184,d213_hh125
d184,d73_hh242
d184,d120_hh269
d184,d75_hh53
d184,d62_hh98
d184,d15_hh80
d184,d23_hh21
d184,d2_hh180
d184,d173_hh163
d184,d186_hh185
d184,d97_hh156
d184,d134_hh270
d184,d43_hh125
d184,d173_hh163
d184,d214_hh41
d184,d75_hh216
d184,d46_hh12
d184,d137_hh106
d184,d46_hh194
d184,d19_hh38
d184,d175_hh131
d184,d178_hh157
d184,d41_hh150
d184,d182_hh39
d184,d21_hh105
d184,d162_hh213
d184,d74_hh142
d184,d114_hh47
d184,d15_hh186
d184,d15_hh264
d184,d56_hh4
d184,d123_hh119
d184,d30_hh267
d184,d182_hh229
d184,d39_hh66
d184,d200_hh261
d184,d83_hh153
d184,d169_hh225
d184,d214_hh41
d184,d199_hh71
d184,d55_hh254
d184,d100_hh91
d184,d152_hh88
d184,d182_hh226
d184,d54_hh57
d184,d182_hh74
d184,d187_hh7
d184,d54_hh57
d184,d128_hh126
d184,d59_hh184
d184,d59_hh243
d184,d209_hh244
d184,d169_hh199
d184,d62_hh98
d184,d161_hh203
d184,d85_hh110
d184,d77_hh123
d184,d30_hh58
d184,d120_hh269
d184,d74_hh107
d184,d125_hh135
d184,d122_hh144
d184,d55_hh254
d184,d170_hh130
d184,d133_hh241
d184,d135_hh2
d184,d72_hh42
d184,d214_hh70
d184,d147_hh43
d184,d81_hh89
d184,d31_hh34
d184,d97_hh156
d184,d48_hh118
d184,d21_hh105
d184,d36_hh94
d184,d178_hh191
d184,d62_hh259
d184,d138_hh150
d184,d54_hh44
d184,d24_hh92
d184,d118_hh118
d184,d210_hh142
d184,d66_hh213
d184,d44_hh38
d184,d5_hh5
d184,d21_hh90
d184,d137_hh119
d184,d21_hh105
d184,d30_hh130
d184,d187_hh61
d184,d85_hh110
d184,d4_hh65
d184,d213_hh2
d184,d119_hh222
d184,d113_hh175
d184,d15_hh264
d184,d53_hh3
d184,d95_hh164
d184,d91_hh138
d184,d214_hh70
d184,d209_hh11
d184,d177_hh145
d184,d100_hh63
d184,d210_hh142
d184,d198_hh188
d184,d120_hh161
d184,d202_hh205
d184,d93_hh66
d184,d200_hh102
d184,d51_hh151
d184,d214_hh47
d184,d74_hh257
d184,d23_hh156
d184,d36_hh226
d184,d169_hh225
d184,d122_hh159
d184,d100_hh145
d184,d31_hh127
d184,d208_hh253
d184,d20_hh166
d184,d104_hh175
d184,d114_hh219
d184,d74_hh15
d184,d139_hh214
d184,d159_hh183
d184,d109_hh67
d184,d75_hh53
d184,d77_hh123
d184,d39_hh67
d184,d74_hh15
d184,d65_hh29
d184,d39_hh66
d184,d73_hh184
d184,d21_hh97
d184,d214_hh70
d184,d15_hh264
d184,d56_hh4
d184,d97_hh156
d184,d135_hh17
d184,d18_hh227
d184,d100_hh91
d184,d118_hh173
d184,d57_hh166
d184,d187_hh87
d184,d193_hh85
d184,d31_hh34
d184,d149_hh14
d184,d83_hh153
d184,d23_hh204
d184,d95_hh56
d184,d100_hh91
d184,d78_hh223
d184,d114_hh219
d184,d97_hh156
d184,d177_hh145
d184,d152_hh168
d184,d174_hh242
d184,d213_hh125
d184,d66_hh213
d184,d100_hh48
d184,d159_hh64
d184,d158_hh136
d184,d143_hh28
d184,d182_hh39
d184,d133_hh111
d184,d123_hh160
d184,d164_hh122
d184,d97_hh156
d184,d200_hh261
d184,d56_hh174
d184,d214_hh210
d184,d131_hh102
d184,d202_hh90
d184,d122_hh231
d184,d133_hh111
d184,d33_hh58
d184,d214_hh41
d177,d74_hh243
d177,d59_hh243
d177,d74_hh15
d177,d23_hh204
d177,d56_hh174
d177,d75_hh216
d177,d30_hh267
d177,d90_hh151
d177,d34_hh77
d177,d126_hh4
d177,d56_hh262
d177,d122_hh231
d177,d208_hh240
d177,d139_hh214
d177,d130_hh142
d177,d75_hh227
d177,d41_hh206
d177,d208_hh168
d177,d98_hh100
d177,d187_hh42
d177,d102_hh200
d177,d56_hh4
d177,d102_hh179
d177,d187_hh7
d177,d85_hh110
d177,d93_hh66
d177,d129_hh122
d177,d120_hh248
d177,d119_hh24
d177,d174_hh242
d177,d138_hh150
d177,d169_hh190
d177,d83_hh76
d177,d4_hh202
d177,d57_hh216
d177,d202_hh264
d177,d152_hh29
d177,d127_hh89
d177,d104_hh58
d177,d61_hh155
d177,d123_hh57
d177,d120_hh161
d177,d178_hh134
d177,d33_hh58
d177,d160_hh0
d177,d187_hh87
d177,d159_hh64
d177,d74_hh243
d177,d80_hh236
d177,d162_hh47
d177,d35_hh263
d177,d75_hh102
d177,d102_hh200
d177,d190_hh38
d177,d87_hh245
d177,d193_hh85
d177,d124_hh40
d177,d202_hh170
d177,d54_hh222
d177,d163_hh213
d177,d75_hh227
d177,d131_hh24
d177,d214_hh41
d177,d117_hh11
d177,d30_hh267
d177,d67_hh15
d177,d141_hh128
d177,d123_hh104
d177,d101_hh155
d177,d88_hh36
d177,d11_hh128
d177,d202_hh90
d177,d101_hh155
d177,d95_hh205
d177,d65_hh29
d177,d114_hh47
d177,d46_hh53
d177,d209_hh254
d177,d131_hh180
d177,d126_hh167
d177,d59_hh251
d177,d187_hh7
d177,d214_hh13
d177,d117_hh11
d177,d66_hh18
d177,d126_hh207
d177,d52_hh33
d177,d141_hh27
d177,d140_hh85
d177,d182_hh226
d177,d128_hh246
d177,d31_hh139
d177,d150_hh203
d177,d155_hh18
d177,d97_hh156
d177,d204_hh87
d177,d184_hh158
d177,d122_hh16
d177,d2_hh180
d177,d214_hh13
d177,d74_hh257
d177,d20_hh166
d177,d30_hh267
d177,d213_hh62
d177,d166_hh239
d177,d162_hh47
d177,d178_hh191
d177,d118_hh118
d177,d24_hh92
d177,d187_hh0
d177,d15_hh103
d177,d18_hh227
d177,d177_hh163
d177,d20_hh166
d177,d152_hh29
d177,d16_hh287
d177,d118_hh118
d177,d4_hh87
d177,d122_hh16
d177,d104_hh270
d177,d135_hh2
d177,d29_hh243
d177,d44_hh164
d177,d93_hh18
d177,d101_hh155
d177,d175_hh52
d177,d20_hh166
d177,d122_hh231
d177,d163_hh145
d177,d174_hh42
d177,d96_hh110
d177,d165_hh107
d177,d19_hh38
d177,d152_hh168
d177,d42_hh19
d177,d72_hh42
d177,d91_hh178
d177,d50_hh272
d177,d164_hh123
d177,d46_hh194
d177,d16_hh287
d177,d75_hh53
d177,d119_hh64
d177,d91_hh199
d177,d177_hh163
d177,d111_hh131
d177,d130_hh244
d177,d88_hh195
d177,d122_hh16
d177,d87_hh245
d177,d85_hh144
d177,d124_hh40
d177,d80_hh236
d177,d74_hh15
d177,d17_hh228
d177,d19_hh38
d177,d42_hh58
d177,d101_hh129
d177,d178_hh173
d177,d74_hh257
d177,d23_hh93
d177,d57_hh16
d177,d182_hh229
d177,d178_hh58
d177,d40_hh152
d177,d44_hh38
d177,d135_hh17
d177,d114_hh219
d177,d23_hh21
d177,d109_hh67
d177,d123_hh160
d177,d141_hh27
d177,d55_hh94
d177,d95_hh205
d177,d62_hh22
d177,d141_hh27
d177,d56_hh262
d177,d123_hh57
d177,d213_hh62
d177,d23_hh21
d177,d187_hh42
d177,d54_hh44
d177,d62_hh22
d177,d163_hh213
d177,d119_hh95
d177,d106_hh207
d177,d123_hh119
d177,d170_hh130
d177,d152_hh29
d177,d132_hh44
d177,d209_hh219
d177,d59_hh251
d177,d13_hh58
d177,d186_hh185
d177,d122_hh159
d177,d163_hh145
d177,d15_hh264
d177,d175_hh131
d177,d4_hh87
d177,d141_hh129
d177,d81_hh89
d177,d83_hh117
d177,d12_hh23
d177,d161_hh203
d177,d21_hh97
d177,d23_hh233
d177,d21_hh105
d177,d119_hh210
d177,d128_hh126
d177,d88_hh195
d177,d24_hh92
d177,d123_hh57
d177,d62_hh259
d177,d12_hh23
d177,d100_hh91
d177,d114_hh219
d177,d213_hh178
d177,d132_hh46
d177,d54_hh57
d177,d193_hh85
d177,d18_hh227
d177,d87_hh156
d177,d205_hh196
d177,d122_hh16
d177,d135_hh2
d177,d141_hh129
d177,d39_hh66
d177,d35_hh2
d177,d100_hh48
d177,d118_hh173
d177,d162_hh213
d177,d38_hh159
d177,d66_hh213
d177,d88_hh36
d177,d117_hh140
d177,d100_hh63
d177,d178_hh191
d177,d152_hh168
d177,d208_hh168
d177,d138_hh150
d177,d75_hh53
d177,d54_hh152
d177,d82_hh154
d177,d208_hh168
d177,d132_hh44
d177,d182_hh74
d177,d213_hh211
d177,d137_hh106
d177,d178_hh58
d177,d202_hh264
d177,d97_hh26
d177,d177_hh163
d177,d74_hh107
d177,d38_hh165
d177,d15_hh80
d177,d166_hh24
d177,d209_hh244
d177,d31_hh34
d177,d213_hh125
d177,d46_hh69
d177,d126_hh207
d177,d139_hh214
d177,d114_hh66
d177,d20_hh166
d177,d158_hh86
d177,d150_hh203
d177,d93_hh66
d177,d187_hh0
d177,d17_hh213
d175,d15_hh103
d175,d87_hh156
d175,d4_hh29
d175,d208_hh168
d175,d155_hh18
d175,d165_hh107
d175,d85_hh184
d175,d78_hh223
d175,d24_hh176
d175,d197_hh151
d175,d74_hh243
d175,d182_hh229
d175,d119_hh210
d175,d131_hh205
d175,d186_hh185
d175,d52_hh165
d175,d21_hh105
d175,d190_hh38
d175,d17_hh213
d175,d164_hh122
d175,d104_hh58
d175,d78_hh39
d175,d214_hh70
d175,d17_hh210
d175,d72_hh42
d175,d12_hh23
d175,d82_hh154
d175,d57_hh207
d175,d169_hh216
d175,d131_hh102
d175,d88_hh36
d175,d72_hh208
d175,d54_hh61
d175,d147_hh54
d175,d62_hh251
d175,d104_hh116
d175,d114_hh47
d175,d85_hh184
d175,d21_hh105
d175,d90_hh207
d175,d102_hh179
d175,d23_hh21
d175,d200_hh261
d175,d111_hh227
d175,d174_hh242
d175,d73_hh184
d175,d198_hh136
d175,d166_hh164
d175,d186_hh185
d175,d204_hh239
d175,d140_hh85
d175,d152_hh29
d175,d96_hh145
d175,d195_hh19
d175,d39_hh66
d175,d42_hh202
d175,d114_hh66
d175,d15_hh186
d175,d140_hh85
d175,d74_hh15
d175,d213_hh178
d175,d21_hh97
d175,d178_hh58
d175,d104_hh58
d175,d138_hh82
d175,d117_hh74
d175,d178_hh191
d175,d166_hh150
d175,d141_hh128
d175,d191_hh53
d175,d174_hh242
d175,d155_hh148
d175,d19_hh38
d175,d205_hh196
d175,d91_hh178
d175,d152_hh168
d175,d88_hh195
d175,d209_hh159
d175,d155_hh210
d175,d118_hh118
d175,d42_hh185
d175,d118_hh118
d175,d169_hh190
d175,d122_hh16
d175,d213_hh247
d175,d114_hh219
d175,d15_hh76
d175,d123_hh57
d175,d98_hh100
d175,d16_hh287
d175,d132_hh44
d175,d46_hh245
d175,d187_hh87
d175,d51_hh231
d175,d213_hh178
d175,d83_hh193
d175,d42_hh202
d175,d187_hh42
d175,d150_hh207
d175,d138_hh82
d175,d138_hh82
d175,d114_hh219
d175,d110_hh252
d175,d137_hh119
d175,d174_hh42
d175,d149_hh107
d175,d81_hh89
d175,d74_hh257
d175,d149_hh1
d175,d29_hh85
d175,d177_hh163
d175,d54_hh152
d175,d117_hh11
d175,d155_hh210
d175,d155_hh210
d175,d67_hh209
d175,d55_hh94
d175,d26_hh40
d175,d59_hh184
d175,d59_hh251
d175,d137_hh106
d175,d133_hh241
d175,d57_hh16
d175,d50_hh217
d175,d204_hh56
d175,d190_hh38
d175,d141_hh27
d175,d85_hh184
d175,d209_hh219
d175,d15_hh103
d175,d90_hh207
d175,d118_hh118
d175,d56_hh4
d175,d120_hh248
d175,d21_hh90
d175,d177_hh163
d175,d122_hh231
d175,d128_hh28
d175,d199_hh49
d175,d122_hh159
d175,d98_hh177
d175,d131_hh205
d175,d155_hh148
d175,d125_hh3
d175,d44_hh164
d175,d98_hh100
d175,d77_hh123
d175,d73_hh242
d175,d15_hh264
d175,d62_hh259
d175,d123_hh57
d175,d174_hh242
d175,d114_hh47
d175,d124_hh40
d175,d11_hh128
d175,d62_hh251
d175,d149_hh14
d175,d73_hh184
d175,d131_hh174
d175,d100_hh48
d175,d34_hh160
d175,d161_hh21
d175,d95_hh56
d175,d104_hh270
d175,d155_hh148
d175,d173_hh163
d175,d88_hh195
d175,d66_hh213
d175,d202_hh264
d175,d214_hh13
d175,d133_hh135
d175,d81_hh89
d175,d109_hh67
d175,d209_hh219
d175,d141_hh129
d175,d122_hh16
d175,d62_hh251
d175,d96_hh110
d175,d213_hh2
d175,d11_hh128
d175,d129_hh122
d175,d120_hh269
d175,d187_hh87
d175,d129_hh122
d175,d150_hh207
d175,d52_hh165
d175,d39_hh99
d175,d134_hh270
d175,d2_hh287
d175,d137_hh106
d175,d99_hh225
d175,d208_hh240
d175,d88_hh36
d175,d101_hh129
d175,d137_hh106
d175,d126_hh4
d175,d23_hh21
d175,d40_hh152
d175,d54_hh152
d175,d161_hh203
d175,d42_hh185
d175,d128_hh28
d175,d119_hh210
d175,d104_hh58
d175,d26_hh40
d175,d69_hh240
d175,d132_hh76
d175,d118_hh244
d175,d131_hh174
d175,d44_hh164
d175,d186_hh185
d175,d75_hh264
d175,d165_hh107
d175,d24_hh92
d175,d4_hh29
d175,d62_hh98
d175,d74_hh107
d175,d57_hh207
d175,d42_hh19
d175,d213_hh2
d175,d62_hh22
d175,d163_hh145
d175,d66_hh240
d175,d4_hh202
d175,d204_hh87
d175,d29_hh243
d175,d48_hh118
d175,d65_hh242
d175,d123_hh106
d175,d140_hh85
d175,d88_hh36
d175,d41_hh150
d175,d173_hh262
d175,d100_hh145
d175,d150_hh207
d175,d85_hh110
d175,d143_hh241
d175,d38_hh165
d175,d46_hh12
d175,d46_hh53
d175,d132_hh188
d175,d125_hh3
d175,d31_hh34
d175,d213_hh62
d175,d106_hh207
d175,d21_hh97
d175,d186_hh185
d175,d57_hh207
d175,d122_hh144
d175,d75_hh227
d175,d169_hh199
d175,d90_hh233
d175,d132_hh44
d175,d111_hh131
d175,d57_hh286
d175,d129_hh122
d175,d74_hh257
d175,d143_hh28
d175,d16_hh294
d175,d213_hh2
d175,d17_hh210
d175,d126_hh167
d175,d30_hh58
d175,d4_hh65
d175,d123_hh84
d175,d4_hh29
d175,d4_hh65
d175,d57_hh216
d175,d174_hh24
d175,d149_hh107
d175,d170_hh130
d175,d91_hh138
d178,d169_hh225
d178,d42_hh58
d178,d98_hh177
d178,d204_hh87
d178,d204_hh56
d178,d30_hh58
d178,d38_hh165
d178,d122_hh16
d178,d56_hh4
d178,d204_hh87
d178,d2_hh217
d178,d15_hh186
d178,d170_hh130
d178,d18_hh137
d178,d213_hh211
d178,d2_hh180
d178,d213_hh211
d178,d100_hh145
d178,d15_hh186
d178,d61_hh41
d178,d23_hh204
d178,d205_hh196
d178,d159_hh64
d178,d2_hh68
d178,d34_hh160
d178,d54_hh218
d178,d67_hh15
d178,d59_hh251
d178,d82_hh154
d178,d17_hh213
d178,d75_hh264
d178,d209_hh219
d178,d169_hh216
d178,d36_hh226
d178,d166_hh150
d178,d62_hh98
d178,d214_hh70
d178,d170_hh130
d178,d128_hh126
d178,d159_hh183
d178,d170_hh130
d178,d155_hh148
d178,d110_hh193
d178,d82_hh154
d178,d199_hh71
d178,d46_hh12
d178,d15_hh103
d178,d88_hh195
d178,d54_hh218
d178,d175_hh52
d178,d100_hh91
d178,d56_hh262
d178,d173_hh163
d178,d30_hh267
d178,d31_hh127
d178,d62_hh98
d178,d4_hh80
d178,d57_hh250
d178,d5_hh5
d178,d54_hh222
d178,d182_hh229
d178,d24_hh92
d178,d55_hh94
d178,d93_hh18
d178,d83_hh153
d178,d139_hh214
d178,d119_hh64
d178,d114_hh47
d178,d104_hh270
d178,d73_hh242
d178,d98_hh100
d178,d87_hh245
d178,d101_hh155
d178,d65_hh242
d178,d177_hh163
d178,d62_hh22
d178,d178_hh134
d178,d13_hh58
d178,d55_hh94
d178,d123_hh106
d178,d213_hh125
d178,d85_hh144
d178,d51_hh151
d178,d123_hh119
d178,d178_hh173
d178,d126_hh167
d178,d169_hh199
d178,d140_hh85
d178,d15_hh264
d178,d34_hh160
d178,d29_hh243
d178,d74_hh15
d178,d187_hh0
d178,d204_hh87
d178,d75_hh25
d178,d209_hh219
d178,d100_hh48
d178,d164_hh123
d178,d163_hh213
d178,d23_hh93
d178,d81_hh89
d178,d38_hh159
d178,d2_hh287
d178,d134_hh270
d178,d99_hh225
d178,d52_hh33
d178,d102_hh200
d178,d175_hh131
d178,d171_hh88
d178,d62_hh251
d178,d17_hh210
d178,d98_hh223
d178,d39_hh66
d178,d78_hh223
d178,d155_hh151
d178,d200_hh21
d178,d59_hh112
d178,d41_hh71
d178,d178_hh157
d178,d159_hh64
d178,d15_hh103
d178,d149_hh14
d178,d214_hh13
d178,d129_hh122
d178,d127_hh89
d178,d119_hh222
d178,d61_hh41
d178,d137_hh106
d178,d42_hh58
d178,d198_hh136
d178,d59_hh112
d178,d111_hh131
d178,d62_hh251
d178,d137_hh106
d178,d161_hh203
d178,d207_hh219
d178,d132_hh188
d178,d174_hh42
d178,d43_hh125
d178,d80_hh186
d178,d155_hh210
d178,d19_hh38
d178,d213_hh178
d178,d143_hh241
d178,d46_hh194
d178,d171_hh88
d178,d118_hh118
d178,d83_hh76
d178,d152_hh29
d178,d193_hh248
d178,d75_hh227
d178,d17_hh106
d178,d174_hh213
d178,d54_hh61
d178,d150_hh203
d178,d152_hh88
d178,d54_hh152
d178,d123_hh129
d178,d30_hh267
d178,d44_hh164
d178,d138_hh83
d178,d104_hh270
d178,d202_hh170
d178,d119_hh24
d178,d41_hh150
d178,d202_hh205
d178,d177_hh145
d178,d214_hh41
d178,d102_hh201
d178,d98_hh245
d178,d134_hh223
d178,d72_hh208
d178,d135_hh17
d178,d102_hh242
d178,d160_hh88
d178,d147_hh43
d178,d114_hh66
d178,d191_hh246
d178,d119_hh210
d178,d31_hh127
d178,d128_hh28
d178,d53_hh147
d178,d21_hh105
d178,d15_hh22
d178,d74_hh107
d178,d62_hh22
d178,d50_hh217
d178,d120_hh269
d178,d17_hh106
d178,d91_hh199
d178,d184_hh238
d178,d162_hh213
d178,d85_hh110
d178,d100_hh91
d178,d209_hh244
d178,d182_hh39
d178,d147_hh169
d178,d135_hh17
d178,d178_hh134
d178,d171_hh23
d178,d100_hh91
d178,d182_hh149
d178,d95_hh56
d178,d62_hh22
d178,d208_hh168
d178,d15_hh210
d178,d102_hh242
d178,d166_hh24
d178,d75_hh53
d178,d17_hh210
d178,d143_hh28
d178,d178_hh58
d178,d59_hh112
d178,d75_hh227
d178,d80_hh236
d178,d195_hh19
d178,d106_hh207
d178,d165_hh94
d178,d15_hh22
d178,d57_hh286
d178,d140_hh85
d178,d31_hh34
d178,d159_hh183
d178,d5_hh5
d178,d83_hh193
d178,d106_hh207
d178,d193_hh138
d178,d67_hh209
d178,d23_hh156
d178,d90_hh207
d178,d154_hh2
d178,d31_hh139
d178,d119_hh210
d178,d99_hh225
d178,d119_hh210
d178,d187_hh61
d178,d147_hh54
d178,d112_hh8
d178,d23_hh21
d178,d87_hh156
d178,d109_hh67
d178,d209_hh219
d178,d158_hh86
d178,d164_hh122
d178,d135_hh17
d178,d29_hh243
d178,d204_hh56
d178,d114_hh66
d178,d41_hh71
d178,d209_hh254
d178,d113_hh175
d178,d132_hh76
d178,d163_hh145
d178,d128_hh246
d178,d131_hh24
d178,d56_hh174
d178,d23_hh21
d178,d95_hh201
d178,d171_hh71
d178,d7_hh257
d178,d104_hh270
d178,d117_hh140
d178,d33_hh58
d178,d66_hh14
d178,d21_hh97
d178,d126_hh167
d178,d200_hh21
d178,d126_hh207
d178,d199_hh180
d178,d171_hh71
d178,d20_hh166
d178,d66_hh18
d178,d191_hh53
d178,d111_hh227
d178,d44_hh38
d178,d4_hh80
d178,d80_hh236
d178,d133_hh241
d178,d120_hh161
d178,d88_hh195
d178,d174_hh242
d178,d186_hh185
d176,d115_hh85
d176,d188_hh223
d176,d180_hh34
d176,d115_hh2
d176,d145_hh2
d176,d206_hh151
d176,d206_hh188
d176,d10_hh46
d176,d28_hh260
d176,d86_hh70
d176,d151_hh1
d176,d94_hh137
d176,d64_hh45
d176,d70_hh243
d176,d136_hh236
d176,d145_hh2
d176,d70_hh243
d176,d68_hh230
d176,d206_hh151
d176,d108_hh40
d176,d108_hh195
d176,d70_hh85
d176,d105_hh161
d176,d105_hh238
d176,d27_hh16
d176,d107_hh76
d176,d115_hh51
d176,d196_hh60
d176,d3_hh7
d176,d94_hh178
d176,d103_hh175
d176,d94_hh178
d176,d194_hh224
d176,d181_hh267
d176,d189_hh80
d176,d86_hh136
d176,d105_hh238
d176,d153_hh185
d176,d151_hh1
d176,d153_hh185
d176,d64_hh271
d176,d203_hh30
d176,d108_hh277
d176,d86_hh167
d176,d153_hh185
d176,d136_hh186
d176,d206_hh188
d176,d107_hh42
d176,d105_hh48
d176,d194_hh13
d176,d188_hh98
d176,d206_hh74
d176,d115_hh2
d176,d49_hh198
d176,d103_hh53
d176,d206_hh283
d176,d84_hh220
d176,d157_hh104
d176,d45_hh9
d176,d63_hh98
d176,d180_hh34
d176,d49_hh131
d176,d196_hh34
d176,d203_hh30
d176,d64_hh271
d176,d49_hh89
d176,d108_hh35
d176,d86_hh136
d176,d108_hh40
d176,d70_hh79
d176,d49_hh237
d176,d79_hh182
d176,d194_hh224
d176,d60_hh210
d176,d10_hh60
d176,d70_hh188
d176,d153_hh185
d176,d151_hh207
d176,d94_hh178
d176,d49_hh131
d176,d189_hh106
d176,d145_hh150
d176,d211_hh181
d176,d194_hh224
d176,d49_hh131
d176,d115_hh85
d176,d192_hh159
d176,d194_hh13
d176,d201_hh28
d176,d89_hh43
d176,d136_hh236
d176,d86_hh136
d176,d203_hh30
d176,d60_hh210
d176,d10_hh60
d176,d64_hh133
d176,d107_hh76
d176,d153_hh185
d176,d68_hh230
d176,d64_hh133
d176,d68_hh230
d176,d157_hh104
d176,d107_hh143
d176,d27_hh65
d176,d103_hh53
d176,d64_hh271
d176,d145_hh212
d176,d203_hh11
d176,d49_hh119
d176,d148_hh221
d176,d68_hh230
d176,d188_hh137
d176,d94_hh178
d176,d192_hh159
d176,d107_hh42
d176,d70_hh243
d176,d192_hh159
d176,d188_hh137
d176,d115_hh51
d176,d192_hh159
d176,d196_hh34
d176,d121_hh146
d176,d107_hh42
d176,d188_hh223
d176,d89_hh43
d176,d201_hh86
d176,d49_hh149
d176,d167_hh167
d176,d145_hh212
d176,d22_hh225
d176,d45_hh183
d176,d64_hh271
d176,d105_hh238
d176,d151_hh1
d176,d49_hh89
d176,d172_hh102
d176,d22_hh0
d176,d8_hh179
d176,d194_hh13
d176,d148_hh97
d176,d64_hh271
d176,d10_hh46
d176,d28_hh260
d176,d49_hh237
d176,d79_hh182
d176,d103_hh175
d176,d60_hh172
d176,d115_hh2
d176,d94_hh178
d176,d176_hh239
d176,d206_hh151
d176,d136_hh236
d176,d194_hh224
d176,d151_hh146
d176,d180_hh130
d176,d115_hh85
d176,d25_hh250
d176,d49_hh245
d176,d25_hh250
d176,d188_hh98
d176,d167_hh120
d176,d107_hh0
d176,d107_hh76
d176,d60_hh210
d176,d108_hh40
d176,d10_hh60
d176,d188_hh137
d176,d86_hh70
d176,d115_hh51
d176,d63_hh98
d176,d115_hh85
d176,d145_hh212
d176,d211_hh181
d176,d3_hh7
d176,d84_hh62
d176,d68_hh230
d176,d136_hh236
d176,d206_hh151
d176,d49_hh155
d176,d22_hh0
d176,d201_hh21
d176,d151_hh1
d176,d108_hh35
d176,d148_hh98
d176,d211_hh181
d176,d157_hh104
d176,d108_hh40
d176,d192_hh169
d176,d22_hh155
d176,d86_hh70
d176,d63_hh157
d176,d28_hh260
d176,d70_hh243
d176,d103_hh115
d176,d70_hh188
d176,d144_hh285
d176,d105_hh238
d176,d107_hh211
d176,d79_hh182
d176,d108_hh195
d176,d203_hh30
d176,d94_hh178
d176,d108_hh40
d176,d10_hh110
d176,d60_hh165
d176,d49_hh131
d176,d3_hh279
d176,d176_hh183
d176,d28_hh260
d176,d28_hh260
d176,d70_hh188
d176,d151_hh194
d176,d176_hh122
d176,d86_hh136
d176,d176_hh239
d176,d206_hh188
d176,d151_hh1
d176,d68_hh230
d176,d86_hh70
d176,d107_hh0
d176,d206_hh283
d176,d188_hh98
d176,d151_hh207
d176,d121_hh146
d176,d189_hh237
d176,d176_hh239
d176,d194_hh13
d176,d189_hh80
d176,d28_hh124
d176,d22_hh0
d176,d201_hh28
d176,d136_hh236
d176,d105_hh238
d176,d203_hh30
d176,d70_hh85
d176,d153_hh185
d176,d64_hh133
d176,d60_hh210
d176,d108_hh35
d176,d89_hh43
d176,d157_hh104
d176,d70_hh79
d176,d211_hh181
d176,d212_hh78
d176,d188_hh98
d176,d10_hh110
d176,d192_hh0
d176,d10_hh110
d176,d64_hh69
d176,d9_hh97
d176,d172_hh263
d176,d68_hh230
d176,d196_hh42
d176,d86_hh167
d176,d105_hh161
d176,d115_hh2
d176,d194_hh224
d176,d25_hh250
d176,d201_hh86
d176,d103_hh53
d176,d115_hh2
d176,d70_hh79
d176,d22_hh0
d176,d145_hh145
d176,d49_hh119
d176,d194_hh13
d176,d201_hh28
d176,d153_hh185
d176,d22_hh219
d176,d144_hh285
d176,d188_hh137
d176,d10_hh110
d176,d49_hh237
d176,d68_hh230
d176,d212_hh78
d176,d167_hh36
d174,d21_hh90
d174,d57_hh216
d174,d75_hh227
d174,d209_hh11
d174,d85_hh144
d174,d54_hh189
d174,d131_hh24
d174,d53_hh3
d174,d214_hh41
d174,d55_hh94
d174,d132_hh46
d174,d23_hh21
d174,d80_hh106
d174,d101_hh129
d174,d75_hh53
d174,d55_hh94
d174,d158_hh107
d174,d187_hh0
d174,d171_hh23
d174,d65_hh242
d174,d65_hh29
d174,d66_hh240
d174,d204_hh239
d174,d19_hh38
d174,d4_hh29
d174,d119_hh222
d174,d208_hh253
d174,d24_hh92
d174,d202_hh264
d174,d213_hh211
d174,d21_hh90
d174,d38_hh165
d174,d177_hh145
d174,d158_hh239
d174,d111_hh227
d174,d166_hh239
d174,d65_hh101
d174,d131_hh205
d174,d67_hh15
d174,d46_hh194
d174,d46_hh194
d174,d98_hh223
d174,d74_hh142
d174,d195_hh19
d174,d4_hh87
d174,d90_hh207
d174,d130_hh244
d174,d17_hh12
d174,d200_hh102
d174,d54_hh222
d174,d59_hh184
d174,d104_hh58
d174,d2_hh173
d174,d30_hh58
d174,d48_hh118
d174,d12_hh23
d174,d122_hh144
d174,d15_hh80
d174,d23_hh204
d174,d114_hh219
d174,d119_hh95
d174,d57_hh286
d174,d130_hh244
d174,d213_hh178
d174,d138_hh150
d174,d52_hh165
d174,d123_hh119
d174,d120_hh269
d174,d173_hh262
d174,d150_hh207
d174,d109_hh67
d174,d134_hh270
d174,d2_hh151
d174,d114_hh219
d174,d126_hh4
d174,d190_hh38
d174,d155_hh151
d174,d33_hh58
d174,d46_hh12
d174,d143_hh241
d174,d120_hh248
d174,d74_hh243
d174,d96_hh145
d174,d50_hh7
d174,d23_hh233
d174,d143_hh28
d174,d54_hh57
d174,d178_hh134
d174,d53_hh147
d174,d202_hh170
d174,d31_hh139
d174,d30_hh267
d174,d152_hh88
d174,d209_hh11
d174,d81_hh89
d174,d53_hh3
d174,d85_hh110
d174,d198_hh152
d174,d173_hh163
d174,d123_hh104
d174,d31_hh127
d174,d213_hh252
d174,d127_hh89
d174,d57_hh286
d174,d200_hh261
d174,d133_hh111
d174,d122_hh231
d174,d56_hh174
d174,d44_hh164
d174,d161_hh203
d174,d213_hh2
d174,d13_hh58
d174,d74_hh243
d174,d193_hh248
d174,d98_hh223
d174,d138_hh150
d174,d95_hh201
d174,d4_hh202
d174,d35_hh2
d174,d179_hh1
d174,d74_hh243
d174,d165_hh94
d174,d120_hh248
d174,d209_hh254
d174,d23_hh204
d174,d36_hh94
d174,d7_hh257
d174,d5_hh5
d174,d170_hh130
d174,d191_hh53
d174,d193_hh138
d174,d152_hh88
d174,d41_hh206
d174,d35_hh263
d174,d143_hh28
d174,d100_hh63
d174,d173_hh163
d174,d15_hh22
d174,d55_hh254
d174,d16_hh294
d174,d50_hh249
d174,d41_hh206
d174,d33_hh58
d174,d119_hh64
d174,d57_hh216
d174,d131_hh205
d174,d169_hh199
d174,d75_hh53
d174,d134_hh223
d174,d100_hh91
d174,d119_hh210
d174,d102_hh200
d174,d209_hh244
d174,d57_hh16
d174,d78_hh39
d174,d50_hh217
d174,d149_hh107
d174,d62_hh251
d174,d65_hh101
d174,d161_hh21
d174,d214_hh210
d174,d53_hh3
d174,d166_hh24
d174,d152_hh88
d174,d35_hh2
d174,d75_hh102
d174,d34_hh77
d174,d30_hh58
d174,d83_hh193
d174,d182_hh74
d174,d54_hh152
d174,d90_hh233
d174,d62_hh98
d174,d199_hh180
d174,d95_hh56
d174,d20_hh166
d174,d166_hh239
d174,d158_hh86
d174,d119_hh95
d174,d182_hh226
d174,d39_hh154
d174,d171_hh23
d174,d104_hh58
d174,d30_hh267
d174,d66_hh240
d174,d66_hh213
d174,d72_hh42
d174,d133_hh111
d174,d205_hh196
d174,d152_hh88
d174,d30_hh267
d174,d150_hh203
d174,d114_hh47
d174,d166_hh24
d174,d23_hh93
d174,d59_hh112
d174,d182_hh39
d174,d74_hh107
d174,d141_hh128
d174,d65_hh29
d174,d213_hh252
d174,d75_hh227
d174,d56_hh174
d174,d50_hh272
d174,d170_hh130
d174,d214_hh41
d174,d124_hh40
d174,d91_hh178
d174,d98_hh245
d174,d82_hh154
d174,d72_hh208
d174,d15_hh76
d174,d122_hh144
d174,d118_hh118
d174,d147_hh54
d174,d23_hh21
d174,d159_hh64
d174,d150_hh203
d174,d101_hh129
d174,d117_hh11
d174,d65_hh242
d174,d98_hh245
d174,d4_hh202
d174,d128_hh28
d174,d2_hh68
d174,d13_hh58
d174,d102_hh179
d174,d193_hh138
d174,d120_hh248
d174,d77_hh123
d174,d130_hh142
d174,d91_hh138
d174,d177_hh163
d174,d72_hh42
d174,d100_hh91
d174,d41_hh163
d174,d100_hh145
d174,d18_hh137
d174,d56_hh262
d174,d182_hh149
d174,d132_hh76
d174,d137_hh106
d174,d184_hh238
d174,d123_hh84
d174,d143_hh28
d174,d207_hh191
d174,d131_hh24
d174,d209_hh149
d174,d131_hh102
d174,d214_hh41
d174,d69_hh240
d174,d205_hh196
d179,d17_hh106
d179,d129_hh122
d179,d119_hh177
d179,d147_hh54
d179,d75_hh102
d179,d118_hh173
d179,d100_hh91
d179,d101_hh155
d179,d137_hh106
d179,d54_hh218
d179,d43_hh125
d179,d91_hh138
d179,d166_hh164
d179,d125_hh3
d179,d158_hh107
d179,d134_hh270
d179,d11_hh53
d179,d159_hh64
d179,d54_hh44
d179,d200_hh102
d179,d123_hh84
d179,d209_hh149
d179,d131_hh24
d179,d123_hh106
d179,d158_hh107
d179,d118_hh173
d179,d126_hh4
d179,d182_hh149
d179,d46_hh194
d179,d178_hh58
d179,d102_hh242
d179,d54_hh57
d179,d208_hh240
d179,d34_hh77
d179,d75_hh25
d179,d42_hh19
d179,d162_hh213
d179,d147_hh169
d179,d30_hh267
d179,d74_hh15
d179,d54_hh152
d179,d165_hh107
d179,d119_hh24
d179,d135_hh2
d179,d134_hh223
d179,d59_hh251
d179,d23_hh21
d179,d117_hh140
d179,d85_hh110
d179,d131_hh180
d179,d124_hh40
d179,d39_hh66
d179,d149_hh107
d179,d202_hh90
d179,d74_hh107
d179,d213_hh178
d179,d35_hh2
d179,d65_hh29
d179,d132_hh76
d179,d182_hh74
d179,d85_hh184
d179,d42_hh58
d179,d42_hh185
d179,d134_hh270
d179,d111_hh227
d179,d171_hh71
d179,d75_hh216
d179,d114_hh47
d179,d164_hh122
d179,d31_hh34
d179,d209_hh254
d179,d200_hh21
d179,d193_hh138
d179,d46_hh69
d179,d169_hh225
d179,d193_hh138
d179,d178_hh58
d179,d52_hh115
d179,d98_hh223
d179,d100_hh63
d179,d138_hh83
d179,d141_hh27
d179,d43_hh125
d179,d46_hh194
d179,d118_hh173
d179,d17_hh106
d179,d88_hh36
d179,d4_hh65
d179,d31_hh34
d179,d141_hh27
d179,d75_hh227
d179,d187_hh0
d179,d158_hh239
d179,d5_hh5
d179,d80_hh236
d179,d67_hh209
d179,d59_hh251
d179,d104_hh175
d179,d57_hh207
d179,d15_hh22
d179,d74_hh142
d179,d209_hh254
d179,d119_hh177
d179,d39_hh66
d179,d101_hh129
d179,d210_hh142
d179,d208_hh168
d179,d109_hh67
d179,d149_hh107
d179,d214_hh47
d179,d40_hh200
d179,d119_hh222
d179,d54_hh189
d179,d50_hh7
d179,d34_hh77
d179,d182_hh74
d179,d178_hh58
d179,d17_hh213
d179,d57_hh286
d179,d193_hh248
d179,d120_hh269
d179,d15_hh264
d179,d57_hh250
d179,d193_hh138
d179,d55_hh94
d179,d18_hh227
d179,d62_hh251
d179,d117_hh74
d179,d114_hh66
d179,d80_hh186
d179,d91_hh178
d179,d131_hh205
d179,d56_hh174
d179,d163_hh213
d179,d66_hh240
d179,d83_hh117
d179,d24_hh92
d179,d26_hh40
d179,d134_hh270
d179,d59_hh243
d179,d15_hh210
d179,d57_hh286
d179,d75_hh227
d179,d46_hh69
d179,d17_hh210
d179,d177_hh163
d179,d164_hh123
d179,d104_hh270
d179,d133_hh241
d179,d75_hh102
d179,d152_hh168
d179,d178_hh272
d179,d51_hh231
d179,d98_hh177
d179,d75_hh53
d179,d91_hh138
d179,d209_hh11
d179,d159_hh64
d179,d42_hh88
d179,d179_hh1
d179,d36_hh226
d179,d214_hh41
d179,d104_hh270
d179,d18_hh137
d179,d2_hh180
d179,d97_hh156
d179,d62_hh98
d179,d54_hh189
d179,d209_hh219
d179,d143_hh241
d179,d149_hh107
d179,d85_hh110
d179,d2_hh180
d179,d138_hh83
d179,d91_hh138
d179,d2_hh173
d179,d96_hh145
d179,d83_hh76
d179,d104_hh58
d179,d125_hh135
d179,d174_hh42
d179,d54_hh61
d179,d104_hh58
d179,d122_hh144
d179,d152_hh168
d179,d169_hh190
d179,d2_hh180
d179,d125_hh3
d179,d137_hh106
d179,d123_hh84
d179,d98_hh223
d179,d21_hh97
d179,d130_hh244
d179,d34_hh160
d179,d100_hh91
d179,d23_hh204
d179,d208_hh253
d179,d200_hh102
d179,d187_hh87
d179,d104_hh58
d179,d214_hh210
d179,d91_hh199
d179,d62_hh259
d179,d33_hh58
d179,d159_hh64
d179,d207_hh191
d179,d91_hh138
d179,d195_hh109
d179,d29_hh243
d179,d131_hh180
d179,d137_hh106
d179,d187_hh42
d179,d46_hh69
d179,d197_hh151
d179,d133_hh135
d179,d52_hh165
d179,d57_hh216
d179,d131_hh24
d179,d149_hh107
d179,d128_hh28
d179,d62_hh98
d179,d83_hh76
d179,d75_hh102
d179,d187_hh87
d179,d150_hh203
d179,d119_hh95
d179,d62_hh22
d179,d75_hh102
d179,d44_hh38
d179,d209_hh11
d179,d152_hh88
d179,d102_hh201
d179,d18_hh137
d179,d123_hh129
d179,d202_hh205
d179,d214_hh210
d179,d174_hh24
d179,d42_hh19
d179,d74_hh142
d179,d133_hh135
d179,d213_hh247
d179,d200_hh102
d179,d174_hh242
d179,d43_hh125
d179,d198_hh136
d179,d202_hh90
d179,d66_hh213
d179,d56_hh4
d179,d36_hh226
d179,d118_hh173
d179,d102_hh242
d179,d138_hh82
d179,d177_hh163
d179,d61_hh41
d179,d182_hh74
d179,d123_hh104
d179,d129_hh122
d179,d184_hh158
d179,d78_hh39
d179,d67_hh209
d179,d53_hh3
d179,d74_hh107
d179,d154_hh2
d179,d15_hh103
d179,d166_hh150
d179,d56_hh262
d179,d74_hh15
d179,d21_hh105
d182,d81_hh89
d182,d152_hh88
d182,d202_hh205
d182,d93_hh18
d182,d213_hh62
d182,d119_hh222
d182,d198_hh136
d182,d141_hh129
d182,d158_hh86
d182,d81_hh89
d182,d123_hh160
d182,d170_hh117
d182,d42_hh58
d182,d127_hh89
d182,d42_hh88
d182,d15_hh80
d182,d202_hh264
d182,d31_hh139
d182,d117_hh140
d182,d101_hh129
d182,d95_hh205
d182,d52_hh115
d182,d164_hh122
d182,d4_hh80
d182,d62_hh259
d182,d112_hh8
d182,d174_hh242
d182,d90_hh207
d182,d66_hh207
d182,d117_hh140
d182,d138_hh82
d182,d12_hh23
d182,d131_hh102
d182,d178_hh173
d182,d118_hh118
d182,d198_hh136
d182,d15_hh210
d182,d133_hh111
d182,d114_hh219
d182,d193_hh248
d182,d139_hh214
d182,d91_hh90
d182,d85_hh110
d182,d187_hh87
d182,d214_hh47
d182,d173_hh163
d182,d134_hh270
d182,d102_hh201
d182,d57_hh16
d182,d54_hh189
d182,d209_hh159
d182,d101_hh155
d182,d102_hh179
d182,d85_hh184
d182,d11_hh128
d182,d98_hh100
d182,d202_hh170
d182,d30_hh58
d182,d41_hh71
d182,d67_hh209
d182,d83_hh204
d182,d208_hh168
d182,d65_hh101
d182,d102_hh200
d182,d110_hh252
d182,d78_hh223
d182,d15_hh76
d182,d195_hh47
d182,d126_hh263
d182,d98_hh100
d182,d187_hh42
d182,d119_hh95
d182,d42_hh88
d182,d128_hh28
d182,d96_hh110
d182,d154_hh2
d182,d91_hh138
d182,d72_hh42
d182,d123_hh57
d182,d126_hh4
d182,d4_hh29
d182,d166_hh24
d182,d182_hh149
d182,d119_hh95
d182,d187_hh87
d182,d213_hh125
d182,d195_hh19
d182,d213_hh252
d182,d174_hh242
d182,d132_hh44
d182,d202_hh205
d182,d51_hh151
d182,d114_hh219
d182,d128_hh126
d182,d97_hh26
d182,d200_hh261
d182,d161_hh21
d182,d209_hh254
d182,d170_hh117
d182,d66_hh207
d182,d40_hh152
d182,d173_hh163
d182,d178_hh58
d182,d85_hh110
d182,d41_hh150
d182,d56_hh262
d182,d57_hh207
d182,d198_hh152
d182,d93_hh18
d182,d161_hh185
d182,d161_hh21
d182,d23_hh156
d182,d126_hh4
d182,d174_hh42
d182,d174_hh24
d182,d207_hh219
d182,d109_hh88
d182,d17_hh106
d182,d39_hh154
d182,d66_hh18
d182,d174_hh24
d182,d154_hh2
d182,d130_hh142
d182,d109_hh67
d182,d61_hh155
d182,d164_hh122
d182,d117_hh140
d182,d93_hh66
d182,d40_hh200
d182,d171_hh23
d182,d170_hh130
d182,d87_hh156
d182,d214_hh41
d182,d61_hh41
d182,d182_hh39
d182,d122_hh16
d182,d66_hh240
d182,d24_hh176
d182,d174_hh213
d182,d140_hh85
d182,d23_hh93
d182,d109_hh67
d182,d7_hh257
d182,d128_hh126
d182,d2_hh68
d182,d51_hh231
d182,d195_hh19
d182,d38_hh165
d182,d98_hh100
d182,d75_hh264
d182,d178_hh191
d182,d200_hh102
d182,d66_hh18
d182,d126_hh207
d182,d119_hh24
d182,d41_hh206
d182,d102_hh179
d182,d141_hh128
d182,d131_hh180
d182,d62_hh251
d182,d208_hh240
d182,d46_hh12
d182,d104_hh175
d182,d53_hh3
d182,d111_hh131
d182,d114_hh47
d182,d91_hh138
d182,d126_hh263
d182,d87_hh245
d182,d160_hh0
d182,d93_hh18
d182,d209_hh219
d182,d66_hh240
d182,d207_hh191
d182,d54_hh189
d182,d16_hh287
d182,d91_hh21
d182,d21_hh105
d182,d74_hh257
d182,d15_hh80
d182,d2_hh180
d182,d56_hh4
d182,d187_hh61
d182,d109_hh88
d182,d135_hh2
d182,d34_hh160
d182,d182_hh149
d182,d100_hh48
d182,d15_hh80
d182,d54_hh61
d182,d214_hh210
d182,d158_hh107
d182,d140_hh85
d182,d41_hh206
d182,d158_hh136
d182,d209_hh219
d182,d132_hh76
d182,d158_hh136
d182,d208_hh253
d182,d138_hh150
d182,d166_hh164
d182,d204_hh87
d182,d147_hh54
d182,d42_hh58
d182,d99_hh225
d182,d88_hh36
d182,d57_hh250
d182,d66_hh240
d182,d141_hh128
d182,d54_hh61
d182,d169_hh216
d182,d104_hh270
d182,d162_hh47
d182,d73_hh184
d182,d133_hh135
d182,d73_hh242
d182,d50_hh272
d182,d39_hh67
d182,d123_hh104
d182,d55_hh254
d182,d200_hh21
d182,d117_hh11
d182,d54_hh222
d182,d40_hh200
d182,d75_hh264
d182,d23_hh21
d182,d74_hh243
d182,d39_hh99
d182,d126_hh263
d182,d17_hh12
d182,d209_hh254
d182,d137_hh119
d182,d119_hh210
d182,d169_hh216
d182,d104_hh116
d182,d34_hh77
d182,d207_hh219
d182,d175_hh131
d182,d213_hh211
d182,d21_hh97
d182,d15_hh264
d182,d152_hh168
d182,d174_hh42
d182,d175_hh131
d182,d15_hh76
d182,d187_hh7
d182,d15_hh264
d182,d147_hh54
d182,d11_hh128
d182,d75_hh53
d182,d193_hh138
d182,d118_hh118
d182,d129_hh122
d182,d209_hh254
d182,d138_hh150
d182,d177_hh163
d182,d91_hh21
d182,d23_hh204
d182,d54_hh218
d182,d33_hh58
d182,d39_hh154
d182,d34_hh77
d182,d78_hh39
d180,d22_hh219
d180,d10_hh110
d180,d203_hh11
d180,d71_hh292
d180,d27_hh145
d180,d103_hh172
d180,d70_hh135
d180,d185_hh17
d180,d27_hh65
d180,d86_hh136
d180,d27_hh16
d180,d148_hh82
d180,d70_hh85
d180,d108_hh127
d180,d27_hh145
d180,d144_hh285
d180,d107_hh6
d180,d148_hh189
d180,d71_hh169
d180,d148_hh82
d180,d45_hh282
d180,d71_hh152
d180,d148_hh82
d180,d148_hh82
d180,d64_hh137
d180,d103_hh172
d180,d105_hh238
d180,d148_hh98
d180,d49_hh131
d180,d108_hh277
d180,d107_hh76
d180,d108_hh127
d180,d201_hh86
d180,d28_hh124
d180,d107_hh76
d180,d108_hh195
d180,d103_hh53
d180,d203_hh11
d180,d103_hh175
d180,d212_hh78
d180,d189_hh237
d180,d176_hh122
d180,d64_hh165
d180,d105_hh161
d180,d206_hh151
d180,d115_hh196
d180,d203_hh30
d180,d180_hh130
d180,d145_hh212
d180,d144_hh285
d180,d63_hh98
d180,d89_hh77
d180,d45_hh9
d180,d172_hh1
d180,d189_hh80
d180,d145_hh145
d180,d203_hh30
d180,d28_hh260
d180,d148_hh189
d180,d84_hh101
d180,d86_hh114
d180,d145_hh212
d180,d45_hh282
d180,d121_hh146
d180,d89_hh65
d180,d6_hh77
d180,d60_hh165
d180,d28_hh124
d180,d201_hh21
d180,d22_hh219
d180,d27_hh16
d180,d196_hh34
d180,d89_hh77
d180,d84_hh220
d180,d211_hh181
d180,d172_hh1
d180,d49_hh245
d180,d121_hh146
d180,d151_hh93
d180,d27_hh145
d180,d70_hh135
d180,d180_hh34
d180,d172_hh263
d180,d188_hh223
d180,d167_hh120
d180,d167_hh120
d180,d70_hh79
d180,d3_hh7
d180,d189_hh237
d180,d108_hh277
d180,d45_hh282
d180,d167_hh41
d180,d49_hh155
d180,d181_hh267
d180,d49_hh155
d180,d108_hh277
d180,d60_hh172
d180,d108_hh195
d180,d70_hh135
d180,d84_hh62
d180,d71_hh152
d180,d189_hh237
d180,d103_hh175
d180,d172_hh102
d180,d148_hh82
d180,d8_hh179
d180,d71_hh169
d180,d49_hh155
d180,d206_hh151
d180,d70_hh188
d180,d194_hh13
d180,d8_hh179
d180,d196_hh60
d180,d105_hh161
d180,d3_hh98
d180,d206_hh74
d180,d79_hh76
d180,d201_hh28
d180,d192_hh28
d180,d45_hh183
d180,d172_hh1
d180,d3_hh7
d180,d151_hh194
d180,d70_hh188
d180,d192_hh169
d180,d185_hh17
d180,d181_hh59
d180,d68_hh230
d180,d71_hh292
d180,d206_hh74
d180,d10_hh110
d180,d49_hh155
d180,d176_hh122
d180,d49_hh198
d180,d84_hh6
d180,d86_hh136
d180,d194_hh13
d180,d107_hh260
d180,d45_hh9
d180,d103_hh53
d180,d86_hh167
d180,d49_hh155
d180,d28_hh260
d180,d22_hh219
d180,d25_hh250
d180,d201_hh86
d180,d167_hh167
d180,d60_hh165
d180,d151_hh194
d180,d60_hh165
d180,d108_hh127
d180,d6_hh77
d180,d49_hh131
d180,d192_hh169
d180,d49_hh198
d180,d79_hh93
d180,d84_hh101
d180,d136_hh236
d180,d10_hh46
d180,d64_hh165
d180,d148_hh98
d180,d70_hh79
d180,d84_hh6
d180,d196_hh42
d180,d107_hh211
d180,d194_hh13
d180,d49_hh155
d180,d64_hh271
d180,d68_hh230
d180,d145_hh150
d180,d206_hh256
d180,d181_hh267
d180,d176_hh183
d180,d167_hh120
d180,d79_hh93
d180,d60_hh172
d180,d185_hh17
d180,d188_hh223
d180,d49_hh149
d180,d45_hh282
d180,d176_hh122
d180,d86_hh114
d180,d144_hh235
d180,d185_hh70
d180,d89_hh43
d180,d211_hh181
d180,d64_hh165
d180,d194_hh13
d180,d196_hh42
d180,d79_hh182
d180,d201_hh28
d180,d176_hh122
d180,d79_hh182
d180,d196_hh34
d180,d3_hh279
d180,d189_hh237
d180,d172_hh263
d180,d145_hh145
d180,d107_hh76
d180,d49_hh198
d180,d107_hh6
d180,d63_hh98
d180,d107_hh260
d180,d180_hh130
d180,d79_hh93
d180,d60_hh165
d180,d10_hh46
d180,d45_hh183
d180,d144_hh235
d180,d89_hh65
d180,d105_hh161
d180,d172_hh1
d180,d151_hh194
d180,d22_hh155
d180,d115_hh2
d180,d144_hh235
d180,d148_hh189
d180,d64_hh45
d180,d201_hh21
d180,d148_hh98
d180,d107_hh0
d180,d103_hh264
d180,d84_hh101
d180,d108_hh127
d180,d105_hh238
d180,d60_hh165
d180,d71_hh292
d180,d105_hh48
d180,d151_hh93
d180,d6_hh77
d180,d89_hh43
d180,d181_hh59
d180,d167_hh120
d180,d181_hh59
d180,d108_hh127
d180,d70_hh79
d180,d9_hh97
d180,d60_hh172
d180,d70_hh135
d180,d10_hh60
d180,d64_hh133
d180,d22_hh155
d180,d105_hh161
d180,d27_hh133
d180,d64_hh45
d180,d6_hh77
d180,d108_hh35
d180,d63_hh157
d180,d192_hh159
d180,d49_hh198
d180,d107_hh42
d180,d45_hh140
d180,d203_hh30
d180,d108_hh127
d180,d64_hh137
d180,d64_hh165
d180,d64_hh271
d180,d192_hh28
d180,d84_hh220
d180,d3_hh98
d180,d196_hh60
d180,d108_hh277
d180,d45_hh183
d180,d22_hh155
d180,d84_hh220
d180,d144_hh235
d180,d6_hh77
d180,d3_hh279
d180,d89_hh65
d180,d27_hh133
d180,d68_hh230
d180,d49_hh155
d180,d64_hh271
d180,d10_hh110
d180,d145_hh212
d180,d49_hh119
d180,d3_hh279
d180,d189_hh237
d180,d10_hh46
d180,d192_hh28
d180,d71_hh169
d180,d49_hh155
d180,d27_hh65
d180,d60_hh210
d180,d84_hh220
d180,d60_hh259
d180,d185_hh70
d180,d181_hh267
d180,d70_hh85
d180,d189_hh237
d180,d28_hh124
d180,d45_hh282
d183,d131_hh24
d183,d182_hh229
d183,d135_hh17
d183,d15_hh22
d183,d36_hh226
d183,d73_hh242
d183,d52_hh115
d183,d39_hh67
d183,d162_hh213
d183,d31_hh34
d183,d215_hh105
d183,d204_hh56
d183,d113_hh175
d183,d41_hh71
d183,d147_hh54
d183,d138_hh82
d183,d7_hh257
d183,d56_hh262
d183,d83_hh193
d183,d75_hh53
d183,d50_hh217
d183,d122_hh159
d183,d97_hh156
d183,d43_hh125
d183,d209_hh11
d183,d66_hh240
d183,d35_hh2
d183,d209_hh219
d183,d122_hh231
d183,d214_hh47
d183,d139_hh214
d183,d100_hh63
d183,d173_hh163
d183,d161_hh21
d183,d21_hh105
d183,d161_hh185
d183,d23_hh21
d183,d41_hh150
d183,d191_hh246
d183,d2_hh151
d183,d52_hh165
d183,d54_hh57
d183,d200_hh21
d183,d137_hh106
d183,d130_hh244
d183,d53_hh3
d183,d213_hh125
d183,d138_hh150
d183,d182_hh229
d183,d75_hh53
d183,d39_hh99
d183,d96_hh110
d183,d102_hh200
d183,d208_hh168
d183,d95_hh201
d183,d2_hh68
d183,d80_hh186
d183,d78_hh39
d183,d149_hh107
d183,d133_hh111
d183,d131_hh24
d183,d182_hh39
d183,d11_hh53
d183,d91_hh199
d183,d152_hh168
d183,d42_hh58
d183,d123_hh129
d183,d80_hh236
d183,d11_hh128
d183,d158_hh239
d183,d143_hh241
d183,d173_hh163
d183,d65_hh101
d183,d162_hh213
d183,d202_hh170
d183,d154_hh2
d183,d137_hh106
d183,d198_hh136
d183,d162_hh213
d183,d113_hh175
d183,d171_hh88
d183,d15_hh264
d183,d109_hh67
d183,d11_hh128
d183,d15_hh210
d183,d158_hh86
d183,d75_hh102
d183,d208_hh168
d183,d178_hh157
d183,d50_hh217
d183,d182_hh229
d183,d15_hh264
d183,d209_hh149
d183,d175_hh131
d183,d215_hh105
d183,d62_hh22
d183,d30_hh58
d183,d40_hh152
d183,d122_hh144
d183,d135_hh2
d183,d129_hh122
d183,d24_hh176
d183,d123_hh160
d183,d54_hh44
d183,d17_hh106
d183,d169_hh190
d183,d54_hh61
d183,d104_hh58
d183,d2_hh151
d183,d74_hh243
d183,d132_hh76
d183,d204_hh87
d183,d54_hh61
d183,d75_hh216
d183,d85_hh184
d183,d93_hh18
d183,d160_hh0
d183,d13_hh58
d183,d15_hh210
d183,d11_hh128
d183,d139_hh214
d183,d110_hh252
d183,d72_hh42
d183,d150_hh207
d183,d214_hh13
d183,d128_hh126
d183,d93_hh18
d183,d65_hh242
d183,d155_hh210
d183,d57_hh166
d183,d57_hh216
d183,d52_hh33
d183,d69_hh240
d183,d120_hh161
d183,d30_hh267
d183,d13_hh58
d183,d193_hh248
d183,d187_hh61
d183,d41_hh150
d183,d195_hh47
d183,d43_hh125
d183,d204_hh87
d183,d149_hh1
d183,d178_hh134
d183,d4_hh80
d183,d119_hh24
d183,d178_hh58
d183,d131_hh205
d183,d48_hh118
d183,d91_hh199
d183,d213_hh247
d183,d137_hh106
d183,d80_hh186
d183,d111_hh131
d183,d73_hh184
d183,d214_hh41
d183,d46_hh69
d183,d104_hh270
d183,d91_hh178
d183,d23_hh204
d183,d137_hh106
d183,d202_hh205
d183,d39_hh66
d183,d21_hh90
d183,d204_hh239
d183,d72_hh42
d183,d65_hh29
d183,d26_hh40
d183,d169_hh199
d183,d184_hh158
d183,d193_hh85
d183,d126_hh167
d183,d83_hh193
d183,d198_hh152
d183,d96_hh110
d183,d126_hh207
d183,d100_hh145
d183,d81_hh89
d183,d95_hh164
d183,d204_hh239
d183,d191_hh53
d183,d204_hh56
d183,d2_hh180
d183,d140_hh85
d183,d214_hh41
d183,d4_hh87
d183,d149_hh1
d183,d34_hh160
d183,d123_hh160
d183,d158_hh239
d183,d163_hh213
d183,d52_hh33
d183,d123_hh106
d183,d169_hh199
d183,d204_hh239
d183,d4_hh29
d183,d11_hh53
d183,d35_hh263
d183,d202_hh170
d183,d208_hh253
d183,d98_hh84
d183,d195_hh109
d183,d133_hh241
d183,d17_hh210
d183,d104_hh270
d183,d122_hh144
d183,d29_hh243
d183,d54_hh44
d183,d141_hh128
d183,d41_hh150
d183,d182_hh229
d183,d98_hh100
d183,d48_hh118
d183,d202_hh205
d183,d102_hh201
d183,d23_hh233
d183,d54_hh218
d183,d4_hh202
d183,d202_hh90
d183,d147_hh169
d183,d62_hh259
d183,d113_hh175
d183,d75_hh216
d183,d65_hh101
d183,d200_hh21
d183,d119_hh177
d183,d155_hh148
d183,d199_hh49
d183,d104_hh58
d183,d102_hh200
d183,d184_hh238
d183,d40_hh152
d183,d88_hh36
d183,d170_hh117
d183,d18_hh227
d183,d54_hh189
d183,d95_hh205
d183,d52_hh33
d183,d213_hh2
d183,d120_hh269
d183,d24_hh176
d183,d100_hh63
d183,d171_hh23
d183,d65_hh29
d183,d214_hh210
d183,d102_hh179
d183,d104_hh175
d183,d50_hh249
d183,d202_hh90
d183,d98_hh177
d183,d65_hh242
d183,d17_hh210
d183,d85_hh184
d183,d66_hh14
d183,d133_hh241
d183,d128_hh126
d183,d62_hh251
d183,d174_hh213
d183,d199_hh49
d183,d175_hh52
d183,d119_hh177
d183,d161_hh185
d181,d60_hh210
d181,d107_hh0
d181,d176_hh239
d181,d22_hh0
d181,d49_hh237
d181,d181_hh267
d181,d115_hh2
d181,d115_hh196
d181,d181_hh63
d181,d181_hh267
d181,d9_hh56
d181,d167_hh41
d181,d145_hh2
d181,d94_hh137
d181,d153_hh185
d181,d153_hh185
d181,d49_hh155
d181,d64_hh165
d181,d108_hh127
d181,d206_hh151
d181,d49_hh237
d181,d3_hh98
d181,d25_hh250
d181,d196_hh175
d181,d22_hh225
d181,d115_hh2
d181,d196_hh60
d181,d144_hh285
d181,d206_hh283
d181,d201_hh28
d181,d107_hh42
d181,d172_hh1
d181,d63_hh98
d181,d94_hh178
d181,d79_hh182
d181,d89_hh43
d181,d107_hh42
d181,d196_hh34
d181,d60_hh165
d181,d206_hh151
d181,d71_hh292
d181,d103_hh264
d181,d64_hh271
d181,d79_hh182
d181,d94_hh137
d181,d201_hh21
d181,d176_hh239
d181,d108_hh40
d181,d84_hh220
d181,d196_hh60
d181,d105_hh48
d181,d107_hh76
d181,d10_hh110
d181,d206_hh151
d181,d108_hh35
d181,d108_hh40
d181,d136_hh186
d181,d206_hh283
d181,d108_hh35
d181,d28_hh260
d181,d49_hh119
d181,d201_hh86
d181,d192_hh159
d181,d49_hh237
d181,d107_hh76
d181,d167_hh167
d181,d89_hh43
d181,d103_hh264
d181,d105_hh161
d181,d153_hh185
d181,d68_hh230
d181,d49_hh131
d181,d115_hh51
d181,d192_hh28
d181,d108_hh40
d181,d22_hh225
d181,d27_hh145
d181,d28_hh260
d181,d121_hh238
d181,d136_hh236
d181,d181_hh63
d181,d108_hh195
d181,d10_hh60
d181,d27_hh16
d181,d10_hh60
d181,d196_hh60
d181,d10_hh60
d181,d107_hh211
d181,d49_hh119
d181,d153_hh185
d181,d84_hh220
d181,d105_hh238
d181,d203_hh30
d181,d121_hh238
d181,d28_hh260
d181,d22_hh0
d181,d206_hh283
d181,d211_hh181
d181,d108_hh40
d181,d206_hh188
d181,d84_hh62
d181,d8_hh179
d181,d194_hh102
d181,d167_hh167
d181,d108_hh35
d181,d196_hh34
d181,d79_hh182
d181,d108_hh40
d181,d10_hh60
d181,d211_hh181
d181,d201_hh28
d181,d194_hh224
d181,d49_hh119
d181,d70_hh85
d181,d70_hh79
d181,d115_hh85
d181,d188_hh223
d181,d68_hh230
d181,d89_hh43
d181,d136_hh236
d181,d201_hh21
d181,d22_hh0
d181,d153_hh185
d181,d68_hh230
d181,d203_hh11
d181,d148_hh98
d181,d8_hh179
d181,d153_hh185
d181,d108_hh195
d181,d206_hh151
d181,d107_hh0
d181,d121_hh146
d181,d196_hh34
d181,d115_hh51
d181,d79_hh182
d181,d107_hh42
d181,d145_hh212
d181,d27_hh16
d181,d27_hh16
d181,d201_hh28
d181,d64_hh137
d181,d45_hh140
d181,d103_hh175
d181,d70_hh85
d181,d196_hh34
d181,d60_hh165
d181,d148_hh98
d181,d27_hh16
d181,d14_hh160
d181,d25_hh250
d181,d49_hh245
d181,d192_hh0
d181,d211_hh181
d181,d194_hh224
d181,d151_hh1
d181,d194_hh224
d181,d136_hh186
d181,d25_hh250
d181,d60_hh210
d181,d203_hh30
d181,d49_hh155
d181,d94_hh137
d181,d10_hh60
d181,d70_hh79
d181,d49_hh155
d181,d185_hh70
d181,d79_hh76
d181,d203_hh30
d181,d70_hh85
d181,d192_hh169
d181,d153_hh185
d181,d194_hh224
d181,d189_hh80
d181,d27_hh16
d181,d192_hh0
d181,d3_hh7
d181,d49_hh245
d181,d28_hh260
d181,d145_hh212
d181,d84_hh15
d181,d3_hh7
d181,d49_hh149
d181,d103_hh172
d181,d121_hh238
d181,d3_hh7
d181,d206_hh151
d181,d103_hh172
d181,d188_hh137
d181,d115_hh51
d181,d115_hh85
d181,d64_hh271
d181,d185_hh70
d181,d25_hh250
d181,d84_hh101
d181,d84_hh62
d181,d25_hh250
d181,d181_hh267
d181,d86_hh70
d181,d188_hh98
d181,d176_hh122
d181,d10_hh60
d181,d60_hh210
d181,d136_hh236
d181,d192_hh169
d181,d108_hh277
d181,d68_hh230
d181,d206_hh151
d181,d167_hh41
d181,d105_hh238
d181,d10_hh60
d181,d107_hh6
d181,d10_hh46
d181,d148_hh98
d181,d3_hh7
d181,d148_hh221
d181,d86_hh70
d181,d86_hh70
d181,d64_hh271
d181,d145_hh145
d181,d151_hh1
d181,d14_hh160
d181,d70_hh135
d181,d64_hh69
d181,d70_hh243
d181,d49_hh131
d181,d68_hh230
d181,d196_hh34
d181,d176_hh239
d181,d63_hh157
d181,d10_hh60
d181,d115_hh2
d181,d115_hh51
d181,d115_hh2
d181,d194_hh224
d181,d10_hh46
d181,d49_hh119
d181,d196_hh175
d181,d60_hh165
d181,d10_hh60
d181,d45_hh140
d181,d188_hh98
d181,d176_hh122
d181,d172_hh102
d181,d181_hh267
d181,d63_hh157
d181,d94_hh178
d181,d68_hh230
d181,d136_hh236
d181,d94_hh137
d181,d108_hh40
d181,d107_hh0
d181,d167_hh120
d181,d105_hh238
d181,d148_hh221
d181,d9_hh56
d181,d136_hh186
d181,d49_hh155
d181,d211_hh181
d181,d60_hh210
d181,d27_hh133
d181,d25_hh250
d181,d3_hh279
d181,d45_hh140
d181,d203_hh30
d181,d89_hh43
d181,d107_hh0
d181,d194_hh224
d181,d64_hh271
d181,d145_hh212
d181,d79_hh182
d181,d86_hh114
d181,d49_hh149
d181,d103_hh172
d181,d68_hh230
d181,d167_hh36
d187,d213_hh178
d187,d123_hh104
d187,d152_hh88
d187,d102_hh200
d187,d4_hh202
d187,d101_hh129
d187,d213_hh178
d187,d152_hh168
d187,d161_hh185
d187,d208_hh240
d187,d81_hh89
d187,d193_hh248
d187,d182_hh226
d187,d170_hh117
d187,d114_hh47
d187,d210_hh200
d187,d155_hh210
d187,d171_hh23
d187,d213_hh2
d187,d2_hh180
d187,d143_hh28
d187,d164_hh123
d187,d133_hh135
d187,d21_hh105
d187,d42_hh58
d187,d210_hh142
d187,d44_hh38
d187,d85_hh184
d187,d4_hh65
d187,d123_hh119
d187,d15_hh186
d187,d65_hh29
d187,d120_hh269
d187,d99_hh225
d187,d23_hh21
d187,d109_hh88
d187,d141_hh129
d187,d61_hh41
d187,d208_hh253
d187,d137_hh119
d187,d208_hh253
d187,d18_hh227
d187,d90_hh233
d187,d59_hh112
d187,d15_hh186
d187,d126_hh4
d187,d158_hh107
d187,d187_hh7
d187,d126_hh4
d187,d87_hh156
d187,d72_hh208
d187,d88_hh36
d187,d66_hh207
d187,d190_hh38
d187,d202_hh264
d187,d2_hh217
d187,d50_hh272
d187,d57_hh16
d187,d158_hh107
d187,d4_hh87
d187,d44_hh38
d187,d20_hh166
d187,d75_hh102
d187,d99_hh225
d187,d209_hh254
d187,d66_hh207
d187,d128_hh126
d187,d130_hh142
d187,d16_hh294
d187,d56_hh174
d187,d59_hh184
d187,d155_hh210
d187,d209_hh254
d187,d197_hh151
d187,d134_hh270
d187,d166_hh239
d187,d164_hh123
d187,d209_hh149
d187,d137_hh106
d187,d20_hh166
d187,d83_hh204
d187,d26_hh40
d187,d165_hh94
d187,d50_hh217
d187,d191_hh246
d187,d127_hh89
d187,d39_hh66
d187,d137_hh106
d187,d208_hh253
d187,d171_hh88
d187,d187_hh61
d187,d202_hh205
d187,d118_hh244
d187,d34_hh77
d187,d66_hh240
d187,d171_hh71
d187,d44_hh38
d187,d165_hh94
d187,d35_hh263
d187,d83_hh153
d187,d17_hh106
d187,d149_hh107
d187,d134_hh270
d187,d125_hh135
d187,d150_hh207
d187,d165_hh94
d187,d214_hh47
d187,d210_hh142
d187,d166_hh24
d187,d101_hh129
d187,d39_hh66
d187,d158_hh107
d187,d187_hh0
d187,d208_hh240
d187,d2_hh173
d187,d12_hh23
d187,d110_hh193
d187,d193_hh85
d187,d42_hh185
d187,d75_hh25
d187,d2_hh173
d187,d43_hh125
d187,d50_hh7
d187,d85_hh184
d187,d72_hh42
d187,d202_hh264
d187,d200_hh102
d187,d13_hh58
d187,d56_hh262
d187,d96_hh145
d187,d182_hh39
d187,d125_hh3
d187,d170_hh117
d187,d149_hh14
d187,d134_hh270
d187,d175_hh52
d187,d209_hh219
d187,d66_hh18
d187,d214_hh210
d187,d31_hh34
d187,d66_hh207
d187,d160_hh88
d187,d213_hh252
d187,d21_hh90
d187,d214_hh41
d187,d23_hh156
d187,d118_hh173
d187,d209_hh11
d187,d159_hh64
d187,d125_hh135
d187,d178_hh58
d187,d62_hh22
d187,d41_hh150
d187,d123_hh57
d187,d74_hh257
d187,d109_hh67
d187,d187_hh7
d187,d123_hh106
d187,d69_hh240
d187,d75_hh227
d187,d152_hh168
d187,d83_hh204
d187,d61_hh41
d187,d122_hh16
d187,d125_hh3
d187,d23_hh21
d187,d18_hh137
d187,d18_hh227
d187,d209_hh11
d187,d123_hh160
d187,d42_hh19
d187,d4_hh80
d187,d119_hh210
d187,d75_hh264
d187,d83_hh117
d187,d174_hh42
d187,d208_hh240
d187,d182_hh226
d187,d33_hh58
d187,d171_hh23
d187,d118_hh244
d187,d73_hh184
d187,d7_hh257
d187,d143_hh241
d187,d57_hh250
d187,d130_hh142
d187,d113_hh175
d187,d57_hh216
d187,d119_hh210
d187,d30_hh267
d187,d122_hh159
d187,d131_hh24
d187,d15_hh76
d187,d46_hh245
d187,d82_hh154
d187,d214_hh41
d187,d34_hh77
d187,d158_hh136
d187,d17_hh228
d187,d44_hh38
d187,d123_hh106
d187,d112_hh8
d187,d178_hh272
d187,d52_hh33
d187,d21_hh90
d187,d169_hh199
d187,d175_hh131
d187,d15_hh264
d187,d129_hh122
d187,d178_hh272
d187,d132_hh76
d187,d132_hh188
d187,d34_hh77
d187,d95_hh201
d187,d143_hh241
d187,d133_hh135
d187,d199_hh180
d187,d74_hh15
d187,d75_hh227
d187,d40_hh200
d187,d26_hh40
d187,d122_hh144
d187,d120_hh161
d187,d98_hh223
d187,d177_hh145
d187,d174_hh24
d187,d111_hh227
d187,d15_hh186
d187,d52_hh165
d187,d171_hh71
d187,d137_hh106
d187,d154_hh2
d187,d124_hh40
d187,d135_hh2
d187,d177_hh163
d187,d93_hh66
d187,d198_hh188
d187,d4_hh29
d187,d74_hh107
d187,d169_hh199
d187,d50_hh249
d187,d4_hh80
d187,d120_hh269
d187,d23_hh233
d187,d74_hh243
d187,d80_hh106
d187,d50_hh249
d187,d2_hh173
d187,d141_hh128
d187,d178_hh134
d187,d131_hh205
d187,d87_hh156
d187,d42_hh202
d187,d66_hh240
d187,d182_hh74
d187,d126_hh167
d187,d102_hh200
d187,d204_hh56
d187,d74_hh257
d187,d159_hh183
d187,d24_hh92
d187,d72_hh208
d187,d54_hh152
d187,d133_hh135
d187,d135_hh17
d187,d178_hh134
d187,d131_hh205
d187,d61_hh155
d187,d162_hh213
d187,d53_hh3
d187,d62_hh22
d187,d117_hh140
d187,d200_hh261
d187,d174_hh24
d187,d159_hh183
d187,d82_hh154
d187,d101_hh129
d187,d187_hh42
d187,d129_hh122
d187,d150_hh203
d186,d143_hh28
d186,d149_hh1
d186,d204_hh239
d186,d210_hh200
d186,d91_hh21
d186,d122_hh16
d186,d90_hh207
d186,d34_hh77
d186,d114_hh66
d186,d102_hh201
d186,d74_hh107
d186,d120_hh248
d186,d11_hh128
d186,d11_hh128
d186,d182_hh39
d186,d15_hh80
d186,d182_hh149
d186,d15_hh210
d186,d75_hh102
d186,d42_hh202
d186,d15_hh76
d186,d2_hh68
d186,d193_hh248
d186,d80_hh186
d186,d98_hh100
d186,d122_hh231
d186,d138_hh82
d186,d30_hh58
d186,d52_hh165
d186,d15_hh103
d186,d147_hh43
d186,d15_hh22
d186,d75_hh53
d186,d41_hh150
d186,d169_hh216
d186,d46_hh245
d186,d150_hh207
d186,d195_hh47
d186,d111_hh227
d186,d88_hh195
d186,d29_hh85
d186,d182_hh149
d186,d62_hh251
d186,d102_hh201
d186,d15_hh22
d186,d159_hh183
d186,d83_hh76
d186,d65_hh242
d186,d85_hh144
d186,d78_hh39
d186,d134_hh223
d186,d57_hh16
d186,d4_hh87
d186,d169_hh225
d186,d88_hh36
d186,d123_hh106
d186,d209_hh219
d186,d61_hh155
d186,d15_hh80
d186,d213_hh178
d186,d119_hh177
d186,d204_hh87
d186,d110_hh193
d186,d62_hh251
d186,d33_hh58
d186,d158_hh239
d186,d54_hh152
d186,d209_hh149
d186,d54_hh218
d186,d42_hh19
d186,d39_hh154
d186,d134_hh270
d186,d213_hh62
d186,d161_hh185
d186,d209_hh244
d186,d198_hh136
d186,d214_hh47
d186,d83_hh76
d186,d208_hh253
d186,d155_hh18
d186,d46_hh245
d186,d178_hh272
d186,d141_hh27
d186,d23_hh204
d186,d104_hh175
d186,d200_hh77
d186,d210_hh142
d186,d62_hh259
d186,d124_hh40
d186,d93_hh18
d186,d155_hh148
d186,d200_hh21
d186,d24_hh176
d186,d170_hh117
d186,d65_hh242
d186,d98_hh223
d186,d191_hh53
d186,d118_hh118
d186,d120_hh161
d186,d15_hh264
d186,d23_hh21
d186,d85_hh184
d186,d128_hh126
d186,d41_hh150
d186,d128_hh126
d186,d213_hh252
d186,d129_hh122
d186,d126_hh167
d186,d195_hh19
d186,d195_hh19
d186,d166_hh24
d186,d200_hh261
d186,d147_hh54
d186,d173_hh163
d186,d57_hh207
d186,d83_hh76
d186,d100_hh145
d186,d51_hh231
d186,d141_hh128
d186,d161_hh185
d186,d173_hh262
d186,d123_hh104
d186,d214_hh13
d186,d133_hh135
d186,d46_hh245
d186,d30_hh130
d186,d111_hh131
d186,d195_hh47
d186,d190_hh38
d186,d165_hh94
d186,d178_hh134
d186,d174_hh42
d186,d100_hh91
d186,d178_hh134
d186,d15_hh22
d186,d165_hh94
d186,d75_hh264
d186,d83_hh193
d186,d207_hh191
d186,d169_hh199
d186,d209_hh219
d186,d15_hh264
d186,d199_hh71
d186,d178_hh191
d186,d41_hh150
d186,d182_hh74
d186,d39_hh67
d186,d130_hh244
d186,d134_hh223
d186,d53_hh147
d186,d57_hh207
d186,d119_hh24
d186,d87_hh156
d186,d129_hh122
d186,d138_hh82
d186,d117_hh11
d186,d91_hh21
d186,d57_hh286
d186,d209_hh254
d186,d54_hh57
d186,d178_hh157
d186,d74_hh142
d186,d104_hh270
d186,d16_hh294
d186,d55_hh94
d186,d53_hh3
d186,d59_hh251
d186,d178_hh58
d186,d208_hh253
d186,d61_hh41
d186,d117_hh74
d186,d114_hh66
d186,d39_hh99
d186,d85_hh110
d186,d36_hh94
d186,d195_hh47
d186,d122_hh16
d186,d62_hh259
d186,d50_hh272
d186,d210_hh142
d186,d82_hh154
d186,d202_hh205
d186,d169_hh225
d186,d164_hh123
d186,d104_hh270
d186,d120_hh161
d186,d30_hh58
d186,d38_hh165
d186,d141_hh128
d186,d123_hh84
d186,d202_hh264
d186,d46_hh53
d186,d175_hh131
d186,d123_hh57
d186,d122_hh231
d186,d75_hh102
d186,d34_hh77
d186,d161_hh203
d186,d177_hh163
d186,d123_hh129
d186,d56_hh174
d186,d18_hh137
d186,d15_hh80
d186,d213_hh62
d186,d137_hh119
d186,d101_hh129
d186,d100_hh48
d186,d57_hh216
d186,d117_hh74
d186,d23_hh93
d186,d133_hh111
d186,d75_hh25
d186,d209_hh244
d186,d53_hh3
d186,d140_hh85
d186,d65_hh101
d186,d57_hh166
d186,d36_hh94
d186,d131_hh102
d186,d75_hh25
d186,d178_hh173
d186,d53_hh3
d186,d2_hh217
d186,d96_hh145
d186,d90_hh207
d186,d57_hh216
d186,d125_hh3
d186,d74_hh257
d186,d54_hh152
d186,d2_hh151
d186,d195_hh19
d186,d104_hh270
d186,d215_hh105
d186,d166_hh164
d186,d44_hh164
d186,d15_hh76
d186,d48_hh118
d186,d72_hh42
d186,d21_hh105
d186,d133_hh135
d186,d102_hh242
d186,d95_hh56
d186,d137_hh106
d186,d213_hh2
d186,d202_hh170
d186,d75_hh227
d186,d19_hh130
d186,d178_hh134
d186,d39_hh99
d186,d169_hh216
d190,d42_hh202
d190,d62_hh98
d190,d75_hh25
d190,d42_hh88
d190,d40_hh152
d190,d126_hh4
d190,d31_hh127
d190,d174_hh242
d190,d21_hh97
d190,d39_hh99
d190,d102_hh200
d190,d75_hh264
d190,d214_hh70
d190,d135_hh17
d190,d74_hh243
d190,d57_hh207
d190,d171_hh23
d190,d98_hh84
d190,d130_hh244
d190,d214_hh47
d190,d204_hh56
d190,d161_hh185
d190,d165_hh94
d190,d21_hh97
d190,d46_hh53
d190,d140_hh85
d190,d123_hh129
d190,d131_hh180
d190,d209_hh244
d190,d31_hh34
d190,d208_hh168
d190,d48_hh118
d190,d122_hh144
d190,d147_hh169
d190,d123_hh84
d190,d137_hh119
d190,d205_hh196
d190,d197_hh151
d190,d109_hh88
d190,d15_hh264
d190,d160_hh88
d190,d23_hh156
d190,d83_hh117
d190,d119_hh222
d190,d191_hh53
d190,d33_hh58
d190,d169_hh225
d190,d72_hh208
d190,d93_hh18
d190,d75_hh102
d190,d204_hh239
d190,d179_hh1
d190,d158_hh107
d190,d75_hh102
d190,d123_hh129
d190,d4_hh87
d190,d34_hh77
d190,d39_hh67
d190,d35_hh2
d190,d46_hh69
d190,d199_hh49
d190,d131_hh180
d190,d90_hh233
d190,d52_hh165
d190,d91_hh21
d190,d55_hh94
d190,d15_hh186
d190,d175_hh131
d190,d179_hh1
d190,d152_hh168
d190,d134_hh223
d190,d43_hh125
d190,d147_hh54
d190,d198_hh152
d190,d150_hh203
d190,d19_hh130
d190,d141_hh27
d190,d135_hh17
d190,d178_hh58
d190,d130_hh244
d190,d204_hh56
d190,d113_hh175
d190,d202_hh264
d190,d175_hh52
d190,d205_hh196
d190,d209_hh219
d190,d160_hh88
d190,d198_hh188
d190,d202_hh264
d190,d123_hh119
d190,d132_hh44
d190,d169_hh199
d190,d119_hh24
d190,d147_hh54
d190,d123_hh104
d190,d5_hh5
d190,d126_hh207
d190,d91_hh199
d190,d106_hh207
d190,d213_hh125
d190,d129_hh122
d190,d104_hh116
d190,d131_hh180
d190,d123_hh57
d190,d104_hh270
d190,d209_hh11
d190,d24_hh176
d190,d207_hh219
d190,d90_hh233
d190,d31_hh34
d190,d90_hh233
d190,d122_hh144
d190,d171_hh71
d190,d174_hh213
d190,d51_hh231
d190,d110_hh252
d190,d91_hh21
d190,d30_hh58
d190,d182_hh229
d190,d13_hh58
d190,d178_hh173
d190,d209_hh254
d190,d54_hh152
d190,d158_hh239
d190,d113_hh175
d190,d118_hh118
d190,d90_hh233
d190,d75_hh264
d190,d122_hh16
d190,d191_hh246
d190,d154_hh2
d190,d141_hh128
d190,d59_hh243
d190,d15_hh22
d190,d119_hh64
d190,d104_hh58
d190,d213_hh2
d190,d19_hh130
d190,d123_hh57
d190,d11_hh128
d190,d171_hh23
d190,d30_hh267
d190,d104_hh175
d190,d15_hh76
d190,d19_hh130
d190,d11_hh53
d190,d40_hh200
d190,d54_hh222
d190,d198_hh188
d190,d66_hh240
d190,d98_hh223
d190,d197_hh151
d190,d109_hh67
d190,d178_hh191
d190,d39_hh154
d190,d4_hh87
d190,d158_hh239
d190,d199_hh71
d190,d175_hh131
d190,d214_hh41
d190,d177_hh163
d190,d204_hh87
d190,d191_hh53
d190,d41_hh71
d190,d82_hh154
d190,d17_hh106
d190,d23_hh21
d190,d11_hh128
d190,d2_hh287
d190,d155_hh148
d190,d139_hh214
d190,d4_hh65
d190,d74_hh15
d190,d19_hh130
d190,d54_hh222
d190,d190_hh38
d190,d67_hh209
d190,d75_hh102
d190,d187_hh0
d190,d198_hh152
d190,d2_hh180
d190,d36_hh94
d190,d178_hh173
d190,d15_hh186
d190,d122_hh231
d190,d158_hh239
d190,d202_hh90
d190,d66_hh14
d190,d52_hh165
d190,d162_hh47
d190,d98_hh100
d190,d12_hh23
d190,d80_hh186
d190,d72_hh42
d190,d162_hh213
d190,d163_hh213
d190,d174_hh24
d190,d26_hh40
d190,d128_hh246
d190,d119_hh95
d190,d88_hh195
d190,d123_hh106
d190,d90_hh207
d190,d198_hh152
d190,d95_hh56
d190,d110_hh252
d190,d26_hh40
d190,d42_hh88
d190,d159_hh183
d190,d62_hh22
d190,d214_hh70
d190,d41_hh150
d190,d141_hh129
d190,d77_hh123
d190,d171_hh71
d190,d104_hh116
d190,d158_hh239
d190,d132_hh46
d190,d193_hh138
d190,d197_hh151
d190,d21_hh105
d190,d66_hh14
d190,d114_hh219
d190,d119_hh24
d190,d195_hh109
d190,d131_hh180
d190,d20_hh166
d190,d39_hh154
d190,d171_hh71
d190,d165_hh107
d190,d132_hh188
d190,d17_hh12
d190,d44_hh38
d190,d133_hh241
d190,d119_hh177
d190,d113_hh175
d190,d169_hh216
d190,d17_hh213
d190,d23_hh204
d190,d213_hh125
d190,d29_hh243
d190,d23_hh21
d190,d126_hh207
d190,d138_hh150
d190,d119_hh95
d190,d109_hh88
d190,d85_hh110
d190,d118_hh118
d190,d127_hh89
d190,d131_hh102
d190,d98_hh100
d190,d178_hh157
d190,d77_hh123
d190,d15_hh264
d190,d15_hh80
d190,d214_hh13
d190,d44_hh38
d190,d104_hh175
d190,d30_hh58
d190,d140_hh85
d190,d42_hh19
d190,d174_hh24
d190,d159_hh183
d196,d84_hh220
d196,d3_hh98
d196,d45_hh183
d196,d107_hh260
d196,d103_hh53
d196,d151_hh194
d196,d86_hh136
d196,d94_hh178
d196,d84_hh101
d196,d196_hh60
d196,d60_hh172
d196,d79_hh93
d196,d27_hh133
d196,d136_hh236
d196,d49_hh149
d196,d145_hh2
d196,d189_hh80
d196,d105_hh238
d196,d144_hh235
d196,d189_hh237
d196,d189_hh237
d196,d49_hh237
d196,d196_hh42
d196,d45_hh183
d196,d89_hh65
d196,d196_hh42
d196,d60_hh165
d196,d64_hh271
d196,d181_hh59
d196,d49_hh89
d196,d64_hh45
d196,d151_hh194
d196,d22_hh219
d196,d49_hh198
d196,d49_hh89
d196,d84_hh101
d196,d22_hh219
d196,d196_hh60
d196,d103_hh72
d196,d145_hh212
d196,d176_hh183
d196,d22_hh155
d196,d151_hh93
d196,d108_hh277
d196,d194_hh102
d196,d107_hh260
d196,d194_hh13
d196,d108_hh127
d196,d103_hh175
d196,d27_hh65
d196,d8_hh179
d196,d145_hh212
d196,d105_hh161
d196,d167_hh167
d196,d89_hh65
d196,d86_hh114
d196,d188_hh137
d196,d60_hh172
d196,d64_hh271
d196,d89_hh77
d196,d148_hh98
d196,d196_hh175
d196,d105_hh48
d196,d84_hh220
d196,d108_hh195
d196,d45_hh183
d196,d206_hh283
d196,d189_hh80
d196,d189_hh106
d196,d115_hh2
d196,d107_hh42
d196,d189_hh80
d196,d9_hh97
d196,d10_hh60
d196,d49_hh245
d196,d103_hh72
d196,d196_hh42
d196,d60_hh165
d196,d79_hh76
d196,d176_hh239
d196,d22_hh0
d196,d181_hh63
d196,d189_hh80
d196,d27_hh145
d196,d3_hh7
d196,d49_hh237
d196,d49_hh245
d196,d45_hh282
d196,d3_hh98
d196,d192_hh28
d196,d206_hh188
d196,d206_hh151
d196,d206_hh74
d196,d49_hh198
d196,d188_hh137
d196,d45_hh9
d196,d79_hh93
d196,d45_hh282
d196,d103_hh115
d196,d71_hh152
d196,d49_hh155
d196,d188_hh223
d196,d105_hh161
d196,d27_hh133
d196,d136_hh236
d196,d107_hh143
d196,d63_hh98
d196,d10_hh110
d196,d189_hh237
d196,d108_hh40
d196,d108_hh127
d196,d89_hh77
d196,d64_hh137
d196,d148_hh189
d196,d103_hh115
d196,d121_hh238
d196,d84_hh6
d196,d103_hh72
d196,d79_hh93
d196,d103_hh89
d196,d64_hh133
d196,d94_hh178
d196,d194_hh224
d196,d71_hh152
d196,d84_hh62
d196,d145_hh145
d196,d64_hh271
d196,d63_hh98
d196,d45_hh282
d196,d172_hh102
d196,d176_hh183
d196,d6_hh77
d196,d84_hh6
d196,d145_hh150
d196,d89_hh65
d196,d105_hh161
d196,d107_hh76
d196,d145_hh145
d196,d89_hh43
d196,d206_hh74
d196,d185_hh17
d196,d49_hh198
d196,d103_hh53
d196,d84_hh15
d196,d151_hh93
d196,d108_hh195
d196,d206_hh74
d196,d121_hh238
d196,d60_hh165
d196,d121_hh146
d196,d194_hh224
d196,d167_hh41
d196,d103_hh89
d196,d103_hh72
d196,d107_hh6
d196,d105_hh48
d196,d10_hh46
d196,d79_hh76
d196,d63_hh98
d196,d63_hh98
d196,d148_hh189
d196,d64_hh165
d196,d105_hh48
d196,d94_hh178
d196,d25_hh250
d196,d192_hh169
d196,d27_hh65
d196,d9_hh97
d196,d151_hh1
d196,d6_hh77
d196,d148_hh82
d196,d71_hh152
d196,d181_hh59
d196,d103_hh72
d196,d10_hh46
d196,d64_hh165
d196,d27_hh65
d196,d151_hh146
d196,d70_hh135
d196,d27_hh16
d196,d3_hh7
d196,d28_hh124
d196,d84_hh101
d196,d167_hh120
d196,d79_hh93
d196,d107_hh260
d196,d22_hh225
d196,d64_hh133
d196,d6_hh77
d196,d94_hh178
d196,d89_hh77
d196,d148_hh98
d196,d3_hh7
d196,d79_hh182
d196,d64_hh271
d196,d27_hh145
d196,d45_hh282
d196,d89_hh43
d196,d188_hh137
d196,d151_hh93
d196,d64_hh137
d196,d108_hh277
d196,d185_hh17
d196,d103_hh175
d196,d105_hh238
d196,d49_hh198
d196,d27_hh16
d196,d60_hh172
d196,d103_hh89
d196,d103_hh72
d196,d63_hh98
d196,d84_hh6
d196,d10_hh110
d196,d107_hh6
d196,d10_hh46
d196,d27_hh133
d196,d22_hh155
d196,d71_hh292
d196,d148_hh98
d196,d71_hh169
d196,d203_hh11
d196,d145_hh2
d196,d22_hh155
d196,d70_hh135
d196,d181_hh267
d196,d180_hh34
d196,d49_hh89
d196,d188_hh223
d196,d6_hh77
d196,d107_hh260
d196,d22_hh155
d196,d194_hh13
d196,d176_hh183
d196,d201_hh86
d196,d70_hh79
d196,d189_hh106
d196,d148_hh98
d196,d107_hh211
d196,d71_hh292
d196,d107_hh6
d196,d203_hh11
d196,d71_hh152
d196,d145_hh150
d196,d8_hh179
d196,d167_hh120
d196,d64_hh45
d196,d49_hh155
d196,d172_hh1
d196,d3_hh98
d196,d79_hh76
d196,d49_hh131
d196,d107_hh143
d196,d107_hh211
d196,d27_hh145
d196,d64_hh137
d196,d148_hh97
d196,d196_hh60
d196,d79_hh93
d196,d151_hh207
d196,d94_hh178
d196,d201_hh86
d196,d64_hh165
d196,d145_hh2
d196,d45_hh9
d196,d107_hh6
d196,d167_hh120
d196,d84_hh220
d196,d22_hh155
d196,d10_hh46
d196,d145_hh150
d196,d3_hh98
d196,d145_hh145
d196,d10_hh46
d196,d28_hh124
d196,d167_hh167
d196,d103_hh115
d196,d148_hh189
d196,d103_hh264
d196,d49_hh198
d196,d201_hh21
d196,d45_hh282
d196,d22_hh155
d196,d70_hh79
d196,d206_hh74
d196,d203_hh30
d196,d70_hh135
d196,d180_hh34
d196,d45_hh282
d196,d144_hh235
d191,d162_hh47
d191,d34_hh77
d191,d202_hh170
d191,d208_hh240
d191,d122_hh159
d191,d23_hh204
d191,d119_hh177
d191,d38_hh159
d191,d123_hh129
d191,d202_hh264
d191,d53_hh147
d191,d166_hh150
d191,d104_hh58
d191,d75_hh102
d191,d202_hh90
d191,d118_hh173
d191,d200_hh102
d191,d39_hh67
d191,d193_hh138
d191,d110_hh193
d191,d174_hh42
d191,d102_hh201
d191,d2_hh180
d191,d35_hh2
d191,d204_hh56
d191,d117_hh140
d191,d57_hh166
d191,d44_hh38
d191,d75_hh25
d191,d54_hh218
d191,d169_hh190
d191,d147_hh54
d191,d31_hh139
d191,d83_hh204
d191,d175_hh52
d191,d187_hh87
d191,d102_hh201
d191,d207_hh219
d191,d2_hh287
d191,d122_hh144
d191,d208_hh240
d191,d111_hh131
d191,d101_hh129
d191,d40_hh152
d191,d91_hh21
d191,d120_hh161
d191,d16_hh287
d191,d100_hh91
d191,d39_hh66
d191,d154_hh2
d191,d87_hh245
d191,d42_hh58
d191,d82_hh154
d191,d98_hh84
d191,d33_hh58
d191,d210_hh142
d191,d171_hh23
d191,d54_hh57
d191,d123_hh160
d191,d56_hh262
d191,d207_hh191
d191,d46_hh194
d191,d122_hh16
d191,d119_hh95
d191,d187_hh87
d191,d46_hh69
d191,d109_hh67
d191,d56_hh174
d191,d87_hh245
d191,d99_hh225
d191,d202_hh205
d191,d118_hh173
d191,d7_hh257
d191,d120_hh161
d191,d119_hh24
d191,d184_hh238
d191,d98_hh223
d191,d31_hh139
d191,d132_hh44
d191,d41_hh206
d191,d117_hh11
d191,d120_hh269
d191,d15_hh103
d191,d2_hh180
d191,d119_hh177
d191,d21_hh105
d191,d101_hh129
d191,d123_hh84
d191,d91_hh21
d191,d208_hh168
d191,d119_hh95
d191,d46_hh69
d191,d166_hh24
d191,d119_hh177
d191,d19_hh38
d191,d85_hh110
d191,d138_hh150
d191,d215_hh105
d191,d163_hh145
d191,d131_hh174
d191,d173_hh262
d191,d198_hh152
d191,d74_hh15
d191,d132_hh76
d191,d123_hh129
d191,d114_hh47
d191,d4_hh80
d191,d130_hh244
d191,d98_hh84
d191,d143_hh28
d191,d30_hh267
d191,d152_hh168
d191,d123_hh119
d191,d123_hh129
d191,d150_hh203
d191,d88_hh36
d191,d104_hh175
d191,d2_hh173
d191,d74_hh142
d191,d98_hh223
d191,d29_hh85
d191,d75_hh53
d191,d31_hh127
d191,d101_hh129
d191,d75_hh53
d191,d15_hh103
d191,d187_hh0
d191,d118_hh244
d191,d199_hh49
d191,d132_hh188
d191,d16_hh287
d191,d15_hh186
d191,d123_hh119
d191,d119_hh24
d191,d204_hh239
d191,d163_hh145
d191,d137_hh119
d191,d209_hh159
d191,d195_hh19
d191,d186_hh185
d191,d132_hh76
d191,d198_hh136
d191,d138_hh82
d191,d52_hh115
d191,d72_hh208
d191,d186_hh185
d191,d208_hh240
d191,d15_hh210
d191,d202_hh170
d191,d208_hh168
d191,d182_hh149
d191,d34_hh77
d191,d209_hh149
d191,d91_hh21
d191,d214_hh13
d191,d208_hh240
d191,d36_hh226
d191,d182_hh74
d191,d73_hh242
d191,d199_hh180
d191,d34_hh77
d191,d19_hh38
d191,d102_hh201
d191,d100_hh48
d191,d15_hh76
d191,d46_hh69
d191,d91_hh178
d191,d51_hh231
d191,d114_hh66
d191,d178_hh58
d191,d135_hh17
d191,d15_hh76
d191,d39_hh99
d191,d15_hh264
d191,d119_hh64
d191,d102_hh179
d191,d131_hh102
d191,d175_hh52
d191,d2_hh173
d191,d122_hh231
d191,d4_hh29
d191,d169_hh199
d191,d95_hh201
d191,d95_hh56
d191,d198_hh188
d191,d122_hh231
d191,d2_hh217
d191,d117_hh11
d191,d15_hh22
d191,d131_hh174
d191,d166_hh164
d191,d4_hh65
d191,d39_hh66
d191,d214_hh47
d191,d120_hh161
d191,d134_hh223
d191,d213_hh247
d191,d123_hh104
d191,d80_hh186
d191,d140_hh85
d191,d15_hh103
d191,d177_hh163
d191,d169_hh216
d191,d162_hh213
d191,d123_hh106
d191,d13_hh58
d191,d161_hh21
d191,d77_hh123
d191,d169_hh225
d191,d120_hh248
d191,d15_hh264
d191,d4_hh29
d191,d16_hh294
d191,d56_hh262
d191,d56_hh174
d191,d13_hh58
d191,d65_hh242
d191,d39_hh66
d191,d83_hh117
d191,d130_hh244
d191,d67_hh15
d191,d62_hh259
d191,d16_hh287
d191,d166_hh239
d191,d128_hh246
d191,d171_hh71
d191,d104_hh270
d191,d141_hh27
d191,d57_hh250
d191,d97_hh26
d191,d59_hh112
d191,d150_hh207
d191,d93_hh18
d191,d98_hh245
d191,d174_hh42
d191,d41_hh206
d191,d169_hh190
d191,d178_hh272
d191,d15_hh103
d191,d54_hh57
d191,d2_hh151
d191,d178_hh272
d191,d99_hh225
d191,d62_hh22
d191,d137_hh119
d191,d67_hh209
d191,d171_hh88
d191,d150_hh203
d191,d42_hh202
d191,d177_hh145
d191,d159_hh64
d191,d93_hh66
d191,d166_hh239
d191,d77_hh123
d191,d75_hh53
d191,d163_hh213
d191,d182_hh226
d191,d30_hh58
d191,d101_hh129
d191,d62_hh251
d191,d147_hh43
d191,d123_hh57
d191,d57_hh207
d191,d17_hh213
d191,d198_hh188
d191,d4_hh202
d191,d182_hh74
d191,d133_hh135
d191,d132_hh76
d191,d152_hh168
d191,d17_hh228
d191,d35_hh2
d191,d56_hh174
d191,d85_hh184
d191,d52_hh33
d191,d57_hh250
d191,d187_hh61
d191,d43_hh125
d191,d175_hh52
d191,d85_hh184
d191,d15_hh76
d191,d56_hh174
d191,d199_hh71
d191,d131_hh24
d191,d98_hh223
d191,d199_hh49
d191,d137_hh106
d191,d113_hh175
d191,d154_hh2
d191,d159_hh183
d191,d104_hh175
d191,d57_hh207
d191,d39_hh154
d191,d42_hh19
d191,d174_hh24
d191,d187_hh7
d191,d74_hh142
d188,d211_hh181
d188,d105_hh48
d188,d189_hh237
d188,d188_hh98
d188,d108_hh40
d188,d8_hh179
d188,d103_hh53
d188,d103_hh53
d188,d121_hh146
d188,d108_hh127
d188,d153_hh185
d188,d121_hh146
d188,d25_hh250
d188,d10_hh60
d188,d60_hh165
d188,d196_hh34
d188,d3_hh7
d188,d103_hh175
d188,d201_hh86
d188,d68_hh230
d188,d9_hh56
d188,d206_hh188
d188,d192_hh169
d188,d14_hh160
d188,d136_hh236
d188,d107_hh6
d188,d84_hh15
d188,d172_hh102
d188,d28_hh260
d188,d103_hh172
d188,d196_hh175
d188,d136_hh236
d188,d188_hh98
d188,d64_hh69
d188,d105_hh48
d188,d8_hh179
d188,d86_hh114
d188,d145_hh2
d188,d63_hh98
d188,d28_hh260
d188,d105_hh238
d188,d203_hh30
d188,d151_hh194
d188,d167_hh41
d188,d63_hh98
d188,d151_hh207
d188,d176_hh122
d188,d10_hh60
d188,d136_hh186
d188,d206_hh74
d188,d194_hh13
d188,d64_hh133
d188,d22_hh0
d188,d167_hh167
d188,d108_hh277
d188,d10_hh60
d188,d181_hh59
d188,d22_hh0
d188,d108_hh40
d188,d167_hh167
d188,d188_hh223
d188,d6_hh77
d188,d203_hh11
d188,d211_hh181
d188,d176_hh239
d188,d3_hh98
d188,d194_hh13
d188,d64_hh271
d188,d108_hh40
d188,d27_hh16
d188,d64_hh271
d188,d121_hh238
d188,d28_hh260
d188,d49_hh89
d188,d60_hh165
d188,d167_hh36
d188,d49_hh131
d188,d10_hh60
d188,d22_hh219
d188,d22_hh0
d188,d176_hh239
d188,d10_hh60
d188,d25_hh250
d188,d64_hh271
d188,d181_hh63
d188,d180_hh130
d188,d172_hh1
d188,d176_hh122
d188,d14_hh160
d188,d79_hh182
d188,d185_hh70
d188,d103_hh264
d188,d108_hh127
d188,d45_hh183
d188,d28_hh260
d188,d49_hh245
d188,d181_hh267
d188,d70_hh243
d188,d79_hh76
d188,d192_hh169
d188,d148_hh221
d188,d115_hh2
d188,d70_hh135
d188,d70_hh243
d188,d196_hh175
d188,d49_hh149
d188,d94_hh178
d188,d105_hh161
d188,d49_hh155
d188,d194_hh224
d188,d10_hh110
d188,d60_hh210
d188,d176_hh183
d188,d22_hh219
d188,d151_hh1
d188,d9_hh176
d188,d49_hh119
d188,d145_hh150
d188,d121_hh238
d188,d144_hh235
d188,d28_hh260
d188,d115_hh2
d188,d49_hh131
d188,d192_hh0
d188,d115_hh51
d188,d196_hh175
d188,d8_hh179
d188,d148_hh98
d188,d49_hh155
d188,d188_hh98
d188,d71_hh152
d188,d188_hh137
d188,d22_hh0
d188,d64_hh271
d188,d167_hh41
d188,d94_hh178
d188,d181_hh59
d188,d206_hh151
d188,d103_hh115
d188,d115_hh85
d188,d9_hh176
d188,d153_hh185
d188,d70_hh135
d188,d3_hh7
d188,d181_hh59
d188,d176_hh239
d188,d68_hh230
d188,d22_hh0
d188,d188_hh98
d188,d64_hh165
d188,d136_hh236
d188,d70_hh85
d188,d22_hh0
d188,d201_hh28
d188,d27_hh16
d188,d27_hh16
d188,d70_hh135
d188,d192_hh0
d188,d136_hh236
d188,d79_hh93
d188,d136_hh236
d188,d108_hh40
d188,d136_hh186
d188,d167_hh167
d188,d103_hh53
d188,d60_hh210
d188,d192_hh0
d188,d107_hh76
d188,d28_hh260
d188,d144_hh235
d188,d121_hh238
d188,d108_hh35
d188,d45_hh183
d188,d176_hh239
d188,d136_hh236
d188,d115_hh51
d188,d136_hh186
d188,d64_hh271
d188,d151_hh1
d188,d60_hh210
d188,d28_hh260
d188,d153_hh185
d188,d194_hh224
d188,d108_hh35
d188,d84_hh220
d188,d70_hh85
d188,d14_hh160
d188,d49_hh155
d188,d64_hh165
d188,d84_hh220
d188,d64_hh133
d188,d206_hh256
d188,d151_hh1
d188,d167_hh36
d188,d71_hh169
d188,d70_hh243
d188,d181_hh59
d188,d181_hh267
d188,d148_hh97
d188,d94_hh178
d188,d10_hh60
d188,d10_hh60
d188,d45_hh9
d188,d79_hh182
d188,d105_hh161
d188,d115_hh51
d188,d86_hh70
d188,d192_hh159
d188,d89_hh65
d188,d203_hh30
d188,d107_hh260
d188,d196_hh60
d188,d167_hh36
d188,d151_hh207
d188,d107_hh143
d188,d10_hh60
d188,d3_hh279
d188,d189_hh106
d188,d64_hh69
d188,d107_hh42
d188,d192_hh169
d188,d115_hh2
d188,d192_hh28
d188,d136_hh236
d188,d70_hh243
d188,d151_hh1
d188,d121_hh238
d188,d136_hh236
d188,d167_hh36
d188,d27_hh133
d188,d45_hh183
d188,d68_hh230
d188,d188_hh98
d188,d64_hh133
d188,d9_hh176
d188,d49_hh149
d188,d84_hh6
d188,d70_hh135
d188,d64_hh69
d188,d121_hh238
d188,d196_hh34
d188,d203_hh30
d188,d188_hh223
d188,d27_hh145
d188,d70_hh135
d188,d84_hh15
d188,d64_hh271
d188,d136_hh236
d188,d45_hh140
d188,d188_hh137
d188,d49_hh119
d189,d185_hh17
d189,d103_hh72
d189,d6_hh77
d189,d49_hh131
d189,d64_hh165
d189,d49_hh155
d189,d148_hh221
d189,d151_hh1
d189,d64_hh165
d189,d64_hh137
d189,d151_hh93
d189,d103_hh72
d189,d188_hh223
d189,d45_hh282
d189,d10_hh46
d189,d3_hh7
d189,d60_hh165
d189,d63_hh98
d189,d196_hh42
d189,d148_hh189
d189,d180_hh130
d189,d22_hh219
d189,d45_hh282
d189,d3_hh98
d189,d9_hh56
d189,d196_hh175
d189,d105_hh238
d189,d6_hh77
d189,d103_hh72
d189,d60_hh172
d189,d71_hh292
d189,d49_hh131
d189,d49_hh119
d189,d84_hh101
d189,d176_hh183
d189,d9_hh56
d189,d71_hh292
d189,d71_hh152
d189,d188_hh223
d189,d103_hh172
d189,d45_hh282
d189,d64_hh137
d189,d108_hh35
d189,d3_hh98
d189,d145_hh150
d189,d49_hh119
d189,d22_hh155
d189,d196_hh42
d189,d27_hh65
d189,d6_hh77
d189,d45_hh183
d189,d86_hh136
d189,d86_hh136
d189,d84_hh62
d189,d189_hh237
d189,d64_hh165
d189,d107_hh6
d189,d71_hh292
d189,d94_hh137
d189,d203_hh11
d189,d27_hh145
d189,d188_hh223
d189,d45_hh9
d189,d64_hh137
d189,d107_hh143
d189,d49_hh198
d189,d9_hh56
d189,d206_hh256
d189,d144_hh235
d189,d89_hh77
d189,d151_hh146
d189,d172_hh1
d189,d84_hh15
d189,d10_hh110
d189,d206_hh256
d189,d64_hh165
d189,d176_hh239
d189,d9_hh56
d189,d181_hh63
d189,d180_hh34
d189,d206_hh283
d189,d196_hh60
d189,d45_hh183
d189,d105_hh161
d189,d103_hh115
d189,d105_hh238
d189,d71_hh152
d189,d192_hh169
d189,d206_hh74
d189,d206_hh256
d189,d6_hh77
d189,d79_hh93
d189,d107_hh260
d189,d84_hh62
d189,d105_hh161
d189,d196_hh42
d189,d189_hh237
d189,d189_hh80
d189,d45_hh183
d189,d188_hh223
d189,d10_hh60
d189,d145_hh2
d189,d22_hh155
d189,d6_hh77
d189,d121_hh238
d189,d185_hh70
d189,d27_hh133
d189,d151_hh93
d189,d86_hh70
d189,d14_hh160
d189,d189_hh80
d189,d71_hh152
d189,d64_hh133
d189,d192_hh169
d189,d108_hh35
d189,d115_hh2
d189,d27_hh145
d189,d196_hh60
d189,d167_hh41
d189,d188_hh223
d189,d60_hh165
d189,d144_hh285
d189,d176_hh122
d189,d49_hh155
d189,d45_hh140
d189,d64_hh45
d189,d196_hh34
d189,d136_hh186
d189,d121_hh146
d189,d3_hh279
d189,d45_hh282
d189,d49_hh131
d189,d196_hh42
d189,d10_hh46
d189,d172_hh1
d189,d84_hh6
d189,d189_hh237
d189,d70_hh79
d189,d192_hh169
d189,d181_hh63
d189,d84_hh101
d189,d27_hh65
d189,d105_hh161
d189,d63_hh157
d189,d185_hh17
d189,d60_hh210
d189,d49_hh245
d189,d206_hh74
d189,d172_hh263
d189,d27_hh145
d189,d107_hh6
d189,d105_hh238
d189,d148_hh98
d189,d107_hh76
d189,d64_hh165
d189,d181_hh59
d189,d167_hh41
d189,d22_hh225
d189,d189_hh237
d189,d3_hh98
d189,d68_hh230
d189,d86_hh136
d189,d172_hh1
d189,d148_hh97
d189,d107_hh260
d189,d192_hh0
d189,d89_hh77
d189,d89_hh77
d189,d151_hh207
d189,d9_hh176
d189,d148_hh189
d189,d49_hh245
d189,d192_hh169
d189,d151_hh146
d189,d45_hh9
d189,d194_hh102
d189,d49_hh245
d189,d3_hh98
d189,d27_hh145
d189,d107_hh42
d189,d45_hh282
d189,d157_hh104
d189,d64_hh133
d189,d22_hh219
d189,d108_hh195
d189,d144_hh235
d189,d107_hh6
d189,d148_hh82
d189,d45_hh9
d189,d9_hh176
d189,d45_hh282
d189,d151_hh146
d189,d22_hh219
d189,d94_hh137
d189,d22_hh155
d189,d49_hh237
d189,d103_hh72
d189,d103_hh89
d189,d167_hh167
d189,d145_hh2
d189,d176_hh122
d189,d144_hh235
d189,d49_hh198
d189,d188_hh137
d189,d10_hh110
d189,d71_hh152
d189,d84_hh220
d189,d45_hh183
d189,d151_hh146
d189,d108_hh127
d189,d115_hh51
d189,d189_hh106
d189,d103_hh115
d189,d64_hh133
d189,d45_hh282
d189,d196_hh60
d189,d3_hh279
d189,d49_hh198
d189,d6_hh77
d189,d70_hh79
d189,d121_hh146
d189,d27_hh65
d189,d145_hh2
d189,d49_hh131
d189,d45_hh140
d189,d136_hh236
d189,d103_hh115
d189,d64_hh165
d189,d45_hh140
d189,d181_hh63
d189,d49_hh198
d189,d45_hh183
d189,d203_hh30
d189,d45_hh140
d189,d196_hh42
d189,d49_hh119
d189,d180_hh130
d189,d27_hh145
d189,d28_hh124
d189,d103_hh89
d189,d45_hh9
d189,d148_hh82
d189,d185_hh17
d189,d84_hh101
d189,d84_hh101
d189,d28_hh124
d189,d45_hh9
d189,d185_hh70
d189,d84_hh15
d189,d84_hh220
d189,d103_hh175
d189,d10_hh46
d189,d103_hh72
d189,d144_hh235
d189,d196_hh34
d189,d84_hh220
d189,d105_hh161
d189,d107_hh76
d189,d189_hh80
d189,d89_hh43
d189,d79_hh93
d189,d64_hh45
d189,d153_hh185
d189,d84_hh6
d189,d63_hh98
d189,d148_hh82
d189,d49_hh245
d189,d3_hh98
d189,d64_hh137
d189,d196_hh42
d189,d196_hh42
d189,d107_hh76
d189,d151_hh93
d185,d192_hh169
d185,d71_hh292
d185,d84_hh6
d185,d84_hh220
d185,d176_hh239
d185,d107_hh76
d185,d185_hh70
d185,d192_hh169
d185,d8_hh179
d185,d45_hh282
d185,d107_hh143
d185,d108_hh127
d185,d79_hh93
d185,d22_hh155
d185,d60_hh165
d185,d79_hh182
d185,d148_hh82
d185,d103_hh175
d185,d70_hh79
d185,d103_hh172
d185,d108_hh40
d185,d89_hh65
d185,d145_hh2
d185,d86_hh136
d185,d6_hh77
d185,d27_hh65
d185,d9_hh176
d185,d89_hh65
d185,d148_hh82
d185,d145_hh150
d185,d103_hh115
d185,d185_hh70
d185,d145_hh2
d185,d10_hh46
d185,d151_hh93
d185,d188_hh223
d185,d151_hh93
d185,d45_hh282
d185,d49_hh131
d185,d188_hh223
d185,d49_hh131
d185,d105_hh161
d185,d107_hh260
d185,d145_hh145
d185,d71_hh152
d185,d167_hh167
d185,d180_hh130
d185,d3_hh279
d185,d185_hh17
d185,d145_hh150
d185,d145_hh145
d185,d84_hh101
d185,d79_hh93
d185,d22_hh155
d185,d203_hh11
d185,d176_hh183
d185,d145_hh2
d185,d105_hh238
d185,d64_hh165
d185,d70_hh135
d185,d70_hh135
d185,d181_hh63
d185,d49_hh245
d185,d84_hh101
d185,d89_hh65
d185,d86_hh136
d185,d79_hh182
d185,d49_hh149
d185,d3_hh279
d185,d49_hh237
d185,d70_hh135
d185,d86_hh114
d185,d79_hh93
d185,d148_hh98
d185,d148_hh189
d185,d86_hh114
d185,d64_hh271
d185,d89_hh43
d185,d121_hh238
d185,d148_hh82
d185,d167_hh120
d185,d6_hh77
d185,d185_hh17
d185,d71_hh292
d185,d176_hh183
d185,d70_hh135
d185,d192_hh169
d185,d84_hh101
d185,d27_hh65
d185,d94_hh137
d185,d115_hh85
d185,d64_hh137
d185,d6_hh77
d185,d196_hh42
d185,d103_hh264
d185,d10_hh110
d185,d206_hh256
d185,d49_hh198
d185,d60_hh172
d185,d107_hh260
d185,d3_hh279
d185,d64_hh45
d185,d189_hh106
d185,d108_hh127
d185,d94_hh137
d185,d45_hh183
d185,d107_hh260
d185,d9_hh97
d185,d151_hh194
d185,d45_hh9
d185,d103_hh72
d185,d27_hh65
d185,d79_hh93
d185,d144_hh235
d185,d27_hh145
d185,d84_hh6
d185,d211_hh181
d185,d79_hh182
d185,d45_hh183
d185,d151_hh93
d185,d167_hh120
d185,d89_hh77
d185,d151_hh93
d185,d70_hh188
d185,d60_hh210
d185,d145_hh145
d185,d49_hh131
d185,d89_hh65
d185,d64_hh45
d185,d115_hh2
d185,d196_hh60
d185,d105_hh48
d185,d108_hh195
d185,d194_hh102
d185,d148_hh82
d185,d185_hh70
d185,d121_hh146
d185,d189_hh237
d185,d151_hh194
d185,d6_hh77
d185,d9_hh56
d185,d6_hh77
d185,d192_hh28
d185,d107_hh42
d185,d145_hh212
d185,d145_hh150
d185,d203_hh11
d185,d86_hh70
d185,d172_hh1
d185,d203_hh11
d185,d84_hh101
d185,d84_hh220
d185,d189_hh80
d185,d68_hh230
d185,d6_hh77
d185,d103_hh264
d185,d144_hh235
d185,d84_hh101
d185,d79_hh93
d185,d108_hh127
d185,d49_hh89
d185,d63_hh98
d185,d27_hh145
d185,d79_hh76
d185,d189_hh237
d185,d79_hh182
d185,d70_hh243
d185,d107_hh76
d185,d188_hh223
d185,d79_hh93
d185,d145_hh145
d185,d108_hh35
d185,d107_hh76
d185,d60_hh172
d185,d94_hh178
d185,d64_hh133
d185,d188_hh223
d185,d49_hh198
d185,d121_hh146
d185,d180_hh34
d185,d45_hh183
d185,d45_hh183
d185,d28_hh124
d185,d79_hh76
d185,d89_hh65
d185,d84_hh15
d185,d194_hh13
d185,d70_hh79
d185,d206_hh188
d185,d84_hh101
d185,d103_hh115
d185,d107_hh76
d185,d206_hh283
d185,d22_hh219
d185,d206_hh74
d185,d172_hh102
d185,d105_hh161
d185,d70_hh135
d185,d10_hh46
d185,d103_hh115
d185,d145_hh145
d185,d45_hh282
d185,d86_hh136
d185,d86_hh114
d185,d151_hh207
d185,d49_hh198
d185,d206_hh188
d185,d203_hh11
d185,d60_hh172
d185,d84_hh101
d185,d49_hh155
d185,d108_hh277
d185,d70_hh85
d185,d107_hh143
d185,d167_hh120
d185,d176_hh122
d185,d206_hh283
d185,d28_hh124
d185,d84_hh101
d185,d45_hh9
d185,d203_hh30
d185,d45_hh282
d185,d145_hh145
d185,d9_hh176
d185,d27_hh133
d185,d148_hh82
d185,d84_hh15
d185,d70_hh188
d185,d27_hh65
d185,d148_hh82
d185,d22_hh155
d185,d27_hh145
d185,d89_hh65
d185,d121_hh146
d185,d148_hh189
d185,d107_hh6
d185,d79_hh182
d185,d64_hh45
d185,d64_hh165
d185,d60_hh210
d185,d189_hh80
d185,d64_hh45
d185,d89_hh65
d185,d192_hh169
d185,d10_hh60
d185,d64_hh165
d185,d145_hh150
d185,d45_hh282
d185,d60_hh165
d185,d70_hh79
d185,d3_hh98
d185,d188_hh223
d185,d84_hh220
d185,d49_hh131
d185,d151_hh194
d185,d145_hh2
d185,d49_hh155
d185,d84_hh6
d185,d115_hh51
d185,d45_hh282
d185,d64_hh271
d185,d89_hh43
d185,d180_hh130
d185,d103_hh72
d185,d49_hh119
d185,d8_hh179
d185,d107_hh260
d192,d167_hh167
d192,d151_hh93
d192,d145_hh212
d192,d64_hh133
d192,d192_hh28
d192,d115_hh51
d192,d206_hh74
d192,d148_hh221
d192,d167_hh120
d192,d148_hh97
d192,d201_hh21
d192,d86_hh136
d192,d107_hh76
d192,d181_hh63
d192,d180_hh34
d192,d145_hh2
d192,d86_hh114
d192,d145_hh2
d192,d49_hh119
d192,d94_hh137
d192,d79_hh76
d192,d206_hh74
d192,d94_hh137
d192,d9_hh97
d192,d103_hh172
d192,d27_hh145
d192,d201_hh28
d192,d9_hh176
d192,d84_hh15
d192,d3_hh7
d192,d151_hh146
d192,d145_hh145
d192,d148_hh97
d192,d86_hh136
d192,d192_hh28
d192,d86_hh114
d192,d103_hh264
d192,d145_hh2
d192,d107_hh6
d192,d60_hh172
d192,d8_hh179
d192,d194_hh102
d192,d151_hh93
d192,d45_hh140
d192,d103_hh72
d192,d196_hh34
d192,d107_hh260
d192,d105_hh161
d192,d86_hh136
d192,d70_hh79
d192,d10_hh110
d192,d94_hh137
d192,d79_hh93
d192,d180_hh130
d192,d64_hh165
d192,d64_hh133
d192,d185_hh17
d192,d176_hh183
d192,d176_hh122
d192,d22_hh155
d192,d28_hh124
d192,d107_hh211
d192,d14_hh160
d192,d176_hh183
d192,d107_hh0
d192,d89_hh77
d192,d185_hh70
d192,d22_hh225
d192,d64_hh133
d192,d68_hh230
d192,d45_hh183
d192,d89_hh65
d192,d103_hh115
d192,d107_hh76
d192,d10_hh46
d192,d188_hh137
d192,d107_hh6
d192,d148_hh82
d192,d107_hh76
d192,d103_hh172
d192,d60_hh165
d192,d192_hh28
d192,d151_hh146
d192,d86_hh136
d192,d45_hh282
d192,d60_hh210
d192,d185_hh17
d192,d108_hh277
d192,d27_hh65
d192,d70_hh135
d192,d63_hh98
d192,d84_hh220
d192,d27_hh145
d192,d136_hh236
d192,d27_hh16
d192,d192_hh28
d192,d22_hh0
d192,d196_hh175
d192,d196_hh34
d192,d196_hh175
d192,d64_hh45
d192,d49_hh198
d192,d151_hh146
d192,d70_hh85
d192,d115_hh51
d192,d49_hh119
d192,d107_hh260
d192,d108_hh127
d192,d86_hh136
d192,d121_hh146
d192,d107_hh143
d192,d6_hh77
d192,d27_hh133
d192,d176_hh183
d192,d206_hh256
d192,d188_hh137
d192,d105_hh238
d192,d49_hh131
d192,d71_hh292
d192,d49_hh119
d192,d60_hh165
d192,d49_hh245
d192,d151_hh146
d192,d49_hh237
d192,d9_hh176
d192,d64_hh271
d192,d172_hh102
d192,d10_hh46
d192,d103_hh115
d192,d89_hh77
d192,d3_hh279
d192,d103_hh72
d192,d148_hh82
d192,d194_hh13
d192,d151_hh1
d192,d167_hh167
d192,d64_hh133
d192,d203_hh11
d192,d63_hh98
d192,d185_hh70
d192,d185_hh70
d192,d201_hh86
d192,d49_hh119
d192,d103_hh175
d192,d151_hh93
d192,d27_hh65
d192,d3_hh98
d192,d84_hh6
d192,d28_hh124
d192,d148_hh221
d192,d68_hh230
d192,d10_hh60
d192,d103_hh53
d192,d176_hh183
d192,d68_hh230
d192,d192_hh169
d192,d145_hh2
d192,d89_hh65
d192,d84_hh101
d192,d108_hh127
d192,d60_hh172
d192,d103_hh72
d192,d189_hh237
d192,d148_hh189
d192,d45_hh183
d192,d10_hh110
d192,d70_hh135
d192,d28_hh260
d192,d107_hh211
d192,d3_hh98
d192,d49_hh155
d192,d194_hh13
d192,d45_hh183
d192,d189_hh80
d192,d176_hh183
d192,d86_hh167
d192,d185_hh17
d192,d64_hh45
d192,d194_hh102
d192,d49_hh155
d192,d136_hh236
d192,d22_hh225
d192,d64_hh133
d192,d172_hh102
d192,d64_hh165
d192,d84_hh62
d192,d49_hh245
d192,d105_hh161
d192,d148_hh97
d192,d86_hh136
d192,d136_hh186
d192,d27_hh145
d192,d28_hh124
d192,d196_hh42
d192,d180_hh34
d192,d107_hh76
d192,d206_hh256
d192,d196_hh60
d192,d84_hh220
d192,d86_hh114
d192,d105_hh161
d192,d167_hh36
d192,d64_hh133
d192,d194_hh13
d192,d181_hh63
d192,d89_hh65
d192,d189_hh237
d192,d185_hh17
d192,d206_hh283
d192,d64_hh137
d192,d49_hh89
d192,d103_hh115
d192,d203_hh11
d192,d151_hh194
d192,d103_hh72
d192,d27_hh133
d192,d196_hh175
d192,d71_hh292
d192,d203_hh11
d192,d8_hh179
d192,d180_hh34
d192,d144_hh235
d192,d64_hh137
d192,d145_hh145
d192,d86_hh70
d192,d185_hh70
d192,d176_hh122
d192,d63_hh157
d192,d189_hh237
d192,d9_hh176
d192,d84_hh220
d192,d68_hh230
d192,d103_hh89
d192,d201_hh28
d192,d49_hh198
d192,d86_hh70
d192,d27_hh145
d192,d22_hh155
d192,d180_hh130
d192,d45_hh9
d192,d70_hh85
d192,d145_hh145
d192,d192_hh169
d192,d86_hh114
d192,d151_hh93
d192,d45_hh183
d192,d107_hh260
d192,d181_hh59
d192,d79_hh93
d192,d192_hh0
d192,d203_hh11
d192,d89_hh77
d192,d180_hh130
d192,d9_hh176
d192,d103_hh264
d192,d167_hh36
d192,d145_hh212
d192,d64_hh133
d192,d192_hh159
d192,d148_hh98
d192,d103_hh72
d192,d167_hh41
d192,d6_hh77
d192,d148_hh189
d192,d49_hh245
d192,d64_hh137
d192,d84_hh220
d192,d6_hh77
d192,d196_hh60
d192,d185_hh17
d192,d172_hh1
d192,d206_hh188
d192,d188_hh137
d192,d144_hh235
d192,d108_hh40
d192,d84_hh62
d193,d69_hh240
d193,d56_hh4
d193,d33_hh58
d193,d161_hh203
d193,d42_hh88
d193,d34_hh77
d193,d39_hh99
d193,d4_hh202
d193,d169_hh199
d193,d184_hh238
d193,d26_hh40
d193,d102_hh201
d193,d191_hh246
d193,d39_hh67
d193,d199_hh71
d193,d42_hh202
d193,d93_hh18
d193,d213_hh2
d193,d208_hh168
d193,d16_hh294
d193,d178_hh191
d193,d111_hh131
d193,d54_hh189
d193,d2_hh151
d193,d162_hh47
d193,d123_hh160
d193,d128_hh246
d193,d85_hh110
d193,d182_hh226
d193,d130_hh142
d193,d166_hh239
d193,d195_hh19
d193,d44_hh164
d193,d130_hh142
d193,d38_hh165
d193,d114_hh47
d193,d147_hh169
d193,d80_hh186
d193,d57_hh166
d193,d101_hh155
d193,d29_hh131
d193,d155_hh148
d193,d66_hh213
d193,d85_hh110
d193,d132_hh46
d193,d213_hh62
d193,d199_hh49
d193,d98_hh100
d193,d75_hh102
d193,d120_hh269
d193,d166_hh150
d193,d29_hh85
d193,d138_hh83
d193,d55_hh94
d193,d213_hh178
d193,d110_hh252
d193,d131_hh180
d193,d174_hh42
d193,d95_hh201
d193,d128_hh126
d193,d198_hh188
d193,d134_hh223
d193,d122_hh144
d193,d213_hh178
d193,d59_hh112
d193,d61_hh41
d193,d55_hh94
d193,d141_hh128
d193,d35_hh2
d193,d23_hh93
d193,d11_hh53
d193,d30_hh267
d193,d166_hh164
d193,d56_hh174
d193,d174_hh24
d193,d53_hh147
d193,d66_hh207
d193,d15_hh186
d193,d34_hh160
d193,d100_hh63
d193,d187_hh42
d193,d75_hh25
d193,d182_hh39
d193,d42_hh58
d193,d54_hh189
d193,d15_hh22
d193,d213_hh247
d193,d138_hh82
d193,d104_hh175
d193,d178_hh272
d193,d126_hh263
d193,d173_hh262
d193,d182_hh229
d193,d132_hh188
d193,d39_hh154
d193,d138_hh150
d193,d104_hh58
d193,d101_hh155
d193,d158_hh239
d193,d123_hh106
d193,d210_hh200
d193,d187_hh42
d193,d214_hh47
d193,d170_hh130
d193,d83_hh153
d193,d164_hh123
d193,d169_hh190
d193,d213_hh125
d193,d78_hh223
d193,d104_hh175
d193,d193_hh138
d193,d155_hh18
d193,d100_hh48
d193,d131_hh24
d193,d174_hh242
d193,d202_hh264
d193,d83_hh117
d193,d184_hh238
d193,d187_hh42
d193,d118_hh173
d193,d123_hh160
d193,d24_hh92
d193,d137_hh119
d193,d39_hh154
d193,d46_hh12
d193,d17_hh210
d193,d198_hh152
d193,d214_hh210
d193,d4_hh80
d193,d175_hh52
d193,d13_hh58
d193,d34_hh160
d193,d114_hh66
d193,d83_hh153
d193,d102_hh242
d193,d155_hh151
d193,d91_hh178
d193,d29_hh131
d193,d137_hh106
d193,d16_hh287
d193,d104_hh175
d193,d16_hh294
d193,d119_hh177
d193,d155_hh210
d193,d118_hh173
d193,d214_hh70
d193,d195_hh47
d193,d2_hh151
d193,d155_hh18
d193,d31_hh34
d193,d169_hh190
d193,d178_hh173
d193,d23_hh93
d193,d143_hh28
d193,d35_hh2
d193,d166_hh239
d193,d161_hh21
d193,d122_hh144
d193,d182_hh229
d193,d175_hh52
d193,d72_hh42
d193,d133_hh135
d193,d199_hh180
d193,d20_hh166
d193,d213_hh125
d193,d209_hh219
d193,d42_hh88
d193,d184_hh238
d193,d90_hh207
d193,d75_hh216
d193,d77_hh123
d193,d213_hh62
d193,d75_hh102
d193,d119_hh64
d193,d123_hh129
d193,d48_hh118
d193,d16_hh294
d193,d83_hh117
d193,d46_hh12
d193,d75_hh216
d193,d160_hh0
d193,d66_hh213
d193,d195_hh47
d193,d74_hh142
d193,d75_hh264
d193,d15_hh80
d193,d57_hh286
d193,d2_hh180
d193,d170_hh117
d193,d209_hh254
d193,d193_hh85
d193,d128_hh126
d193,d90_hh207
d193,d75_hh264
d193,d54_hh57
d193,d46_hh194
d193,d158_hh107
d193,d174_hh24
d193,d53_hh3
d193,d214_hh41
d193,d34_hh77
d193,d129_hh122
d193,d36_hh226
d193,d59_hh184
d193,d197_hh151
d193,d126_hh263
d193,d119_hh64
d193,d122_hh159
d193,d191_hh246
d193,d171_hh23
d193,d75_hh25
d193,d17_hh210
d193,d104_hh58
d193,d43_hh125
d193,d193_hh138
d193,d205_hh196
d193,d36_hh94
d193,d178_hh191
d193,d99_hh225
d193,d83_hh76
d193,d173_hh163
d193,d31_hh34
d193,d30_hh130
d193,d30_hh130
d193,d200_hh261
d193,d171_hh88
d193,d174_hh213
d193,d178_hh191
d193,d100_hh91
d193,d98_hh223
d193,d169_hh190
d193,d209_hh244
d193,d2_hh68
d193,d198_hh188
d193,d83_hh117
d193,d56_hh4
d193,d74_hh142
d193,d149_hh1
d193,d56_hh4
d193,d150_hh207
d193,d209_hh254
d193,d209_hh159
d193,d199_hh49
d193,d150_hh203
d193,d20_hh166
d193,d158_hh239
d193,d147_hh43
d193,d155_hh210
d193,d213_hh2
d193,d98_hh245
d193,d4_hh65
d193,d11_hh53
d193,d164_hh123
d193,d166_hh24
d193,d42_hh185
d193,d131_hh102
d193,d213_hh211
d193,d46_hh12
d193,d161_hh203
d193,d55_hh94
d193,d133_hh135
d193,d207_hh219
d193,d199_hh49
d193,d15_hh22
d193,d51_hh231
d193,d164_hh122
d193,d43_hh125
d193,d213_hh247
d193,d158_hh107
d193,d125_hh3
d193,d182_hh226
d193,d152_hh168
d193,d42_hh88
d193,d161_hh203
d193,d46_hh12
d193,d155_hh210
d193,d100_hh48
d193,d75_hh102
d193,d193_hh248
d193,d40_hh200
d193,d39_hh154
d193,d98_hh245
d193,d17_hh12
d195,d161_hh203
d195,d75_hh25
d195,d159_hh64
d195,d177_hh163
d195,d178_hh58
d195,d4_hh65
d195,d85_hh184
d195,d88_hh195
d195,d209_hh219
d195,d42_hh185
d195,d187_hh7
d195,d158_hh107
d195,d50_hh272
d195,d119_hh64
d195,d56_hh262
d195,d109_hh88
d195,d213_hh125
d195,d208_hh253
d195,d200_hh102
d195,d187_hh42
d195,d61_hh41
d195,d204_hh56
d195,d66_hh207
d195,d50_hh249
d195,d213_hh252
d195,d199_hh180
d195,d123_hh119
d195,d42_hh202
d195,d42_hh19
d195,d208_hh168
d195,d16_hh294
d195,d141_hh128
d195,d195_hh19
d195,d95_hh56
d195,d198_hh152
d195,d110_hh193
d195,d195_hh109
d195,d62_hh22
d195,d75_hh25
d195,d75_hh227
d195,d149_hh1
d195,d126_hh207
d195,d75_hh102
d195,d195_hh19
d195,d82_hh154
d195,d41_hh150
d195,d170_hh117
d195,d210_hh142
d195,d23_hh233
d195,d54_hh44
d195,d75_hh25
d195,d162_hh213
d195,d40_hh200
d195,d130_hh142
d195,d62_hh98
d195,d78_hh39
d195,d199_hh180
d195,d101_hh129
d195,d61_hh41
d195,d50_hh272
d195,d214_hh70
d195,d132_hh188
d195,d179_hh1
d195,d199_hh49
d195,d13_hh58
d195,d46_hh53
d195,d205_hh196
d195,d213_hh252
d195,d141_hh129
d195,d97_hh156
d195,d207_hh219
d195,d98_hh100
d195,d132_hh44
d195,d74_hh243
d195,d102_hh201
d195,d54_hh61
d195,d210_hh200
d195,d178_hh157
d195,d102_hh200
d195,d175_hh52
d195,d193_hh138
d195,d169_hh225
d195,d110_hh252
d195,d87_hh156
d195,d42_hh19
d195,d204_hh239
d195,d4_hh80
d195,d106_hh207
d195,d2_hh180
d195,d13_hh58
d195,d125_hh135
d195,d4_hh65
d195,d178_hh157
d195,d65_hh29
d195,d93_hh18
d195,d106_hh207
d195,d169_hh225
d195,d36_hh226
d195,d199_hh49
d195,d132_hh188
d195,d118_hh244
d195,d41_hh163
d195,d193_hh85
d195,d214_hh47
d195,d35_hh263
d195,d155_hh210
d195,d57_hh216
d195,d178_hh134
d195,d16_hh294
d195,d20_hh166
d195,d19_hh130
d195,d182_hh229
d195,d44_hh38
d195,d56_hh174
d195,d21_hh90
d195,d135_hh2
d195,d101_hh129
d195,d135_hh17
d195,d21_hh97
d195,d96_hh110
d195,d178_hh58
d195,d170_hh130
d195,d159_hh183
d195,d100_hh63
d195,d100_hh145
d195,d182_hh229
d195,d18_hh137
d195,d195_hh19
d195,d209_hh149
d195,d41_hh150
d195,d91_hh199
d195,d202_hh264
d195,d57_hh286
d195,d31_hh139
d195,d198_hh136
d195,d39_hh67
d195,d210_hh142
d195,d95_hh205
d195,d131_hh174
d195,d46_hh69
d195,d83_hh204
d195,d41_hh206
d195,d147_hh169
d195,d85_hh184
d195,d118_hh244
d195,d57_hh250
d195,d160_hh88
d195,d18_hh227
d195,d152_hh29
d195,d122_hh16
d195,d209_hh244
d195,d173_hh262
d195,d128_hh246
d195,d154_hh2
d195,d98_hh223
d195,d29_hh85
d195,d15_hh210
d195,d171_hh71
d195,d85_hh184
d195,d182_hh229
d195,d59_hh184
d195,d46_hh245
d195,d179_hh1
d195,d15_hh264
d195,d29_hh243
d195,d177_hh163
d195,d4_hh80
d195,d31_hh34
d195,d66_hh213
d195,d21_hh97
d195,d30_hh267
d195,d50_hh7
d195,d98_hh84
d195,d66_hh213
d195,d197_hh151
d195,d213_hh247
d195,d96_hh145
d195,d29_hh85
d195,d72_hh208
d195,d177_hh163
d195,d184_hh238
d195,d16_hh287
d195,d197_hh151
d195,d57_hh250
d195,d125_hh135
d195,d128_hh246
d195,d42_hh88
d195,d171_hh71
d195,d118_hh244
d195,d67_hh15
d195,d4_hh202
d195,d34_hh77
d195,d38_hh165
d195,d199_hh180
d195,d187_hh61
d195,d143_hh28
d195,d57_hh16
d195,d123_hh106
d195,d119_hh210
d195,d83_hh117
d195,d159_hh64
d195,d195_hh109
d195,d16_hh294
d195,d4_hh29
d195,d161_hh203
d195,d30_hh130
d195,d169_hh225
d195,d102_hh179
d195,d164_hh123
d195,d214_hh47
d195,d139_hh214
d195,d51_hh231
d195,d24_hh92
d195,d131_hh102
d195,d91_hh138
d195,d2_hh180
d195,d17_hh210
d195,d131_hh180
d195,d149_hh107
d195,d85_hh144
d195,d114_hh66
d195,d138_hh150
d195,d51_hh231
d195,d30_hh267
d195,d182_hh226
d195,d17_hh106
d195,d125_hh3
d195,d158_hh136
d195,d137_hh119
d195,d54_hh222
d195,d122_hh144
d195,d23_hh204
d195,d202_hh264
d195,d132_hh188
d195,d62_hh98
d195,d57_hh286
d195,d164_hh122
d195,d128_hh246
d195,d82_hh154
d195,d207_hh219
d195,d123_hh106
d195,d178_hh134
d195,d57_hh166
d195,d2_hh180
d195,d158_hh239
d195,d158_hh136
d195,d128_hh126
d195,d15_hh103
d195,d43_hh125
d195,d56_hh174
d195,d75_hh227
d195,d75_hh264
d195,d46_hh245
d195,d90_hh233
d195,d50_hh217
d195,d41_hh206
d195,d80_hh186
d195,d54_hh61
d197,d102_hh201
d197,d126_hh167
d197,d118_hh244
d197,d4_hh80
d197,d122_hh159
d197,d16_hh287
d197,d191_hh246
d197,d117_hh11
d197,d73_hh184
d197,d62_hh251
d197,d62_hh98
d197,d129_hh122
d197,d155_hh148
d197,d111_hh227
d197,d178_hh157
d197,d44_hh38
d197,d155_hh210
d197,d143_hh241
d197,d209_hh11
d197,d118_hh173
d197,d199_hh49
d197,d200_hh102
d197,d75_hh102
d197,d214_hh41
d197,d59_hh243
d197,d66_hh207
d197,d128_hh28
d197,d52_hh115
d197,d174_hh213
d197,d125_hh135
d197,d114_hh66
d197,d4_hh87
d197,d30_hh58
d197,d43_hh125
d197,d117_hh74
d197,d131_hh24
d197,d15_hh210
d197,d39_hh99
d197,d198_hh188
d197,d42_hh202
d197,d143_hh241
d197,d87_hh245
d197,d204_hh56
d197,d143_hh28
d197,d210_hh200
d197,d160_hh0
d197,d31_hh34
d197,d42_hh185
d197,d2_hh151
d197,d52_hh165
d197,d15_hh103
d197,d114_hh47
d197,d59_hh112
d197,d158_hh136
d197,d15_hh22
d197,d98_hh177
d197,d119_hh222
d197,d15_hh80
d197,d123_hh84
d197,d53_hh3
d197,d73_hh184
d197,d98_hh223
d197,d67_hh15
d197,d214_hh41
d197,d138_hh150
d197,d4_hh80
d197,d200_hh77
d197,d83_hh76
d197,d93_hh66
d197,d147_hh169
d197,d209_hh149
d197,d161_hh203
d197,d128_hh126
d197,d51_hh231
d197,d164_hh123
d197,d161_hh21
d197,d51_hh151
d197,d200_hh21
d197,d162_hh213
d197,d129_hh122
d197,d119_hh64
d197,d204_hh56
d197,d54_hh152
d197,d165_hh94
d197,d187_hh42
d197,d50_hh272
d197,d40_hh152
d197,d193_hh138
d197,d182_hh226
d197,d132_hh188
d197,d34_hh77
d197,d138_hh82
d197,d140_hh85
d197,d119_hh64
d197,d15_hh103
d197,d61_hh155
d197,d182_hh229
d197,d91_hh138
d197,d54_hh57
d197,d54_hh44
d197,d213_hh247
d197,d170_hh117
d197,d75_hh53
d197,d152_hh168
d197,d158_hh107
d197,d214_hh70
d197,d4_hh87
d197,d135_hh17
d197,d95_hh164
d197,d125_hh135
d197,d104_hh175
d197,d170_hh130
d197,d204_hh239
d197,d91_hh199
d197,d77_hh123
d197,d95_hh205
d197,d54_hh222
d197,d74_hh243
d197,d187_hh0
d197,d42_hh185
d197,d42_hh88
d197,d175_hh52
d197,d110_hh252
d197,d171_hh88
d197,d120_hh248
d197,d80_hh186
d197,d66_hh240
d197,d18_hh227
d197,d104_hh58
d197,d147_hh54
d197,d120_hh248
d197,d67_hh15
d197,d46_hh245
d197,d209_hh149
d197,d54_hh44
d197,d209_hh219
d197,d18_hh227
d197,d87_hh156
d197,d166_hh24
d197,d155_hh210
d197,d43_hh125
d197,d99_hh225
d197,d20_hh166
d197,d126_hh263
d197,d30_hh267
d197,d52_hh33
d197,d182_hh39
d197,d39_hh67
d197,d173_hh163
d197,d99_hh225
d197,d20_hh166
d197,d123_hh129
d197,d42_hh19
d197,d164_hh123
d197,d38_hh165
d197,d62_hh98
d197,d163_hh213
d197,d135_hh17
d197,d155_hh151
d197,d207_hh219
d197,d65_hh242
d197,d90_hh207
d197,d138_hh150
d197,d120_hh248
d197,d166_hh150
d197,d106_hh207
d197,d4_hh80
d197,d43_hh125
d197,d147_hh169
d197,d141_hh128
d197,d191_hh246
d197,d57_hh286
d197,d207_hh191
d197,d11_hh128
d197,d213_hh247
d197,d65_hh29
d197,d119_hh222
d197,d123_hh104
d197,d198_hh188
d197,d96_hh110
d197,d213_hh2
d197,d78_hh223
d197,d202_hh90
d197,d164_hh123
d197,d182_hh195
d197,d122_hh159
d197,d133_hh135
d197,d205_hh196
d197,d213_hh211
d197,d131_hh24
d197,d41_hh163
d197,d138_hh82
d197,d170_hh130
d197,d75_hh264
d197,d67_hh15
d197,d132_hh76
d197,d75_hh25
d197,d147_hh54
d197,d170_hh130
d197,d38_hh159
d197,d83_hh193
d197,d165_hh107
d197,d195_hh47
d197,d149_hh107
d197,d119_hh95
d197,d123_hh57
d197,d62_hh259
d197,d42_hh185
d197,d129_hh122
d197,d15_hh76
d197,d182_hh149
d197,d161_hh203
d197,d62_hh259
d197,d164_hh122
d197,d155_hh210
d197,d74_hh107
d197,d170_hh130
d197,d54_hh61
d197,d124_hh40
d197,d41_hh71
d197,d137_hh106
d197,d97_hh156
d197,d96_hh145
d197,d120_hh248
d197,d39_hh99
d197,d17_hh213
d197,d205_hh196
d197,d50_hh217
d197,d123_hh119
d197,d54_hh44
d197,d85_hh110
d197,d209_hh254
d197,d17_hh210
d197,d200_hh77
d197,d118_hh244
d197,d118_hh244
d197,d214_hh47
d197,d213_hh62
d197,d83_hh204
d197,d195_hh47
d197,d44_hh164
d197,d117_hh11
d197,d2_hh217
d197,d182_hh149
d197,d204_hh239
d197,d166_hh164
d197,d198_hh188
d197,d120_hh161
d197,d78_hh39
d197,d129_hh122
d197,d61_hh155
d197,d147_hh43
d197,d15_hh103
d197,d104_hh58
d197,d100_hh63
d197,d132_hh188
d197,d62_hh251
d197,d91_hh178
d197,d57_hh286
d197,d95_hh56
d197,d204_hh239
d197,d75_hh227
d197,d74_hh257
d197,d42_hh58
d197,d204_hh87
d197,d39_hh66
d197,d54_hh218
d197,d98_hh223
d197,d102_hh179
d197,d83_hh117
d197,d98_hh177
d197,d123_hh106
d197,d57_hh207
d197,d171_hh88
d197,d135_hh2
d197,d39_hh154
d197,d147_hh54
d197,d15_hh80
d197,d118_hh244
d197,d98_hh100
d197,d102_hh179
d194,d136_hh236
d194,d3_hh7
d194,d145_hh145
d194,d64_hh271
d194,d49_hh131
d194,d60_hh210
d194,d108_hh40
d194,d176_hh183
d194,d68_hh230
d194,d22_hh0
d194,d107_hh42
d194,d70_hh85
d194,d108_hh277
d194,d3_hh279
d194,d68_hh230
d194,d108_hh40
d194,d3_hh7
d194,d27_hh16
d194,d70_hh243
d194,d70_hh243
d194,d181_hh59
d194,d115_hh85
d194,d115_hh51
d194,d105_hh238
d194,d176_hh122
d194,d148_hh82
d194,d27_hh16
d194,d211_hh181
d194,d3_hh7
d194,d194_hh13
d194,d25_hh250
d194,d167_hh167
d194,d192_hh159
d194,d25_hh250
d194,d136_hh236
d194,d108_hh195
d194,d107_hh42
d194,d70_hh243
d194,d22_hh0
d194,d28_hh260
d194,d49_hh149
d194,d206_hh151
d194,d107_hh0
d194,d192_hh0
d194,d70_hh135
d194,d103_hh264
d194,d108_hh127
d194,d201_hh21
d194,d14_hh160
d194,d9_hh56
d194,d192_hh159
d194,d27_hh16
d194,d45_hh140
d194,d63_hh98
d194,d86_hh136
d194,d8_hh179
d194,d105_hh238
d194,d167_hh41
d194,d27_hh16
d194,d115_hh51
d194,d167_hh120
d194,d107_hh211
d194,d194_hh102
d194,d212_hh78
d194,d121_hh238
d194,d8_hh179
d194,d60_hh172
d194,d105_hh48
d194,d167_hh167
d194,d176_hh122
d194,d70_hh79
d194,d68_hh230
d194,d79_hh182
d194,d144_hh285
d194,d115_hh51
d194,d89_hh65
d194,d22_hh219
d194,d22_hh0
d194,d188_hh98
d194,d188_hh98
d194,d86_hh70
d194,d70_hh79
d194,d194_hh224
d194,d64_hh69
d194,d49_hh89
d194,d64_hh137
d194,d108_hh40
d194,d60_hh172
d194,d94_hh137
d194,d105_hh161
d194,d86_hh70
d194,d211_hh181
d194,d212_hh78
d194,d86_hh136
d194,d63_hh98
d194,d14_hh160
d194,d176_hh239
d194,d60_hh210
d194,d63_hh157
d194,d144_hh285
d194,d151_hh146
d194,d115_hh85
d194,d84_hh220
d194,d206_hh151
d194,d196_hh34
d194,d28_hh260
d194,d201_hh86
d194,d3_hh7
d194,d86_hh136
d194,d167_hh120
d194,d27_hh65
d194,d84_hh220
d194,d94_hh178
d194,d27_hh65
d194,d84_hh15
d194,d27_hh16
d194,d103_hh264
d194,d14_hh160
d194,d64_hh45
d194,d86_hh114
d194,d28_hh260
d194,d8_hh179
d194,d206_hh188
d194,d22_hh219
d194,d3_hh98
d194,d181_hh267
d194,d22_hh219
d194,d188_hh98
d194,d194_hh224
d194,d49_hh237
d194,d94_hh178
d194,d194_hh224
d194,d121_hh238
d194,d70_hh243
d194,d108_hh195
d194,d107_hh0
d194,d63_hh98
d194,d151_hh194
d194,d60_hh210
d194,d206_hh256
d194,d194_hh13
d194,d8_hh179
d194,d70_hh79
d194,d60_hh210
d194,d148_hh97
d194,d136_hh236
d194,d49_hh131
d194,d79_hh76
d194,d144_hh285
d194,d64_hh45
d194,d136_hh186
d194,d201_hh28
d194,d115_hh85
d194,d86_hh70
d194,d181_hh59
d194,d71_hh169
d194,d192_hh169
d194,d68_hh230
d194,d181_hh63
d194,d86_hh114
d194,d144_hh285
d194,d49_hh149
d194,d3_hh7
d194,d153_hh185
d194,d49_hh237
d194,d71_hh169
d194,d71_hh152
d194,d136_hh186
d194,d68_hh230
d194,d10_hh46
d194,d70_hh85
d194,d103_hh172
d194,d136_hh236
d194,d144_hh285
d194,d84_hh220
d194,d145_hh212
d194,d105_hh238
d194,d107_hh260
d194,d86_hh167
d194,d180_hh34
d194,d64_hh69
d194,d108_hh40
d194,d211_hh181
d194,d22_hh219
d194,d64_hh69
d194,d103_hh264
d194,d115_hh85
d194,d167_hh36
d194,d107_hh260
d194,d151_hh146
d194,d148_hh221
d194,d86_hh70
d194,d45_hh183
d194,d108_hh35
d194,d10_hh60
d194,d70_hh243
d194,d105_hh48
d194,d136_hh186
d194,d9_hh97
d194,d22_hh0
d194,d115_hh51
d194,d167_hh120
d194,d70_hh243
d194,d176_hh239
d194,d60_hh172
d194,d201_hh28
d194,d70_hh85
d194,d27_hh133
d194,d64_hh137
d194,d10_hh110
d194,d27_hh65
d194,d107_hh76
d194,d115_hh85
d194,d194_hh13
d194,d145_hh145
d194,d211_hh181
d194,d108_hh35
d194,d25_hh250
d194,d115_hh85
d194,d203_hh30
d194,d115_hh85
d194,d148_hh82
d194,d108_hh35
d194,d157_hh104
d194,d115_hh2
d194,d153_hh185
d194,d10_hh46
d194,d64_hh45
d194,d107_hh76
d194,d70_hh79
d194,d105_hh238
d194,d212_hh78
d194,d206_hh151
d194,d194_hh13
d194,d206_hh151
d194,d70_hh85
d194,d136_hh236
d194,d64_hh137
d194,d3_hh7
d194,d115_hh85
d194,d105_hh48
d194,d196_hh42
d194,d49_hh245
d194,d196_hh60
d194,d196_hh34
d194,d167_hh36
d194,d68_hh230
d194,d86_hh70
d194,d144_hh285
d194,d64_hh133
d194,d151_hh207
d194,d148_hh189
d194,d103_hh264
d194,d196_hh34
d194,d107_hh76
d194,d49_hh237
d194,d64_hh271
d194,d68_hh230
d194,d196_hh175
d194,d71_hh169
d194,d9_hh56
d194,d181_hh59
d194,d22_hh0
d194,d70_hh243
d194,d10_hh60
d194,d167_hh36
d194,d3_hh7
d194,d107_hh42
d194,d136_hh236
d194,d136_hh236
d194,d189_hh237
d194,d86_hh136
d194,d176_hh122
d198,d83_hh153
d198,d75_hh216
d198,d110_hh193
d198,d2_hh217
d198,d130_hh142
d198,d197_hh151
d198,d17_hh213
d198,d39_hh154
d198,d98_hh223
d198,d62_hh251
d198,d159_hh183
d198,d128_hh126
d198,d147_hh169
d198,d214_hh41
d198,d31_hh127
d198,d75_hh227
d198,d19_hh130
d198,d114_hh47
d198,d213_hh62
d198,d40_hh152
d198,d41_hh71
d198,d120_hh248
d198,d147_hh54
d198,d149_hh107
d198,d39_hh99
d198,d199_hh180
d198,d85_hh144
d198,d100_hh145
d198,d134_hh270
d198,d128_hh28
d198,d187_hh42
d198,d55_hh254
d198,d102_hh179
d198,d118_hh173
d198,d208_hh168
d198,d204_hh239
d198,d159_hh183
d198,d120_hh248
d198,d117_hh140
d198,d97_hh156
d198,d83_hh76
d198,d80_hh106
d198,d41_hh71
d198,d39_hh66
d198,d120_hh248
d198,d29_hh85
d198,d213_hh178
d198,d195_hh109
d198,d100_hh145
d198,d34_hh77
d198,d119_hh177
d198,d204_hh239
d198,d193_hh248
d198,d29_hh243
d198,d24_hh176
d198,d56_hh174
d198,d175_hh131
d198,d200_hh21
d198,d2_hh151
d198,d31_hh34
d198,d30_hh267
d198,d118_hh173
d198,d87_hh156
d198,d166_hh164
d198,d187_hh7
d198,d75_hh25
d198,d209_hh254
d198,d178_hh134
d198,d95_hh201
d198,d155_hh148
d198,d21_hh105
d198,d158_hh107
d198,d23_hh233
d198,d2_hh173
d198,d2_hh180
d198,d186_hh185
d198,d159_hh183
d198,d57_hh250
d198,d133_hh241
d198,d164_hh123
d198,d16_hh287
d198,d137_hh119
d198,d20_hh166
d198,d123_hh106
d198,d81_hh89
d198,d164_hh123
d198,d61_hh155
d198,d140_hh85
d198,d143_hh241
d198,d11_hh53
d198,d147_hh43
d198,d122_hh144
d198,d177_hh163
d198,d85_hh110
d198,d51_hh231
d198,d53_hh147
d198,d59_hh251
d198,d4_hh29
d198,d207_hh219
d198,d117_hh74
d198,d50_hh249
d198,d202_hh205
d198,d59_hh112
d198,d166_hh164
d198,d53_hh147
d198,d109_hh67
d198,d169_hh216
d198,d174_hh24
d198,d73_hh184
d198,d209_hh11
d198,d50_hh217
d198,d48_hh118
d198,d175_hh52
d198,d213_hh178
d198,d131_hh205
d198,d15_hh210
d198,d99_hh225
d198,d177_hh163
d198,d61_hh155
d198,d193_hh138
d198,d93_hh18
d198,d59_hh112
d198,d213_hh2
d198,d131_hh205
d198,d122_hh16
d198,d209_hh159
d198,d59_hh112
d198,d149_hh1
d198,d23_hh21
d198,d161_hh203
d198,d17_hh213
d198,d36_hh94
d198,d66_hh213
d198,d102_hh242
d198,d50_hh249
d198,d41_hh163
d198,d114_hh47
d198,d128_hh126
d198,d174_hh242
d198,d143_hh241
d198,d15_hh264
d198,d198_hh136
d198,d120_hh248
d198,d43_hh125
d198,d114_hh219
d198,d173_hh163
d198,d15_hh80
d198,d120_hh161
d198,d74_hh243
d198,d129_hh122
d198,d96_hh110
d198,d162_hh213
d198,d131_hh180
d198,d85_hh110
d198,d39_hh99
d198,d214_hh47
d198,d80_hh186
d198,d117_hh74
d198,d39_hh67
d198,d69_hh240
d198,d135_hh2
d198,d163_hh145
d198,d73_hh242
d198,d46_hh245
d198,d23_hh156
d198,d75_hh102
d198,d48_hh118
d198,d15_hh186
d198,d31_hh139
d198,d169_hh225
d198,d11_hh53
d198,d54_hh57
d198,d31_hh34
d198,d202_hh90
d198,d39_hh66
d198,d52_hh165
d198,d101_hh129
d198,d95_hh164
d198,d138_hh150
d198,d213_hh62
d198,d158_hh86
d198,d81_hh89
d198,d26_hh40
d198,d30_hh130
d198,d186_hh185
d198,d87_hh156
d198,d187_hh7
d198,d24_hh92
d198,d56_hh4
d198,d41_hh71
d198,d132_hh76
d198,d81_hh89
d198,d38_hh159
d198,d119_hh24
d198,d98_hh223
d198,d191_hh246
d198,d158_hh86
d198,d165_hh107
d198,d85_hh144
d198,d209_hh254
d198,d82_hh154
d198,d78_hh223
d198,d95_hh201
d198,d214_hh47
d198,d113_hh175
d198,d200_hh102
d198,d162_hh47
d198,d112_hh8
d198,d85_hh184
d198,d126_hh4
d198,d128_hh126
d198,d106_hh207
d198,d141_hh129
d198,d132_hh76
d198,d120_hh269
d198,d191_hh246
d198,d48_hh118
d198,d42_hh88
d198,d4_hh65
d198,d53_hh147
d198,d19_hh38
d198,d54_hh44
d198,d178_hh58
d198,d91_hh199
d198,d31_hh127
d198,d208_hh168
d198,d175_hh131
d198,d118_hh173
d198,d110_hh252
d198,d214_hh41
d198,d161_hh185
d198,d62_hh22
d198,d184_hh238
d198,d187_hh0
d198,d102_hh242
d198,d38_hh159
d198,d131_hh102
d198,d209_hh254
d198,d55_hh94
d198,d171_hh23
d198,d30_hh267
d198,d31_hh34
d198,d88_hh195
d198,d123_hh57
d198,d39_hh66
d198,d106_hh207
d198,d91_hh90
d198,d143_hh28
d198,d41_hh71
d198,d23_hh21
d198,d29_hh85
d198,d177_hh145
d198,d26_hh40
d198,d59_hh112
d198,d164_hh122
d198,d125_hh3
d198,d48_hh118
d198,d4_hh65
d198,d182_hh195
d198,d38_hh165
d198,d160_hh0
d198,d123_hh84
d198,d138_hh150
d198,d75_hh25
d198,d88_hh195
d198,d137_hh106
d198,d4_hh202
d198,d67_hh15
d198,d169_hh216
d198,d15_hh80
d198,d134_hh270
d198,d50_hh7
d198,d195_hh109
d208,d195_hh47
d208,d170_hh117
d208,d2_hh287
d208,d131_hh102
d208,d82_hh154
d208,d187_hh0
d208,d178_hh134
d208,d174_hh24
d208,d56_hh174
d208,d187_hh7
d208,d118_hh244
d208,d214_hh47
d208,d182_hh39
d208,d104_hh116
d208,d120_hh161
d208,d199_hh49
d208,d75_hh264
d208,d169_hh216
d208,d2_hh180
d208,d187_hh7
d208,d62_hh259
d208,d78_hh223
d208,d90_hh151
d208,d54_hh61
d208,d174_hh24
d208,d149_hh107
d208,d82_hh154
d208,d178_hh134
d208,d120_hh269
d208,d134_hh270
d208,d158_hh136
d208,d117_hh74
d208,d198_hh188
d208,d78_hh39
d208,d214_hh41
d208,d62_hh98
d208,d82_hh154
d208,d31_hh139
d208,d98_hh177
d208,d88_hh36
d208,d158_hh136
d208,d19_hh38
d208,d95_hh56
d208,d21_hh105
d208,d178_hh173
d208,d204_hh87
d208,d149_hh1
d208,d147_hh169
d208,d119_hh177
d208,d100_hh48
d208,d204_hh239
d208,d66_hh18
d208,d122_hh159
d208,d29_hh131
d208,d155_hh151
d208,d209_hh254
d208,d200_hh261
d208,d100_hh145
d208,d40_hh152
d208,d208_hh240
d208,d106_hh207
d208,d93_hh18
d208,d143_hh241
d208,d91_hh21
d208,d213_hh2
d208,d195_hh19
d208,d39_hh154
d208,d184_hh238
d208,d88_hh36
d208,d207_hh219
d208,d31_hh139
d208,d75_hh102
d208,d16_hh294
d208,d177_hh163
d208,d21_hh97
d208,d154_hh2
d208,d29_hh131
d208,d132_hh188
d208,d213_hh252
d208,d166_hh150
d208,d139_hh214
d208,d100_hh48
d208,d138_hh82
d208,d170_hh117
d208,d123_hh84
d208,d169_hh199
d208,d38_hh159
d208,d204_hh239
d208,d138_hh150
d208,d164_hh123
d208,d178_hh191
d208,d104_hh58
d208,d74_hh142
d208,d100_hh145
d208,d15_hh210
d208,d46_hh245
d208,d15_hh210
d208,d65_hh29
d208,d123_hh129
d208,d67_hh15
d208,d166_hh164
d208,d44_hh164
d208,d187_hh61
d208,d104_hh116
d208,d104_hh58
d208,d161_hh185
d208,d24_hh176
d208,d126_hh263
d208,d131_hh174
d208,d4_hh29
d208,d54_hh222
d208,d98_hh177
d208,d93_hh66
d208,d209_hh159
d208,d75_hh264
d208,d118_hh244
d208,d123_hh57
d208,d75_hh216
d208,d158_hh107
d208,d208_hh253
d208,d187_hh7
d208,d83_hh193
d208,d161_hh203
d208,d91_hh21
d208,d163_hh145
d208,d11_hh53
d208,d113_hh175
d208,d123_hh106
d208,d202_hh264
d208,d138_hh150
d208,d199_hh49
d208,d143_hh28
d208,d175_hh52
d208,d57_hh16
d208,d150_hh207
d208,d15_hh103
d208,d30_hh130
d208,d61_hh155
d208,d56_hh4
d208,d161_hh203
d208,d52_hh165
d208,d166_hh150
d208,d66_hh207
d208,d161_hh185
d208,d173_hh262
d208,d195_hh47
d208,d161_hh203
d208,d15_hh76
d208,d41_hh71
d208,d35_hh2
d208,d46_hh245
d208,d40_hh200
d208,d90_hh151
d208,d202_hh264
d208,d133_hh111
d208,d80_hh186
d208,d91_hh21
d208,d35_hh2
d208,d120_hh248
d208,d15_hh22
d208,d41_hh163
d208,d31_hh139
d208,d182_hh74
d208,d96_hh145
d208,d134_hh270
d208,d57_hh286
d208,d143_hh241
d208,d160_hh88
d208,d36_hh226
d208,d155_hh210
d208,d213_hh252
d208,d95_hh201
d208,d214_hh13
d208,d213_hh211
d208,d165_hh94
d208,d204_hh87
d208,d141_hh128
d208,d117_hh140
d208,d31_hh127
d208,d99_hh225
d208,d160_hh88
d208,d137_hh119
d208,d215_hh105
d208,d83_hh117
d208,d147_hh169
d208,d106_hh207
d208,d154_hh2
d208,d126_hh263
d208,d75_hh264
d208,d56_hh4
d208,d101_hh129
d208,d191_hh53
d208,d195_hh47
d208,d195_hh47
d208,d29_hh131
d208,d61_hh155
d208,d66_hh18
d208,d137_hh119
d208,d178_hh173
d208,d159_hh64
d208,d182_hh226
d208,d66_hh207
d208,d46_hh245
d208,d150_hh203
d208,d29_hh131
d208,d101_hh129
d208,d174_hh42
d208,d54_hh189
d208,d120_hh248
d208,d150_hh207
d208,d213_hh125
d208,d111_hh131
d208,d149_hh107
d208,d132_hh46
d208,d120_hh161
d208,d162_hh213
d208,d170_hh117
d208,d204_hh239
d208,d182_hh226
d208,d13_hh58
d208,d42_hh88
d208,d52_hh33
d208,d132_hh76
d208,d23_hh21
d208,d197_hh151
d208,d135_hh17
d208,d4_hh202
d208,d77_hh123
d208,d62_hh251
d208,d213_hh178
d208,d195_hh19
d208,d87_hh245
d208,d78_hh39
d208,d31_hh127
d208,d75_hh227
d208,d161_hh203
d208,d20_hh166
d208,d93_hh66
d208,d190_hh38
d208,d74_hh107
d208,d18_hh137
d208,d209_hh244
d208,d38_hh165
d208,d118_hh118
d208,d41_hh206
d208,d57_hh250
d208,d161_hh185
d208,d59_hh112
d208,d23_hh233
d208,d163_hh213
d208,d119_hh95
d208,d31_hh127
d208,d202_hh205
d208,d120_hh248
d208,d57_hh16
d208,d198_hh152
d208,d147_hh169
d208,d57_hh207
d208,d120_hh269
d208,d26_hh40
d208,d72_hh208
d208,d117_hh74
d208,d13_hh58
d208,d182_hh226
d208,d19_hh38
d208,d122_hh144
d208,d129_hh122
d208,d23_hh156
d208,d177_hh163
d208,d29_hh85
d208,d120_hh269
d208,d57_hh216
d208,d166_hh24
d208,d129_hh122
d210,d210_hh142
d210,d134_hh270
d210,d78_hh39
d210,d23_hh93
d210,d204_hh87
d210,d95_hh56
d210,d149_hh107
d210,d54_hh222
d210,d202_hh205
d210,d31_hh34
d210,d102_hh242
d210,d81_hh89
d210,d55_hh94
d210,d88_hh36
d210,d208_hh240
d210,d110_hh252
d210,d214_hh210
d210,d72_hh208
d210,d161_hh203
d210,d202_hh90
d210,d137_hh119
d210,d67_hh209
d210,d11_hh53
d210,d75_hh102
d210,d54_hh44
d210,d202_hh170
d210,d85_hh144
d210,d15_hh210
d210,d149_hh107
d210,d90_hh151
d210,d67_hh15
d210,d100_hh63
d210,d163_hh145
d210,d33_hh58
d210,d55_hh254
d210,d213_hh211
d210,d100_hh91
d210,d62_hh22
d210,d18_hh137
d210,d75_hh216
d210,d134_hh223
d210,d29_hh85
d210,d209_hh244
d210,d165_hh107
d210,d44_hh38
d210,d208_hh168
d210,d15_hh22
d210,d33_hh58
d210,d56_hh262
d210,d57_hh16
d210,d117_hh140
d210,d66_hh18
d210,d173_hh163
d210,d44_hh38
d210,d178_hh191
d210,d178_hh134
d210,d125_hh135
d210,d158_hh86
d210,d123_hh57
d210,d200_hh102
d210,d4_hh65
d210,d186_hh185
d210,d150_hh203
d210,d210_hh142
d210,d193_hh248
d210,d100_hh91
d210,d120_hh269
d210,d178_hh58
d210,d19_hh130
d210,d213_hh125
d210,d69_hh240
d210,d131_hh180
d210,d124_hh40
d210,d4_hh87
d210,d164_hh122
d210,d158_hh107
d210,d158_hh86
d210,d80_hh236
d210,d165_hh107
d210,d159_hh183
d210,d117_hh140
d210,d61_hh41
d210,d57_hh250
d210,d213_hh62
d210,d29_hh85
d210,d51_hh231
d210,d133_hh135
d210,d41_hh163
d210,d213_hh252
d210,d18_hh137
d210,d119_hh95
d210,d161_hh203
d210,d83_hh117
d210,d133_hh241
d210,d102_hh201
d210,d39_hh66
d210,d31_hh34
d210,d12_hh23
d210,d132_hh188
d210,d74_hh142
d210,d161_hh185
d210,d200_hh261
d210,d214_hh47
d210,d123_hh57
d210,d42_hh185
d210,d38_hh165
d210,d182_hh74
d210,d126_hh207
d210,d129_hh122
d210,d17_hh12
d210,d195_hh19
d210,d96_hh145
d210,d199_hh180
d210,d98_hh100
d210,d15_hh186
d210,d199_hh49
d210,d120_hh248
d210,d2_hh151
d210,d66_hh207
d210,d4_hh87
d210,d34_hh160
d210,d91_hh178
d210,d147_hh169
d210,d209_hh254
d210,d15_hh210
d210,d15_hh103
d210,d83_hh76
d210,d150_hh203
d210,d159_hh183
d210,d23_hh93
d210,d101_hh129
d210,d110_hh252
d210,d29_hh243
d210,d202_hh170
d210,d209_hh159
d210,d66_hh18
d210,d72_hh42
d210,d78_hh223
d210,d215_hh105
d210,d184_hh238
d210,d35_hh263
d210,d97_hh26
d210,d162_hh213
d210,d95_hh201
d210,d214_hh41
d210,d209_hh149
d210,d204_hh87
d210,d73_hh184
d210,d140_hh85
d210,d169_hh199
d210,d155_hh151
d210,d51_hh151
d210,d74_hh15
d210,d54_hh152
d210,d4_hh80
d210,d129_hh122
d210,d75_hh25
d210,d208_hh168
d210,d120_hh248
d210,d101_hh129
d210,d4_hh202
d210,d66_hh240
d210,d57_hh216
d210,d195_hh47
d210,d46_hh12
d210,d193_hh138
d210,d138_hh150
d210,d214_hh41
d210,d21_hh90
d210,d124_hh40
d210,d127_hh89
d210,d126_hh4
d210,d114_hh66
d210,d154_hh2
d210,d155_hh18
d210,d102_hh242
d210,d141_hh128
d210,d131_hh102
d210,d213_hh178
d210,d31_hh139
d210,d119_hh177
d210,d138_hh150
d210,d200_hh261
d210,d119_hh210
d210,d204_hh56
d210,d4_hh65
d210,d132_hh44
d210,d122_hh16
d210,d56_hh174
d210,d40_hh152
d210,d74_hh107
d210,d91_hh178
d210,d50_hh249
d210,d75_hh264
d210,d213_hh211
d210,d57_hh286
d210,d56_hh174
d210,d184_hh158
d210,d100_hh63
d210,d187_hh61
d210,d21_hh105
d210,d130_hh244
d210,d100_hh91
d210,d149_hh107
d210,d123_hh106
d210,d202_hh205
d210,d207_hh219
d210,d75_hh227
d210,d46_hh53
d210,d208_hh240
d210,d61_hh41
d210,d34_hh77
d210,d161_hh203
d210,d75_hh264
d210,d110_hh252
d210,d53_hh3
d210,d208_hh253
d210,d139_hh214
d210,d41_hh71
d210,d7_hh257
d210,d62_hh251
d210,d57_hh250
d210,d106_hh207
d210,d214_hh41
d210,d154_hh2
d210,d170_hh130
d210,d87_hh156
d210,d54_hh152
d210,d78_hh39
d210,d152_hh168
d210,d41_hh71
d210,d182_hh149
d210,d69_hh240
d210,d81_hh89
d210,d140_hh85
d210,d42_hh202
d210,d209_hh159
d210,d131_hh24
d210,d214_hh41
d210,d50_hh7
d210,d35_hh2
d210,d133_hh241
d210,d174_hh42
d210,d166_hh150
d210,d29_hh243
d210,d149_hh14
d210,d77_hh123
d210,d104_hh116
d210,d200_hh77
d210,d175_hh131
d210,d98_hh84
d210,d35_hh263
d210,d30_hh267
d210,d56_hh4
d210,d66_hh207
d210,d133_hh241
d210,d91_hh21
d210,d187_hh61
d210,d132_hh44
d210,d17_hh12
d210,d23_hh156
d210,d62_hh98
d210,d102_hh200
d210,d4_hh29
d210,d74_hh107
d210,d91_hh90
d210,d195_hh109
d210,d29_hh131
d210,d56_hh262
d210,d52_hh165
d210,d209_hh244
d210,d110_hh252
d210,d39_hh67
d210,d93_hh18
d210,d132_hh76
d210,d73_hh242
d210,d75_hh102
d210,d16_hh287
d210,d178_hh134
d210,d30_hh267
d210,d42_hh185
d210,d117_hh11
d210,d129_hh122
d210,d74_hh107
d210,d74_hh257
d210,d15_hh264
d210,d191_hh246
d210,d74_hh107
d210,d85_hh184
d210,d140_hh85
d210,d83_hh76
d210,d42_hh185
d210,d98_hh245
d200,d187_hh61
d200,d34_hh77
d200,d184_hh158
d200,d199_hh49
d200,d69_hh240
d200,d30_hh267
d200,d40_hh152
d200,d204_hh239
d200,d85_hh184
d200,d193_hh138
d200,d204_hh56
d200,d123_hh129
d200,d57_hh16
d200,d39_hh66
d200,d215_hh105
d200,d11_hh128
d200,d50_hh272
d200,d202_hh170
d200,d66_hh14
d200,d213_hh252
d200,d184_hh158
d200,d110_hh193
d200,d53_hh147
d200,d52_hh33
d200,d90_hh233
d200,d149_hh14
d200,d214_hh70
d200,d114_hh47
d200,d128_hh28
d200,d20_hh166
d200,d52_hh115
d200,d209_hh11
d200,d159_hh64
d200,d75_hh102
d200,d123_hh119
d200,d209_hh159
d200,d214_hh47
d200,d166_hh164
d200,d122_hh159
d200,d35_hh263
d200,d130_hh142
d200,d13_hh58
d200,d195_hh19
d200,d178_hh191
d200,d119_hh64
d200,d23_hh204
d200,d174_hh42
d200,d75_hh25
d200,d165_hh94
d200,d51_hh151
d200,d11_hh128
d200,d44_hh38
d200,d57_hh207
d200,d72_hh208
d200,d137_hh106
d200,d34_hh160
d200,d126_hh4
d200,d138_hh83
d200,d213_hh178
d200,d62_hh98
d200,d173_hh163
d200,d23_hh21
d200,d44_hh38
d200,d163_hh145
d200,d23_hh204
d200,d102_hh179
d200,d23_hh21
d200,d198_hh152
d200,d147_hh43
d200,d140_hh85
d200,d214_hh13
d200,d190_hh38
d200,d195_hh19
d200,d214_hh47
d200,d182_hh39
d200,d112_hh8
d200,d78_hh223
d200,d208_hh253
d200,d177_hh145
d200,d95_hh164
d200,d42_hh58
d200,d102_hh179
d200,d213_hh211
d200,d54_hh57
d200,d36_hh226
d200,d208_hh168
d200,d193_hh85
d200,d141_hh128
d200,d95_hh56
d200,d209_hh219
d200,d46_hh69
d200,d102_hh242
d200,d135_hh2
d200,d5_hh5
d200,d162_hh213
d200,d40_hh200
d200,d20_hh166
d200,d85_hh144
d200,d21_hh97
d200,d52_hh33
d200,d158_hh239
d200,d173_hh262
d200,d184_hh238
d200,d195_hh109
d200,d2_hh151
d200,d42_hh19
d200,d174_hh24
d200,d213_hh125
d200,d39_hh99
d200,d171_hh71
d200,d141_hh128
d200,d147_hh43
d200,d129_hh122
d200,d74_hh15
d200,d131_hh24
d200,d138_hh150
d200,d169_hh199
d200,d122_hh144
d200,d93_hh18
d200,d104_hh175
d200,d122_hh144
d200,d209_hh244
d200,d214_hh13
d200,d83_hh204
d200,d122_hh231
d200,d119_hh24
d200,d20_hh166
d200,d109_hh88
d200,d39_hh154
d200,d213_hh125
d200,d182_hh229
d200,d193_hh138
d200,d111_hh227
d200,d26_hh40
d200,d16_hh287
d200,d162_hh213
d200,d198_hh152
d200,d109_hh88
d200,d95_hh56
d200,d120_hh248
d200,d213_hh62
d200,d120_hh269
d200,d131_hh102
d200,d159_hh64
d200,d208_hh253
d200,d202_hh90
d200,d98_hh177
d200,d155_hh18
d200,d164_hh123
d200,d138_hh83
d200,d50_hh217
d200,d198_hh188
d200,d152_hh29
d200,d119_hh95
d200,d117_hh11
d200,d184_hh238
d200,d65_hh29
d200,d204_hh56
d200,d169_hh225
d200,d123_hh160
d200,d54_hh57
d200,d114_hh47
d200,d163_hh145
d200,d102_hh179
d200,d74_hh107
d200,d141_hh128
d200,d83_hh193
d200,d52_hh165
d200,d134_hh270
d200,d171_hh23
d200,d133_hh135
d200,d197_hh151
d200,d67_hh15
d200,d104_hh270
d200,d90_hh233
d200,d139_hh214
d200,d91_hh21
d200,d77_hh123
d200,d169_hh225
d200,d197_hh151
d200,d133_hh135
d200,d91_hh90
d200,d173_hh163
d200,d178_hh272
d200,d197_hh151
d200,d199_hh180
d200,d122_hh159
d200,d182_hh39
d200,d104_hh116
d200,d135_hh2
d200,d114_hh47
d200,d74_hh142
d200,d5_hh5
d200,d95_hh205
d200,d114_hh66
d200,d155_hh148
d200,d101_hh155
d200,d34_hh77
d200,d41_hh71
d200,d174_hh24
d200,d62_hh98
d200,d74_hh142
d200,d38_hh165
d200,d34_hh77
d200,d66_hh240
d200,d159_hh183
d200,d90_hh151
d200,d143_hh28
d200,d78_hh223
d200,d135_hh2
d200,d213_hh62
d200,d101_hh155
d200,d202_hh90
d200,d199_hh180
d200,d200_hh261
d200,d57_hh286
d200,d83_hh76
d200,d208_hh240
d200,d143_hh28
d200,d208_hh240
d200,d160_hh88
d200,d95_hh164
d200,d161_hh21
d200,d54_hh222
d200,d138_hh82
d200,d127_hh89
d200,d114_hh47
d200,d54_hh152
d200,d202_hh90
d200,d75_hh216
d200,d41_hh163
d200,d210_hh200
d200,d26_hh40
d200,d182_hh229
d200,d152_hh88
d200,d2_hh180
d200,d104_hh116
d200,d193_hh248
d200,d2_hh217
d200,d19_hh130
d200,d114_hh47
d200,d36_hh226
d200,d195_hh47
d200,d104_hh270
d200,d187_hh7
d200,d207_hh191
d200,d165_hh107
d200,d199_hh71
d200,d39_hh154
d200,d160_hh0
d200,d178_hh134
d200,d209_hh254
d200,d123_hh84
d200,d4_hh65
d200,d198_hh136
d200,d75_hh25
d200,d4_hh29
d200,d78_hh39
d200,d75_hh25
d200,d133_hh135
d200,d190_hh38
d200,d123_hh129
d200,d152_hh29
d200,d30_hh58
d200,d186_hh185
d200,d130_hh142
d200,d159_hh64
d200,d155_hh148
d200,d80_hh106
d200,d213_hh178
d200,d152_hh29
d199,d166_hh164
d199,d15_hh264
d199,d171_hh88
d199,d80_hh106
d199,d75_hh264
d199,d21_hh105
d199,d120_hh161
d199,d91_hh138
d199,d39_hh66
d199,d178_hh134
d199,d125_hh3
d199,d98_hh223
d199,d51_hh231
d199,d182_hh226
d199,d35_hh263
d199,d83_hh204
d199,d154_hh2
d199,d186_hh185
d199,d130_hh142
d199,d170_hh117
d199,d161_hh21
d199,d97_hh156
d199,d91_hh199
d199,d118_hh244
d199,d17_hh12
d199,d155_hh18
d199,d202_hh264
d199,d141_hh129
d199,d24_hh176
d199,d54_hh222
d199,d39_hh67
d199,d42_hh58
d199,d54_hh222
d199,d169_hh216
d199,d141_hh128
d199,d57_hh16
d199,d120_hh269
d199,d31_hh127
d199,d18_hh137
d199,d78_hh39
d199,d214_hh41
d199,d46_hh12
d199,d61_hh41
d199,d11_hh128
d199,d174_hh242
d199,d133_hh135
d199,d178_hh272
d199,d46_hh53
d199,d207_hh219
d199,d199_hh49
d199,d39_hh99
d199,d30_hh130
d199,d199_hh71
d199,d100_hh48
d199,d78_hh39
d199,d177_hh163
d199,d53_hh3
d199,d130_hh142
d199,d15_hh210
d199,d39_hh154
d199,d44_hh164
d199,d182_hh226
d199,d118_hh173
d199,d31_hh127
d199,d132_hh46
d199,d170_hh130
d199,d114_hh219
d199,d173_hh163
d199,d54_hh218
d199,d213_hh211
d199,d61_hh41
d199,d52_hh165
d199,d17_hh228
d199,d72_hh42
d199,d65_hh242
d199,d46_hh245
d199,d54_hh44
d199,d123_hh129
d199,d82_hh154
d199,d169_hh216
d199,d59_hh112
d199,d75_hh102
d199,d54_hh44
d199,d120_hh248
d199,d199_hh49
d199,d198_hh152
d199,d161_hh185
d199,d147_hh54
d199,d125_hh3
d199,d163_hh213
d199,d18_hh137
d199,d97_hh26
d199,d31_hh34
d199,d75_hh102
d199,d209_hh149
d199,d75_hh53
d199,d123_hh119
d199,d59_hh184
d199,d132_hh188
d199,d141_hh128
d199,d118_hh173
d199,d123_hh129
d199,d131_hh180
d199,d129_hh122
d199,d90_hh151
d199,d82_hh154
d199,d65_hh242
d199,d213_hh178
d199,d44_hh164
d199,d118_hh244
d199,d54_hh222
d199,d42_hh19
d199,d199_hh71
d199,d97_hh156
d199,d4_hh80
d199,d18_hh227
d199,d119_hh24
d199,d100_hh48
d199,d117_hh11
d199,d143_hh28
d199,d141_hh27
d199,d202_hh205
d199,d135_hh17
d199,d164_hh123
d199,d16_hh287
d199,d209_hh219
d199,d98_hh245
d199,d120_hh248
d199,d169_hh199
d199,d109_hh88
d199,d80_hh106
d199,d21_hh97
d199,d122_hh159
d199,d31_hh139
d199,d17_hh106
d199,d114_hh219
d199,d67_hh209
d199,d7_hh257
d199,d62_hh259
d199,d16_hh287
d199,d165_hh94
d199,d209_hh254
d199,d131_hh180
d199,d20_hh166
d199,d83_hh193
d199,d131_hh180
d199,d100_hh145
d199,d132_hh46
d199,d21_hh97
d199,d123_hh106
d199,d53_hh3
d199,d81_hh89
d199,d117_hh140
d199,d143_hh241
d199,d42_hh88
d199,d170_hh130
d199,d104_hh116
d199,d135_hh2
d199,d31_hh139
d199,d197_hh151
d199,d202_hh90
d199,d93_hh66
d199,d135_hh2
d199,d122_hh16
d199,d204_hh56
d199,d80_hh106
d199,d35_hh263
d199,d198_hh188
d199,d72_hh208
d199,d120_hh161
d199,d152_hh88
d199,d38_hh165
d199,d193_hh248
d199,d41_hh163
d199,d186_hh185
d199,d16_hh294
d199,d24_hh92
d199,d214_hh41
d199,d39_hh154
d199,d54_hh218
d199,d198_hh152
d199,d191_hh246
d199,d88_hh195
d199,d191_hh53
d199,d199_hh180
d199,d197_hh151
d199,d4_hh80
d199,d41_hh163
d199,d133_hh241
d199,d83_hh204
d199,d195_hh19
d199,d42_hh202
d199,d30_hh130
d199,d54_hh218
d199,d87_hh245
d199,d204_hh87
d199,d173_hh262
d199,d191_hh246
d199,d26_hh40
d199,d178_hh272
d199,d143_hh28
d199,d130_hh244
d199,d198_hh152
d199,d15_hh210
d199,d29_hh131
d199,d170_hh130
d199,d208_hh240
d199,d152_hh29
d199,d213_hh2
d199,d29_hh243
d199,d31_hh127
d199,d141_hh128
d199,d83_hh193
d199,d193_hh138
d199,d166_hh150
d199,d163_hh213
d199,d44_hh164
d199,d132_hh46
d199,d158_hh107
d199,d2_hh287
d199,d139_hh214
d199,d177_hh163
d199,d131_hh102
d199,d166_hh24
d199,d46_hh194
d199,d117_hh140
d199,d137_hh119
d199,d213_hh178
d199,d102_hh242
d199,d209_hh219
d199,d43_hh125
d199,d186_hh185
d199,d158_hh239
d199,d95_hh164
d199,d53_hh3
d199,d7_hh257
d199,d150_hh203
d199,d210_hh142
d199,d164_hh123
d199,d95_hh205
d199,d104_hh58
d199,d95_hh205
d199,d133_hh135
d199,d175_hh52
d199,d125_hh3
d199,d152_hh88
d199,d26_hh40
d199,d17_hh106
d199,d163_hh213
d199,d177_hh163
d199,d210_hh200
d199,d161_hh185
d199,d19_hh130
d199,d118_hh173
d199,d83_hh117
d199,d195_hh47
d199,d119_hh24
d199,d42_hh19
d199,d101_hh155
d199,d128_hh126
d199,d131_hh180
d202,d155_hh210
d202,d193_hh248
d202,d191_hh53
d202,d214_hh70
d202,d101_hh129
d202,d149_hh107
d202,d65_hh29
d202,d2_hh68
d202,d101_hh129
d202,d119_hh64
d202,d31_hh139
d202,d200_hh102
d202,d67_hh209
d202,d78_hh223
d202,d198_hh136
d202,d57_hh166
d202,d4_hh29
d202,d166_hh24
d202,d59_hh184
d202,d123_hh160
d202,d137_hh106
d202,d7_hh257
d202,d131_hh174
d202,d159_hh64
d202,d18_hh227
d202,d85_hh144
d202,d91_hh138
d202,d44_hh164
d202,d104_hh116
d202,d202_hh90
d202,d19_hh130
d202,d184_hh238
d202,d182_hh149
d202,d73_hh184
d202,d96_hh145
d202,d133_hh135
d202,d178_hh173
d202,d123_hh160
d202,d39_hh99
d202,d66_hh207
d202,d161_hh21
d202,d4_hh202
d202,d15_hh210
d202,d74_hh142
d202,d2_hh151
d202,d34_hh77
d202,d100_hh91
d202,d23_hh21
d202,d198_hh188
d202,d56_hh262
d202,d17_hh12
d202,d41_hh163
d202,d119_hh210
d202,d104_hh58
d202,d182_hh226
d202,d11_hh128
d202,d23_hh156
d202,d209_hh149
d202,d66_hh213
d202,d15_hh210
d202,d41_hh163
d202,d130_hh142
d202,d87_hh156
d202,d31_hh139
d202,d208_hh168
d202,d213_hh252
d202,d214_hh70
d202,d11_hh53
d202,d13_hh58
d202,d214_hh41
d202,d149_hh14
d202,d36_hh226
d202,d173_hh163
d202,d82_hh154
d202,d131_hh205
d202,d117_hh74
d202,d125_hh135
d202,d52_hh115
d202,d120_hh248
d202,d208_hh240
d202,d57_hh207
d202,d177_hh145
d202,d75_hh227
d202,d207_hh219
d202,d67_hh209
d202,d57_hh166
d202,d110_hh193
d202,d15_hh264
d202,d178_hh191
d202,d17_hh12
d202,d52_hh33
d202,d43_hh125
d202,d15_hh186
d202,d213_hh247
d202,d104_hh116
d202,d175_hh131
d202,d98_hh245
d202,d50_hh249
d202,d62_hh98
d202,d199_hh49
d202,d122_hh231
d202,d154_hh2
d202,d147_hh43
d202,d96_hh145
d202,d39_hh66
d202,d132_hh44
d202,d7_hh257
d202,d213_hh2
d202,d161_hh185
d202,d123_hh160
d202,d104_hh116
d202,d170_hh130
d202,d187_hh61
d202,d23_hh204
d202,d141_hh129
d202,d66_hh240
d202,d23_hh204
d202,d4_hh80
d202,d169_hh216
d202,d33_hh58
d202,d150_hh203
d202,d57_hh286
d202,d42_hh19
d202,d11_hh53
d202,d57_hh286
d202,d200_hh261
d202,d131_hh102
d202,d46_hh194
d202,d50_hh272
d202,d2_hh287
d202,d59_hh184
d202,d109_hh88
d202,d7_hh257
d202,d12_hh23
d202,d102_hh200
d202,d213_hh252
d202,d56_hh4
d202,d30_hh267
d202,d195_hh109
d202,d30_hh130
d202,d65_hh29
d202,d160_hh0
d202,d101_hh155
d202,d62_hh251
d202,d210_hh142
d202,d173_hh163
d202,d15_hh103
d202,d42_hh58
d202,d59_hh251
d202,d100_hh48
d202,d75_hh216
d202,d29_hh85
d202,d131_hh180
d202,d138_hh82
d202,d17_hh12
d202,d204_hh56
d202,d99_hh225
d202,d23_hh21
d202,d19_hh38
d202,d53_hh3
d202,d104_hh116
d202,d42_hh58
d202,d199_hh49
d202,d128_hh28
d202,d50_hh7
d202,d204_hh56
d202,d95_hh205
d202,d171_hh23
d202,d205_hh196
d202,d132_hh44
d202,d132_hh76
d202,d90_hh233
d202,d23_hh21
d202,d18_hh227
d202,d54_hh152
d202,d59_hh112
d202,d198_hh152
d202,d29_hh85
d202,d193_hh85
d202,d56_hh262
d202,d123_hh106
d202,d129_hh122
d202,d73_hh184
d202,d73_hh242
d202,d7_hh257
d202,d214_hh13
d202,d66_hh18
d202,d187_hh61
d202,d50_hh217
d202,d169_hh190
d202,d193_hh248
d202,d7_hh257
d202,d100_hh63
d202,d96_hh145
d202,d179_hh1
d202,d85_hh184
d202,d132_hh76
d202,d132_hh46
d202,d61_hh41
d202,d114_hh66
d202,d23_hh21
d202,d62_hh22
d202,d36_hh94
d202,d205_hh196
d202,d139_hh214
d202,d208_hh168
d202,d122_hh144
d202,d30_hh130
d202,d74_hh15
d202,d214_hh70
d202,d208_hh168
d202,d78_hh39
d202,d187_hh0
d202,d169_hh225
d202,d143_hh241
d202,d210_hh142
d202,d57_hh216
d202,d102_hh201
d202,d170_hh130
d202,d15_hh22
d202,d17_hh228
d202,d44_hh38
d202,d197_hh151
d202,d97_hh156
d202,d170_hh130
d202,d41_hh71
d202,d23_hh233
d202,d213_hh178
d202,d133_hh241
d202,d101_hh129
d202,d204_hh239
d202,d75_hh216
d202,d65_hh101
d202,d114_hh66
d202,d149_hh1
d202,d214_hh70
d202,d23_hh204
d202,d134_hh223
d202,d191_hh53
d202,d149_hh14
d202,d199_hh49
d202,d159_hh64
d202,d149_hh107
d202,d2_hh287
d202,d97_hh156
d202,d57_hh207
d202,d143_hh28
d202,d213_hh211
d202,d112_hh8
d202,d16_hh287
d202,d91_hh90
d202,d20_hh166
d202,d117_hh11
d202,d72_hh208
d202,d133_hh111
d202,d102_hh201
d202,d111_hh131
d202,d187_hh87
d202,d169_hh199
d202,d204_hh87
d202,d78_hh39
d202,d95_hh164
d202,d51_hh151
d202,d135_hh17
d202,d135_hh17
d202,d166_hh164
d213,d12_hh23
d213,d98_hh223
d213,d36_hh226
d213,d15_hh76
d213,d169_hh190
d213,d166_hh24
d213,d100_hh48
d213,d100_hh63
d213,d15_hh210
d213,d204_hh87
d213,d149_hh1
d213,d12_hh23
d213,d2_hh217
d213,d17_hh228
d213,d132_hh76
d213,d112_hh8
d213,d15_hh22
d213,d213_hh125
d213,d177_hh145
d213,d78_hh223
d213,d187_hh87
d213,d4_hh87
d213,d104_hh116
d213,d174_hh242
d213,d163_hh213
d213,d75_hh53
d213,d147_hh43
d213,d52_hh165
d213,d67_hh15
d213,d179_hh1
d213,d75_hh264
d213,d190_hh38
d213,d34_hh77
d213,d128_hh126
d213,d62_hh98
d213,d74_hh243
d213,d182_hh39
d213,d43_hh125
d213,d30_hh58
d213,d165_hh107
d213,d187_hh42
d213,d51_hh151
d213,d72_hh208
d213,d119_hh95
d213,d200_hh261
d213,d182_hh226
d213,d208_hh168
d213,d42_hh19
d213,d123_hh104
d213,d149_hh107
d213,d209_hh11
d213,d83_hh153
d213,d141_hh129
d213,d42_hh202
d213,d17_hh210
d213,d29_hh85
d213,d178_hh58
d213,d2_hh217
d213,d175_hh131
d213,d46_hh69
d213,d98_hh177
d213,d199_hh180
d213,d208_hh240
d213,d23_hh21
d213,d53_hh3
d213,d35_hh263
d213,d31_hh139
d213,d199_hh180
d213,d51_hh151
d213,d91_hh138
d213,d13_hh58
d213,d100_hh145
d213,d78_hh39
d213,d187_hh0
d213,d193_hh85
d213,d160_hh88
d213,d213_hh178
d213,d2_hh217
d213,d166_hh239
d213,d44_hh164
d213,d117_hh140
d213,d17_hh210
d213,d122_hh144
d213,d57_hh250
d213,d74_hh107
d213,d102_hh201
d213,d12_hh23
d213,d41_hh150
d213,d112_hh8
d213,d91_hh21
d213,d209_hh219
d213,d18_hh227
d213,d30_hh267
d213,d33_hh58
d213,d177_hh145
d213,d91_hh21
d213,d88_hh195
d213,d95_hh56
d213,d174_hh42
d213,d101_hh155
d213,d120_hh248
d213,d213_hh2
d213,d65_hh29
d213,d2_hh180
d213,d123_hh129
d213,d17_hh12
d213,d74_hh142
d213,d128_hh126
d213,d15_hh22
d213,d102_hh242
d213,d66_hh213
d213,d57_hh286
d213,d54_hh218
d213,d95_hh205
d213,d52_hh115
d213,d59_hh251
d213,d213_hh125
d213,d158_hh86
d213,d123_hh106
d213,d169_hh225
d213,d46_hh69
d213,d120_hh248
d213,d23_hh204
d213,d41_hh206
d213,d54_hh189
d213,d187_hh61
d213,d44_hh164
d213,d57_hh166
d213,d117_hh11
d213,d57_hh250
d213,d66_hh240
d213,d161_hh185
d213,d213_hh2
d213,d41_hh150
d213,d149_hh14
d213,d178_hh58
d213,d213_hh247
d213,d29_hh85
d213,d110_hh252
d213,d202_hh170
d213,d110_hh252
d213,d213_hh62
d213,d171_hh23
d213,d190_hh38
d213,d31_hh34
d213,d209_hh244
d213,d54_hh222
d213,d53_hh3
d213,d184_hh158
d213,d186_hh185
d213,d104_hh270
d213,d126_hh207
d213,d154_hh2
d213,d214_hh41
d213,d52_hh115
d213,d61_hh155
d213,d50_hh217
d213,d65_hh29
d213,d54_hh218
d213,d174_hh242
d213,d159_hh183
d213,d170_hh130
d213,d54_hh222
d213,d65_hh29
d213,d100_hh48
d213,d69_hh240
d213,d65_hh101
d213,d29_hh85
d213,d95_hh56
d213,d162_hh213
d213,d75_hh53
d213,d34_hh160
d213,d195_hh109
d213,d127_hh89
d213,d31_hh139
d213,d30_hh267
d213,d208_hh240
d213,d122_hh159
d213,d215_hh105
d213,d51_hh151
d213,d128_hh28
d213,d46_hh245
d213,d123_hh160
d213,d19_hh38
d213,d73_hh184
d213,d46_hh245
d213,d178_hh191
d213,d193_hh138
d213,d128_hh126
d213,d209_hh11
d213,d170_hh117
d213,d50_hh7
d213,d123_hh129
d213,d59_hh243
d213,d31_hh127
d213,d39_hh99
d213,d80_hh106
d213,d23_hh204
d213,d126_hh4
d213,d34_hh77
d213,d15_hh22
d213,d66_hh213
d213,d164_hh123
d213,d39_hh66
d213,d114_hh47
d213,d204_hh56
d213,d80_hh186
d213,d75_hh264
d213,d19_hh38
d213,d91_hh138
d213,d5_hh5
d213,d114_hh66
d213,d166_hh164
d213,d90_hh207
d213,d208_hh240
d213,d141_hh128
d213,d102_hh200
d213,d127_hh89
d213,d137_hh119
d213,d77_hh123
d213,d214_hh41
d213,d66_hh207
d213,d187_hh42
d213,d110_hh193
d213,d147_hh54
d213,d66_hh240
d213,d128_hh28
d213,d171_hh23
d213,d46_hh69
d213,d129_hh122
d213,d15_hh22
d213,d50_hh7
d213,d209_hh149
d213,d175_hh131
d213,d21_hh105
d213,d193_hh248
d213,d174_hh213
d213,d214_hh70
d213,d213_hh211
d213,d110_hh193
d213,d15_hh103
d213,d93_hh66
d213,d54_hh61
d213,d23_hh93
d213,d24_hh176
d213,d74_hh15
d213,d38_hh159
d213,d128_hh126
d213,d98_hh100
d213,d46_hh69
d213,d83_hh193
d213,d30_hh267
d213,d158_hh86
d213,d118_hh244
d213,d56_hh174
d213,d213_hh2
d213,d57_hh286
d213,d158_hh86
d213,d114_hh219
d213,d197_hh151
d213,d213_hh211
d213,d209_hh219
d213,d99_hh225
d213,d198_hh136
d213,d207_hh191
d213,d42_hh19
d213,d98_hh100
d213,d126_hh207
d213,d41_hh163
d213,d117_hh11
d213,d199_hh180
d213,d187_hh0
d213,d187_hh87
d213,d62_hh259
d213,d96_hh145
d204,d164_hh123
d204,d88_hh36
d204,d162_hh213
d204,d202_hh264
d204,d97_hh156
d204,d106_hh207
d204,d96_hh110
d204,d169_hh190
d204,d210_hh200
d204,d65_hh29
d204,d75_hh264
d204,d15_hh264
d204,d155_hh210
d204,d17_hh210
d204,d131_hh205
d204,d187_hh7
d204,d123_hh104
d204,d155_hh210
d204,d199_hh71
d204,d54_hh61
d204,d2_hh217
d204,d30_hh267
d204,d119_hh177
d204,d23_hh21
d204,d213_hh211
d204,d166_hh24
d204,d42_hh202
d204,d117_hh74
d204,d75_hh53
d204,d31_hh34
d204,d123_hh160
d204,d59_hh184
d204,d122_hh231
d204,d48_hh118
d204,d57_hh250
d204,d187_hh42
d204,d214_hh47
d204,d35_hh263
d204,d106_hh207
d204,d38_hh165
d204,d187_hh7
d204,d152_hh168
d204,d13_hh58
d204,d202_hh205
d204,d118_hh173
d204,d87_hh156
d204,d54_hh152
d204,d152_hh88
d204,d46_hh194
d204,d158_hh136
d204,d29_hh85
d204,d199_hh180
d204,d75_hh25
d204,d16_hh294
d204,d202_hh205
d204,d186_hh185
d204,d54_hh189
d204,d23_hh204
d204,d159_hh183
d204,d174_hh24
d204,d169_hh225
d204,d132_hh46
d204,d91_hh138
d204,d44_hh164
d204,d214_hh47
d204,d56_hh4
d204,d54_hh61
d204,d163_hh213
d204,d182_hh149
d204,d81_hh89
d204,d126_hh263
d204,d57_hh286
d204,d147_hh169
d204,d83_hh193
d204,d104_hh116
d204,d15_hh103
d204,d166_hh164
d204,d195_hh19
d204,d122_hh159
d204,d171_hh88
d204,d174_hh24
d204,d175_hh52
d204,d120_hh248
d204,d200_hh102
d204,d4_hh80
d204,d209_hh11
d204,d123_hh160
d204,d202_hh170
d204,d162_hh47
d204,d213_hh178
d204,d75_hh216
d204,d147_hh169
d204,d159_hh183
d204,d120_hh269
d204,d173_hh262
d204,d122_hh16
d204,d161_hh185
d204,d97_hh156
d204,d100_hh63
d204,d143_hh241
d204,d184_hh158
d204,d200_hh261
d204,d5_hh5
d204,d132_hh44
d204,d104_hh116
d204,d15_hh264
d204,d59_hh243
d204,d82_hh154
d204,d90_hh207
d204,d209_hh149
d204,d4_hh80
d204,d159_hh64
d204,d90_hh233
d204,d2_hh287
d204,d120_hh269
d204,d13_hh58
d204,d210_hh142
d204,d137_hh106
d204,d31_hh127
d204,d191_hh53
d204,d178_hh134
d204,d4_hh87
d204,d122_hh231
d204,d15_hh80
d204,d152_hh168
d204,d170_hh130
d204,d15_hh22
d204,d4_hh202
d204,d83_hh153
d204,d16_hh287
d204,d95_hh56
d204,d2_hh180
d204,d182_hh39
d204,d133_hh135
d204,d13_hh58
d204,d155_hh210
d204,d118_hh173
d204,d40_hh152
d204,d214_hh47
d204,d158_hh107
d204,d59_hh112
d204,d120_hh269
d204,d122_hh144
d204,d21_hh105
d204,d44_hh38
d204,d158_hh86
d204,d122_hh231
d204,d54_hh44
d204,d87_hh156
d204,d30_hh267
d204,d93_hh18
d204,d43_hh125
d204,d66_hh213
d204,d7_hh257
d204,d134_hh223
d204,d75_hh102
d204,d90_hh151
d204,d187_hh87
d204,d83_hh153
d204,d207_hh219
d204,d133_hh111
d204,d33_hh58
d204,d209_hh159
d204,d90_hh207
d204,d143_hh241
d204,d160_hh88
d204,d46_hh12
d204,d57_hh286
d204,d31_hh139
d204,d173_hh262
d204,d15_hh186
d204,d75_hh102
d204,d158_hh86
d204,d184_hh158
d204,d59_hh243
d204,d62_hh259
d204,d174_hh24
d204,d152_hh168
d204,d75_hh227
d204,d187_hh87
d204,d208_hh168
d204,d90_hh207
d204,d95_hh201
d204,d53_hh147
d204,d149_hh1
d204,d182_hh226
d204,d29_hh85
d204,d67_hh15
d204,d91_hh178
d204,d119_hh177
d204,d33_hh58
d204,d213_hh247
d204,d187_hh87
d204,d17_hh12
d204,d61_hh155
d204,d120_hh248
d204,d191_hh53
d204,d155_hh18
d204,d141_hh27
d204,d163_hh145
d204,d40_hh200
d204,d75_hh25
d204,d169_hh199
d204,d122_hh231
d204,d158_hh86
d204,d119_hh24
d204,d122_hh16
d204,d178_hh134
d204,d98_hh100
d204,d15_hh186
d204,d59_hh112
d204,d166_hh150
d204,d75_hh102
d204,d182_hh195
d204,d140_hh85
d204,d40_hh200
d204,d75_hh264
d204,d132_hh188
d204,d191_hh246
d204,d126_hh167
d204,d56_hh174
d204,d191_hh53
d204,d4_hh29
d204,d199_hh49
d204,d11_hh53
d204,d162_hh47
d204,d117_hh74
d204,d77_hh123
d204,d205_hh196
d204,d62_hh251
d204,d31_hh139
d204,d74_hh107
d204,d131_hh180
d204,d54_hh218
d204,d75_hh53
d204,d120_hh248
d204,d51_hh231
d204,d137_hh106
d204,d15_hh22
d204,d131_hh24
d204,d152_hh88
d204,d83_hh76
d204,d184_hh158
d204,d74_hh257
d204,d152_hh88
d204,d17_hh106
d204,d21_hh105
d204,d2_hh217
d204,d90_hh151
d204,d202_hh90
d204,d77_hh123
d204,d198_hh136
d204,d99_hh225
d204,d138_hh82
d204,d110_hh252
d204,d137_hh119
d204,d31_hh139
d204,d111_hh131
d204,d197_hh151
d204,d75_hh227
d204,d54_hh218
d204,d214_hh70
d204,d39_hh154
d204,d149_hh14
d204,d19_hh38
d204,d112_hh8
d204,d134_hh270
d204,d72_hh42
d204,d128_hh126
d204,d29_hh85
d204,d100_hh145
d204,d41_hh150
d204,d81_hh89
d204,d150_hh207
d204,d7_hh257
d204,d16_hh294
d204,d42_hh19
d204,d119_hh210
d204,d18_hh137
d204,d126_hh167
d204,d215_hh105
d204,d202_hh264
d204,d204_hh56
d204,d117_hh74
d204,d40_hh200
d204,d54_hh218
d204,d119_hh177
d204,d174_hh242
d203,d144_hh235
d203,d176_hh183
d203,d201_hh21
d203,d203_hh30
d203,d201_hh28
d203,d115_hh2
d203,d22_hh219
d203,d45_hh140
d203,d3_hh98
d203,d194_hh224
d203,d167_hh36
d203,d71_hh169
d203,d49_hh237
d203,d8_hh179
d203,d49_hh131
d203,d60_hh210
d203,d206_hh283
d203,d22_hh219
d203,d68_hh230
d203,d49_hh237
d203,d107_hh0
d203,d185_hh17
d203,d206_hh188
d203,d108_hh35
d203,d194_hh102
d203,d86_hh136
d203,d115_hh51
d203,d103_hh72
d203,d148_hh82
d203,d192_hh169
d203,d192_hh0
d203,d153_hh185
d203,d181_hh63
d203,d201_hh21
d203,d211_hh181
d203,d60_hh165
d203,d211_hh181
d203,d49_hh237
d203,d176_hh183
d203,d10_hh60
d203,d10_hh46
d203,d49_hh237
d203,d212_hh78
d203,d181_hh59
d203,d64_hh137
d203,d181_hh267
d203,d64_hh133
d203,d64_hh137
d203,d211_hh181
d203,d201_hh86
d203,d203_hh30
d203,d176_hh122
d203,d148_hh221
d203,d206_hh283
d203,d203_hh30
d203,d136_hh236
d203,d64_hh69
d203,d188_hh98
d203,d212_hh78
d203,d153_hh185
d203,d14_hh160
d203,d115_hh2
d203,d203_hh11
d203,d136_hh236
d203,d64_hh133
d203,d107_hh211
d203,d203_hh30
d203,d192_hh0
d203,d153_hh185
d203,d86_hh70
d203,d64_hh271
d203,d192_hh169
d203,d108_hh35
d203,d192_hh169
d203,d10_hh60
d203,d68_hh230
d203,d70_hh135
d203,d153_hh185
d203,d189_hh106
d203,d107_hh42
d203,d49_hh149
d203,d63_hh98
d203,d45_hh183
d203,d206_hh283
d203,d105_hh238
d203,d167_hh167
d203,d188_hh137
d203,d167_hh36
d203,d136_hh186
d203,d136_hh186
d203,d136_hh236
d203,d203_hh30
d203,d63_hh157
d203,d192_hh0
d203,d70_hh85
d203,d189_hh106
d203,d89_hh77
d203,d86_hh114
d203,d84_hh62
d203,d188_hh98
d203,d201_hh21
d203,d10_hh110
d203,d49_hh149
d203,d151_hh207
d203,d136_hh236
d203,d115_hh51
d203,d49_hh245
d203,d201_hh86
d203,d79_hh93
d203,d68_hh230
d203,d115_hh51
d203,d68_hh230
d203,d84_hh62
d203,d49_hh198
d203,d212_hh78
d203,d115_hh2
d203,d22_hh219
d203,d145_hh2
d203,d70_hh243
d203,d167_hh36
d203,d108_hh40
d203,d64_hh69
d203,d206_hh283
d203,d3_hh7
d203,d22_hh219
d203,d108_hh277
d203,d194_hh13
d203,d115_hh85
d203,d194_hh102
d203,d107_hh42
d203,d189_hh80
d203,d192_hh28
d203,d189_hh237
d203,d3_hh7
d203,d188_hh98
d203,d189_hh237
d203,d192_hh0
d203,d9_hh176
d203,d25_hh250
d203,d172_hh102
d203,d201_hh21
d203,d206_hh283
d203,d10_hh60
d203,d45_hh183
d203,d176_hh122
d203,d188_hh137
d203,d153_hh185
d203,d180_hh130
d203,d189_hh80
d203,d206_hh74
d203,d136_hh236
d203,d22_hh219
d203,d10_hh60
d203,d27_hh16
d203,d27_hh16
d203,d201_hh21
d203,d70_hh243
d203,d148_hh98
d203,d194_hh224
d203,d64_hh45
d203,d22_hh0
d203,d84_hh220
d203,d70_hh85
d203,d3_hh7
d203,d94_hh178
d203,d188_hh137
d203,d14_hh160
d203,d3_hh7
d203,d108_hh127
d203,d136_hh236
d203,d60_hh210
d203,d115_hh2
d203,d151_hh194
d203,d105_hh48
d203,d115_hh51
d203,d89_hh43
d203,d49_hh149
d203,d86_hh136
d203,d181_hh267
d203,d201_hh21
d203,d94_hh178
d203,d3_hh98
d203,d211_hh181
d203,d107_hh42
d203,d167_hh120
d203,d70_hh243
d203,d63_hh157
d203,d79_hh182
d203,d194_hh102
d203,d115_hh85
d203,d89_hh77
d203,d201_hh28
d203,d181_hh267
d203,d94_hh137
d203,d60_hh210
d203,d172_hh102
d203,d151_hh1
d203,d107_hh76
d203,d121_hh146
d203,d121_hh146
d203,d63_hh157
d203,d167_hh167
d203,d64_hh69
d203,d84_hh62
d203,d84_hh220
d203,d68_hh230
d203,d192_hh0
d203,d70_hh85
d203,d68_hh230
d203,d3_hh279
d203,d3_hh98
d203,d70_hh85
d203,d86_hh136
d203,d115_hh2
d203,d25_hh250
d203,d172_hh102
d203,d181_hh267
d203,d181_hh267
d203,d94_hh178
d203,d107_hh76
d203,d108_hh127
d203,d108_hh35
d203,d203_hh30
d203,d136_hh186
d203,d70_hh85
d203,d136_hh236
d203,d63_hh98
d203,d206_hh151
d203,d9_hh176
d203,d94_hh178
d203,d167_hh36
d203,d108_hh195
d203,d196_hh34
d203,d144_hh285
d203,d167_hh167
d203,d188_hh137
d203,d115_hh51
d203,d70_hh243
d203,d136_hh186
d207,d197_hh151
d207,d191_hh246
d207,d29_hh85
d207,d138_hh83
d207,d125_hh3
d207,d161_hh21
d207,d187_hh61
d207,d119_hh95
d207,d102_hh242
d207,d56_hh174
d207,d191_hh246
d207,d99_hh225
d207,d50_hh217
d207,d113_hh175
d207,d74_hh243
d207,d161_hh203
d207,d141_hh129
d207,d214_hh210
d207,d93_hh18
d207,d178_hh173
d207,d2_hh287
d207,d195_hh47
d207,d159_hh183
d207,d209_hh159
d207,d209_hh149
d207,d31_hh139
d207,d137_hh119
d207,d174_hh213
d207,d15_hh186
d207,d75_hh102
d207,d147_hh169
d207,d97_hh156
d207,d57_hh250
d207,d98_hh245
d207,d186_hh185
d207,d126_hh4
d207,d186_hh185
d207,d123_hh57
d207,d182_hh74
d207,d95_hh201
d207,d67_hh209
d207,d132_hh188
d207,d42_hh185
d207,d40_hh200
d207,d123_hh129
d207,d102_hh201
d207,d83_hh204
d207,d147_hh54
d207,d75_hh264
d207,d23_hh233
d207,d43_hh125
d207,d147_hh54
d207,d171_hh23
d207,d117_hh140
d207,d95_hh201
d207,d173_hh163
d207,d36_hh226
d207,d170_hh117
d207,d165_hh94
d207,d21_hh90
d207,d122_hh159
d207,d48_hh118
d207,d23_hh93
d207,d173_hh262
d207,d200_hh261
d207,d114_hh66
d207,d133_hh241
d207,d166_hh164
d207,d29_hh243
d207,d177_hh145
d207,d90_hh151
d207,d73_hh184
d207,d102_hh242
d207,d158_hh136
d207,d73_hh242
d207,d101_hh155
d207,d126_hh167
d207,d118_hh118
d207,d17_hh12
d207,d102_hh242
d207,d2_hh180
d207,d162_hh213
d207,d102_hh200
d207,d152_hh168
d207,d18_hh227
d207,d54_hh57
d207,d187_hh87
d207,d91_hh199
d207,d123_hh106
d207,d209_hh11
d207,d123_hh57
d207,d62_hh98
d207,d143_hh28
d207,d104_hh58
d207,d39_hh66
d207,d164_hh123
d207,d5_hh5
d207,d120_hh161
d207,d61_hh155
d207,d152_hh29
d207,d117_hh11
d207,d195_hh47
d207,d44_hh38
d207,d74_hh243
d207,d178_hh58
d207,d191_hh246
d207,d149_hh14
d207,d213_hh178
d207,d78_hh223
d207,d214_hh13
d207,d171_hh88
d207,d152_hh88
d207,d7_hh257
d207,d110_hh252
d207,d42_hh185
d207,d75_hh216
d207,d132_hh46
d207,d173_hh163
d207,d210_hh200
d207,d131_hh205
d207,d141_hh129
d207,d132_hh76
d207,d178_hh173
d207,d128_hh28
d207,d141_hh128
d207,d130_hh142
d207,d104_hh270
d207,d195_hh19
d207,d26_hh40
d207,d113_hh175
d207,d46_hh245
d207,d209_hh254
d207,d128_hh28
d207,d7_hh257
d207,d4_hh29
d207,d109_hh67
d207,d158_hh107
d207,d139_hh214
d207,d143_hh241
d207,d139_hh214
d207,d83_hh153
d207,d131_hh205
d207,d54_hh189
d207,d175_hh131
d207,d213_hh2
d207,d159_hh64
d207,d128_hh246
d207,d93_hh18
d207,d182_hh74
d207,d182_hh149
d207,d139_hh214
d207,d200_hh102
d207,d17_hh228
d207,d34_hh160
d207,d123_hh106
d207,d170_hh117
d207,d178_hh272
d207,d41_hh163
d207,d109_hh88
d207,d96_hh110
d207,d42_hh202
d207,d118_hh244
d207,d193_hh248
d207,d207_hh219
d207,d140_hh85
d207,d174_hh213
d207,d123_hh119
d207,d39_hh67
d207,d114_hh47
d207,d40_hh152
d207,d137_hh106
d207,d162_hh47
d207,d170_hh117
d207,d126_hh207
d207,d104_hh58
d207,d111_hh131
d207,d213_hh211
d207,d30_hh58
d207,d209_hh159
d207,d114_hh66
d207,d38_hh159
d207,d198_hh188
d207,d114_hh66
d207,d62_hh98
d207,d199_hh49
d207,d119_hh210
d207,d18_hh227
d207,d195_hh109
d207,d100_hh91
d207,d15_hh186
d207,d88_hh36
d207,d214_hh210
d207,d93_hh18
d207,d2_hh217
d207,d158_hh107
d207,d39_hh67
d207,d132_hh76
d207,d50_hh7
d207,d4_hh202
d207,d199_hh49
d207,d209_hh244
d207,d182_hh229
d207,d174_hh242
d207,d129_hh122
d207,d41_hh71
d207,d38_hh159
d207,d184_hh238
d207,d190_hh38
d207,d62_hh22
d207,d77_hh123
d207,d83_hh117
d207,d200_hh261
d207,d209_hh11
d207,d177_hh163
d207,d126_hh263
d207,d207_hh191
d207,d149_hh14
d207,d78_hh223
d207,d102_hh201
d207,d34_hh160
d207,d36_hh94
d207,d100_hh145
d207,d66_hh14
d207,d57_hh207
d207,d169_hh190
d207,d110_hh193
d207,d154_hh2
d207,d125_hh3
d207,d158_hh136
d207,d213_hh62
d207,d39_hh99
d207,d209_hh244
d207,d17_hh106
d207,d36_hh94
d207,d46_hh53
d207,d178_hh157
d207,d91_hh90
d207,d187_hh42
d207,d155_hh151
d207,d162_hh213
d207,d131_hh24
d207,d199_hh49
d207,d104_hh270
d207,d53_hh3
d207,d207_hh191
d207,d18_hh227
d207,d198_hh152
d207,d197_hh151
d207,d51_hh231
d207,d198_hh188
d207,d213_hh247
d207,d182_hh226
d207,d46_hh194
d207,d66_hh18
d207,d118_hh244
d207,d21_hh105
d207,d72_hh42
d207,d82_hh154
d207,d120_hh269
d207,d213_hh247
d207,d152_hh168
d207,d50_hh249
d207,d207_hh219
d207,d164_hh123
d207,d131_hh174
d207,d85_hh144
d207,d202_hh205
d207,d120_hh248
d207,d95_hh164
d207,d110_hh252
d207,d91_hh138
d207,d128_hh246
d207,d90_hh233
d207,d85_hh110
d207,d174_hh213
d207,d73_hh242
d207,d29_hh243
d207,d155_hh210
d207,d199_hh49
d207,d57_hh286
d207,d50_hh217
d207,d213_hh211
d207,d61_hh155
d207,d24_hh92
d207,d179_hh1
d207,d15_hh76
d207,d215_hh105
d205,d131_hh180
d205,d122_hh16
d205,d152_hh29
d205,d91_hh199
d205,d161_hh21
d205,d119_hh64
d205,d199_hh49
d205,d178_hh173
d205,d16_hh294
d205,d15_hh103
d205,d134_hh270
d205,d17_hh12
d205,d15_hh264
d205,d61_hh155
d205,d150_hh203
d205,d187_hh87
d205,d200_hh21
d205,d51_hh231
d205,d214_hh210
d205,d62_hh251
d205,d74_hh15
d205,d195_hh47
d205,d190_hh38
d205,d15_hh80
d205,d21_hh105
d205,d209_hh219
d205,d138_hh83
d205,d122_hh231
d205,d82_hh154
d205,d66_hh207
d205,d39_hh66
d205,d207_hh191
d205,d147_hh43
d205,d169_hh216
d205,d135_hh17
d205,d38_hh165
d205,d159_hh64
d205,d165_hh94
d205,d53_hh147
d205,d134_hh270
d205,d137_hh119
d205,d178_hh58
d205,d91_hh90
d205,d35_hh263
d205,d131_hh102
d205,d95_hh56
d205,d161_hh203
d205,d123_hh106
d205,d42_hh58
d205,d96_hh145
d205,d23_hh204
d205,d110_hh193
d205,d119_hh24
d205,d93_hh18
d205,d53_hh3
d205,d93_hh66
d205,d57_hh250
d205,d202_hh264
d205,d72_hh208
d205,d74_hh142
d205,d75_hh216
d205,d46_hh194
d205,d149_hh1
d205,d104_hh116
d205,d15_hh76
d205,d50_hh249
d205,d130_hh244
d205,d95_hh164
d205,d75_hh227
d205,d23_hh21
d205,d166_hh239
d205,d190_hh38
d205,d39_hh67
d205,d91_hh199
d205,d178_hh157
d205,d143_hh28
d205,d33_hh58
d205,d98_hh245
d205,d91_hh199
d205,d159_hh64
d205,d4_hh87
d205,d12_hh23
d205,d41_hh163
d205,d117_hh11
d205,d96_hh110
d205,d198_hh188
d205,d198_hh188
d205,d114_hh219
d205,d174_hh242
d205,d65_hh242
d205,d81_hh89
d205,d57_hh286
d205,d98_hh245
d205,d109_hh67
d205,d177_hh145
d205,d31_hh34
d205,d91_hh21
d205,d199_hh49
d205,d147_hh54
d205,d214_hh210
d205,d75_hh25
d205,d122_hh16
d205,d54_hh222
d205,d128_hh28
d205,d186_hh185
d205,d126_hh167
d205,d193_hh85
d205,d57_hh286
d205,d174_hh242
d205,d57_hh216
d205,d39_hh99
d205,d149_hh14
d205,d44_hh38
d205,d110_hh193
d205,d54_hh61
d205,d198_hh136
d205,d169_hh216
d205,d90_hh207
d205,d123_hh129
d205,d128_hh246
d205,d122_hh231
d205,d123_hh106
d205,d213_hh211
d205,d127_hh89
d205,d174_hh213
d205,d141_hh128
d205,d50_hh249
d205,d169_hh190
d205,d166_hh239
d205,d65_hh29
d205,d54_hh218
d205,d187_hh0
d205,d195_hh109
d205,d209_hh244
d205,d2_hh217
d205,d186_hh185
d205,d80_hh236
d205,d205_hh196
d205,d104_hh270
d205,d149_hh14
d205,d54_hh61
d205,d131_hh174
d205,d35_hh263
d205,d4_hh29
d205,d131_hh24
d205,d187_hh7
d205,d209_hh244
d205,d41_hh206
d205,d178_hh58
d205,d138_hh83
d205,d120_hh161
d205,d21_hh105
d205,d74_hh257
d205,d119_hh210
d205,d209_hh244
d205,d165_hh94
d205,d119_hh95
d205,d202_hh170
d205,d149_hh107
d205,d127_hh89
d205,d135_hh2
d205,d83_hh76
d205,d62_hh251
d205,d101_hh129
d205,d39_hh66
d205,d122_hh144
d205,d198_hh152
d205,d59_hh243
d205,d182_hh149
d205,d54_hh44
d205,d100_hh63
d205,d112_hh8
d205,d187_hh0
d205,d2_hh180
d205,d95_hh56
d205,d54_hh218
d205,d35_hh2
d205,d16_hh287
d205,d104_hh175
d205,d210_hh142
d205,d155_hh151
d205,d59_hh243
d205,d110_hh252
d205,d152_hh29
d205,d200_hh102
d205,d149_hh14
d205,d59_hh243
d205,d187_hh61
d205,d83_hh153
d205,d182_hh149
d205,d209_hh159
d205,d83_hh76
d205,d169_hh199
d205,d50_hh7
d205,d120_hh248
d205,d132_hh188
d205,d11_hh128
d205,d138_hh150
d205,d23_hh156
d205,d191_hh246
d205,d131_hh205
d205,d101_hh155
d205,d73_hh184
d205,d74_hh257
d205,d74_hh15
d205,d135_hh17
d205,d138_hh150
d205,d122_hh159
d205,d133_hh241
d205,d191_hh246
d205,d123_hh119
d205,d119_hh95
d205,d43_hh125
d205,d118_hh118
d205,d133_hh135
d205,d173_hh262
d205,d54_hh61
d205,d52_hh115
d205,d123_hh84
d205,d74_hh142
d205,d132_hh76
d205,d44_hh164
d205,d119_hh95
d205,d80_hh106
d205,d15_hh186
d205,d56_hh4
d205,d118_hh244
d205,d18_hh227
d205,d4_hh80
d205,d73_hh242
d205,d174_hh213
d205,d215_hh105
d205,d133_hh111
d205,d191_hh246
d205,d140_hh85
d205,d120_hh269
d205,d182_hh229
d205,d15_hh186
d205,d159_hh183
d205,d17_hh228
d205,d120_hh161
d205,d161_hh21
d205,d119_hh177
d205,d130_hh142
d205,d171_hh71
d205,d41_hh163
d205,d123_hh104
d205,d82_hh154
d205,d169_hh225
d205,d2_hh173
d205,d104_hh58
d205,d90_hh207
d205,d133_hh135
d205,d122_hh159
d205,d65_hh242
d205,d131_hh24
d205,d182_hh229
d205,d152_hh29
d205,d88_hh195
d205,d59_hh112
d205,d54_hh222
d205,d140_hh85
d205,d137_hh106
d205,d122_hh159
d205,d187_hh61
d205,d195_hh109
d205,d15_hh264
d205,d133_hh241
d205,d117_hh74
d205,d19_hh38
d205,d177_hh163
d205,d155_hh151
d205,d43_hh125
d205,d72_hh208
d205,d91_hh178
d205,d143_hh28
d205,d7_hh257
d205,d178_hh157
d205,d202_hh264
d205,d83_hh153
d205,d104_hh116
d205,d56_hh4
d205,d24_hh92
d205,d134_hh223
d205,d214_hh47
d205,d75_hh53
d214,d29_hh243
d214,d178_hh58
d214,d44_hh38
d214,d175_hh131
d214,d98_hh177
d214,d214_hh13
d214,d11_hh128
d214,d128_hh126
d214,d152_hh29
d214,d51_hh151
d214,d143_hh28
d214,d174_hh24
d214,d17_hh210
d214,d2_hh151
d214,d100_hh145
d214,d213_hh2
d214,d174_hh24
d214,d164_hh123
d214,d109_hh67
d214,d23_hh204
d214,d175_hh131
d214,d21_hh105
d214,d158_hh136
d214,d29_hh243
d214,d57_hh286
d214,d21_hh90
d214,d73_hh242
d214,d57_hh16
d214,d132_hh46
d214,d67_hh15
d214,d204_hh87
d214,d54_hh57
d214,d119_hh210
d214,d117_hh140
d214,d73_hh242
d214,d24_hh92
d214,d127_hh89
d214,d95_hh201
d214,d200_hh21
d214,d150_hh207
d214,d214_hh47
d214,d123_hh84
d214,d178_hh272
d214,d23_hh21
d214,d4_hh65
d214,d150_hh203
d214,d83_hh153
d214,d42_hh19
d214,d161_hh21
d214,d117_hh140
d214,d24_hh92
d214,d23_hh21
d214,d2_hh217
d214,d213_hh62
d214,d77_hh123
d214,d141_hh129
d214,d209_hh254
d214,d88_hh195
d214,d159_hh183
d214,d169_hh199
d214,d177_hh145
d214,d75_hh264
d214,d177_hh163
d214,d53_hh3
d214,d141_hh129
d214,d65_hh101
d214,d150_hh207
d214,d11_hh128
d214,d31_hh127
d214,d205_hh196
d214,d35_hh2
d214,d113_hh175
d214,d53_hh3
d214,d42_hh88
d214,d207_hh219
d214,d2_hh68
d214,d38_hh159
d214,d187_hh7
d214,d72_hh208
d214,d134_hh223
d214,d184_hh238
d214,d61_hh155
d214,d104_hh270
d214,d21_hh90
d214,d34_hh160
d214,d199_hh71
d214,d54_hh218
d214,d199_hh71
d214,d40_hh152
d214,d131_hh102
d214,d202_hh264
d214,d12_hh23
d214,d106_hh207
d214,d102_hh201
d214,d162_hh47
d214,d132_hh76
d214,d213_hh211
d214,d123_hh57
d214,d34_hh160
d214,d165_hh94
d214,d149_hh14
d214,d95_hh164
d214,d141_hh128
d214,d95_hh56
d214,d102_hh201
d214,d7_hh257
d214,d171_hh88
d214,d134_hh223
d214,d171_hh88
d214,d13_hh58
d214,d48_hh118
d214,d179_hh1
d214,d164_hh122
d214,d53_hh3
d214,d78_hh223
d214,d21_hh105
d214,d36_hh226
d214,d214_hh47
d214,d209_hh11
d214,d177_hh163
d214,d178_hh272
d214,d80_hh106
d214,d205_hh196
d214,d7_hh257
d214,d204_hh87
d214,d95_hh164
d214,d54_hh222
d214,d155_hh18
d214,d23_hh21
d214,d23_hh204
d214,d119_hh64
d214,d55_hh254
d214,d158_hh86
d214,d132_hh76
d214,d44_hh38
d214,d147_hh169
d214,d129_hh122
d214,d62_hh22
d214,d87_hh245
d214,d77_hh123
d214,d171_hh71
d214,d164_hh122
d214,d119_hh64
d214,d187_hh0
d214,d41_hh71
d214,d16_hh294
d214,d198_hh136
d214,d123_hh160
d214,d102_hh200
d214,d149_hh1
d214,d170_hh130
d214,d213_hh247
d214,d165_hh94
d214,d42_hh19
d214,d161_hh203
d214,d74_hh243
d214,d39_hh154
d214,d24_hh92
d214,d61_hh41
d214,d161_hh185
d214,d178_hh157
d214,d15_hh103
d214,d61_hh41
d214,d51_hh151
d214,d54_hh189
d214,d169_hh216
d214,d104_hh116
d214,d34_hh77
d214,d119_hh210
d214,d101_hh155
d214,d164_hh123
d214,d205_hh196
d214,d74_hh15
d214,d182_hh229
d214,d16_hh294
d214,d213_hh247
d214,d169_hh199
d214,d46_hh245
d214,d210_hh142
d214,d41_hh206
d214,d187_hh87
d214,d54_hh152
d214,d178_hh272
d214,d11_hh53
d214,d91_hh90
d214,d77_hh123
d214,d193_hh248
d214,d152_hh88
d214,d19_hh38
d214,d119_hh64
d214,d88_hh195
d214,d129_hh122
d214,d91_hh21
d214,d204_hh239
d214,d54_hh61
d214,d119_hh222
d214,d213_hh247
d214,d15_hh210
d214,d215_hh105
d214,d41_hh163
d214,d113_hh175
d214,d155_hh151
d214,d83_hh76
d214,d169_hh225
d214,d39_hh154
d214,d53_hh147
d214,d43_hh125
d214,d57_hh16
d214,d50_hh217
d214,d210_hh200
d214,d7_hh257
d214,d200_hh102
d214,d131_hh102
d214,d29_hh131
d214,d23_hh204
d214,d15_hh264
d214,d214_hh70
d214,d104_hh58
d214,d2_hh151
d214,d195_hh47
d214,d11_hh128
d214,d129_hh122
d214,d214_hh13
d214,d55_hh94
d214,d155_hh148
d214,d171_hh23
d214,d2_hh173
d214,d169_hh199
d214,d65_hh101
d214,d31_hh139
d214,d126_hh4
d214,d119_hh95
d214,d51_hh231
d214,d178_hh134
d214,d85_hh184
d214,d210_hh200
d214,d35_hh263
d214,d62_hh98
d214,d59_hh251
d214,d123_hh57
d214,d35_hh263
d214,d104_hh58
d214,d4_hh29
d214,d99_hh225
d214,d191_hh53
d214,d93_hh18
d214,d40_hh200
d214,d155_hh18
d214,d138_hh83
d214,d178_hh134
d214,d202_hh205
d214,d197_hh151
d214,d162_hh213
d214,d135_hh17
d214,d16_hh287
d214,d57_hh250
d214,d143_hh241
d214,d193_hh138
d214,d213_hh252
d214,d42_hh19
d214,d24_hh176
d214,d75_hh216
d214,d174_hh24
d214,d178_hh134
d214,d41_hh150
d214,d123_hh160
d214,d83_hh193
d214,d54_hh61
d214,d50_hh217
d214,d123_hh129
d214,d90_hh233
d214,d174_hh24
d214,d15_hh264
d214,d67_hh209
d214,d88_hh195
d214,d213_hh125
d214,d182_hh229
d209,d98_hh84
d209,d182_hh195
d209,d132_hh188
d209,d75_hh264
d209,d100_hh145
d209,d43_hh125
d209,d112_hh8
d209,d62_hh98
d209,d34_hh77
d209,d15_hh76
d209,d111_hh131
d209,d149_hh14
d209,d155_hh148
d209,d21_hh105
d209,d214_hh13
d209,d126_hh167
d209,d23_hh21
d209,d34_hh160
d209,d147_hh169
d209,d44_hh38
d209,d186_hh185
d209,d82_hh154
d209,d4_hh202
d209,d174_hh42
d209,d170_hh130
d209,d122_hh159
d209,d200_hh102
d209,d54_hh222
d209,d129_hh122
d209,d104_hh116
d209,d46_hh53
d209,d102_hh201
d209,d69_hh240
d209,d62_hh251
d209,d191_hh246
d209,d23_hh233
d209,d149_hh107
d209,d137_hh106
d209,d169_hh190
d209,d193_hh138
d209,d169_hh216
d209,d87_hh156
d209,d91_hh199
d209,d137_hh106
d209,d46_hh53
d209,d13_hh58
d209,d114_hh66
d209,d20_hh166
d209,d72_hh42
d209,d72_hh42
d209,d138_hh82
d209,d126_hh263
d209,d39_hh99
d209,d35_hh2
d209,d119_hh64
d209,d155_hh151
d209,d73_hh184
d209,d93_hh18
d209,d161_hh21
d209,d46_hh194
d209,d155_hh210
d209,d53_hh3
d209,d186_hh185
d209,d38_hh159
d209,d74_hh243
d209,d213_hh178
d209,d155_hh18
d209,d106_hh207
d209,d214_hh47
d209,d91_hh138
d209,d128_hh28
d209,d119_hh210
d209,d152_hh168
d209,d72_hh42
d209,d202_hh205
d209,d30_hh130
d209,d41_hh206
d209,d57_hh166
d209,d65_hh29
d209,d98_hh177
d209,d177_hh163
d209,d137_hh119
d209,d83_hh193
d209,d2_hh173
d209,d132_hh76
d209,d214_hh13
d209,d2_hh180
d209,d152_hh168
d209,d155_hh151
d209,d75_hh53
d209,d80_hh186
d209,d44_hh38
d209,d15_hh186
d209,d199_hh180
d209,d104_hh58
d209,d42_hh58
d209,d126_hh4
d209,d199_hh49
d209,d174_hh213
d209,d30_hh130
d209,d50_hh217
d209,d72_hh42
d209,d160_hh0
d209,d182_hh74
d209,d17_hh106
d209,d114_hh66
d209,d44_hh38
d209,d85_hh144
d209,d75_hh53
d209,d62_hh259
d209,d65_hh101
d209,d41_hh163
d209,d50_hh249
d209,d191_hh246
d209,d175_hh131
d209,d191_hh53
d209,d173_hh163
d209,d182_hh195
d209,d38_hh165
d209,d187_hh0
d209,d83_hh193
d209,d120_hh161
d209,d54_hh222
d209,d2_hh151
d209,d31_hh139
d209,d83_hh204
d209,d54_hh57
d209,d119_hh210
d209,d120_hh248
d209,d122_hh231
d209,d123_hh119
d209,d177_hh145
d209,d191_hh53
d209,d126_hh263
d209,d128_hh28
d209,d175_hh131
d209,d193_hh248
d209,d111_hh227
d209,d39_hh67
d209,d75_hh53
d209,d123_hh104
d209,d34_hh77
d209,d17_hh228
d209,d109_hh88
d209,d132_hh188
d209,d4_hh29
d209,d2_hh180
d209,d85_hh144
d209,d74_hh15
d209,d4_hh202
d209,d67_hh209
d209,d97_hh26
d209,d193_hh138
d209,d126_hh207
d209,d207_hh219
d209,d120_hh248
d209,d97_hh156
d209,d137_hh119
d209,d182_hh226
d209,d54_hh61
d209,d143_hh28
d209,d69_hh240
d209,d11_hh53
d209,d199_hh180
d209,d193_hh248
d209,d83_hh204
d209,d90_hh207
d209,d198_hh136
d209,d137_hh119
d209,d213_hh247
d209,d122_hh16
d209,d100_hh91
d209,d195_hh47
d209,d159_hh64
d209,d149_hh107
d209,d98_hh177
d209,d122_hh16
d209,d208_hh240
d209,d88_hh36
d209,d139_hh214
d209,d23_hh233
d209,d56_hh262
d209,d152_hh29
d209,d75_hh216
d209,d130_hh244
d209,d12_hh23
d209,d166_hh239
d209,d15_hh264
d209,d123_hh84
d209,d120_hh248
d209,d102_hh200
d209,d164_hh122
d209,d198_hh188
d209,d61_hh155
d209,d85_hh144
d209,d141_hh129
d209,d41_hh71
d209,d12_hh23
d209,d197_hh151
d209,d133_hh111
d209,d74_hh107
d209,d54_hh218
d209,d179_hh1
d209,d159_hh64
d209,d83_hh153
d209,d154_hh2
d209,d117_hh74
d209,d204_hh87
d209,d41_hh71
d209,d199_hh180
d209,d36_hh226
d209,d53_hh3
d209,d109_hh67
d209,d106_hh207
d209,d213_hh2
d209,d23_hh204
d209,d193_hh85
d209,d209_hh244
d209,d90_hh233
d209,d83_hh117
d209,d39_hh99
d209,d15_hh76
d209,d15_hh76
d209,d120_hh161
d209,d214_hh70
d209,d187_hh61
d209,d137_hh106
d209,d182_hh74
d209,d182_hh149
d209,d213_hh2
d209,d169_hh199
d209,d98_hh177
d209,d123_hh129
d209,d177_hh145
d209,d160_hh0
d209,d213_hh247
d209,d208_hh168
d209,d184_hh238
d209,d19_hh130
d209,d143_hh28
d209,d186_hh185
d209,d120_hh161
d209,d85_hh184
d209,d16_hh287
d209,d93_hh66
d209,d204_hh56
d209,d38_hh165
d209,d128_hh246
d209,d133_hh135
d209,d131_hh174
d209,d214_hh47
d209,d113_hh175
d209,d51_hh231
d209,d61_hh155
d209,d119_hh24
d206,d79_hh76
d206,d145_hh150
d206,d22_hh155
d206,d108_hh277
d206,d27_hh65
d206,d148_hh97
d206,d68_hh230
d206,d64_hh133
d206,d45_hh183
d206,d107_hh143
d206,d192_hh159
d206,d192_hh169
d206,d108_hh35
d206,d70_hh243
d206,d180_hh34
d206,d84_hh220
d206,d71_hh292
d206,d64_hh165
d206,d84_hh6
d206,d148_hh221
d206,d151_hh1
d206,d3_hh279
d206,d148_hh97
d206,d27_hh65
d206,d115_hh196
d206,d70_hh188
d206,d107_hh211
d206,d10_hh46
d206,d10_hh110
d206,d84_hh6
d206,d60_hh165
d206,d63_hh98
d206,d60_hh165
d206,d6_hh77
d206,d151_hh194
d206,d84_hh62
d206,d79_hh93
d206,d94_hh137
d206,d108_hh127
d206,d212_hh78
d206,d70_hh79
d206,d6_hh77
d206,d115_hh85
d206,d188_hh137
d206,d189_hh237
d206,d60_hh172
d206,d79_hh182
d206,d107_hh6
d206,d45_hh183
d206,d103_hh172
d206,d107_hh260
d206,d64_hh45
d206,d84_hh220
d206,d27_hh65
d206,d107_hh6
d206,d151_hh93
d206,d89_hh77
d206,d86_hh136
d206,d192_hh169
d206,d28_hh260
d206,d103_hh175
d206,d49_hh245
d206,d3_hh98
d206,d79_hh182
d206,d185_hh17
d206,d108_hh277
d206,d70_hh243
d206,d22_hh155
d206,d103_hh264
d206,d103_hh89
d206,d192_hh28
d206,d84_hh62
d206,d188_hh137
d206,d60_hh172
d206,d84_hh101
d206,d167_hh36
d206,d27_hh65
d206,d64_hh133
d206,d201_hh28
d206,d25_hh250
d206,d108_hh277
d206,d3_hh98
d206,d145_hh150
d206,d49_hh89
d206,d151_hh146
d206,d49_hh131
d206,d45_hh9
d206,d206_hh188
d206,d45_hh282
d206,d103_hh53
d206,d64_hh45
d206,d25_hh250
d206,d71_hh152
d206,d148_hh82
d206,d107_hh6
d206,d145_hh145
d206,d6_hh77
d206,d64_hh137
d206,d148_hh97
d206,d79_hh76
d206,d60_hh210
d206,d121_hh238
d206,d25_hh250
d206,d45_hh282
d206,d107_hh260
d206,d71_hh292
d206,d185_hh17
d206,d148_hh98
d206,d107_hh143
d206,d10_hh110
d206,d64_hh137
d206,d84_hh15
d206,d151_hh1
d206,d3_hh98
d206,d86_hh136
d206,d89_hh65
d206,d22_hh155
d206,d45_hh282
d206,d27_hh65
d206,d151_hh93
d206,d9_hh56
d206,d136_hh236
d206,d185_hh70
d206,d172_hh263
d206,d64_hh137
d206,d151_hh194
d206,d105_hh161
d206,d70_hh85
d206,d60_hh210
d206,d107_hh260
d206,d206_hh256
d206,d194_hh224
d206,d64_hh137
d206,d103_hh115
d206,d189_hh237
d206,d8_hh179
d206,d28_hh124
d206,d145_hh2
d206,d145_hh2
d206,d70_hh85
d206,d151_hh207
d206,d108_hh195
d206,d49_hh198
d206,d89_hh43
d206,d27_hh145
d206,d71_hh169
d206,d86_hh167
d206,d89_hh65
d206,d148_hh82
d206,d84_hh101
d206,d206_hh256
d206,d188_hh137
d206,d145_hh150
d206,d144_hh235
d206,d206_hh283
d206,d108_hh40
d206,d103_hh115
d206,d176_hh183
d206,d188_hh137
d206,d108_hh40
d206,d68_hh230
d206,d103_hh175
d206,d25_hh250
d206,d172_hh1
d206,d86_hh136
d206,d49_hh245
d206,d148_hh189
d206,d71_hh152
d206,d49_hh198
d206,d188_hh223
d206,d194_hh13
d206,d192_hh28
d206,d107_hh6
d206,d105_hh238
d206,d10_hh46
d206,d189_hh80
d206,d84_hh101
d206,d103_hh172
d206,d3_hh98
d206,d64_hh165
d206,d185_hh17
d206,d10_hh46
d206,d94_hh178
d206,d60_hh165
d206,d45_hh183
d206,d180_hh130
d206,d49_hh155
d206,d89_hh65
d206,d45_hh183
d206,d181_hh59
d206,d103_hh264
d206,d103_hh175
d206,d107_hh6
d206,d105_hh48
d206,d79_hh76
d206,d206_hh256
d206,d206_hh74
d206,d206_hh74
d206,d6_hh77
d206,d145_hh145
d206,d79_hh93
d206,d196_hh175
d206,d79_hh76
d206,d211_hh181
d206,d64_hh45
d206,d68_hh230
d206,d181_hh267
d206,d10_hh46
d206,d89_hh77
d206,d49_hh155
d206,d148_hh98
d206,d108_hh35
d206,d206_hh74
d206,d68_hh230
d206,d148_hh97
d206,d70_hh79
d206,d115_hh85
d206,d108_hh127
d206,d3_hh98
d206,d27_hh16
d206,d148_hh221
d206,d79_hh76
d206,d206_hh188
d206,d10_hh60
d206,d107_hh76
d206,d45_hh9
d206,d3_hh7
d206,d103_hh89
d206,d105_hh238
d206,d176_hh183
d206,d203_hh30
d206,d151_hh1
d206,d8_hh179
d206,d86_hh167
d206,d188_hh137
d206,d60_hh165
d206,d103_hh115
d206,d185_hh70
d206,d8_hh179
d206,d9_hh56
d206,d148_hh189
d206,d105_hh238
d206,d148_hh98
d206,d64_hh69
d206,d145_hh2
d206,d103_hh115
d206,d79_hh182
d206,d196_hh60
d206,d144_hh285
d206,d45_hh9
d206,d192_hh28
d206,d206_hh188
d206,d145_hh2
d206,d3_hh279
d206,d64_hh133
d206,d86_hh136
d206,d189_hh106
d206,d121_hh146
d206,d45_hh9
d206,d49_hh198
d206,d60_hh165
d206,d84_hh6
d206,d185_hh70
d206,d185_hh70
d206,d49_hh155
d206,d103_hh89
d206,d151_hh194
d206,d63_hh98
d206,d108_hh277
d206,d27_hh133
d206,d180_hh130
d206,d8_hh179
d206,d151_hh146
d206,d94_hh178
d206,d68_hh230
d206,d63_hh157
d206,d25_hh250
d206,d192_hh28
d206,d151_hh194
d206,d71_hh152
d206,d151_hh146
d206,d28_hh124
d206,d196_hh175
d206,d180_hh130
d206,d201_hh86
d206,d3_hh7
d206,d196_hh34
d206,d60_hh259
d206,d189_hh237
d206,d148_hh189
d206,d148_hh221
d215,d213_hh125
d215,d59_hh112
d215,d2_hh68
d215,d123_hh57
d215,d165_hh94
d215,d187_hh0
d215,d80_hh106
d215,d147_hh43
d215,d57_hh250
d215,d161_hh21
d215,d213_hh178
d215,d15_hh80
d215,d30_hh58
d215,d50_hh272
d215,d122_hh16
d215,d159_hh64
d215,d50_hh272
d215,d208_hh168
d215,d190_hh38
d215,d169_hh225
d215,d111_hh227
d215,d98_hh177
d215,d15_hh186
d215,d15_hh80
d215,d130_hh142
d215,d98_hh84
d215,d74_hh15
d215,d162_hh47
d215,d66_hh240
d215,d65_hh101
d215,d15_hh264
d215,d36_hh94
d215,d155_hh151
d215,d74_hh107
d215,d95_hh164
d215,d104_hh270
d215,d2_hh217
d215,d102_hh200
d215,d139_hh214
d215,d57_hh216
d215,d175_hh131
d215,d193_hh138
d215,d213_hh125
d215,d104_hh58
d215,d72_hh208
d215,d120_hh161
d215,d87_hh156
d215,d112_hh8
d215,d171_hh88
d215,d111_hh227
d215,d55_hh94
d215,d114_hh66
d215,d187_hh0
d215,d50_hh249
d215,d41_hh150
d215,d54_hh57
d215,d90_hh233
d215,d98_hh100
d215,d65_hh29
d215,d91_hh138
d215,d187_hh61
d215,d162_hh47
d215,d178_hh58
d215,d169_hh225
d215,d182_hh229
d215,d163_hh145
d215,d59_hh112
d215,d74_hh15
d215,d91_hh138
d215,d207_hh191
d215,d123_hh106
d215,d83_hh153
d215,d18_hh227
d215,d90_hh233
d215,d52_hh165
d215,d123_hh104
d215,d65_hh242
d215,d51_hh231
d215,d125_hh3
d215,d169_hh225
d215,d52_hh165
d215,d56_hh174
d215,d43_hh125
d215,d95_hh205
d215,d125_hh3
d215,d100_hh91
d215,d26_hh40
d215,d155_hh148
d215,d200_hh261
d215,d158_hh86
d215,d122_hh159
d215,d202_hh170
d215,d140_hh85
d215,d175_hh131
d215,d57_hh166
d215,d175_hh52
d215,d170_hh117
d215,d21_hh90
d215,d59_hh243
d215,d187_hh42
d215,d50_hh7
d215,d118_hh173
d215,d57_hh16
d215,d119_hh64
d215,d20_hh166
d215,d141_hh129
d215,d155_hh148
d215,d186_hh185
d215,d204_hh87
d215,d158_hh107
d215,d100_hh63
d215,d61_hh41
d215,d123_hh129
d215,d187_hh0
d215,d163_hh213
d215,d66_hh18
d215,d170_hh130
d215,d149_hh1
d215,d54_hh218
d215,d207_hh191
d215,d182_hh74
d215,d169_hh225
d215,d75_hh25
d215,d42_hh19
d215,d50_hh217
d215,d83_hh153
d215,d75_hh53
d215,d200_hh21
d215,d31_hh139
d215,d110_hh193
d215,d65_hh242
d215,d120_hh161
d215,d17_hh12
d215,d56_hh4
d215,d122_hh159
d215,d2_hh173
d215,d59_hh243
d215,d187_hh0
d215,d35_hh263
d215,d55_hh254
d215,d21_hh90
d215,d126_hh207
d215,d80_hh186
d215,d91_hh199
d215,d204_hh56
d215,d112_hh8
d215,d62_hh251
d215,d54_hh189
d215,d163_hh145
d215,d53_hh3
d215,d30_hh130
d215,d202_hh170
d215,d57_hh207
d215,d159_hh64
d215,d214_hh41
d215,d178_hh272
d215,d54_hh57
d215,d104_hh175
d215,d46_hh194
d215,d126_hh4
d215,d11_hh128
d215,d184_hh238
d215,d161_hh203
d215,d65_hh101
d215,d52_hh115
d215,d52_hh165
d215,d162_hh47
d215,d99_hh225
d215,d87_hh156
d215,d51_hh151
d215,d35_hh263
d215,d123_hh160
d215,d213_hh247
d215,d83_hh193
d215,d43_hh125
d215,d62_hh98
d215,d131_hh102
d215,d4_hh29
d215,d57_hh16
d215,d122_hh16
d215,d207_hh191
d215,d88_hh195
d215,d54_hh152
d215,d15_hh210
d215,d178_hh173
d215,d83_hh76
d215,d66_hh207
d215,d15_hh80
d215,d42_hh58
d215,d177_hh163
d215,d98_hh100
d215,d169_hh190
d215,d67_hh209
d215,d131_hh174
d215,d50_hh7
d215,d123_hh106
d215,d123_hh106
d215,d83_hh204
d215,d62_hh22
d215,d54_hh218
d215,d65_hh242
d215,d44_hh164
d215,d87_hh245
d215,d177_hh163
d215,d100_hh48
d215,d178_hh272
d215,d138_hh82
d215,d123_hh119
d215,d42_hh202
d215,d178_hh58
d215,d123_hh106
d215,d161_hh185
d215,d90_hh207
d215,d114_hh219
d215,d65_hh101
d215,d195_hh109
d215,d202_hh90
d215,d133_hh135
d215,d91_hh21
d215,d202_hh90
d215,d131_hh180
d215,d208_hh168
d215,d30_hh58
d215,d133_hh111
d215,d23_hh21
d215,d174_hh213
d215,d178_hh191
d215,d24_hh92
d215,d39_hh66
d215,d29_hh243
d215,d190_hh38
d215,d186_hh185
d215,d123_hh57
d215,d57_hh250
d215,d66_hh18
d215,d162_hh47
d215,d155_hh18
d215,d187_hh61
d215,d209_hh149
d215,d174_hh213
d215,d166_hh239
d215,d100_hh48
d215,d81_hh89
d215,d34_hh77
d215,d134_hh223
d215,d182_hh195
d215,d95_hh201
d215,d78_hh39
d215,d208_hh240
d215,d143_hh28
d215,d128_hh126
d215,d123_hh106
d215,d131_hh180
d215,d39_hh66
d215,d101_hh155
d215,d75_hh227
d215,d214_hh47
d215,d46_hh69
d215,d55_hh94
d215,d208_hh168
d215,d120_hh269
d215,d67_hh15
d215,d118_hh173
d215,d155_hh18
d215,d104_hh58
d215,d97_hh156
d215,d98_hh84
d215,d15_hh210
d215,d36_hh94
d215,d4_hh29
d215,d44_hh164
d215,d54_hh218
d215,d100_hh63
d215,d93_hh18
d215,d210_hh142
d201,d64_hh165
d201,d167_hh36
d201,d45_hh140
d201,d136_hh236
d201,d64_hh45
d201,d49_hh245
d201,d49_hh155
d201,d14_hh160
d201,d64_hh69
d201,d60_hh210
d201,d8_hh179
d201,d188_hh98
d201,d49_hh149
d201,d10_hh60
d201,d206_hh256
d201,d86_hh70
d201,d167_hh41
d201,d108_hh35
d201,d49_hh198
d201,d49_hh89
d201,d172_hh102
d201,d86_hh70
d201,d192_hh159
d201,d136_hh186
d201,d10_hh60
d201,d10_hh60
d201,d201_hh28
d201,d107_hh76
d201,d9_hh176
d201,d49_hh89
d201,d84_hh220
d201,d84_hh15
d201,d108_hh195
d201,d167_hh167
d201,d107_hh42
d201,d22_hh219
d201,d10_hh60
d201,d194_hh224
d201,d22_hh219
d201,d79_hh76
d201,d79_hh182
d201,d107_hh76
d201,d64_hh271
d201,d70_hh135
d201,d176_hh239
d201,d68_hh230
d201,d115_hh51
d201,d108_hh35
d201,d27_hh16
d201,d144_hh285
d201,d189_hh237
d201,d49_hh198
d201,d49_hh149
d201,d151_hh1
d201,d181_hh59
d201,d176_hh239
d201,d176_hh183
d201,d28_hh260
d201,d84_hh15
d201,d108_hh277
d201,d79_hh182
d201,d211_hh181
d201,d201_hh28
d201,d68_hh230
d201,d194_hh224
d201,d136_hh186
d201,d49_hh149
d201,d49_hh198
d201,d194_hh224
d201,d64_hh133
d201,d136_hh236
d201,d203_hh11
d201,d60_hh165
d201,d60_hh210
d201,d167_hh36
d201,d64_hh69
d201,d189_hh237
d201,d107_hh0
d201,d84_hh6
d201,d64_hh137
d201,d94_hh178
d201,d188_hh137
d201,d108_hh40
d201,d64_hh69
d201,d49_hh131
d201,d188_hh98
d201,d206_hh188
d201,d189_hh237
d201,d60_hh210
d201,d201_hh21
d201,d8_hh179
d201,d108_hh195
d201,d203_hh30
d201,d108_hh277
d201,d64_hh271
d201,d201_hh28
d201,d64_hh133
d201,d148_hh221
d201,d89_hh43
d201,d22_hh0
d201,d22_hh219
d201,d196_hh34
d201,d108_hh35
d201,d151_hh207
d201,d181_hh267
d201,d8_hh179
d201,d176_hh122
d201,d189_hh106
d201,d121_hh238
d201,d108_hh195
d201,d84_hh62
d201,d6_hh77
d201,d10_hh60
d201,d206_hh283
d201,d89_hh65
d201,d206_hh188
d201,d3_hh7
d201,d64_hh133
d201,d144_hh285
d201,d107_hh76
d201,d189_hh80
d201,d86_hh70
d201,d136_hh186
d201,d176_hh239
d201,d201_hh21
d201,d136_hh186
d201,d115_hh51
d201,d22_hh0
d201,d107_hh76
d201,d107_hh76
d201,d196_hh42
d201,d189_hh106
d201,d3_hh7
d201,d27_hh145
d201,d203_hh30
d201,d148_hh98
d201,d84_hh6
d201,d22_hh0
d201,d167_hh167
d201,d63_hh157
d201,d22_hh219
d201,d22_hh0
d201,d10_hh60
d201,d206_hh188
d201,d70_hh79
d201,d115_hh51
d201,d151_hh207
d201,d115_hh51
d201,d86_hh114
d201,d60_hh172
d201,d94_hh178
d201,d70_hh135
d201,d49_hh155
d201,d45_hh140
d201,d107_hh42
d201,d107_hh76
d201,d172_hh102
d201,d206_hh151
d201,d206_hh188
d201,d86_hh70
d201,d108_hh195
d201,d105_hh48
d201,d201_hh28
d201,d167_hh36
d201,d206_hh188
d201,d203_hh30
d201,d45_hh9
d201,d192_hh169
d201,d180_hh34
d201,d181_hh267
d201,d136_hh236
d201,d172_hh102
d201,d167_hh36
d201,d167_hh36
d201,d206_hh188
d201,d86_hh136
d201,d201_hh86
d201,d64_hh137
d201,d172_hh102
d201,d145_hh150
d201,d89_hh43
d201,d86_hh70
d201,d115_hh2
d201,d151_hh93
d201,d176_hh239
d201,d194_hh224
d201,d84_hh101
d201,d27_hh16
d201,d10_hh60
d201,d70_hh79
d201,d84_hh6
d201,d107_hh76
d201,d64_hh69
d201,d63_hh157
d201,d206_hh151
d201,d49_hh198
d201,d108_hh40
d201,d107_hh42
d201,d70_hh243
d201,d89_hh43
d201,d70_hh243
d201,d22_hh225
d201,d172_hh102
d201,d115_hh51
d201,d108_hh35
d201,d172_hh102
d201,d115_hh2
d201,d70_hh243
d201,d196_hh175
d201,d3_hh7
d201,d194_hh13
d201,d181_hh63
d201,d10_hh60
d201,d151_hh146
d201,d151_hh1
d201,d194_hh224
d201,d10_hh60
d201,d188_hh98
d201,d172_hh102
d201,d49_hh131
d201,d136_hh186
d201,d145_hh212
d201,d108_hh35
d201,d60_hh210
d201,d136_hh236
d201,d167_hh167
d201,d8_hh179
d201,d8_hh179
d201,d27_hh145
d201,d49_hh155
d201,d45_hh9
d201,d89_hh43
d201,d192_hh159
d201,d27_hh133
d201,d49_hh237
d201,d105_hh48
d201,d108_hh277
d211,d60_hh165
d211,d136_hh186
d211,d167_hh36
d211,d3_hh7
d211,d144_hh285
d211,d3_hh98
d211,d64_hh69
d211,d167_hh36
d211,d70_hh85
d211,d194_hh224
d211,d10_hh60
d211,d172_hh102
d211,d121_hh146
d211,d136_hh236
d211,d64_hh69
d211,d107_hh42
d211,d144_hh285
d211,d70_hh135
d211,d176_hh122
d211,d185_hh70
d211,d64_hh137
d211,d10_hh60
d211,d25_hh250
d211,d136_hh236
d211,d49_hh149
d211,d136_hh236
d211,d136_hh236
d211,d167_hh36
d211,d14_hh160
d211,d70_hh243
d211,d64_hh69
d211,d107_hh76
d211,d211_hh181
d211,d64_hh45
d211,d70_hh85
d211,d136_hh186
d211,d108_hh40
d211,d194_hh224
d211,d167_hh36
d211,d49_hh245
d211,d153_hh185
d211,d203_hh11
d211,d167_hh36
d211,d121_hh146
d211,d196_hh34
d211,d196_hh175
d211,d194_hh102
d211,d64_hh165
d211,d192_hh169
d211,d211_hh181
d211,d108_hh35
d211,d70_hh243
d211,d70_hh79
d211,d176_hh122
d211,d180_hh130
d211,d64_hh45
d211,d107_hh76
d211,d121_hh146
d211,d167_hh167
d211,d115_hh51
d211,d10_hh60
d211,d212_hh78
d211,d189_hh106
d211,d206_hh151
d211,d192_hh0
d211,d194_hh224
d211,d60_hh210
d211,d192_hh169
d211,d188_hh137
d211,d115_hh51
d211,d64_hh69
d211,d22_hh0
d211,d60_hh210
d211,d60_hh165
d211,d108_hh40
d211,d107_hh143
d211,d94_hh178
d211,d148_hh221
d211,d10_hh46
d211,d201_hh28
d211,d22_hh219
d211,d194_hh224
d211,d86_hh70
d211,d115_hh51
d211,d70_hh135
d211,d192_hh169
d211,d167_hh36
d211,d79_hh93
d211,d136_hh236
d211,d189_hh237
d211,d189_hh237
d211,d86_hh114
d211,d22_hh155
d211,d176_hh183
d211,d188_hh223
d211,d194_hh102
d211,d70_hh85
d211,d10_hh60
d211,d103_hh175
d211,d64_hh133
d211,d194_hh13
d211,d108_hh40
d211,d103_hh72
d211,d115_hh51
d211,d63_hh157
d211,d206_hh151
d211,d10_hh60
d211,d105_hh238
d211,d86_hh167
d211,d136_hh236
d211,d103_hh175
d211,d108_hh35
d211,d192_hh0
d211,d27_hh16
d211,d86_hh70
d211,d22_hh0
d211,d49_hh198
d211,d64_hh137
d211,d211_hh181
d211,d45_hh140
d211,d49_hh149
d211,d105_hh161
d211,d196_hh175
d211,d172_hh102
d211,d189_hh237
d211,d108_hh277
d211,d103_hh172
d211,d136_hh236
d211,d103_hh53
d211,d188_hh137
d211,d206_hh151
d211,d49_hh198
d211,d103_hh175
d211,d107_hh211
d211,d3_hh98
d211,d203_hh30
d211,d108_hh40
d211,d60_hh165
d211,d64_hh45
d211,d60_hh210
d211,d49_hh245
d211,d22_hh0
d211,d108_hh40
d211,d105_hh238
d211,d63_hh157
d211,d107_hh211
d211,d108_hh35
d211,d153_hh185
d211,d89_hh77
d211,d103_hh53
d211,d188_hh137
d211,d27_hh16
d211,d27_hh16
d211,d181_hh267
d211,d70_hh243
d211,d188_hh137
d211,d136_hh186
d211,d192_hh0
d211,d115_hh85
d211,d70_hh243
d211,d206_hh74
d211,d103_hh72
d211,d84_hh15
d211,d185_hh17
d211,d70_hh79
d211,d167_hh41
d211,d70_hh135
d211,d192_hh169
d211,d70_hh243
d211,d64_hh165
d211,d28_hh260
d211,d60_hh210
d211,d84_hh220
d211,d196_hh34
d211,d68_hh230
d211,d176_hh122
d211,d107_hh0
d211,d28_hh260
d211,d70_hh243
d211,d79_hh76
d211,d60_hh172
d211,d22_hh219
d211,d64_hh69
d211,d121_hh146
d211,d206_hh74
d211,d49_hh131
d211,d157_hh104
d211,d86_hh70
d211,d189_hh237
d211,d68_hh230
d211,d136_hh236
d211,d70_hh135
d211,d14_hh160
d211,d64_hh271
d211,d201_hh86
d211,d176_hh239
d211,d108_hh40
d211,d3_hh7
d211,d84_hh220
d211,d103_hh175
d211,d22_hh225
d211,d64_hh69
d211,d60_hh165
d211,d22_hh0
d211,d172_hh1
d211,d151_hh194
d211,d108_hh277
d211,d108_hh127
d211,d22_hh0
d211,d22_hh155
d211,d8_hh179
d211,d157_hh104
d211,d108_hh195
d211,d68_hh230
d211,d196_hh34
d211,d203_hh30
d211,d201_hh21
d211,d8_hh179
d211,d151_hh146
d211,d107_hh143
d211,d60_hh210
d211,d49_hh149
d211,d10_hh60
d211,d189_hh237
d211,d89_hh43
d211,d167_hh36
d211,d71_hh152
d211,d206_hh256
d211,d79_hh182
d211,d194_hh224
d211,d172_hh263
d211,d107_hh76
d211,d84_hh6
d211,d49_hh89
d211,d176_hh239
d211,d22_hh219
d211,d188_hh223
d211,d22_hh0
d211,d206_hh151
d211,d196_hh175
d211,d189_hh106
d211,d27_hh16
d211,d203_hh30
d211,d105_hh161
d211,d94_hh178
d211,d49_hh198
d211,d84_hh220
d211,d188_hh137
d211,d192_hh159
d211,d10_hh60
d211,d108_hh35
d211,d49_hh131
d211,d203_hh11
d211,d151_hh1
d211,d9_hh97
d211,d201_hh28
d211,d49_hh198
d211,d189_hh237
d211,d9_hh176
d211,d115_hh2
d211,d211_hh181
d211,d185_hh17
d211,d28_hh260
d211,d144_hh235
d211,d49_hh119
d211,d28_hh260
d211,d189_hh237
d211,d167_hh36
d211,d196_hh42
d211,d3_hh7
d211,d49_hh155
d211,d157_hh104
d211,d211_hh181
d211,d14_hh160
d211,d108_hh277
d211,d167_hh36
d211,d181_hh267
d211,d136_hh236
d211,d176_hh122
d211,d64_hh69
d211,d188_hh137
d211,d60_hh210
d211,d211_hh181
d211,d192_hh0
d211,d49_hh149
d212,d64_hh137
d212,d103_hh72
d212,d151_hh93
d212,d94_hh178
d212,d201_hh86
d212,d9_hh176
d212,d176_hh122
d212,d145_hh150
d212,d194_hh224
d212,d105_hh238
d212,d189_hh80
d212,d108_hh277
d212,d181_hh267
d212,d63_hh98
d212,d89_hh43
d212,d49_hh155
d212,d27_hh16
d212,d151_hh194
d212,d151_hh93
d212,d89_hh65
d212,d10_hh110
d212,d84_hh101
d212,d148_hh98
d212,d71_hh292
d212,d107_hh76
d212,d60_hh165
d212,d79_hh76
d212,d84_hh101
d212,d10_hh46
d212,d49_hh131
d212,d176_hh122
d212,d144_hh235
d212,d10_hh60
d212,d201_hh86
d212,d70_hh79
d212,d107_hh6
d212,d148_hh98
d212,d189_hh237
d212,d115_hh196
d212,d68_hh230
d212,d144_hh235
d212,d3_hh279
d212,d9_hh56
d212,d27_hh133
d212,d10_hh46
d212,d94_hh178
d212,d89_hh77
d212,d107_hh6
d212,d148_hh221
d212,d64_hh271
d212,d79_hh93
d212,d6_hh77
d212,d188_hh137
d212,d211_hh181
d212,d194_hh13
d212,d79_hh93
d212,d144_hh235
d212,d206_hh74
d212,d10_hh110
d212,d176_hh122
d212,d49_hh149
d212,d45_hh183
d212,d14_hh160
d212,d107_hh6
d212,d107_hh0
d212,d151_hh93
d212,d103_hh115
d212,d108_hh35
d212,d45_hh183
d212,d71_hh152
d212,d176_hh122
d212,d212_hh78
d212,d144_hh235
d212,d79_hh93
d212,d86_hh136
d212,d180_hh130
d212,d49_hh89
d212,d144_hh235
d212,d64_hh271
d212,d196_hh34
d212,d192_hh28
d212,d68_hh230
d212,d107_hh6
d212,d86_hh136
d212,d151_hh194
d212,d27_hh145
d212,d196_hh42
d212,d148_hh189
d212,d192_hh28
d212,d121_hh146
d212,d49_hh245
d212,d64_hh165
d212,d108_hh127
d212,d206_hh283
d212,d148_hh82
d212,d103_hh115
d212,d70_hh135
d212,d107_hh6
d212,d167_hh36
d212,d86_hh167
d212,d63_hh98
d212,d107_hh6
d212,d206_hh256
d212,d148_hh189
d212,d151_hh194
d212,d194_hh224
d212,d192_hh28
d212,d189_hh80
d212,d9_hh176
d212,d105_hh238
d212,d172_hh1
d212,d60_hh172
d212,d151_hh93
d212,d167_hh167
d212,d84_hh220
d212,d176_hh183
d212,d115_hh2
d212,d103_hh115
d212,d49_hh198
d212,d145_hh145
d212,d70_hh135
d212,d60_hh172
d212,d144_hh235
d212,d144_hh235
d212,d84_hh220
d212,d86_hh136
d212,d167_hh36
d212,d172_hh102
d212,d79_hh93
d212,d45_hh9
d212,d64_hh133
d212,d71_hh152
d212,d172_hh102
d212,d108_hh277
d212,d107_hh211
d212,d8_hh179
d212,d167_hh120
d212,d188_hh223
d212,d84_hh62
d212,d107_hh260
d212,d107_hh6
d212,d84_hh101
d212,d89_hh77
d212,d10_hh60
d212,d201_hh86
d212,d84_hh101
d212,d144_hh235
d212,d107_hh143
d212,d151_hh207
d212,d49_hh89
d212,d151_hh146
d212,d180_hh34
d212,d71_hh152
d212,d79_hh76
d212,d206_hh188
d212,d27_hh145
d212,d151_hh146
d212,d176_hh239
d212,d45_hh282
d212,d14_hh160
d212,d45_hh9
d212,d167_hh120
d212,d151_hh146
d212,d84_hh62
d212,d84_hh6
d212,d176_hh239
d212,d189_hh80
d212,d196_hh175
d212,d84_hh15
d212,d144_hh235
d212,d192_hh28
d212,d22_hh155
d212,d176_hh122
d212,d151_hh93
d212,d148_hh221
d212,d206_hh74
d212,d196_hh42
d212,d145_hh150
d212,d180_hh34
d212,d49_hh237
d212,d84_hh15
d212,d3_hh98
d212,d103_hh172
d212,d107_hh6
d212,d107_hh211
d212,d180_hh130
d212,d45_hh183
d212,d10_hh110
d212,d64_hh271
d212,d148_hh98
d212,d185_hh17
d212,d136_hh236
d212,d45_hh282
d212,d64_hh271
d212,d196_hh60
d212,d105_hh238
d212,d196_hh60
d212,d196_hh42
d212,d188_hh223
d212,d203_hh30
d212,d136_hh236
d212,d27_hh65
d212,d89_hh65
d212,d107_hh76
d212,d185_hh17
d212,d49_hh245
d212,d84_hh6
d212,d107_hh76
d212,d84_hh101
d212,d115_hh51
d212,d84_hh6
d212,d28_hh260
d212,d172_hh263
d212,d107_hh76
d212,d22_hh155
d212,d63_hh98
d212,d27_hh65
d212,d172_hh102
d212,d84_hh15
d212,d107_hh6
d212,d10_hh46
d212,d3_hh98
d212,d94_hh178
d212,d64_hh271
d212,d71_hh152
d212,d64_hh165
d212,d108_hh127
d212,d27_hh145
d212,d172_hh102
d212,d60_hh172
d212,d148_hh189
d212,d103_hh264
d212,d84_hh220
d212,d84_hh101
d212,d145_hh2
d212,d103_hh115
d212,d71_hh292
d212,d45_hh183
d212,d79_hh76
d212,d201_hh21
d212,d151_hh194
d212,d185_hh17
d212,d203_hh11
d212,d70_hh135
d212,d189_hh237
d212,d10_hh60
d212,d28_hh124
d212,d145_hh150
d212,d68_hh230
d212,d107_hh143
d212,d89_hh43
d212,d145_hh145
d212,d192_hh169
d212,d145_hh150
d212,d27_hh65
d212,d49_hh149
d212,d185_hh17
d212,d3_hh98
d212,d6_hh77
d212,d196_hh42
d212,d60_hh259
d212,d107_hh211
d212,d63_hh98
d212,d136_hh186
d212,d103_hh264
d212,d84_hh220
d212,d148_hh189
d212,d107_hh76
d212,d68_hh230
d212,d45_hh282
d212,d206_hh256
d212,d10_hh60
d212,d27_hh65
d212,d64_hh165
d212,d107_hh211
d212,d206_hh256
d212,d176_hh122
d212,d60_hh165
d212,d192_hh169
d212,d167_hh120
d212,d180_hh34
d212,d107_hh6
d212,d196_hh175
d212,d22_hh219
d212,d105_hh238
d212,d172_hh1
d212,d60_hh172
d212,d167_hh120
d212,d194_hh102
d212,d49_hh198
d212,d145_hh145
d212,d151_hh146
d212,d89_hh65
