area_id,microdata_id
d3,d212_hh155
d3,d192_hh68
d3,d145_hh175
d3,d47_hh300
d3,d14_hh75
d3,d49_hh103
d3,d47_hh128
d3,d45_hh79
d3,d116_hh6
d3,d136_hh192
d3,d49_hh103
d3,d25_hh80
d3,d196_hh139
d3,d194_hh40
d3,d14_hh67
d3,d49_hh103
d3,d103_hh48
d3,d176_hh194
d3,d107_hh23
d3,d144_hh196
d3,d108_hh230
d3,d203_hh227
d3,d6_hh77
d3,d60_hh107
d3,d71_hh146
d3,d167_hh264
d3,d108_hh162
d3,d76_hh187
d3,d63_hh160
d3,d188_hh256
d3,d116_hh118
d3,d47_hh128
d3,d105_hh45
d3,d108_hh212
d3,d144_hh196
d3,d3_hh27
d3,d167_hh264
d3,d47_hh135
d3,d8_hh105
d3,d49_hh103
d3,d136_hh89
d3,d167_hh70
d3,d63_hh83
d3,d103_hh192
d3,d47_hh128
d3,d9_hh197
d3,d115_hh199
d3,d157_hh235
d3,d28_hh253
d3,d115_hh176
d3,d107_hh103
d3,d70_hh171
d3,d49_hh219
d3,d192_hh68
d3,d153_hh100
d3,d49_hh257
d3,d8_hh155
d3,d185_hh57
d3,d79_hh255
d3,d92_hh115
d3,d9_hh170
d3,d116_hh118
d3,d79_hh198
d3,d136_hh89
d3,d142_hh108
d3,d196_hh229
d3,d157_hh222
d3,d144_hh253
d3,d167_hh11
d3,d144_hh253
d3,d116_hh6
d3,d196_hh126
d3,d103_hh192
d3,d194_hh101
d3,d108_hh212
d3,d71_hh245
d3,d107_hh246
d3,d176_hh92
d3,d103_hh48
d3,d92_hh91
d3,d196_hh197
d3,d167_hh11
d3,d148_hh100
d3,d212_hh155
d3,d8_hh149
d3,d192_hh39
d3,d8_hh149
d3,d116_hh36
d3,d22_hh190
d3,d22_hh190
d3,d192_hh68
d3,d157_hh235
d3,d192_hh39
d3,d103_hh205
d3,d103_hh205
d3,d115_hh176
d3,d196_hh197
d3,d60_hh191
d3,d37_hh159
d3,d79_hh114
d3,d116_hh118
d3,d3_hh97
d3,d37_hh159
d3,d107_hh246
d3,d3_hh97
d3,d115_hh176
d3,d37_hh159
d3,d203_hh139
d3,d148_hh100
d3,d203_hh139
d3,d92_hh91
d3,d64_hh137
d3,d211_hh211
d3,d108_hh241
d3,d136_hh192
d3,d60_hh191
d3,d79_hh198
d3,d8_hh41
d3,d172_hh180
d3,d116_hh6
d3,d103_hh205
d3,d8_hh155
d3,d94_hh137
d3,d148_hh100
d3,d63_hh83
d3,d63_hh83
d3,d63_hh69
d3,d212_hh61
d3,d108_hh241
d3,d45_hh79
d3,d47_hh135
d3,d70_hh76
d3,d212_hh61
d3,d28_hh40
d3,d136_hh89
d3,d8_hh41
d3,d47_hh300
d3,d116_hh36
d3,d136_hh192
d3,d107_hh23
d3,d8_hh41
d3,d103_hh63
d3,d181_hh225
d3,d22_hh190
d3,d9_hh170
d3,d6_hh130
d3,d79_hh255
d3,d194_hh40
d3,d103_hh63
d3,d108_hh212
d3,d25_hh80
d3,d212_hh61
d3,d47_hh128
d3,d92_hh161
d3,d6_hh130
d3,d145_hh175
d3,d201_hh119
d3,d60_hh191
d3,d105_hh45
d3,d167_hh276
d3,d28_hh40
d3,d196_hh197
d3,d49_hh219
d3,d153_hh96
d3,d212_hh252
d3,d136_hh32
d3,d8_hh155
d3,d45_hh79
d3,d22_hh190
d3,d148_hh244
d3,d153_hh26
d3,d121_hh170
d3,d172_hh180
d3,d212_hh155
d3,d14_hh75
d3,d3_hh35
d3,d172_hh180
d3,d212_hh155
d3,d3_hh180
d3,d79_hh255
d3,d49_hh170
d3,d9_hh170
d3,d49_hh103
d3,d8_hh105
d3,d116_hh196
d3,d49_hh170
d3,d60_hh107
d3,d3_hh35
d3,d157_hh235
d3,d79_hh255
d3,d196_hh229
d3,d107_hh103
d3,d60_hh108
d3,d92_hh161
d3,d157_hh16
d3,d25_hh80
d3,d153_hh100
d3,d194_hh101
d3,d192_hh39
d3,d188_hh256
d3,d212_hh61
d3,d157_hh215
d3,d9_hh197
d3,d144_hh289
d3,d172_hh180
d3,d151_hh203
d3,d196_hh197
d3,d3_hh35
d3,d9_hh289
d3,d8_hh155
d3,d6_hh130
d3,d196_hh197
d3,d28_hh35
d3,d116_hh36
d3,d157_hh235
d3,d148_hh100
d3,d151_hh215
d3,d84_hh122
d3,d47_hh135
d3,d47_hh135
d3,d196_hh139
d3,d103_hh205
d3,d70_hh110
d3,d121_hh170
d3,d194_hh189
d3,d60_hh108
d3,d203_hh227
d3,d157_hh215
d3,d60_hh107
d3,d28_hh35
d3,d136_hh192
d3,d167_hh11
d3,d172_hh180
d3,d10_hh167
d3,d176_hh85
d3,d144_hh253
d3,d176_hh85
d3,d176_hh85
d3,d196_hh197
d3,d14_hh67
d3,d172_hh18
d3,d27_hh269
d3,d94_hh129
d3,d79_hh198
d3,d47_hh128
d3,d151_hh215
d3,d103_hh205
d3,d185_hh143
d3,d108_hh230
d3,d47_hh135
d3,d9_hh289
d3,d136_hh32
d3,d176_hh125
d3,d107_hh23
d3,d196_hh126
d3,d201_hh119
d3,d148_hh247
d3,d136_hh89
d3,d92_hh161
d3,d212_hh61
d3,d27_hh269
d3,d103_hh192
d3,d71_hh146
d3,d196_hh139
d3,d84_hh122
d3,d148_hh247
d3,d3_hh27
d3,d9_hh183
d3,d180_hh254
d3,d192_hh39
d3,d105_hh45
d3,d194_hh40
d3,d92_hh115
d3,d71_hh163
d3,d64_hh137
d3,d176_hh92
d3,d157_hh235
d3,d63_hh69
d3,d9_hh197
d3,d79_hh114
d3,d22_hh190
d3,d47_hh128
d3,d116_hh118
d3,d116_hh6
d3,d9_hh289
d3,d63_hh69
d3,d148_hh117
d3,d142_hh190
d3,d70_hh171
d3,d144_hh289
d3,d79_hh255
d3,d153_hh96
d3,d196_hh190
d3,d47_hh135
d3,d63_hh69
d3,d192_hh58
d3,d211_hh86
d2,d120_hh57
d2,d51_hh186
d2,d155_hh206
d2,d118_hh262
d2,d191_hh12
d2,d90_hh214
d2,d214_hh171
d2,d170_hh273
d2,d191_hh275
d2,d85_hh104
d2,d61_hh79
d2,d215_hh157
d2,d59_hh98
d2,d190_hh176
d2,d179_hh267
d2,d11_hh132
d2,d134_hh166
d2,d36_hh69
d2,d61_hh246
d2,d83_hh79
d2,d99_hh38
d2,d208_hh2
d2,d146_hh114
d2,d69_hh55
d2,d164_hh220
d2,d208_hh221
d2,d120_hh272
d2,d16_hh200
d2,d44_hh35
d2,d190_hh176
d2,d184_hh11
d2,d13_hh239
d2,d91_hh241
d2,d96_hh8
d2,d5_hh117
d2,d158_hh146
d2,d74_hh11
d2,d205_hh217
d2,d202_hh17
d2,d164_hh78
d2,d134_hh76
d2,d16_hh218
d2,d155_hh206
d2,d51_hh186
d2,d55_hh246
d2,d204_hh158
d2,d39_hh96
d2,d174_hh97
d2,d112_hh221
d2,d61_hh79
d2,d169_hh115
d2,d81_hh14
d2,d13_hh263
d2,d129_hh94
d2,d137_hh216
d2,d42_hh251
d2,d42_hh251
d2,d195_hh31
d2,d44_hh283
d2,d214_hh255
d2,d191_hh179
d2,d33_hh266
d2,d140_hh260
d2,d143_hh224
d2,d55_hh246
d2,d207_hh28
d2,d5_hh117
d2,d174_hh97
d2,d88_hh191
d2,d55_hh12
d2,d168_hh30
d2,d32_hh101
d2,d208_hh137
d2,d190_hh38
d2,d156_hh181
d2,d1_hh15
d2,d191_hh30
d2,d191_hh179
d2,d73_hh153
d2,d50_hh90
d2,d38_hh101
d2,d117_hh126
d2,d129_hh209
d2,d87_hh38
d2,d5_hh117
d2,d18_hh80
d2,d126_hh184
d2,d138_hh1
d2,d110_hh236
d2,d131_hh41
d2,d31_hh135
d2,d55_hh226
d2,d190_hh176
d2,d42_hh38
d2,d35_hh104
d2,d109_hh209
d2,d109_hh209
d2,d11_hh240
d2,d130_hh273
d2,d193_hh61
d2,d32_hh101
d2,d53_hh23
d2,d1_hh234
d2,d33_hh64
d2,d44_hh170
d2,d33_hh64
d2,d42_hh263
d2,d16_hh218
d2,d88_hh235
d2,d110_hh117
d2,d184_hh210
d2,d101_hh182
d2,d93_hh66
d2,d187_hh16
d2,d150_hh8
d2,d215_hh157
d2,d59_hh207
d2,d205_hh217
d2,d78_hh9
d2,d87_hh38
d2,d78_hh234
d2,d150_hh8
d2,d88_hh235
d2,d102_hh228
d2,d150_hh253
d2,d131_hh41
d2,d174_hh97
d2,d119_hh174
d2,d131_hh204
d2,d111_hh206
d2,d164_hh249
d2,d214_hh171
d2,d150_hh168
d2,d50_hh112
d2,d131_hh204
d2,d39_hh55
d2,d135_hh191
d2,d109_hh209
d2,d174_hh97
d2,d130_hh273
d2,d55_hh229
d2,d38_hh49
d2,d35_hh224
d2,d44_hh170
d2,d134_hh118
d2,d35_hh211
d2,d120_hh45
d2,d193_hh67
d2,d21_hh21
d2,d131_hh212
d2,d31_hh135
d2,d160_hh59
d2,d175_hh239
d2,d186_hh175
d2,d164_hh249
d2,d44_hh170
d2,d2_hh232
d2,d149_hh30
d2,d44_hh283
d2,d129_hh106
d2,d174_hh6
d2,d41_hh254
d2,d61_hh246
d2,d140_hh260
d2,d147_hh167
d2,d210_hh262
d2,d156_hh19
d2,d7_hh148
d2,d7_hh87
d2,d7_hh240
d2,d59_hh251
d2,d214_hh255
d2,d33_hh266
d2,d190_hh106
d2,d134_hh31
d2,d129_hh94
d2,d69_hh55
d2,d90_hh214
d2,d214_hh20
d2,d66_hh193
d2,d127_hh69
d2,d91_hh79
d2,d24_hh177
d2,d170_hh63
d2,d141_hh194
d2,d154_hh132
d2,d190_hh32
d2,d205_hh54
d2,d11_hh244
d2,d175_hh32
d2,d44_hh170
d2,d32_hh19
d2,d112_hh177
d2,d156_hh151
d2,d146_hh88
d2,d129_hh94
d2,d184_hh11
d2,d175_hh32
d2,d81_hh87
d2,d161_hh229
d2,d73_hh33
d2,d41_hh53
d2,d41_hh181
d2,d42_hh38
d2,d69_hh13
d2,d214_hh255
d2,d82_hh256
d2,d112_hh17
d2,d122_hh271
d2,d2_hh232
d2,d128_hh278
d2,d74_hh212
d2,d156_hh153
d2,d39_hh96
d2,d111_hh29
d2,d161_hh229
d2,d149_hh61
d2,d131_hh212
d2,d21_hh25
d2,d34_hh166
d2,d190_hh173
d2,d131_hh41
d2,d140_hh195
d2,d156_hh151
d2,d149_hh237
d2,d42_hh251
d2,d137_hh201
d2,d161_hh250
d2,d120_hh118
d2,d170_hh228
d2,d175_hh181
d2,d139_hh27
d2,d120_hh118
d2,d130_hh273
d2,d93_hh184
d2,d193_hh67
d2,d110_hh236
d2,d119_hh174
d2,d210_hh262
d2,d215_hh82
d2,d40_hh111
d2,d164_hh220
d2,d18_hh91
d2,d170_hh228
d2,d130_hh177
d2,d207_hh28
d2,d122_hh271
d2,d109_hh168
d2,d1_hh15
d2,d44_hh170
d2,d204_hh231
d2,d124_hh167
d2,d122_hh271
d2,d191_hh30
d2,d16_hh201
d2,d147_hh167
d2,d120_hh272
d2,d128_hh43
d2,d62_hh18
d2,d155_hh206
d2,d214_hh184
d2,d120_hh118
d2,d35_hh224
d2,d88_hh191
d2,d161_hh229
d2,d11_hh240
d2,d61_hh79
d2,d56_hh89
d2,d112_hh155
d2,d208_hh137
d2,d139_hh164
d2,d160_hh59
d2,d13_hh239
d2,d59_hh132
d2,d72_hh77
d2,d81_hh81
d2,d91_hh32
d2,d191_hh179
d2,d58_hh108
d2,d55_hh246
d2,d72_hh77
d2,d130_hh273
d2,d190_hh32
d2,d87_hh38
d2,d33_hh266
d2,d7_hh148
d2,d215_hh82
d2,d4_hh212
d2,d5_hh117
d2,d195_hh31
d1,d81_hh87
d1,d73_hh33
d1,d191_hh12
d1,d101_hh182
d1,d11_hh240
d1,d74_hh109
d1,d74_hh11
d1,d11_hh26
d1,d122_hh112
d1,d118_hh175
d1,d150_hh8
d1,d132_hh233
d1,d88_hh235
d1,d69_hh99
d1,d208_hh2
d1,d11_hh214
d1,d128_hh297
d1,d67_hh63
d1,d23_hh236
d1,d179_hh242
d1,d41_hh254
d1,d66_hh193
d1,d56_hh63
d1,d137_hh201
d1,d78_hh123
d1,d137_hh109
d1,d146_hh88
d1,d110_hh172
d1,d131_hh212
d1,d112_hh17
d1,d7_hh240
d1,d160_hh104
d1,d170_hh63
d1,d204_hh173
d1,d88_hh191
d1,d44_hh170
d1,d97_hh20
d1,d50_hh112
d1,d169_hh247
d1,d190_hh32
d1,d214_hh252
d1,d129_hh94
d1,d56_hh177
d1,d128_hh43
d1,d140_hh260
d1,d149_hh61
d1,d138_hh1
d1,d147_hh167
d1,d56_hh177
d1,d164_hh249
d1,d50_hh112
d1,d95_hh241
d1,d149_hh237
d1,d128_hh278
d1,d214_hh252
d1,d24_hh177
d1,d163_hh44
d1,d11_hh244
d1,d32_hh151
d1,d168_hh30
d1,d81_hh14
d1,d149_hh30
d1,d101_hh182
d1,d134_hh7
d1,d118_hh262
d1,d168_hh265
d1,d44_hh170
d1,d32_hh60
d1,d135_hh226
d1,d85_hh104
d1,d126_hh156
d1,d56_hh177
d1,d96_hh8
d1,d187_hh291
d1,d135_hh216
d1,d200_hh227
d1,d118_hh188
d1,d207_hh28
d1,d139_hh164
d1,d168_hh265
d1,d99_hh44
d1,d170_hh228
d1,d81_hh14
d1,d129_hh209
d1,d114_hh12
d1,d112_hh17
d1,d190_hh38
d1,d195_hh52
d1,d38_hh95
d1,d154_hh132
d1,d163_hh115
d1,d154_hh157
d1,d20_hh48
d1,d156_hh181
d1,d127_hh69
d1,d7_hh124
d1,d74_hh212
d1,d146_hh114
d1,d51_hh285
d1,d160_hh179
d1,d35_hh211
d1,d11_hh132
d1,d137_hh201
d1,d204_hh158
d1,d207_hh28
d1,d122_hh210
d1,d66_hh193
d1,d160_hh38
d1,d137_hh216
d1,d65_hh227
d1,d126_hh156
d1,d13_hh263
d1,d191_hh179
d1,d44_hh187
d1,d33_hh266
d1,d75_hh15
d1,d156_hh151
d1,d51_hh49
d1,d7_hh64
d1,d125_hh167
d1,d208_hh137
d1,d88_hh118
d1,d131_hh14
d1,d158_hh85
d1,d184_hh11
d1,d170_hh63
d1,d33_hh64
d1,d156_hh153
d1,d179_hh242
d1,d78_hh123
d1,d131_hh41
d1,d179_hh28
d1,d160_hh211
d1,d85_hh104
d1,d4_hh212
d1,d66_hh131
d1,d114_hh12
d1,d100_hh65
d1,d77_hh156
d1,d141_hh152
d1,d135_hh226
d1,d128_hh43
d1,d125_hh167
d1,d44_hh163
d1,d65_hh115
d1,d128_hh43
d1,d32_hh151
d1,d119_hh107
d1,d69_hh209
d1,d74_hh108
d1,d149_hh61
d1,d16_hh200
d1,d200_hh51
d1,d125_hh189
d1,d190_hh106
d1,d33_hh266
d1,d190_hh173
d1,d112_hh176
d1,d91_hh98
d1,d109_hh209
d1,d119_hh107
d1,d16_hh201
d1,d61_hh246
d1,d44_hh127
d1,d59_hh251
d1,d73_hh153
d1,d132_hh233
d1,d34_hh12
d1,d51_hh186
d1,d156_hh151
d1,d152_hh175
d1,d77_hh156
d1,d190_hh38
d1,d149_hh61
d1,d40_hh111
d1,d130_hh277
d1,d33_hh266
d1,d193_hh67
d1,d88_hh235
d1,d208_hh137
d1,d168_hh34
d1,d44_hh163
d1,d59_hh132
d1,d140_hh260
d1,d130_hh273
d1,d16_hh218
d1,d19_hh147
d1,d117_hh245
d1,d41_hh53
d1,d51_hh177
d1,d15_hh188
d1,d87_hh32
d1,d51_hh37
d1,d74_hh109
d1,d137_hh201
d1,d34_hh12
d1,d85_hh214
d1,d11_hh240
d1,d195_hh97
d1,d124_hh167
d1,d74_hh212
d1,d69_hh274
d1,d40_hh111
d1,d129_hh106
d1,d26_hh63
d1,d214_hh166
d1,d124_hh125
d1,d190_hh106
d1,d164_hh249
d1,d195_hh97
d1,d130_hh277
d1,d156_hh19
d1,d13_hh239
d1,d30_hh132
d1,d137_hh201
d1,d59_hh207
d1,d132_hh233
d1,d160_hh104
d1,d109_hh209
d1,d93_hh184
d1,d124_hh125
d1,d67_hh63
d1,d51_hh285
d1,d21_hh16
d1,d55_hh232
d1,d195_hh52
d1,d38_hh95
d1,d100_hh164
d1,d44_hh283
d1,d20_hh48
d1,d46_hh57
d1,d191_hh190
d1,d118_hh88
d1,d42_hh165
d1,d40_hh111
d1,d128_hh180
d1,d119_hh50
d1,d128_hh180
d1,d114_hh2
d1,d125_hh189
d1,d11_hh240
d1,d126_hh233
d1,d77_hh83
d1,d168_hh265
d1,d118_hh188
d1,d38_hh101
d1,d141_hh209
d1,d74_hh108
d1,d73_hh153
d1,d187_hh291
d1,d112_hh155
d1,d135_hh57
d1,d163_hh242
d1,d122_hh210
d1,d109_hh209
d1,d111_hh29
d1,d26_hh63
d1,d163_hh242
d1,d114_hh2
d1,d24_hh177
d1,d191_hh275
d1,d137_hh216
d1,d210_hh267
d1,d183_hh93
d1,d72_hh77
d1,d122_hh271
d1,d184_hh11
d9,d8_hh155
d9,d153_hh96
d9,d192_hh58
d9,d8_hh41
d9,d107_hh23
d9,d185_hh143
d9,d185_hh143
d9,d103_hh205
d9,d71_hh163
d9,d60_hh191
d9,d70_hh76
d9,d136_hh32
d9,d142_hh269
d9,d211_hh86
d9,d47_hh300
d9,d8_hh155
d9,d9_hh289
d9,d185_hh57
d9,d116_hh118
d9,d63_hh83
d9,d211_hh86
d9,d9_hh236
d9,d8_hh41
d9,d107_hh246
d9,d6_hh130
d9,d86_hh55
d9,d107_hh246
d9,d25_hh80
d9,d157_hh235
d9,d79_hh114
d9,d47_hh135
d9,d176_hh194
d9,d86_hh55
d9,d148_hh100
d9,d116_hh118
d9,d84_hh122
d9,d196_hh229
d9,d60_hh108
d9,d176_hh194
d9,d76_hh193
d9,d9_hh289
d9,d181_hh17
d9,d49_hh170
d9,d14_hh67
d9,d8_hh155
d9,d71_hh245
d9,d181_hh17
d9,d151_hh203
d9,d203_hh96
d9,d108_hh212
d9,d8_hh105
d9,d27_hh269
d9,d27_hh269
d9,d144_hh253
d9,d136_hh192
d9,d194_hh40
d9,d70_hh136
d9,d188_hh256
d9,d45_hh79
d9,d176_hh194
d9,d107_hh193
d9,d92_hh115
d9,d153_hh96
d9,d153_hh96
d9,d76_hh187
d9,d172_hh180
d9,d3_hh180
d9,d60_hh191
d9,d22_hh176
d9,d157_hh215
d9,d116_hh118
d9,d196_hh215
d9,d206_hh279
d9,d107_hh246
d9,d142_hh108
d9,d79_hh198
d9,d63_hh83
d9,d27_hh269
d9,d107_hh23
d9,d181_hh17
d9,d107_hh23
d9,d103_hh192
d9,d3_hh97
d9,d49_hh170
d9,d107_hh23
d9,d196_hh139
d9,d181_hh225
d9,d70_hh172
d9,d84_hh161
d9,d45_hh79
d9,d115_hh176
d9,d94_hh137
d9,d107_hh246
d9,d206_hh279
d9,d8_hh41
d9,d6_hh130
d9,d86_hh55
d9,d108_hh230
d9,d194_hh142
d9,d6_hh130
d9,d103_hh205
d9,d10_hh167
d9,d115_hh186
d9,d157_hh235
d9,d145_hh175
d9,d79_hh114
d9,d176_hh194
d9,d196_hh197
d9,d144_hh196
d9,d185_hh57
d9,d76_hh6
d9,d148_hh104
d9,d148_hh244
d9,d60_hh107
d9,d9_hh197
d9,d94_hh137
d9,d79_hh227
d9,d144_hh289
d9,d185_hh57
d9,d8_hh41
d9,d148_hh117
d9,d76_hh187
d9,d194_hh114
d9,d8_hh149
d9,d71_hh146
d9,d136_hh192
d9,d116_hh6
d9,d145_hh175
d9,d79_hh114
d9,d144_hh196
d9,d63_hh83
d9,d10_hh167
d9,d60_hh107
d9,d49_hh170
d9,d63_hh69
d9,d142_hh108
d9,d9_hh197
d9,d176_hh85
d9,d3_hh180
d9,d14_hh75
d9,d144_hh253
d9,d25_hh80
d9,d14_hh205
d9,d142_hh106
d9,d60_hh108
d9,d70_hh171
d9,d153_hh100
d9,d176_hh85
d9,d8_hh105
d9,d8_hh105
d9,d116_hh118
d9,d167_hh11
d9,d144_hh253
d9,d151_hh215
d9,d176_hh194
d9,d107_hh23
d9,d37_hh159
d9,d37_hh160
d9,d196_hh139
d9,d167_hh264
d9,d196_hh197
d9,d201_hh78
d9,d94_hh137
d9,d212_hh155
d9,d79_hh114
d9,d144_hh253
d9,d47_hh128
d9,d201_hh78
d9,d121_hh170
d9,d28_hh253
d9,d103_hh205
d9,d103_hh63
d9,d94_hh129
d9,d79_hh198
d9,d84_hh122
d9,d167_hh11
d9,d116_hh36
d9,d108_hh230
d9,d176_hh125
d9,d10_hh167
d9,d107_hh258
d9,d8_hh106
d9,d84_hh161
d9,d92_hh115
d9,d144_hh196
d9,d192_hh39
d9,d172_hh180
d9,d79_hh255
d9,d107_hh246
d9,d6_hh77
d9,d116_hh36
d9,d108_hh230
d9,d92_hh115
d9,d9_hh197
d9,d115_hh124
d9,d37_hh159
d9,d194_hh40
d9,d167_hh264
d9,d176_hh125
d9,d167_hh11
d9,d71_hh163
d9,d203_hh139
d9,d167_hh264
d9,d196_hh229
d9,d37_hh160
d9,d211_hh211
d9,d60_hh107
d9,d196_hh190
d9,d142_hh108
d9,d63_hh131
d9,d9_hh197
d9,d6_hh130
d9,d194_hh101
d9,d64_hh137
d9,d172_hh18
d9,d115_hh176
d9,d116_hh118
d9,d103_hh48
d9,d107_hh258
d9,d116_hh36
d9,d157_hh16
d9,d136_hh89
d9,d103_hh48
d9,d136_hh32
d9,d63_hh160
d9,d28_hh40
d9,d3_hh35
d9,d3_hh97
d9,d49_hh103
d9,d14_hh67
d9,d63_hh160
d9,d172_hh180
d9,d151_hh203
d9,d148_hh58
d9,d144_hh196
d9,d92_hh161
d9,d60_hh107
d9,d176_hh125
d9,d153_hh96
d9,d6_hh77
d9,d47_hh128
d9,d107_hh23
d9,d151_hh215
d9,d3_hh27
d9,d176_hh125
d9,d76_hh187
d9,d107_hh103
d9,d76_hh6
d9,d9_hh197
d9,d6_hh130
d9,d107_hh258
d9,d136_hh32
d9,d107_hh193
d9,d103_hh63
d9,d9_hh236
d9,d107_hh103
d9,d3_hh97
d9,d194_hh101
d9,d9_hh197
d9,d25_hh80
d9,d153_hh26
d9,d148_hh117
d9,d8_hh41
d9,d6_hh77
d9,d108_hh230
d9,d94_hh129
d9,d94_hh129
d9,d167_hh70
d9,d49_hh103
d9,d49_hh170
d9,d79_hh114
d9,d47_hh300
d9,d103_hh205
d9,d107_hh246
d9,d116_hh6
d9,d144_hh289
d9,d115_hh186
d9,d9_hh289
d9,d176_hh85
d9,d153_hh26
d9,d49_hh170
d9,d76_hh187
d9,d167_hh264
d9,d63_hh83
d9,d176_hh85
d9,d201_hh119
d9,d103_hh205
d9,d86_hh55
d9,d79_hh198
d9,d181_hh17
d9,d103_hh63
d9,d157_hh16
d13,d81_hh81
d13,d56_hh89
d13,d120_hh268
d13,d168_hh30
d13,d163_hh44
d13,d175_hh32
d13,d190_hh106
d13,d134_hh118
d13,d158_hh20
d13,d143_hh82
d13,d65_hh67
d13,d21_hh16
d13,d42_hh165
d13,d214_hh20
d13,d208_hh221
d13,d213_hh238
d13,d191_hh190
d13,d193_hh61
d13,d135_hh226
d13,d191_hh179
d13,d131_hh204
d13,d190_hh32
d13,d95_hh241
d13,d99_hh38
d13,d106_hh24
d13,d101_hh186
d13,d93_hh66
d13,d99_hh44
d13,d139_hh27
d13,d112_hh177
d13,d91_hh113
d13,d110_hh236
d13,d44_hh170
d13,d118_hh262
d13,d137_hh201
d13,d130_hh277
d13,d58_hh108
d13,d51_hh177
d13,d204_hh173
d13,d118_hh88
d13,d130_hh273
d13,d75_hh15
d13,d51_hh177
d13,d191_hh275
d13,d124_hh167
d13,d91_hh32
d13,d38_hh101
d13,d65_hh227
d13,d187_hh32
d13,d131_hh204
d13,d41_hh181
d13,d208_hh137
d13,d149_hh237
d13,d134_hh166
d13,d21_hh25
d13,d93_hh66
d13,d174_hh97
d13,d85_hh218
d13,d58_hh108
d13,d2_hh232
d13,d205_hh217
d13,d128_hh273
d13,d134_hh7
d13,d210_hh262
d13,d44_hh170
d13,d147_hh167
d13,d46_hh228
d13,d193_hh67
d13,d150_hh253
d13,d168_hh30
d13,d110_hh201
d13,d168_hh265
d13,d134_hh118
d13,d175_hh239
d13,d170_hh63
d13,d124_hh126
d13,d198_hh40
d13,d32_hh203
d13,d158_hh34
d13,d119_hh50
d13,d32_hh19
d13,d141_hh152
d13,d44_hh35
d13,d150_hh253
d13,d190_hh176
d13,d138_hh1
d13,d119_hh107
d13,d141_hh194
d13,d112_hh177
d13,d152_hh175
d13,d147_hh167
d13,d190_hh38
d13,d179_hh28
d13,d170_hh63
d13,d32_hh136
d13,d137_hh201
d13,d205_hh54
d13,d184_hh11
d13,d20_hh44
d13,d174_hh97
d13,d106_hh24
d13,d88_hh235
d13,d156_hh218
d13,d69_hh274
d13,d46_hh228
d13,d1_hh15
d13,d187_hh32
d13,d191_hh179
d13,d124_hh125
d13,d198_hh78
d13,d65_hh115
d13,d82_hh115
d13,d130_hh273
d13,d73_hh197
d13,d23_hh236
d13,d42_hh38
d13,d118_hh88
d13,d88_hh267
d13,d129_hh106
d13,d75_hh15
d13,d190_hh38
d13,d69_hh274
d13,d190_hh173
d13,d77_hh156
d13,d158_hh34
d13,d175_hh239
d13,d118_hh188
d13,d208_hh137
d13,d190_hh182
d13,d184_hh206
d13,d131_hh204
d13,d141_hh235
d13,d7_hh64
d13,d11_hh240
d13,d130_hh177
d13,d143_hh224
d13,d175_hh32
d13,d126_hh184
d13,d120_hh272
d13,d112_hh176
d13,d69_hh209
d13,d118_hh188
d13,d81_hh87
d13,d124_hh167
d13,d112_hh31
d13,d65_hh67
d13,d82_hh256
d13,d160_hh211
d13,d32_hh101
d13,d184_hh210
d13,d156_hh19
d13,d59_hh132
d13,d207_hh28
d13,d204_hh231
d13,d134_hh7
d13,d66_hh13
d13,d50_hh195
d13,d120_hh45
d13,d50_hh90
d13,d160_hh179
d13,d147_hh167
d13,d207_hh28
d13,d111_hh206
d13,d42_hh263
d13,d112_hh17
d13,d200_hh227
d13,d135_hh57
d13,d154_hh132
d13,d101_hh186
d13,d44_hh65
d13,d46_hh228
d13,d69_hh274
d13,d168_hh265
d13,d169_hh247
d13,d158_hh146
d13,d118_hh262
d13,d120_hh57
d13,d1_hh15
d13,d118_hh188
d13,d20_hh48
d13,d66_hh179
d13,d175_hh239
d13,d160_hh232
d13,d210_hh262
d13,d44_hh65
d13,d184_hh210
d13,d24_hh177
d13,d88_hh108
d13,d48_hh119
d13,d119_hh50
d13,d149_hh237
d13,d170_hh228
d13,d179_hh242
d13,d214_hh171
d13,d51_hh285
d13,d149_hh61
d13,d39_hh55
d13,d129_hh94
d13,d122_hh112
d13,d56_hh175
d13,d61_hh79
d13,d16_hh75
d13,d146_hh114
d13,d48_hh176
d13,d5_hh117
d13,d32_hh19
d13,d120_hh118
d13,d131_hh204
d13,d18_hh91
d13,d30_hh44
d13,d169_hh115
d13,d18_hh253
d13,d164_hh249
d13,d124_hh167
d13,d131_hh41
d13,d137_hh216
d13,d42_hh38
d13,d20_hh44
d13,d11_hh214
d13,d124_hh223
d13,d178_hh263
d13,d137_hh201
d13,d143_hh82
d13,d190_hh182
d13,d143_hh82
d13,d190_hh38
d13,d95_hh241
d13,d56_hh63
d13,d204_hh231
d13,d74_hh109
d13,d53_hh23
d13,d214_hh20
d13,d7_hh124
d13,d41_hh254
d13,d19_hh147
d13,d35_hh211
d13,d200_hh51
d13,d126_hh156
d13,d128_hh278
d13,d155_hh206
d13,d137_hh216
d13,d35_hh224
d13,d120_hh272
d13,d16_hh177
d13,d215_hh157
d13,d81_hh87
d13,d131_hh14
d13,d137_hh201
d13,d112_hh176
d13,d7_hh87
d13,d88_hh235
d13,d124_hh167
d13,d128_hh43
d13,d138_hh1
d13,d111_hh29
d13,d101_hh182
d13,d152_hh187
d13,d7_hh155
d13,d66_hh179
d13,d160_hh104
d13,d128_hh297
d13,d139_hh251
d13,d210_hh262
d13,d18_hh6
d13,d202_hh222
d13,d40_hh111
d13,d169_hh148
d13,d202_hh222
d13,d93_hh80
d4,d193_hh67
d4,d19_hh147
d4,d208_hh137
d4,d50_hh195
d4,d137_hh109
d4,d125_hh236
d4,d56_hh89
d4,d51_hh177
d4,d161_hh250
d4,d134_hh31
d4,d88_hh191
d4,d134_hh166
d4,d193_hh61
d4,d55_hh246
d4,d156_hh218
d4,d141_hh235
d4,d55_hh226
d4,d72_hh77
d4,d21_hh21
d4,d11_hh240
d4,d128_hh184
d4,d191_hh30
d4,d175_hh181
d4,d129_hh106
d4,d126_hh44
d4,d39_hh55
d4,d128_hh43
d4,d124_hh167
d4,d160_hh38
d4,d21_hh25
d4,d131_hh41
d4,d99_hh230
d4,d164_hh78
d4,d137_hh216
d4,d11_hh240
d4,d205_hh217
d4,d53_hh249
d4,d135_hh219
d4,d126_hh156
d4,d162_hh113
d4,d134_hh7
d4,d143_hh224
d4,d11_hh79
d4,d171_hh189
d4,d110_hh117
d4,d87_hh32
d4,d96_hh8
d4,d120_hh118
d4,d120_hh45
d4,d18_hh253
d4,d152_hh175
d4,d135_hh226
d4,d11_hh244
d4,d154_hh132
d4,d135_hh219
d4,d110_hh201
d4,d178_hh263
d4,d170_hh273
d4,d55_hh190
d4,d73_hh7
d4,d97_hh20
d4,d202_hh111
d4,d56_hh63
d4,d161_hh110
d4,d81_hh81
d4,d56_hh123
d4,d193_hh67
d4,d120_hh57
d4,d170_hh63
d4,d150_hh8
d4,d129_hh209
d4,d164_hh78
d4,d7_hh155
d4,d30_hh132
d4,d210_hh262
d4,d50_hh112
d4,d55_hh12
d4,d135_hh78
d4,d122_hh181
d4,d55_hh229
d4,d51_hh49
d4,d137_hh216
d4,d111_hh206
d4,d42_hh263
d4,d191_hh275
d4,d50_hh195
d4,d51_hh37
d4,d139_hh9
d4,d43_hh67
d4,d15_hh188
d4,d207_hh28
d4,d69_hh222
d4,d205_hh73
d4,d69_hh274
d4,d73_hh197
d4,d81_hh81
d4,d11_hh244
d4,d78_hh123
d4,d65_hh67
d4,d155_hh206
d4,d191_hh12
d4,d74_hh109
d4,d74_hh108
d4,d88_hh267
d4,d88_hh235
d4,d187_hh291
d4,d128_hh180
d4,d210_hh262
d4,d141_hh235
d4,d122_hh181
d4,d91_hh32
d4,d113_hh254
d4,d163_hh44
d4,d126_hh156
d4,d156_hh151
d4,d42_hh263
d4,d34_hh166
d4,d175_hh181
d4,d214_hh171
d4,d143_hh82
d4,d56_hh89
d4,d141_hh6
d4,d143_hh224
d4,d137_hh201
d4,d118_hh175
d4,d91_hh32
d4,d88_hh118
d4,d156_hh181
d4,d65_hh115
d4,d20_hh44
d4,d175_hh181
d4,d18_hh253
d4,d215_hh82
d4,d149_hh237
d4,d5_hh117
d4,d69_hh274
d4,d32_hh101
d4,d164_hh78
d4,d198_hh78
d4,d119_hh174
d4,d119_hh174
d4,d186_hh175
d4,d150_hh253
d4,d33_hh64
d4,d112_hh31
d4,d11_hh132
d4,d15_hh188
d4,d134_hh166
d4,d42_hh165
d4,d91_hh241
d4,d56_hh89
d4,d66_hh131
d4,d42_hh38
d4,d44_hh163
d4,d174_hh97
d4,d191_hh179
d4,d44_hh187
d4,d190_hh38
d4,d183_hh93
d4,d101_hh186
d4,d65_hh67
d4,d149_hh237
d4,d163_hh242
d4,d35_hh224
d4,d184_hh210
d4,d195_hh31
d4,d128_hh297
d4,d2_hh232
d4,d190_hh32
d4,d55_hh246
d4,d18_hh253
d4,d56_hh177
d4,d73_hh151
d4,d202_hh17
d4,d169_hh247
d4,d19_hh147
d4,d169_hh247
d4,d50_hh195
d4,d42_hh165
d4,d101_hh182
d4,d99_hh38
d4,d110_hh236
d4,d77_hh156
d4,d88_hh3
d4,d118_hh88
d4,d69_hh55
d4,d11_hh26
d4,d48_hh119
d4,d99_hh230
d4,d13_hh263
d4,d134_hh156
d4,d208_hh137
d4,d90_hh214
d4,d160_hh211
d4,d69_hh209
d4,d77_hh40
d4,d42_hh38
d4,d210_hh87
d4,d21_hh25
d4,d158_hh20
d4,d61_hh246
d4,d85_hh104
d4,d135_hh216
d4,d21_hh21
d4,d56_hh63
d4,d80_hh6
d4,d178_hh263
d4,d56_hh63
d4,d141_hh6
d4,d138_hh1
d4,d7_hh64
d4,d112_hh17
d4,d110_hh172
d4,d55_hh229
d4,d168_hh30
d4,d33_hh266
d4,d178_hh263
d4,d55_hh229
d4,d124_hh126
d4,d128_hh184
d4,d55_hh190
d4,d191_hh275
d4,d134_hh7
d4,d40_hh111
d4,d174_hh85
d4,d187_hh291
d4,d195_hh97
d4,d214_hh255
d4,d134_hh76
d4,d56_hh175
d4,d128_hh297
d4,d109_hh168
d4,d160_hh104
d4,d24_hh177
d4,d150_hh253
d4,d156_hh218
d4,d141_hh209
d4,d56_hh177
d4,d186_hh175
d4,d134_hh7
d4,d112_hh176
d4,d187_hh32
d4,d53_hh23
d4,d73_hh153
d4,d66_hh154
d4,d67_hh63
d4,d161_hh110
d4,d118_hh175
d4,d88_hh3
d4,d205_hh73
d4,d131_hh41
d4,d40_hh111
d4,d205_hh54
d4,d18_hh91
d4,d1_hh15
d4,d51_hh285
d4,d24_hh177
d4,d158_hh146
d4,d215_hh157
d4,d101_hh182
d4,d35_hh224
d4,d104_hh7
d4,d128_hh180
d4,d208_hh2
d5,d190_hh106
d5,d215_hh82
d5,d168_hh265
d5,d128_hh278
d5,d7_hh64
d5,d140_hh260
d5,d69_hh222
d5,d44_hh127
d5,d183_hh93
d5,d32_hh60
d5,d46_hh228
d5,d128_hh278
d5,d41_hh72
d5,d50_hh112
d5,d113_hh254
d5,d150_hh168
d5,d130_hh273
d5,d118_hh175
d5,d19_hh147
d5,d175_hh239
d5,d44_hh187
d5,d205_hh217
d5,d11_hh244
d5,d73_hh7
d5,d91_hh113
d5,d122_hh271
d5,d128_hh180
d5,d11_hh244
d5,d59_hh132
d5,d154_hh157
d5,d51_hh186
d5,d50_hh195
d5,d175_hh32
d5,d46_hh228
d5,d55_hh229
d5,d135_hh226
d5,d42_hh263
d5,d73_hh7
d5,d200_hh51
d5,d87_hh38
d5,d214_hh171
d5,d179_hh41
d5,d208_hh2
d5,d161_hh238
d5,d15_hh97
d5,d85_hh104
d5,d161_hh229
d5,d41_hh74
d5,d117_hh126
d5,d66_hh193
d5,d82_hh256
d5,d117_hh126
d5,d35_hh104
d5,d48_hh119
d5,d32_hh101
d5,d48_hh119
d5,d102_hh284
d5,d99_hh38
d5,d26_hh63
d5,d208_hh137
d5,d11_hh79
d5,d193_hh61
d5,d124_hh126
d5,d7_hh124
d5,d169_hh115
d5,d110_hh172
d5,d179_hh41
d5,d113_hh254
d5,d126_hh156
d5,d213_hh238
d5,d202_hh17
d5,d191_hh179
d5,d191_hh275
d5,d168_hh30
d5,d58_hh108
d5,d74_hh212
d5,d33_hh266
d5,d21_hh25
d5,d135_hh226
d5,d183_hh93
d5,d51_hh186
d5,d150_hh253
d5,d7_hh148
d5,d187_hh291
d5,d56_hh166
d5,d119_hh50
d5,d165_hh274
d5,d97_hh75
d5,d214_hh166
d5,d138_hh1
d5,d171_hh189
d5,d46_hh228
d5,d51_hh177
d5,d175_hh32
d5,d198_hh40
d5,d164_hh220
d5,d88_hh3
d5,d119_hh50
d5,d38_hh49
d5,d55_hh12
d5,d214_hh255
d5,d205_hh217
d5,d158_hh146
d5,d134_hh118
d5,d73_hh7
d5,d126_hh184
d5,d55_hh246
d5,d58_hh108
d5,d96_hh8
d5,d138_hh1
d5,d42_hh263
d5,d205_hh73
d5,d44_hh187
d5,d143_hh82
d5,d7_hh124
d5,d2_hh232
d5,d152_hh175
d5,d101_hh186
d5,d146_hh114
d5,d74_hh109
d5,d112_hh177
d5,d156_hh153
d5,d169_hh148
d5,d214_hh20
d5,d112_hh31
d5,d161_hh238
d5,d129_hh209
d5,d41_hh72
d5,d168_hh34
d5,d113_hh254
d5,d65_hh67
d5,d128_hh180
d5,d50_hh195
d5,d81_hh81
d5,d13_hh263
d5,d51_hh186
d5,d204_hh173
d5,d128_hh43
d5,d190_hh32
d5,d113_hh254
d5,d128_hh184
d5,d152_hh187
d5,d32_hh136
d5,d117_hh245
d5,d178_hh263
d5,d74_hh212
d5,d69_hh222
d5,d193_hh67
d5,d78_hh123
d5,d24_hh177
d5,d55_hh246
d5,d184_hh11
d5,d130_hh277
d5,d44_hh35
d5,d135_hh216
d5,d38_hh172
d5,d81_hh87
d5,d48_hh119
d5,d164_hh220
d5,d208_hh137
d5,d46_hh228
d5,d160_hh59
d5,d158_hh34
d5,d13_hh239
d5,d32_hh19
d5,d198_hh78
d5,d62_hh18
d5,d41_hh53
d5,d97_hh20
d5,d190_hh38
d5,d24_hh177
d5,d85_hh104
d5,d82_hh115
d5,d138_hh10
d5,d205_hh73
d5,d186_hh175
d5,d61_hh79
d5,d120_hh268
d5,d149_hh30
d5,d32_hh203
d5,d195_hh52
d5,d132_hh233
d5,d38_hh172
d5,d120_hh118
d5,d72_hh77
d5,d161_hh250
d5,d162_hh67
d5,d46_hh57
d5,d66_hh193
d5,d1_hh234
d5,d40_hh111
d5,d213_hh238
d5,d51_hh285
d5,d31_hh135
d5,d65_hh67
d5,d118_hh88
d5,d114_hh12
d5,d112_hh176
d5,d131_hh14
d5,d143_hh224
d5,d88_hh3
d5,d56_hh177
d5,d139_hh27
d5,d169_hh115
d5,d42_hh251
d5,d193_hh61
d5,d40_hh111
d5,d162_hh67
d5,d41_hh74
d5,d13_hh157
d5,d18_hh91
d5,d191_hh30
d5,d160_hh97
d5,d191_hh179
d5,d158_hh146
d5,d118_hh262
d5,d55_hh12
d5,d135_hh78
d5,d4_hh212
d5,d139_hh164
d5,d210_hh262
d5,d56_hh123
d5,d35_hh224
d5,d178_hh263
d5,d174_hh6
d5,d120_hh118
d5,d110_hh117
d5,d130_hh273
d5,d129_hh209
d5,d205_hh73
d5,d93_hh66
d5,d147_hh167
d5,d16_hh201
d5,d137_hh201
d5,d44_hh187
d5,d118_hh188
d5,d69_hh13
d5,d125_hh167
d5,d55_hh246
d5,d120_hh57
d5,d149_hh237
d5,d118_hh262
d5,d141_hh152
d5,d21_hh21
d5,d202_hh111
d5,d190_hh176
d5,d135_hh78
d5,d88_hh235
d5,d69_hh99
d5,d141_hh194
d5,d163_hh242
d5,d33_hh266
d5,d127_hh69
d5,d147_hh167
d5,d91_hh32
d5,d126_hh44
d5,d210_hh87
d5,d154_hh132
d5,d42_hh263
d5,d137_hh201
d5,d117_hh245
d5,d91_hh241
d5,d112_hh221
d5,d170_hh63
d5,d141_hh6
d5,d38_hh172
d5,d154_hh157
d5,d126_hh44
d5,d170_hh63
d5,d44_hh35
d5,d124_hh223
d5,d137_hh201
d5,d139_hh251
d5,d16_hh201
d5,d42_hh263
d5,d112_hh17
d5,d149_hh61
d5,d38_hh172
d5,d110_hh172
d5,d43_hh67
d5,d48_hh119
d8,d79_hh198
d8,d70_hh110
d8,d153_hh26
d8,d45_hh79
d8,d70_hh171
d8,d103_hh48
d8,d121_hh170
d8,d71_hh245
d8,d107_hh258
d8,d142_hh106
d8,d49_hh257
d8,d3_hh27
d8,d180_hh254
d8,d63_hh69
d8,d108_hh162
d8,d142_hh190
d8,d181_hh17
d8,d148_hh117
d8,d28_hh253
d8,d108_hh212
d8,d192_hh58
d8,d115_hh186
d8,d176_hh220
d8,d63_hh131
d8,d144_hh253
d8,d63_hh160
d8,d92_hh115
d8,d194_hh101
d8,d28_hh40
d8,d92_hh115
d8,d201_hh135
d8,d148_hh100
d8,d203_hh227
d8,d115_hh55
d8,d157_hh222
d8,d8_hh41
d8,d105_hh45
d8,d14_hh67
d8,d92_hh115
d8,d107_hh7
d8,d14_hh205
d8,d60_hh107
d8,d108_hh213
d8,d142_hh108
d8,d28_hh40
d8,d211_hh86
d8,d211_hh86
d8,d94_hh129
d8,d115_hh199
d8,d148_hh244
d8,d115_hh124
d8,d28_hh35
d8,d201_hh135
d8,d8_hh106
d8,d189_hh268
d8,d63_hh83
d8,d142_hh190
d8,d157_hh222
d8,d3_hh97
d8,d136_hh32
d8,d121_hh272
d8,d212_hh61
d8,d14_hh75
d8,d136_hh192
d8,d28_hh35
d8,d116_hh118
d8,d8_hh155
d8,d94_hh129
d8,d167_hh264
d8,d8_hh155
d8,d201_hh119
d8,d115_hh176
d8,d84_hh161
d8,d196_hh126
d8,d176_hh92
d8,d45_hh79
d8,d22_hh190
d8,d14_hh67
d8,d115_hh176
d8,d28_hh253
d8,d196_hh126
d8,d148_hh117
d8,d196_hh190
d8,d201_hh135
d8,d116_hh36
d8,d115_hh199
d8,d167_hh70
d8,d45_hh0
d8,d25_hh80
d8,d94_hh129
d8,d172_hh18
d8,d185_hh143
d8,d45_hh0
d8,d142_hh106
d8,d194_hh189
d8,d212_hh61
d8,d63_hh69
d8,d108_hh230
d8,d103_hh192
d8,d201_hh135
d8,d167_hh11
d8,d203_hh227
d8,d194_hh189
d8,d121_hh272
d8,d22_hh190
d8,d172_hh18
d8,d8_hh105
d8,d76_hh187
d8,d108_hh162
d8,d70_hh171
d8,d153_hh26
d8,d108_hh230
d8,d70_hh171
d8,d92_hh161
d8,d148_hh100
d8,d103_hh192
d8,d8_hh106
d8,d8_hh106
d8,d185_hh143
d8,d108_hh212
d8,d92_hh161
d8,d45_hh0
d8,d8_hh105
d8,d148_hh117
d8,d196_hh215
d8,d136_hh89
d8,d107_hh7
d8,d212_hh252
d8,d25_hh80
d8,d185_hh57
d8,d63_hh69
d8,d188_hh256
d8,d203_hh189
d8,d107_hh23
d8,d148_hh117
d8,d145_hh175
d8,d14_hh75
d8,d172_hh18
d8,d203_hh227
d8,d22_hh176
d8,d212_hh155
d8,d115_hh186
d8,d70_hh172
d8,d3_hh97
d8,d108_hh212
d8,d28_hh40
d8,d8_hh106
d8,d107_hh103
d8,d108_hh230
d8,d14_hh75
d8,d142_hh190
d8,d8_hh155
d8,d151_hh215
d8,d136_hh192
d8,d8_hh105
d8,d153_hh100
d8,d176_hh125
d8,d107_hh7
d8,d136_hh32
d8,d94_hh129
d8,d142_hh190
d8,d107_hh258
d8,d37_hh160
d8,d108_hh213
d8,d196_hh190
d8,d211_hh211
d8,d196_hh126
d8,d108_hh213
d8,d185_hh57
d8,d79_hh114
d8,d94_hh129
d8,d8_hh149
d8,d70_hh171
d8,d194_hh114
d8,d9_hh289
d8,d108_hh213
d8,d60_hh107
d8,d60_hh191
d8,d71_hh245
d8,d8_hh149
d8,d49_hh219
d8,d70_hh110
d8,d176_hh194
d8,d45_hh0
d8,d9_hh197
d8,d212_hh252
d8,d189_hh268
d8,d94_hh253
d8,d8_hh106
d8,d116_hh118
d8,d142_hh190
d8,d167_hh264
d8,d144_hh289
d8,d107_hh103
d8,d47_hh128
d8,d49_hh219
d8,d3_hh97
d8,d25_hh80
d8,d196_hh126
d8,d14_hh75
d8,d63_hh160
d8,d37_hh160
d8,d167_hh11
d8,d14_hh75
d8,d142_hh190
d8,d108_hh213
d8,d47_hh128
d8,d167_hh11
d8,d176_hh92
d8,d49_hh257
d8,d203_hh227
d8,d76_hh187
d8,d211_hh211
d8,d45_hh79
d8,d194_hh40
d8,d194_hh189
d8,d92_hh91
d8,d196_hh139
d8,d115_hh124
d8,d116_hh6
d8,d167_hh70
d8,d79_hh198
d8,d25_hh80
d8,d71_hh163
d8,d105_hh45
d8,d94_hh253
d8,d8_hh106
d8,d144_hh289
d8,d8_hh155
d8,d153_hh26
d8,d49_hh219
d8,d8_hh106
d8,d145_hh175
d8,d28_hh35
d8,d167_hh70
d8,d108_hh212
d8,d63_hh160
d8,d103_hh63
d8,d194_hh114
d8,d86_hh55
d8,d9_hh170
d8,d94_hh253
d8,d92_hh161
d8,d107_hh7
d8,d136_hh32
d8,d136_hh192
d8,d28_hh35
d8,d176_hh194
d8,d94_hh129
d8,d70_hh171
d8,d194_hh114
d8,d10_hh167
d8,d9_hh170
d8,d194_hh114
d8,d167_hh276
d8,d167_hh70
d8,d148_hh117
d8,d3_hh97
d8,d3_hh180
d8,d121_hh170
d8,d28_hh35
d8,d201_hh78
d8,d201_hh119
d8,d108_hh162
d8,d180_hh254
d8,d189_hh268
d8,d148_hh100
d8,d176_hh194
d8,d203_hh189
d8,d194_hh101
d8,d8_hh106
d8,d148_hh244
d6,d203_hh139
d6,d3_hh180
d6,d9_hh289
d6,d6_hh130
d6,d212_hh155
d6,d172_hh180
d6,d116_hh36
d6,d115_hh186
d6,d167_hh11
d6,d144_hh196
d6,d71_hh245
d6,d121_hh170
d6,d115_hh55
d6,d148_hh100
d6,d47_hh135
d6,d194_hh101
d6,d144_hh253
d6,d196_hh215
d6,d172_hh18
d6,d153_hh96
d6,d63_hh69
d6,d9_hh289
d6,d144_hh289
d6,d79_hh227
d6,d192_hh39
d6,d211_hh86
d6,d107_hh193
d6,d192_hh39
d6,d107_hh258
d6,d70_hh76
d6,d167_hh11
d6,d194_hh189
d6,d8_hh149
d6,d153_hh26
d6,d157_hh16
d6,d107_hh7
d6,d142_hh106
d6,d6_hh77
d6,d153_hh26
d6,d71_hh163
d6,d142_hh108
d6,d181_hh225
d6,d145_hh175
d6,d176_hh125
d6,d63_hh160
d6,d176_hh92
d6,d49_hh170
d6,d103_hh205
d6,d203_hh139
d6,d148_hh247
d6,d76_hh193
d6,d142_hh108
d6,d94_hh246
d6,d167_hh264
d6,d115_hh186
d6,d103_hh205
d6,d22_hh190
d6,d27_hh269
d6,d107_hh193
d6,d37_hh159
d6,d185_hh57
d6,d194_hh101
d6,d192_hh58
d6,d144_hh289
d6,d60_hh107
d6,d176_hh92
d6,d145_hh175
d6,d76_hh6
d6,d107_hh246
d6,d63_hh160
d6,d71_hh163
d6,d201_hh119
d6,d6_hh77
d6,d185_hh143
d6,d157_hh16
d6,d136_hh32
d6,d107_hh258
d6,d103_hh63
d6,d196_hh197
d6,d157_hh16
d6,d71_hh146
d6,d70_hh171
d6,d203_hh139
d6,d206_hh279
d6,d3_hh27
d6,d203_hh96
d6,d84_hh122
d6,d49_hh170
d6,d49_hh170
d6,d172_hh18
d6,d92_hh115
d6,d71_hh146
d6,d136_hh89
d6,d185_hh57
d6,d115_hh199
d6,d60_hh107
d6,d108_hh230
d6,d6_hh130
d6,d181_hh17
d6,d189_hh268
d6,d142_hh108
d6,d3_hh180
d6,d22_hh190
d6,d157_hh235
d6,d212_hh252
d6,d108_hh230
d6,d8_hh41
d6,d153_hh96
d6,d153_hh26
d6,d47_hh300
d6,d3_hh97
d6,d76_hh187
d6,d148_hh104
d6,d172_hh18
d6,d157_hh222
d6,d79_hh227
d6,d94_hh253
d6,d94_hh137
d6,d142_hh108
d6,d172_hh18
d6,d25_hh80
d6,d8_hh155
d6,d60_hh191
d6,d94_hh137
d6,d176_hh194
d6,d103_hh192
d6,d196_hh190
d6,d151_hh215
d6,d76_hh6
d6,d107_hh246
d6,d121_hh170
d6,d107_hh246
d6,d121_hh170
d6,d203_hh227
d6,d157_hh16
d6,d172_hh180
d6,d105_hh45
d6,d47_hh300
d6,d192_hh39
d6,d6_hh77
d6,d103_hh48
d6,d28_hh253
d6,d142_hh106
d6,d136_hh89
d6,d37_hh159
d6,d22_hh176
d6,d157_hh16
d6,d115_hh124
d6,d188_hh256
d6,d144_hh289
d6,d27_hh269
d6,d144_hh196
d6,d151_hh203
d6,d60_hh191
d6,d84_hh122
d6,d157_hh222
d6,d94_hh129
d6,d71_hh163
d6,d8_hh105
d6,d180_hh254
d6,d185_hh57
d6,d157_hh16
d6,d70_hh136
d6,d142_hh106
d6,d115_hh55
d6,d206_hh279
d6,d203_hh227
d6,d86_hh55
d6,d192_hh68
d6,d116_hh6
d6,d108_hh212
d6,d84_hh161
d6,d148_hh100
d6,d153_hh26
d6,d105_hh45
d6,d115_hh176
d6,d6_hh130
d6,d47_hh300
d6,d70_hh136
d6,d203_hh189
d6,d9_hh183
d6,d71_hh163
d6,d144_hh289
d6,d79_hh255
d6,d167_hh264
d6,d194_hh101
d6,d206_hh279
d6,d3_hh180
d6,d157_hh215
d6,d37_hh159
d6,d157_hh215
d6,d71_hh163
d6,d148_hh244
d6,d47_hh300
d6,d157_hh16
d6,d148_hh117
d6,d28_hh253
d6,d144_hh289
d6,d108_hh230
d6,d116_hh6
d6,d196_hh229
d6,d84_hh161
d6,d47_hh135
d6,d151_hh215
d6,d92_hh115
d6,d144_hh196
d6,d148_hh117
d6,d115_hh186
d6,d84_hh161
d6,d71_hh245
d6,d153_hh96
d6,d142_hh108
d6,d142_hh190
d6,d153_hh26
d6,d121_hh272
d6,d142_hh108
d6,d136_hh89
d6,d192_hh68
d6,d94_hh137
d6,d107_hh246
d6,d70_hh171
d6,d107_hh193
d6,d116_hh118
d6,d49_hh170
d6,d92_hh161
d6,d25_hh80
d6,d84_hh122
d6,d49_hh103
d6,d211_hh211
d6,d94_hh137
d6,d153_hh96
d6,d64_hh137
d6,d136_hh32
d6,d103_hh48
d6,d181_hh225
d6,d115_hh176
d6,d103_hh205
d6,d176_hh220
d6,d153_hh100
d6,d37_hh160
d6,d108_hh212
d6,d60_hh108
d6,d115_hh124
d6,d148_hh100
d6,d63_hh131
d6,d79_hh114
d6,d196_hh126
d6,d92_hh91
d6,d115_hh124
d6,d121_hh170
d6,d176_hh92
d6,d10_hh167
d6,d172_hh180
d6,d153_hh100
d6,d153_hh26
d6,d8_hh106
d6,d63_hh69
d6,d103_hh205
d6,d14_hh75
d6,d60_hh107
d6,d136_hh89
d6,d136_hh89
d6,d148_hh100
d6,d212_hh61
d6,d108_hh241
d6,d47_hh128
d6,d144_hh196
d6,d94_hh246
d6,d45_hh79
d6,d49_hh257
d6,d148_hh100
d6,d9_hh170
d11,d11_hh132
d11,d81_hh81
d11,d198_hh78
d11,d110_hh172
d11,d126_hh156
d11,d123_hh83
d11,d88_hh3
d11,d42_hh38
d11,d74_hh11
d11,d51_hh37
d11,d106_hh24
d11,d114_hh2
d11,d66_hh193
d11,d135_hh219
d11,d41_hh53
d11,d41_hh53
d11,d56_hh175
d11,d32_hh136
d11,d73_hh197
d11,d56_hh123
d11,d168_hh30
d11,d150_hh168
d11,d170_hh228
d11,d50_hh90
d11,d204_hh231
d11,d11_hh214
d11,d190_hh173
d11,d11_hh244
d11,d179_hh267
d11,d55_hh12
d11,d141_hh194
d11,d184_hh206
d11,d195_hh52
d11,d56_hh166
d11,d149_hh30
d11,d51_hh186
d11,d88_hh235
d11,d112_hh17
d11,d125_hh167
d11,d184_hh11
d11,d125_hh248
d11,d208_hh221
d11,d184_hh210
d11,d102_hh228
d11,d11_hh214
d11,d131_hh204
d11,d125_hh236
d11,d96_hh8
d11,d73_hh84
d11,d213_hh238
d11,d110_hh117
d11,d120_hh57
d11,d110_hh201
d11,d191_hh179
d11,d51_hh186
d11,d126_hh233
d11,d146_hh114
d11,d77_hh40
d11,d18_hh91
d11,d42_hh38
d11,d204_hh231
d11,d112_hh31
d11,d44_hh163
d11,d99_hh38
d11,d179_hh28
d11,d208_hh137
d11,d187_hh16
d11,d150_hh8
d11,d193_hh67
d11,d140_hh260
d11,d208_hh2
d11,d156_hh218
d11,d111_hh206
d11,d62_hh167
d11,d162_hh113
d11,d41_hh181
d11,d44_hh187
d11,d48_hh119
d11,d158_hh49
d11,d61_hh79
d11,d20_hh44
d11,d131_hh41
d11,d82_hh115
d11,d44_hh35
d11,d214_hh171
d11,d128_hh273
d11,d77_hh83
d11,d80_hh6
d11,d134_hh156
d11,d146_hh114
d11,d158_hh85
d11,d2_hh232
d11,d190_hh38
d11,d214_hh166
d11,d170_hh63
d11,d175_hh32
d11,d149_hh237
d11,d38_hh49
d11,d21_hh16
d11,d139_hh164
d11,d119_hh50
d11,d62_hh18
d11,d193_hh67
d11,d91_hh79
d11,d110_hh201
d11,d56_hh166
d11,d152_hh175
d11,d42_hh38
d11,d33_hh64
d11,d124_hh125
d11,d82_hh41
d11,d134_hh76
d11,d114_hh2
d11,d135_hh78
d11,d119_hh50
d11,d120_hh45
d11,d51_hh186
d11,d135_hh191
d11,d128_hh184
d11,d4_hh212
d11,d130_hh177
d11,d44_hh187
d11,d119_hh50
d11,d82_hh41
d11,d208_hh2
d11,d72_hh77
d11,d210_hh87
d11,d44_hh283
d11,d161_hh110
d11,d81_hh87
d11,d214_hh20
d11,d69_hh55
d11,d163_hh44
d11,d7_hh124
d11,d35_hh211
d11,d158_hh49
d11,d125_hh189
d11,d158_hh146
d11,d127_hh69
d11,d215_hh157
d11,d11_hh214
d11,d184_hh11
d11,d91_hh241
d11,d2_hh232
d11,d16_hh201
d11,d73_hh33
d11,d195_hh31
d11,d11_hh132
d11,d156_hh218
d11,d125_hh167
d11,d130_hh177
d11,d29_hh167
d11,d65_hh67
d11,d78_hh9
d11,d51_hh177
d11,d55_hh246
d11,d158_hh49
d11,d161_hh238
d11,d191_hh190
d11,d129_hh94
d11,d110_hh117
d11,d58_hh108
d11,d158_hh20
d11,d134_hh31
d11,d44_hh65
d11,d205_hh73
d11,d127_hh69
d11,d41_hh53
d11,d55_hh226
d11,d210_hh267
d11,d67_hh63
d11,d110_hh201
d11,d184_hh206
d11,d38_hh172
d11,d168_hh265
d11,d135_hh219
d11,d20_hh44
d11,d119_hh50
d11,d73_hh153
d11,d66_hh131
d11,d141_hh235
d11,d66_hh154
d11,d74_hh11
d11,d179_hh28
d11,d93_hh184
d11,d162_hh113
d11,d55_hh232
d11,d214_hh184
d11,d15_hh188
d11,d15_hh97
d11,d48_hh176
d11,d122_hh181
d11,d208_hh2
d11,d193_hh61
d11,d128_hh273
d11,d75_hh15
d11,d88_hh191
d11,d56_hh123
d11,d161_hh229
d11,d174_hh6
d11,d131_hh212
d11,d91_hh100
d11,d158_hh49
d11,d163_hh242
d11,d7_hh155
d11,d59_hh251
d11,d134_hh76
d11,d164_hh78
d11,d65_hh75
d11,d110_hh201
d11,d135_hh226
d11,d187_hh32
d11,d214_hh252
d11,d88_hh108
d11,d56_hh177
d11,d88_hh267
d11,d193_hh61
d11,d44_hh163
d11,d110_hh172
d11,d88_hh3
d11,d168_hh265
d11,d81_hh14
d11,d208_hh221
d11,d93_hh66
d11,d40_hh111
d11,d88_hh108
d11,d146_hh88
d11,d74_hh212
d11,d179_hh41
d11,d191_hh30
d11,d65_hh67
d11,d56_hh177
d11,d42_hh251
d11,d5_hh117
d11,d110_hh201
d11,d95_hh241
d11,d33_hh266
d11,d38_hh101
d11,d134_hh76
d11,d126_hh156
d11,d213_hh238
d11,d124_hh223
d11,d137_hh109
d11,d119_hh174
d11,d161_hh110
d11,d139_hh27
d11,d97_hh20
d11,d135_hh57
d11,d131_hh14
d11,d124_hh167
d11,d191_hh179
d11,d42_hh263
d11,d44_hh163
d11,d193_hh67
d11,d156_hh218
d11,d139_hh9
d11,d44_hh163
d11,d155_hh206
d11,d156_hh19
d11,d11_hh26
d11,d155_hh206
d11,d42_hh165
d11,d50_hh112
d11,d11_hh132
d11,d88_hh108
d11,d170_hh63
d11,d209_hh40
d11,d100_hh65
d11,d61_hh79
d11,d20_hh48
d11,d59_hh98
d11,d123_hh83
d11,d91_hh32
d11,d104_hh7
d11,d61_hh79
d11,d38_hh95
d11,d72_hh77
d11,d135_hh57
d11,d72_hh77
d11,d93_hh66
d11,d111_hh29
d11,d214_hh184
d11,d146_hh114
d12,d184_hh206
d12,d160_hh232
d12,d42_hh263
d12,d150_hh253
d12,d141_hh235
d12,d190_hh106
d12,d122_hh112
d12,d40_hh111
d12,d195_hh31
d12,d85_hh214
d12,d112_hh221
d12,d73_hh153
d12,d175_hh239
d12,d110_hh117
d12,d210_hh262
d12,d56_hh63
d12,d135_hh191
d12,d88_hh108
d12,d169_hh148
d12,d150_hh253
d12,d131_hh14
d12,d141_hh6
d12,d117_hh245
d12,d83_hh67
d12,d170_hh228
d12,d117_hh245
d12,d48_hh119
d12,d124_hh223
d12,d195_hh97
d12,d128_hh180
d12,d44_hh170
d12,d41_hh181
d12,d134_hh118
d12,d190_hh38
d12,d69_hh274
d12,d164_hh78
d12,d154_hh157
d12,d50_hh195
d12,d11_hh244
d12,d81_hh14
d12,d48_hh119
d12,d140_hh195
d12,d51_hh285
d12,d129_hh106
d12,d160_hh97
d12,d78_hh123
d12,d204_hh158
d12,d146_hh88
d12,d11_hh244
d12,d39_hh55
d12,d191_hh190
d12,d74_hh108
d12,d155_hh206
d12,d81_hh87
d12,d137_hh216
d12,d88_hh108
d12,d141_hh209
d12,d13_hh263
d12,d198_hh78
d12,d109_hh168
d12,d131_hh212
d12,d11_hh79
d12,d102_hh284
d12,d214_hh252
d12,d187_hh291
d12,d100_hh164
d12,d150_hh253
d12,d15_hh188
d12,d85_hh218
d12,d135_hh78
d12,d111_hh206
d12,d16_hh177
d12,d208_hh137
d12,d59_hh132
d12,d174_hh85
d12,d65_hh75
d12,d162_hh67
d12,d101_hh186
d12,d141_hh6
d12,d7_hh124
d12,d164_hh249
d12,d96_hh8
d12,d51_hh186
d12,d168_hh265
d12,d190_hh38
d12,d125_hh248
d12,d165_hh274
d12,d101_hh186
d12,d7_hh240
d12,d44_hh163
d12,d128_hh180
d12,d67_hh63
d12,d202_hh222
d12,d193_hh61
d12,d15_hh188
d12,d73_hh151
d12,d213_hh238
d12,d77_hh83
d12,d168_hh30
d12,d69_hh209
d12,d4_hh212
d12,d208_hh221
d12,d124_hh167
d12,d125_hh248
d12,d215_hh82
d12,d21_hh21
d12,d202_hh17
d12,d102_hh228
d12,d175_hh239
d12,d141_hh194
d12,d95_hh241
d12,d169_hh115
d12,d51_hh177
d12,d183_hh93
d12,d210_hh262
d12,d126_hh156
d12,d110_hh201
d12,d110_hh117
d12,d139_hh251
d12,d110_hh201
d12,d126_hh156
d12,d135_hh216
d12,d164_hh78
d12,d99_hh230
d12,d154_hh132
d12,d16_hh200
d12,d130_hh277
d12,d141_hh6
d12,d46_hh228
d12,d87_hh38
d12,d81_hh14
d12,d7_hh64
d12,d77_hh156
d12,d208_hh2
d12,d11_hh132
d12,d46_hh57
d12,d59_hh98
d12,d18_hh80
d12,d141_hh235
d12,d130_hh277
d12,d74_hh108
d12,d104_hh7
d12,d186_hh175
d12,d169_hh148
d12,d161_hh238
d12,d178_hh263
d12,d56_hh89
d12,d44_hh163
d12,d44_hh35
d12,d55_hh12
d12,d113_hh254
d12,d149_hh237
d12,d131_hh41
d12,d158_hh85
d12,d161_hh110
d12,d66_hh154
d12,d59_hh132
d12,d112_hh17
d12,d44_hh283
d12,d202_hh17
d12,d59_hh132
d12,d134_hh166
d12,d66_hh193
d12,d131_hh41
d12,d131_hh41
d12,d139_hh27
d12,d77_hh40
d12,d149_hh61
d12,d134_hh156
d12,d11_hh26
d12,d39_hh96
d12,d75_hh15
d12,d13_hh239
d12,d69_hh55
d12,d99_hh44
d12,d214_hh20
d12,d50_hh112
d12,d128_hh180
d12,d135_hh78
d12,d195_hh97
d12,d164_hh249
d12,d2_hh232
d12,d85_hh218
d12,d131_hh14
d12,d32_hh19
d12,d5_hh117
d12,d69_hh55
d12,d87_hh32
d12,d46_hh57
d12,d66_hh193
d12,d210_hh87
d12,d112_hh31
d12,d204_hh173
d12,d135_hh57
d12,d129_hh209
d12,d85_hh104
d12,d122_hh271
d12,d20_hh44
d12,d44_hh187
d12,d125_hh189
d12,d190_hh106
d12,d85_hh214
d12,d174_hh85
d12,d51_hh177
d12,d152_hh187
d12,d16_hh218
d12,d200_hh51
d12,d75_hh15
d12,d95_hh241
d12,d31_hh135
d12,d169_hh247
d12,d131_hh14
d12,d134_hh156
d12,d190_hh176
d12,d150_hh168
d12,d66_hh193
d12,d55_hh190
d12,d11_hh132
d12,d124_hh125
d12,d131_hh41
d12,d13_hh157
d12,d169_hh115
d12,d88_hh3
d12,d109_hh168
d12,d160_hh97
d12,d150_hh8
d12,d120_hh268
d12,d149_hh61
d12,d122_hh271
d12,d13_hh239
d12,d119_hh107
d12,d43_hh27
d12,d58_hh81
d12,d183_hh93
d12,d7_hh148
d12,d205_hh54
d12,d66_hh193
d12,d183_hh93
d12,d38_hh172
d12,d77_hh156
d12,d69_hh209
d12,d140_hh260
d12,d7_hh240
d12,d137_hh201
d12,d16_hh201
d12,d58_hh108
d12,d40_hh7
d12,d73_hh197
d12,d150_hh168
d12,d78_hh234
d12,d179_hh28
d12,d53_hh23
d12,d139_hh251
d12,d88_hh108
d12,d88_hh118
d12,d124_hh126
d12,d26_hh63
d12,d1_hh234
d7,d124_hh118
d7,d93_hh66
d7,d193_hh67
d7,d131_hh212
d7,d31_hh135
d7,d74_hh109
d7,d125_hh248
d7,d160_hh104
d7,d13_hh263
d7,d40_hh111
d7,d66_hh193
d7,d102_hh284
d7,d109_hh209
d7,d61_hh79
d7,d82_hh256
d7,d191_hh190
d7,d77_hh40
d7,d132_hh233
d7,d214_hh252
d7,d56_hh63
d7,d138_hh10
d7,d190_hh32
d7,d59_hh162
d7,d169_hh148
d7,d139_hh27
d7,d74_hh109
d7,d41_hh74
d7,d56_hh177
d7,d41_hh181
d7,d137_hh216
d7,d161_hh250
d7,d77_hh40
d7,d131_hh41
d7,d78_hh234
d7,d140_hh195
d7,d65_hh75
d7,d21_hh25
d7,d191_hh275
d7,d190_hh173
d7,d149_hh30
d7,d130_hh177
d7,d101_hh182
d7,d120_hh118
d7,d69_hh99
d7,d91_hh113
d7,d11_hh79
d7,d42_hh165
d7,d184_hh206
d7,d110_hh201
d7,d44_hh163
d7,d81_hh14
d7,d198_hh78
d7,d149_hh61
d7,d210_hh262
d7,d7_hh87
d7,d187_hh30
d7,d214_hh255
d7,d118_hh262
d7,d154_hh157
d7,d113_hh254
d7,d214_hh252
d7,d40_hh111
d7,d126_hh156
d7,d32_hh101
d7,d117_hh126
d7,d82_hh115
d7,d187_hh30
d7,d62_hh18
d7,d118_hh175
d7,d69_hh13
d7,d59_hh132
d7,d91_hh32
d7,d170_hh273
d7,d59_hh98
d7,d161_hh250
d7,d88_hh3
d7,d39_hh96
d7,d73_hh153
d7,d124_hh223
d7,d85_hh104
d7,d58_hh81
d7,d179_hh267
d7,d34_hh166
d7,d134_hh7
d7,d160_hh179
d7,d120_hh57
d7,d73_hh7
d7,d66_hh154
d7,d7_hh240
d7,d135_hh57
d7,d51_hh186
d7,d114_hh2
d7,d160_hh104
d7,d146_hh114
d7,d205_hh54
d7,d11_hh240
d7,d44_hh163
d7,d15_hh188
d7,d183_hh237
d7,d168_hh30
d7,d42_hh38
d7,d101_hh186
d7,d207_hh28
d7,d88_hh108
d7,d169_hh115
d7,d114_hh2
d7,d11_hh132
d7,d120_hh45
d7,d72_hh77
d7,d156_hh151
d7,d91_hh100
d7,d170_hh228
d7,d149_hh61
d7,d78_hh123
d7,d40_hh111
d7,d51_hh186
d7,d168_hh30
d7,d41_hh74
d7,d32_hh60
d7,d184_hh206
d7,d205_hh54
d7,d134_hh118
d7,d179_hh41
d7,d156_hh19
d7,d183_hh237
d7,d168_hh34
d7,d139_hh164
d7,d130_hh177
d7,d128_hh297
d7,d193_hh67
d7,d160_hh179
d7,d124_hh126
d7,d128_hh184
d7,d191_hh30
d7,d152_hh187
d7,d100_hh65
d7,d35_hh211
d7,d82_hh115
d7,d191_hh30
d7,d209_hh40
d7,d141_hh6
d7,d2_hh232
d7,d85_hh218
d7,d97_hh20
d7,d42_hh263
d7,d127_hh69
d7,d11_hh132
d7,d101_hh186
d7,d78_hh9
d7,d21_hh16
d7,d81_hh87
d7,d66_hh13
d7,d134_hh76
d7,d53_hh23
d7,d88_hh3
d7,d88_hh3
d7,d119_hh50
d7,d106_hh24
d7,d137_hh201
d7,d139_hh9
d7,d210_hh267
d7,d112_hh17
d7,d41_hh74
d7,d104_hh7
d7,d66_hh193
d7,d156_hh151
d7,d207_hh28
d7,d179_hh28
d7,d66_hh193
d7,d132_hh233
d7,d58_hh108
d7,d93_hh80
d7,d74_hh108
d7,d160_hh232
d7,d40_hh7
d7,d81_hh14
d7,d119_hh107
d7,d113_hh254
d7,d56_hh63
d7,d190_hh38
d7,d23_hh236
d7,d91_hh113
d7,d160_hh38
d7,d65_hh67
d7,d18_hh253
d7,d1_hh234
d7,d179_hh267
d7,d139_hh27
d7,d83_hh67
d7,d122_hh271
d7,d122_hh181
d7,d214_hh166
d7,d150_hh168
d7,d20_hh44
d7,d95_hh241
d7,d190_hh38
d7,d93_hh184
d7,d190_hh173
d7,d21_hh21
d7,d75_hh15
d7,d112_hh31
d7,d179_hh242
d7,d214_hh255
d7,d168_hh30
d7,d7_hh155
d7,d141_hh235
d7,d149_hh61
d7,d114_hh12
d7,d91_hh98
d7,d207_hh28
d7,d102_hh228
d7,d126_hh233
d7,d73_hh197
d7,d59_hh207
d7,d139_hh164
d7,d99_hh230
d7,d149_hh61
d7,d129_hh106
d7,d140_hh260
d7,d55_hh226
d7,d135_hh226
d7,d55_hh246
d7,d41_hh74
d7,d214_hh20
d7,d168_hh34
d7,d88_hh267
d7,d11_hh244
d7,d214_hh252
d7,d109_hh209
d7,d109_hh168
d7,d170_hh228
d7,d77_hh83
d7,d174_hh97
d7,d170_hh63
d7,d190_hh176
d7,d33_hh266
d7,d134_hh118
d7,d91_hh98
d7,d147_hh167
d7,d170_hh273
d7,d143_hh224
d7,d126_hh156
d7,d102_hh228
d7,d122_hh112
d7,d174_hh6
d7,d134_hh118
d7,d66_hh13
d7,d55_hh190
d7,d32_hh136
d7,d135_hh78
d7,d160_hh97
d7,d162_hh113
d7,d66_hh154
d7,d128_hh278
d7,d156_hh153
d7,d44_hh187
d7,d163_hh115
d7,d34_hh12
d7,d82_hh231
d7,d124_hh167
d7,d200_hh51
d7,d158_hh49
d7,d61_hh79
d7,d73_hh151
d7,d128_hh43
d7,d214_hh171
d7,d164_hh78
d7,d174_hh97
d7,d88_hh3
d7,d33_hh266
d7,d44_hh65
d10,d79_hh227
d10,d180_hh254
d10,d49_hh170
d10,d8_hh105
d10,d211_hh86
d10,d60_hh107
d10,d92_hh115
d10,d63_hh83
d10,d79_hh114
d10,d3_hh97
d10,d108_hh230
d10,d84_hh161
d10,d49_hh219
d10,d79_hh198
d10,d70_hh171
d10,d121_hh170
d10,d196_hh215
d10,d180_hh254
d10,d192_hh39
d10,d107_hh23
d10,d63_hh83
d10,d115_hh186
d10,d203_hh227
d10,d3_hh97
d10,d28_hh253
d10,d181_hh17
d10,d60_hh191
d10,d115_hh199
d10,d148_hh247
d10,d196_hh197
d10,d103_hh63
d10,d115_hh176
d10,d176_hh85
d10,d157_hh222
d10,d9_hh197
d10,d148_hh100
d10,d188_hh256
d10,d121_hh170
d10,d27_hh269
d10,d47_hh135
d10,d107_hh23
d10,d71_hh163
d10,d151_hh215
d10,d192_hh58
d10,d108_hh241
d10,d136_hh192
d10,d108_hh230
d10,d9_hh289
d10,d153_hh100
d10,d22_hh176
d10,d9_hh289
d10,d144_hh253
d10,d151_hh215
d10,d63_hh83
d10,d167_hh264
d10,d144_hh253
d10,d142_hh108
d10,d181_hh17
d10,d107_hh193
d10,d142_hh190
d10,d9_hh289
d10,d92_hh161
d10,d157_hh222
d10,d9_hh289
d10,d70_hh172
d10,d92_hh91
d10,d71_hh163
d10,d14_hh67
d10,d84_hh122
d10,d181_hh17
d10,d94_hh137
d10,d10_hh167
d10,d79_hh227
d10,d14_hh75
d10,d79_hh255
d10,d181_hh225
d10,d103_hh63
d10,d47_hh135
d10,d136_hh32
d10,d92_hh91
d10,d211_hh86
d10,d64_hh137
d10,d3_hh35
d10,d6_hh130
d10,d3_hh97
d10,d142_hh190
d10,d79_hh198
d10,d92_hh91
d10,d14_hh205
d10,d196_hh215
d10,d108_hh212
d10,d79_hh227
d10,d64_hh137
d10,d212_hh155
d10,d116_hh36
d10,d71_hh163
d10,d6_hh130
d10,d79_hh114
d10,d25_hh80
d10,d116_hh6
d10,d136_hh32
d10,d157_hh215
d10,d63_hh69
d10,d92_hh91
d10,d185_hh143
d10,d188_hh256
d10,d180_hh254
d10,d6_hh77
d10,d194_hh101
d10,d14_hh205
d10,d103_hh205
d10,d103_hh63
d10,d71_hh146
d10,d60_hh107
d10,d157_hh222
d10,d6_hh77
d10,d172_hh180
d10,d203_hh227
d10,d196_hh190
d10,d71_hh163
d10,d25_hh80
d10,d194_hh142
d10,d47_hh135
d10,d3_hh35
d10,d157_hh222
d10,d45_hh79
d10,d92_hh91
d10,d76_hh193
d10,d22_hh176
d10,d121_hh272
d10,d196_hh190
d10,d84_hh122
d10,d115_hh199
d10,d79_hh114
d10,d45_hh0
d10,d6_hh77
d10,d71_hh163
d10,d108_hh162
d10,d47_hh135
d10,d157_hh222
d10,d148_hh247
d10,d25_hh157
d10,d3_hh180
d10,d212_hh252
d10,d28_hh253
d10,d79_hh255
d10,d189_hh268
d10,d167_hh11
d10,d148_hh100
d10,d115_hh176
d10,d8_hh155
d10,d49_hh219
d10,d144_hh289
d10,d107_hh193
d10,d145_hh175
d10,d76_hh193
d10,d86_hh55
d10,d49_hh103
d10,d212_hh252
d10,d194_hh189
d10,d115_hh186
d10,d136_hh89
d10,d22_hh176
d10,d71_hh146
d10,d92_hh115
d10,d25_hh80
d10,d144_hh196
d10,d203_hh227
d10,d14_hh205
d10,d196_hh190
d10,d9_hh289
d10,d107_hh103
d10,d206_hh279
d10,d6_hh130
d10,d107_hh23
d10,d144_hh196
d10,d167_hh276
d10,d63_hh69
d10,d157_hh222
d10,d9_hh170
d10,d9_hh236
d10,d103_hh48
d10,d70_hh136
d10,d10_hh167
d10,d196_hh190
d10,d84_hh161
d10,d108_hh212
d10,d192_hh68
d10,d116_hh6
d10,d121_hh170
d10,d172_hh180
d10,d167_hh276
d10,d63_hh69
d10,d28_hh40
d10,d153_hh96
d10,d196_hh229
d10,d8_hh149
d10,d144_hh253
d10,d49_hh103
d10,d8_hh105
d10,d108_hh162
d10,d185_hh57
d10,d37_hh159
d10,d76_hh193
d10,d172_hh18
d10,d206_hh279
d10,d192_hh39
d10,d103_hh192
d10,d63_hh83
d10,d3_hh180
d10,d196_hh190
d10,d64_hh137
d10,d157_hh215
d10,d22_hh190
d10,d28_hh40
d10,d176_hh92
d10,d27_hh269
d10,d6_hh155
d10,d47_hh135
d10,d192_hh58
d10,d107_hh193
d10,d148_hh247
d10,d181_hh17
d10,d6_hh130
d10,d79_hh227
d10,d9_hh236
d10,d63_hh83
d10,d60_hh107
d10,d145_hh175
d10,d172_hh18
d10,d176_hh92
d10,d189_hh268
d10,d144_hh289
d10,d212_hh155
d10,d136_hh32
d10,d176_hh92
d10,d45_hh79
d10,d116_hh196
d10,d107_hh193
d10,d14_hh75
d10,d148_hh117
d10,d92_hh91
d10,d196_hh215
d10,d27_hh269
d10,d8_hh155
d10,d136_hh192
d10,d116_hh6
d10,d176_hh194
d10,d148_hh104
d10,d157_hh215
d10,d49_hh103
d10,d206_hh279
d10,d9_hh236
d10,d203_hh139
d10,d212_hh155
d10,d136_hh192
d10,d103_hh205
d10,d45_hh79
d10,d84_hh161
d10,d103_hh63
d10,d148_hh244
d10,d196_hh197
d10,d116_hh36
d10,d94_hh137
d10,d8_hh105
d10,d194_hh101
d10,d157_hh235
d10,d185_hh143
d10,d105_hh45
d10,d181_hh17
d10,d94_hh137
d10,d63_hh83
d10,d60_hh191
d10,d107_hh246
d10,d9_hh236
d10,d14_hh205
d10,d76_hh187
d10,d172_hh18
d10,d172_hh180
d10,d9_hh236
d10,d136_hh192
d10,d6_hh77
d10,d92_hh115
d10,d167_hh276
d10,d8_hh155
d10,d63_hh83
d10,d8_hh149
d10,d145_hh175
d10,d116_hh36
d10,d157_hh235
d10,d148_hh244
d10,d76_hh187
d10,d60_hh191
d10,d63_hh83
d10,d121_hh170
d10,d157_hh16
d18,d43_hh67
d18,d158_hh85
d18,d190_hh173
d18,d213_hh238
d18,d55_hh12
d18,d11_hh214
d18,d66_hh13
d18,d187_hh291
d18,d11_hh240
d18,d15_hh97
d18,d170_hh228
d18,d191_hh190
d18,d179_hh242
d18,d129_hh106
d18,d141_hh194
d18,d187_hh32
d18,d138_hh1
d18,d11_hh240
d18,d74_hh108
d18,d137_hh216
d18,d214_hh252
d18,d100_hh65
d18,d31_hh135
d18,d48_hh119
d18,d214_hh20
d18,d51_hh285
d18,d150_hh253
d18,d16_hh218
d18,d73_hh153
d18,d33_hh64
d18,d55_hh229
d18,d164_hh78
d18,d143_hh82
d18,d162_hh67
d18,d73_hh33
d18,d91_hh241
d18,d33_hh266
d18,d134_hh31
d18,d120_hh272
d18,d69_hh274
d18,d91_hh32
d18,d215_hh157
d18,d178_hh263
d18,d109_hh168
d18,d204_hh158
d18,d99_hh38
d18,d160_hh232
d18,d11_hh132
d18,d66_hh193
d18,d78_hh123
d18,d46_hh57
d18,d126_hh44
d18,d124_hh125
d18,d162_hh113
d18,d140_hh195
d18,d32_hh101
d18,d155_hh206
d18,d82_hh256
d18,d125_hh167
d18,d73_hh151
d18,d66_hh193
d18,d13_hh263
d18,d7_hh124
d18,d210_hh87
d18,d125_hh236
d18,d200_hh227
d18,d161_hh250
d18,d143_hh224
d18,d118_hh188
d18,d65_hh227
d18,d114_hh2
d18,d16_hh75
d18,d143_hh82
d18,d124_hh223
d18,d174_hh97
d18,d78_hh234
d18,d44_hh187
d18,d205_hh54
d18,d138_hh1
d18,d44_hh283
d18,d140_hh195
d18,d33_hh266
d18,d90_hh214
d18,d66_hh13
d18,d110_hh172
d18,d53_hh23
d18,d65_hh75
d18,d190_hh173
d18,d129_hh209
d18,d135_hh219
d18,d152_hh175
d18,d190_hh182
d18,d128_hh297
d18,d112_hh155
d18,d104_hh7
d18,d36_hh69
d18,d82_hh256
d18,d85_hh214
d18,d19_hh147
d18,d4_hh212
d18,d51_hh186
d18,d101_hh186
d18,d158_hh146
d18,d18_hh253
d18,d202_hh111
d18,d135_hh78
d18,d32_hh101
d18,d2_hh232
d18,d124_hh223
d18,d214_hh255
d18,d190_hh38
d18,d152_hh187
d18,d18_hh253
d18,d40_hh111
d18,d7_hh87
d18,d118_hh88
d18,d19_hh147
d18,d69_hh99
d18,d33_hh64
d18,d95_hh241
d18,d110_hh172
d18,d82_hh231
d18,d158_hh20
d18,d51_hh186
d18,d109_hh209
d18,d154_hh157
d18,d53_hh23
d18,d85_hh214
d18,d110_hh117
d18,d85_hh104
d18,d126_hh44
d18,d140_hh195
d18,d168_hh265
d18,d168_hh34
d18,d88_hh267
d18,d156_hh181
d18,d134_hh166
d18,d158_hh146
d18,d75_hh15
d18,d161_hh250
d18,d158_hh34
d18,d56_hh166
d18,d179_hh242
d18,d193_hh67
d18,d118_hh262
d18,d191_hh275
d18,d58_hh81
d18,d152_hh175
d18,d161_hh110
d18,d161_hh250
d18,d158_hh85
d18,d214_hh252
d18,d156_hh181
d18,d161_hh238
d18,d73_hh33
d18,d134_hh166
d18,d131_hh212
d18,d162_hh113
d18,d16_hh201
d18,d190_hh32
d18,d73_hh197
d18,d146_hh114
d18,d191_hh179
d18,d32_hh136
d18,d73_hh33
d18,d11_hh244
d18,d163_hh115
d18,d161_hh229
d18,d48_hh176
d18,d100_hh65
d18,d35_hh211
d18,d119_hh174
d18,d114_hh2
d18,d191_hh12
d18,d156_hh19
d18,d202_hh17
d18,d36_hh69
d18,d128_hh43
d18,d11_hh244
d18,d174_hh97
d18,d18_hh253
d18,d168_hh265
d18,d69_hh274
d18,d33_hh266
d18,d139_hh27
d18,d32_hh19
d18,d118_hh262
d18,d130_hh177
d18,d130_hh273
d18,d93_hh184
d18,d100_hh164
d18,d158_hh49
d18,d7_hh124
d18,d130_hh273
d18,d128_hh278
d18,d163_hh44
d18,d74_hh11
d18,d32_hh19
d18,d214_hh20
d18,d13_hh239
d18,d195_hh31
d18,d143_hh224
d18,d125_hh189
d18,d56_hh166
d18,d44_hh170
d18,d20_hh44
d18,d169_hh247
d18,d149_hh30
d18,d13_hh239
d18,d214_hh255
d18,d130_hh277
d18,d73_hh33
d18,d150_hh8
d18,d178_hh263
d18,d126_hh233
d18,d200_hh51
d18,d112_hh31
d18,d50_hh195
d18,d120_hh118
d18,d128_hh297
d18,d186_hh175
d18,d40_hh7
d18,d66_hh193
d18,d85_hh104
d18,d106_hh24
d18,d13_hh157
d18,d131_hh14
d18,d190_hh38
d18,d210_hh262
d18,d87_hh32
d18,d123_hh83
d18,d156_hh181
d18,d78_hh123
d18,d214_hh171
d18,d183_hh237
d18,d90_hh214
d18,d193_hh61
d18,d117_hh245
d18,d156_hh151
d18,d2_hh232
d18,d129_hh106
d18,d160_hh59
d18,d165_hh274
d18,d93_hh80
d18,d20_hh44
d18,d207_hh28
d18,d175_hh181
d18,d178_hh263
d18,d81_hh14
d18,d55_hh12
d18,d200_hh227
d18,d122_hh210
d18,d208_hh221
d18,d114_hh2
d18,d99_hh230
d18,d18_hh253
d18,d124_hh126
d18,d128_hh180
d18,d139_hh9
d18,d130_hh177
d18,d72_hh77
d18,d91_hh241
d18,d44_hh127
d18,d119_hh107
d18,d179_hh28
d18,d162_hh113
d18,d150_hh168
d18,d128_hh297
d18,d122_hh112
d18,d7_hh148
d18,d42_hh38
d18,d41_hh72
d18,d77_hh156
d18,d56_hh177
d18,d33_hh266
d18,d78_hh9
d18,d168_hh30
d23,d141_hh6
d23,d135_hh226
d23,d50_hh195
d23,d170_hh273
d23,d122_hh210
d23,d198_hh78
d23,d149_hh30
d23,d134_hh118
d23,d110_hh172
d23,d93_hh184
d23,d16_hh200
d23,d44_hh187
d23,d24_hh177
d23,d80_hh6
d23,d33_hh64
d23,d128_hh184
d23,d141_hh6
d23,d41_hh53
d23,d41_hh72
d23,d69_hh209
d23,d160_hh104
d23,d160_hh232
d23,d44_hh35
d23,d62_hh167
d23,d38_hh49
d23,d69_hh99
d23,d169_hh247
d23,d88_hh191
d23,d174_hh6
d23,d214_hh184
d23,d11_hh214
d23,d135_hh191
d23,d16_hh200
d23,d190_hh32
d23,d149_hh237
d23,d35_hh104
d23,d38_hh101
d23,d210_hh262
d23,d117_hh126
d23,d135_hh216
d23,d174_hh6
d23,d65_hh75
d23,d169_hh115
d23,d156_hh218
d23,d18_hh91
d23,d175_hh32
d23,d88_hh108
d23,d42_hh38
d23,d200_hh51
d23,d13_hh239
d23,d165_hh274
d23,d73_hh7
d23,d46_hh228
d23,d110_hh201
d23,d124_hh223
d23,d128_hh273
d23,d129_hh209
d23,d35_hh224
d23,d85_hh214
d23,d48_hh176
d23,d184_hh206
d23,d190_hh176
d23,d59_hh98
d23,d128_hh43
d23,d41_hh181
d23,d117_hh245
d23,d146_hh88
d23,d163_hh115
d23,d168_hh34
d23,d168_hh265
d23,d128_hh184
d23,d126_hh233
d23,d110_hh236
d23,d16_hh75
d23,d59_hh207
d23,d5_hh117
d23,d134_hh7
d23,d152_hh187
d23,d190_hh106
d23,d158_hh49
d23,d18_hh253
d23,d56_hh166
d23,d41_hh74
d23,d40_hh111
d23,d158_hh20
d23,d53_hh23
d23,d26_hh63
d23,d155_hh206
d23,d87_hh32
d23,d131_hh212
d23,d162_hh113
d23,d122_hh181
d23,d195_hh52
d23,d66_hh154
d23,d135_hh226
d23,d15_hh97
d23,d69_hh99
d23,d21_hh21
d23,d164_hh78
d23,d113_hh254
d23,d187_hh16
d23,d191_hh12
d23,d5_hh117
d23,d41_hh254
d23,d40_hh111
d23,d156_hh19
d23,d91_hh113
d23,d36_hh69
d23,d111_hh206
d23,d141_hh235
d23,d59_hh98
d23,d55_hh226
d23,d75_hh15
d23,d210_hh87
d23,d120_hh57
d23,d191_hh275
d23,d101_hh182
d23,d147_hh167
d23,d120_hh57
d23,d140_hh260
d23,d155_hh206
d23,d161_hh250
d23,d147_hh167
d23,d73_hh7
d23,d62_hh18
d23,d170_hh63
d23,d149_hh61
d23,d11_hh132
d23,d73_hh197
d23,d88_hh235
d23,d208_hh137
d23,d91_hh113
d23,d170_hh63
d23,d38_hh101
d23,d96_hh8
d23,d100_hh164
d23,d88_hh3
d23,d175_hh239
d23,d15_hh97
d23,d66_hh193
d23,d56_hh63
d23,d104_hh7
d23,d48_hh176
d23,d21_hh25
d23,d204_hh173
d23,d51_hh285
d23,d213_hh238
d23,d30_hh44
d23,d59_hh162
d23,d112_hh31
d23,d20_hh48
d23,d41_hh74
d23,d65_hh67
d23,d129_hh94
d23,d109_hh209
d23,d110_hh117
d23,d77_hh156
d23,d169_hh148
d23,d214_hh252
d23,d193_hh67
d23,d214_hh184
d23,d208_hh221
d23,d48_hh119
d23,d129_hh94
d23,d135_hh78
d23,d48_hh176
d23,d78_hh234
d23,d120_hh268
d23,d26_hh63
d23,d23_hh236
d23,d156_hh19
d23,d139_hh164
d23,d161_hh229
d23,d160_hh232
d23,d11_hh244
d23,d2_hh232
d23,d131_hh212
d23,d168_hh265
d23,d174_hh97
d23,d135_hh219
d23,d112_hh31
d23,d123_hh83
d23,d118_hh175
d23,d1_hh234
d23,d82_hh231
d23,d35_hh104
d23,d55_hh12
d23,d65_hh227
d23,d124_hh118
d23,d160_hh59
d23,d214_hh255
d23,d125_hh248
d23,d187_hh30
d23,d210_hh262
d23,d138_hh1
d23,d55_hh12
d23,d214_hh252
d23,d205_hh217
d23,d110_hh201
d23,d65_hh75
d23,d51_hh177
d23,d124_hh167
d23,d111_hh29
d23,d204_hh158
d23,d50_hh195
d23,d210_hh267
d23,d38_hh101
d23,d32_hh101
d23,d122_hh271
d23,d69_hh209
d23,d101_hh182
d23,d154_hh132
d23,d109_hh168
d23,d65_hh67
d23,d38_hh49
d23,d102_hh228
d23,d81_hh87
d23,d97_hh20
d23,d118_hh88
d23,d202_hh17
d23,d38_hh101
d23,d35_hh224
d23,d140_hh260
d23,d160_hh232
d23,d129_hh209
d23,d137_hh201
d23,d87_hh38
d23,d7_hh87
d23,d13_hh239
d23,d156_hh153
d23,d112_hh221
d23,d156_hh153
d23,d50_hh112
d23,d56_hh123
d23,d207_hh28
d23,d160_hh104
d23,d91_hh100
d23,d21_hh25
d23,d66_hh154
d23,d18_hh80
d23,d55_hh131
d23,d184_hh206
d23,d170_hh228
d23,d147_hh167
d23,d120_hh118
d23,d33_hh64
d23,d193_hh61
d23,d104_hh7
d23,d48_hh119
d23,d171_hh189
d23,d38_hh95
d23,d137_hh216
d23,d16_hh201
d23,d55_hh12
d23,d48_hh119
d23,d184_hh206
d23,d191_hh179
d23,d112_hh17
d23,d120_hh57
d23,d42_hh251
d23,d214_hh166
d23,d135_hh226
d23,d50_hh195
d23,d210_hh87
d23,d44_hh163
d23,d33_hh266
d23,d114_hh2
d23,d140_hh195
d23,d198_hh78
d23,d56_hh63
d23,d77_hh156
d23,d162_hh113
d23,d174_hh97
d23,d190_hh32
d15,d55_hh12
d15,d138_hh1
d15,d205_hh73
d15,d51_hh186
d15,d91_hh79
d15,d193_hh67
d15,d198_hh78
d15,d204_hh231
d15,d207_hh28
d15,d137_hh201
d15,d210_hh262
d15,d73_hh84
d15,d134_hh118
d15,d160_hh232
d15,d123_hh83
d15,d120_hh45
d15,d113_hh254
d15,d160_hh211
d15,d55_hh12
d15,d7_hh87
d15,d204_hh158
d15,d41_hh53
d15,d38_hh101
d15,d38_hh101
d15,d134_hh118
d15,d152_hh187
d15,d161_hh229
d15,d131_hh14
d15,d156_hh218
d15,d160_hh232
d15,d209_hh40
d15,d130_hh177
d15,d174_hh85
d15,d32_hh151
d15,d18_hh91
d15,d161_hh110
d15,d55_hh12
d15,d44_hh283
d15,d174_hh6
d15,d214_hh252
d15,d41_hh74
d15,d138_hh1
d15,d137_hh216
d15,d125_hh236
d15,d74_hh108
d15,d82_hh41
d15,d97_hh20
d15,d158_hh85
d15,d190_hh176
d15,d58_hh108
d15,d174_hh6
d15,d82_hh256
d15,d141_hh209
d15,d135_hh226
d15,d46_hh57
d15,d202_hh111
d15,d160_hh179
d15,d32_hh60
d15,d21_hh25
d15,d41_hh254
d15,d141_hh152
d15,d42_hh263
d15,d140_hh260
d15,d41_hh72
d15,d132_hh233
d15,d130_hh277
d15,d90_hh214
d15,d156_hh181
d15,d42_hh263
d15,d75_hh15
d15,d59_hh162
d15,d34_hh166
d15,d184_hh11
d15,d104_hh7
d15,d82_hh231
d15,d131_hh14
d15,d141_hh6
d15,d69_hh13
d15,d114_hh2
d15,d112_hh17
d15,d128_hh180
d15,d134_hh31
d15,d120_hh272
d15,d20_hh48
d15,d146_hh88
d15,d175_hh181
d15,d38_hh95
d15,d43_hh67
d15,d91_hh113
d15,d124_hh125
d15,d85_hh104
d15,d158_hh146
d15,d210_hh267
d15,d162_hh113
d15,d205_hh73
d15,d44_hh283
d15,d73_hh153
d15,d69_hh55
d15,d44_hh163
d15,d135_hh191
d15,d7_hh124
d15,d200_hh227
d15,d18_hh6
d15,d198_hh40
d15,d174_hh97
d15,d187_hh32
d15,d154_hh157
d15,d88_hh118
d15,d120_hh45
d15,d21_hh21
d15,d190_hh106
d15,d213_hh238
d15,d33_hh64
d15,d41_hh181
d15,d126_hh184
d15,d67_hh63
d15,d56_hh123
d15,d156_hh218
d15,d150_hh253
d15,d156_hh153
d15,d129_hh94
d15,d72_hh77
d15,d152_hh175
d15,d160_hh59
d15,d152_hh187
d15,d67_hh63
d15,d82_hh256
d15,d126_hh44
d15,d2_hh232
d15,d208_hh137
d15,d117_hh245
d15,d124_hh223
d15,d24_hh177
d15,d65_hh67
d15,d18_hh80
d15,d124_hh125
d15,d209_hh40
d15,d171_hh189
d15,d168_hh30
d15,d93_hh66
d15,d147_hh167
d15,d62_hh167
d15,d7_hh87
d15,d139_hh251
d15,d50_hh112
d15,d39_hh96
d15,d65_hh67
d15,d150_hh253
d15,d87_hh32
d15,d134_hh31
d15,d33_hh266
d15,d156_hh19
d15,d149_hh237
d15,d175_hh32
d15,d112_hh221
d15,d184_hh11
d15,d104_hh7
d15,d87_hh32
d15,d65_hh75
d15,d120_hh57
d15,d62_hh18
d15,d111_hh206
d15,d149_hh237
d15,d156_hh153
d15,d39_hh96
d15,d150_hh253
d15,d209_hh40
d15,d174_hh85
d15,d58_hh108
d15,d135_hh78
d15,d125_hh189
d15,d187_hh30
d15,d118_hh88
d15,d125_hh167
d15,d88_hh191
d15,d5_hh117
d15,d111_hh206
d15,d128_hh273
d15,d200_hh51
d15,d195_hh31
d15,d88_hh191
d15,d88_hh235
d15,d207_hh28
d15,d18_hh6
d15,d149_hh61
d15,d41_hh254
d15,d35_hh224
d15,d82_hh115
d15,d205_hh217
d15,d193_hh61
d15,d198_hh40
d15,d202_hh222
d15,d23_hh236
d15,d174_hh97
d15,d39_hh96
d15,d114_hh2
d15,d53_hh23
d15,d77_hh83
d15,d140_hh195
d15,d109_hh209
d15,d205_hh217
d15,d30_hh44
d15,d138_hh1
d15,d191_hh12
d15,d122_hh210
d15,d7_hh64
d15,d140_hh195
d15,d110_hh201
d15,d143_hh224
d15,d55_hh232
d15,d179_hh28
d15,d155_hh206
d15,d32_hh203
d15,d128_hh184
d15,d35_hh224
d15,d204_hh231
d15,d156_hh151
d15,d11_hh240
d15,d135_hh226
d15,d184_hh11
d15,d112_hh221
d15,d118_hh88
d15,d126_hh156
d15,d149_hh30
d15,d41_hh254
d15,d104_hh7
d15,d39_hh96
d15,d149_hh30
d15,d32_hh203
d15,d61_hh246
d15,d163_hh115
d15,d21_hh25
d15,d141_hh209
d15,d208_hh137
d15,d131_hh14
d15,d65_hh227
d15,d125_hh167
d15,d41_hh72
d15,d5_hh117
d15,d112_hh31
d15,d39_hh96
d15,d213_hh238
d15,d119_hh50
d15,d141_hh6
d15,d88_hh3
d15,d53_hh23
d15,d158_hh20
d15,d11_hh79
d15,d191_hh179
d15,d130_hh277
d15,d174_hh85
d15,d214_hh184
d15,d187_hh32
d15,d149_hh237
d15,d139_hh27
d15,d179_hh242
d15,d77_hh40
d15,d160_hh59
d15,d113_hh254
d15,d134_hh156
d15,d55_hh12
d15,d135_hh216
d15,d163_hh44
d15,d150_hh253
d15,d150_hh168
d15,d114_hh2
d15,d170_hh273
d15,d69_hh55
d15,d48_hh176
d15,d55_hh12
d15,d168_hh30
d15,d40_hh111
d15,d16_hh218
d15,d135_hh216
d15,d35_hh104
d15,d82_hh231
d14,d116_hh196
d14,d201_hh135
d14,d28_hh253
d14,d92_hh161
d14,d192_hh58
d14,d167_hh70
d14,d3_hh97
d14,d142_hh106
d14,d76_hh193
d14,d108_hh162
d14,d49_hh219
d14,d107_hh7
d14,d121_hh272
d14,d107_hh7
d14,d60_hh191
d14,d86_hh55
d14,d121_hh272
d14,d115_hh186
d14,d76_hh187
d14,d172_hh18
d14,d142_hh190
d14,d167_hh276
d14,d167_hh11
d14,d212_hh61
d14,d49_hh170
d14,d196_hh126
d14,d194_hh189
d14,d47_hh128
d14,d176_hh220
d14,d14_hh75
d14,d196_hh126
d14,d49_hh103
d14,d116_hh196
d14,d115_hh55
d14,d212_hh252
d14,d192_hh39
d14,d45_hh0
d14,d148_hh100
d14,d107_hh258
d14,d94_hh137
d14,d194_hh189
d14,d47_hh300
d14,d22_hh176
d14,d107_hh23
d14,d108_hh241
d14,d28_hh253
d14,d8_hh106
d14,d188_hh256
d14,d49_hh257
d14,d167_hh70
d14,d201_hh135
d14,d194_hh189
d14,d157_hh215
d14,d194_hh114
d14,d94_hh253
d14,d201_hh78
d14,d153_hh100
d14,d70_hh172
d14,d108_hh213
d14,d172_hh18
d14,d203_hh189
d14,d70_hh110
d14,d63_hh160
d14,d192_hh58
d14,d115_hh55
d14,d157_hh222
d14,d167_hh11
d14,d194_hh101
d14,d145_hh175
d14,d108_hh241
d14,d115_hh55
d14,d8_hh149
d14,d47_hh300
d14,d60_hh191
d14,d92_hh115
d14,d70_hh136
d14,d92_hh161
d14,d103_hh205
d14,d121_hh272
d14,d192_hh68
d14,d79_hh114
d14,d157_hh222
d14,d9_hh197
d14,d94_hh129
d14,d49_hh219
d14,d70_hh172
d14,d151_hh215
d14,d176_hh125
d14,d148_hh117
d14,d84_hh161
d14,d206_hh279
d14,d94_hh129
d14,d105_hh45
d14,d144_hh289
d14,d196_hh197
d14,d121_hh272
d14,d136_hh89
d14,d92_hh161
d14,d176_hh220
d14,d70_hh136
d14,d103_hh192
d14,d94_hh129
d14,d192_hh68
d14,d194_hh142
d14,d103_hh48
d14,d79_hh114
d14,d136_hh192
d14,d92_hh91
d14,d22_hh190
d14,d3_hh27
d14,d9_hh197
d14,d63_hh160
d14,d194_hh40
d14,d22_hh190
d14,d70_hh136
d14,d108_hh212
d14,d70_hh110
d14,d47_hh300
d14,d14_hh205
d14,d79_hh198
d14,d201_hh78
d14,d6_hh77
d14,d108_hh162
d14,d192_hh39
d14,d185_hh143
d14,d116_hh6
d14,d142_hh106
d14,d157_hh222
d14,d70_hh172
d14,d201_hh78
d14,d103_hh192
d14,d25_hh157
d14,d105_hh45
d14,d151_hh215
d14,d185_hh57
d14,d201_hh78
d14,d142_hh190
d14,d71_hh245
d14,d108_hh241
d14,d121_hh272
d14,d70_hh171
d14,d136_hh89
d14,d8_hh41
d14,d196_hh126
d14,d115_hh199
d14,d148_hh100
d14,d9_hh170
d14,d201_hh78
d14,d108_hh212
d14,d70_hh136
d14,d116_hh196
d14,d107_hh103
d14,d203_hh227
d14,d115_hh55
d14,d103_hh63
d14,d94_hh253
d14,d144_hh253
d14,d60_hh191
d14,d107_hh7
d14,d212_hh155
d14,d47_hh300
d14,d194_hh114
d14,d148_hh100
d14,d9_hh236
d14,d211_hh211
d14,d176_hh194
d14,d8_hh155
d14,d45_hh79
d14,d6_hh130
d14,d107_hh258
d14,d121_hh170
d14,d84_hh161
d14,d107_hh23
d14,d194_hh114
d14,d107_hh7
d14,d196_hh126
d14,d28_hh35
d14,d201_hh135
d14,d194_hh189
d14,d157_hh235
d14,d167_hh11
d14,d148_hh58
d14,d108_hh230
d14,d121_hh272
d14,d167_hh70
d14,d63_hh83
d14,d8_hh155
d14,d8_hh106
d14,d142_hh108
d14,d8_hh106
d14,d70_hh110
d14,d148_hh117
d14,d108_hh241
d14,d8_hh155
d14,d49_hh219
d14,d63_hh69
d14,d14_hh205
d14,d172_hh180
d14,d144_hh289
d14,d188_hh256
d14,d212_hh252
d14,d92_hh91
d14,d148_hh247
d14,d107_hh7
d14,d8_hh155
d14,d94_hh253
d14,d37_hh160
d14,d212_hh61
d14,d8_hh41
d14,d92_hh91
d14,d212_hh61
d14,d196_hh190
d14,d172_hh180
d14,d203_hh139
d14,d148_hh100
d14,d108_hh162
d14,d25_hh157
d14,d22_hh176
d14,d148_hh58
d14,d108_hh241
d14,d211_hh86
d14,d108_hh241
d14,d103_hh192
d14,d153_hh26
d14,d194_hh189
d14,d153_hh100
d14,d196_hh229
d14,d115_hh55
d14,d201_hh135
d14,d196_hh126
d14,d108_hh241
d14,d108_hh162
d14,d8_hh105
d14,d212_hh61
d14,d194_hh101
d14,d108_hh162
d14,d70_hh110
d14,d28_hh253
d14,d108_hh213
d14,d8_hh106
d14,d9_hh236
d14,d64_hh137
d14,d201_hh119
d14,d28_hh35
d14,d201_hh135
d14,d136_hh32
d14,d45_hh0
d14,d148_hh244
d14,d196_hh197
d14,d211_hh211
d14,d47_hh135
d14,d115_hh55
d14,d185_hh57
d14,d115_hh55
d14,d76_hh6
d14,d108_hh241
d14,d194_hh40
d14,d115_hh186
d14,d92_hh91
d14,d108_hh230
d14,d194_hh114
d14,d196_hh126
d14,d79_hh255
d14,d121_hh170
d14,d14_hh205
d14,d176_hh220
d14,d28_hh253
d14,d45_hh0
d14,d92_hh91
d14,d94_hh253
d14,d45_hh0
d14,d22_hh190
d14,d70_hh110
d14,d185_hh57
d14,d192_hh68
d14,d108_hh213
d14,d70_hh171
d14,d70_hh136
d14,d153_hh96
d14,d136_hh32
d16,d91_hh100
d16,d39_hh55
d16,d191_hh275
d16,d93_hh66
d16,d43_hh27
d16,d21_hh16
d16,d179_hh41
d16,d114_hh2
d16,d40_hh111
d16,d163_hh44
d16,d65_hh115
d16,d208_hh2
d16,d4_hh212
d16,d125_hh189
d16,d21_hh25
d16,d23_hh236
d16,d160_hh59
d16,d161_hh110
d16,d34_hh166
d16,d15_hh97
d16,d74_hh108
d16,d66_hh131
d16,d100_hh164
d16,d168_hh265
d16,d128_hh184
d16,d183_hh237
d16,d97_hh20
d16,d214_hh171
d16,d50_hh195
d16,d150_hh253
d16,d204_hh158
d16,d114_hh12
d16,d208_hh137
d16,d88_hh3
d16,d65_hh227
d16,d33_hh64
d16,d131_hh41
d16,d21_hh25
d16,d111_hh29
d16,d129_hh209
d16,d126_hh156
d16,d72_hh77
d16,d131_hh14
d16,d156_hh151
d16,d126_hh233
d16,d164_hh78
d16,d44_hh170
d16,d114_hh12
d16,d109_hh209
d16,d175_hh239
d16,d110_hh117
d16,d51_hh186
d16,d65_hh75
d16,d59_hh162
d16,d130_hh273
d16,d124_hh118
d16,d193_hh67
d16,d96_hh8
d16,d82_hh115
d16,d82_hh256
d16,d131_hh212
d16,d141_hh152
d16,d59_hh162
d16,d215_hh82
d16,d137_hh109
d16,d43_hh67
d16,d42_hh165
d16,d160_hh97
d16,d35_hh224
d16,d168_hh34
d16,d124_hh118
d16,d156_hh19
d16,d61_hh79
d16,d120_hh118
d16,d73_hh151
d16,d110_hh201
d16,d155_hh206
d16,d134_hh156
d16,d190_hh38
d16,d62_hh18
d16,d208_hh137
d16,d204_hh158
d16,d149_hh237
d16,d215_hh157
d16,d39_hh55
d16,d135_hh216
d16,d91_hh113
d16,d193_hh61
d16,d43_hh27
d16,d132_hh233
d16,d135_hh57
d16,d66_hh154
d16,d190_hh176
d16,d125_hh189
d16,d135_hh57
d16,d187_hh291
d16,d109_hh168
d16,d2_hh232
d16,d43_hh67
d16,d58_hh81
d16,d15_hh188
d16,d88_hh191
d16,d120_hh268
d16,d58_hh108
d16,d186_hh175
d16,d66_hh193
d16,d168_hh265
d16,d43_hh67
d16,d135_hh191
d16,d139_hh27
d16,d35_hh224
d16,d124_hh125
d16,d66_hh193
d16,d141_hh194
d16,d35_hh224
d16,d111_hh206
d16,d51_hh177
d16,d190_hh32
d16,d20_hh48
d16,d140_hh260
d16,d73_hh153
d16,d11_hh240
d16,d169_hh148
d16,d200_hh227
d16,d93_hh66
d16,d124_hh126
d16,d193_hh67
d16,d191_hh275
d16,d101_hh186
d16,d38_hh101
d16,d7_hh155
d16,d11_hh132
d16,d190_hh176
d16,d62_hh167
d16,d56_hh63
d16,d169_hh148
d16,d24_hh177
d16,d65_hh75
d16,d205_hh217
d16,d11_hh240
d16,d134_hh76
d16,d207_hh28
d16,d41_hh181
d16,d42_hh251
d16,d141_hh6
d16,d139_hh164
d16,d208_hh2
d16,d125_hh248
d16,d91_hh98
d16,d19_hh147
d16,d128_hh184
d16,d73_hh153
d16,d11_hh132
d16,d131_hh212
d16,d97_hh20
d16,d55_hh12
d16,d66_hh154
d16,d204_hh158
d16,d87_hh32
d16,d125_hh236
d16,d111_hh206
d16,d44_hh65
d16,d191_hh275
d16,d143_hh82
d16,d178_hh263
d16,d7_hh155
d16,d44_hh163
d16,d150_hh8
d16,d208_hh2
d16,d82_hh115
d16,d186_hh175
d16,d150_hh168
d16,d77_hh40
d16,d13_hh239
d16,d15_hh97
d16,d120_hh45
d16,d149_hh61
d16,d33_hh64
d16,d33_hh64
d16,d59_hh251
d16,d40_hh111
d16,d122_hh112
d16,d137_hh216
d16,d141_hh152
d16,d119_hh174
d16,d109_hh209
d16,d190_hh182
d16,d131_hh41
d16,d1_hh15
d16,d112_hh155
d16,d81_hh81
d16,d5_hh117
d16,d91_hh79
d16,d66_hh179
d16,d58_hh108
d16,d99_hh230
d16,d74_hh212
d16,d69_hh274
d16,d168_hh30
d16,d131_hh41
d16,d120_hh118
d16,d164_hh220
d16,d38_hh101
d16,d95_hh241
d16,d169_hh247
d16,d73_hh151
d16,d82_hh115
d16,d208_hh137
d16,d128_hh297
d16,d50_hh195
d16,d32_hh136
d16,d42_hh165
d16,d135_hh216
d16,d48_hh119
d16,d82_hh231
d16,d50_hh90
d16,d164_hh78
d16,d109_hh168
d16,d137_hh109
d16,d73_hh33
d16,d130_hh277
d16,d50_hh90
d16,d191_hh12
d16,d44_hh163
d16,d141_hh152
d16,d170_hh273
d16,d135_hh216
d16,d39_hh55
d16,d128_hh297
d16,d143_hh82
d16,d141_hh235
d16,d35_hh224
d16,d124_hh223
d16,d55_hh131
d16,d100_hh65
d16,d141_hh6
d16,d204_hh173
d16,d214_hh171
d16,d155_hh206
d16,d7_hh240
d16,d214_hh166
d16,d7_hh87
d16,d1_hh234
d16,d74_hh108
d16,d134_hh76
d16,d170_hh228
d16,d158_hh85
d16,d5_hh117
d16,d126_hh44
d16,d91_hh113
d16,d19_hh147
d16,d85_hh214
d16,d210_hh262
d16,d33_hh266
d16,d127_hh69
d16,d82_hh256
d16,d13_hh263
d16,d82_hh41
d16,d11_hh132
d16,d156_hh218
d16,d56_hh166
d16,d11_hh214
d16,d81_hh81
d16,d7_hh64
d16,d42_hh251
d16,d213_hh238
d16,d21_hh25
d16,d119_hh50
d16,d50_hh112
d16,d156_hh153
d16,d110_hh236
d16,d164_hh78
d16,d40_hh111
d16,d48_hh119
d16,d204_hh158
d16,d15_hh188
d16,d150_hh168
d16,d147_hh167
d16,d41_hh254
d16,d74_hh212
d16,d175_hh181
d16,d131_hh41
d16,d51_hh177
d16,d13_hh239
d16,d156_hh19
d16,d190_hh176
d16,d44_hh65
d16,d81_hh81
d16,d85_hh214
d16,d162_hh113
d16,d69_hh55
d16,d56_hh89
d16,d55_hh12
d16,d210_hh87
d16,d5_hh117
d17,d93_hh80
d17,d131_hh14
d17,d106_hh24
d17,d42_hh165
d17,d178_hh263
d17,d48_hh176
d17,d190_hh182
d17,d143_hh224
d17,d150_hh168
d17,d208_hh221
d17,d51_hh177
d17,d55_hh232
d17,d205_hh54
d17,d112_hh17
d17,d143_hh224
d17,d32_hh19
d17,d129_hh106
d17,d32_hh136
d17,d114_hh2
d17,d134_hh156
d17,d7_hh148
d17,d205_hh217
d17,d160_hh179
d17,d169_hh115
d17,d146_hh88
d17,d135_hh219
d17,d62_hh18
d17,d51_hh285
d17,d53_hh249
d17,d139_hh251
d17,d44_hh35
d17,d112_hh221
d17,d72_hh77
d17,d59_hh207
d17,d96_hh8
d17,d124_hh118
d17,d190_hh176
d17,d77_hh40
d17,d46_hh57
d17,d183_hh93
d17,d169_hh148
d17,d69_hh13
d17,d156_hh151
d17,d93_hh66
d17,d141_hh209
d17,d128_hh180
d17,d43_hh27
d17,d72_hh77
d17,d83_hh79
d17,d66_hh193
d17,d158_hh146
d17,d134_hh76
d17,d81_hh14
d17,d44_hh127
d17,d82_hh256
d17,d118_hh188
d17,d125_hh189
d17,d88_hh191
d17,d141_hh194
d17,d169_hh148
d17,d155_hh206
d17,d1_hh15
d17,d117_hh245
d17,d56_hh63
d17,d16_hh200
d17,d104_hh7
d17,d32_hh101
d17,d30_hh44
d17,d66_hh13
d17,d11_hh26
d17,d112_hh177
d17,d164_hh78
d17,d99_hh38
d17,d161_hh110
d17,d55_hh12
d17,d118_hh175
d17,d125_hh248
d17,d112_hh176
d17,d149_hh61
d17,d73_hh197
d17,d16_hh218
d17,d209_hh40
d17,d106_hh24
d17,d190_hh182
d17,d62_hh18
d17,d183_hh93
d17,d214_hh255
d17,d44_hh65
d17,d208_hh137
d17,d16_hh177
d17,d190_hh182
d17,d56_hh89
d17,d30_hh44
d17,d175_hh181
d17,d56_hh175
d17,d179_hh41
d17,d75_hh15
d17,d128_hh43
d17,d160_hh232
d17,d51_hh177
d17,d130_hh277
d17,d51_hh177
d17,d48_hh176
d17,d213_hh238
d17,d62_hh18
d17,d11_hh244
d17,d117_hh245
d17,d31_hh135
d17,d111_hh206
d17,d50_hh90
d17,d88_hh3
d17,d117_hh126
d17,d164_hh78
d17,d127_hh69
d17,d50_hh195
d17,d30_hh132
d17,d35_hh224
d17,d161_hh250
d17,d88_hh3
d17,d38_hh95
d17,d78_hh234
d17,d120_hh57
d17,d66_hh13
d17,d69_hh274
d17,d69_hh274
d17,d69_hh209
d17,d149_hh237
d17,d125_hh248
d17,d83_hh67
d17,d190_hh38
d17,d77_hh40
d17,d165_hh274
d17,d73_hh151
d17,d56_hh175
d17,d169_hh115
d17,d46_hh57
d17,d78_hh9
d17,d131_hh212
d17,d55_hh226
d17,d11_hh244
d17,d214_hh20
d17,d202_hh111
d17,d106_hh24
d17,d208_hh137
d17,d18_hh253
d17,d137_hh216
d17,d195_hh31
d17,d126_hh44
d17,d99_hh38
d17,d200_hh51
d17,d40_hh111
d17,d18_hh253
d17,d132_hh233
d17,d190_hh176
d17,d126_hh156
d17,d11_hh132
d17,d158_hh85
d17,d208_hh2
d17,d205_hh217
d17,d175_hh32
d17,d88_hh3
d17,d50_hh90
d17,d48_hh176
d17,d73_hh33
d17,d130_hh177
d17,d32_hh151
d17,d11_hh240
d17,d200_hh51
d17,d96_hh8
d17,d78_hh123
d17,d66_hh131
d17,d122_hh210
d17,d59_hh162
d17,d59_hh132
d17,d156_hh218
d17,d46_hh228
d17,d155_hh206
d17,d161_hh250
d17,d150_hh253
d17,d143_hh224
d17,d141_hh152
d17,d43_hh27
d17,d58_hh108
d17,d2_hh232
d17,d174_hh85
d17,d42_hh251
d17,d184_hh210
d17,d46_hh57
d17,d125_hh167
d17,d141_hh152
d17,d81_hh14
d17,d32_hh151
d17,d125_hh236
d17,d32_hh19
d17,d119_hh174
d17,d137_hh201
d17,d11_hh240
d17,d139_hh27
d17,d65_hh75
d17,d56_hh166
d17,d90_hh214
d17,d143_hh224
d17,d210_hh267
d17,d110_hh201
d17,d187_hh30
d17,d143_hh82
d17,d39_hh96
d17,d162_hh67
d17,d99_hh38
d17,d210_hh87
d17,d131_hh204
d17,d42_hh263
d17,d122_hh112
d17,d82_hh256
d17,d118_hh175
d17,d96_hh8
d17,d77_hh40
d17,d66_hh179
d17,d41_hh181
d17,d11_hh132
d17,d26_hh63
d17,d41_hh254
d17,d126_hh156
d17,d11_hh79
d17,d56_hh63
d17,d137_hh201
d17,d150_hh168
d17,d69_hh274
d17,d35_hh224
d17,d147_hh167
d17,d128_hh180
d17,d11_hh244
d17,d147_hh167
d17,d91_hh100
d17,d130_hh177
d17,d138_hh1
d17,d88_hh118
d17,d21_hh16
d17,d77_hh156
d17,d16_hh201
d17,d170_hh273
d17,d97_hh20
d17,d128_hh273
d17,d117_hh126
d17,d55_hh246
d17,d51_hh177
d17,d150_hh8
d17,d85_hh218
d17,d120_hh45
d17,d73_hh84
d17,d82_hh231
d17,d90_hh214
d17,d55_hh246
d17,d74_hh109
d17,d160_hh97
d17,d51_hh285
d17,d18_hh253
d17,d214_hh184
d17,d41_hh181
d17,d56_hh89
d17,d143_hh82
d17,d29_hh167
d17,d161_hh250
d17,d214_hh20
d17,d58_hh81
d17,d129_hh94
d17,d44_hh283
d17,d155_hh206
d17,d11_hh79
d17,d146_hh88
d17,d33_hh64
d17,d32_hh136
d17,d16_hh200
d17,d138_hh1
d17,d110_hh172
d17,d69_hh55
d17,d30_hh44
d17,d53_hh23
d17,d111_hh206
d17,d59_hh98
d17,d91_hh79
d17,d32_hh60
d17,d21_hh21
d17,d35_hh224
d17,d81_hh14
d19,d162_hh67
d19,d18_hh80
d19,d30_hh44
d19,d44_hh170
d19,d134_hh118
d19,d50_hh112
d19,d213_hh238
d19,d102_hh228
d19,d134_hh7
d19,d135_hh78
d19,d162_hh67
d19,d156_hh151
d19,d174_hh85
d19,d190_hh32
d19,d55_hh12
d19,d141_hh194
d19,d207_hh28
d19,d150_hh8
d19,d190_hh32
d19,d164_hh249
d19,d205_hh217
d19,d163_hh44
d19,d214_hh255
d19,d130_hh273
d19,d44_hh163
d19,d112_hh155
d19,d44_hh187
d19,d193_hh61
d19,d101_hh182
d19,d158_hh49
d19,d82_hh231
d19,d100_hh164
d19,d155_hh206
d19,d15_hh97
d19,d32_hh203
d19,d210_hh267
d19,d110_hh117
d19,d193_hh61
d19,d124_hh118
d19,d51_hh186
d19,d75_hh15
d19,d143_hh82
d19,d158_hh49
d19,d114_hh2
d19,d102_hh228
d19,d164_hh78
d19,d135_hh57
d19,d109_hh168
d19,d128_hh180
d19,d91_hh100
d19,d23_hh236
d19,d191_hh275
d19,d73_hh33
d19,d101_hh182
d19,d18_hh253
d19,d75_hh15
d19,d184_hh11
d19,d50_hh112
d19,d44_hh187
d19,d155_hh206
d19,d131_hh14
d19,d33_hh64
d19,d149_hh30
d19,d104_hh7
d19,d51_hh186
d19,d184_hh11
d19,d55_hh12
d19,d135_hh219
d19,d32_hh19
d19,d128_hh278
d19,d210_hh87
d19,d117_hh126
d19,d114_hh12
d19,d109_hh168
d19,d53_hh23
d19,d11_hh214
d19,d61_hh79
d19,d55_hh12
d19,d214_hh184
d19,d214_hh184
d19,d81_hh81
d19,d11_hh244
d19,d73_hh151
d19,d169_hh247
d19,d74_hh108
d19,d156_hh151
d19,d73_hh197
d19,d147_hh167
d19,d83_hh79
d19,d119_hh50
d19,d109_hh209
d19,d191_hh190
d19,d61_hh79
d19,d44_hh35
d19,d126_hh44
d19,d82_hh41
d19,d114_hh12
d19,d13_hh157
d19,d20_hh48
d19,d77_hh156
d19,d16_hh218
d19,d97_hh75
d19,d88_hh235
d19,d69_hh274
d19,d66_hh179
d19,d83_hh67
d19,d35_hh224
d19,d137_hh216
d19,d56_hh166
d19,d214_hh184
d19,d109_hh209
d19,d122_hh210
d19,d120_hh57
d19,d61_hh79
d19,d40_hh111
d19,d11_hh240
d19,d77_hh83
d19,d215_hh82
d19,d120_hh45
d19,d30_hh44
d19,d158_hh49
d19,d169_hh115
d19,d143_hh224
d19,d140_hh260
d19,d41_hh72
d19,d33_hh64
d19,d41_hh74
d19,d164_hh249
d19,d38_hh101
d19,d135_hh57
d19,d175_hh32
d19,d44_hh163
d19,d137_hh216
d19,d128_hh184
d19,d61_hh79
d19,d72_hh77
d19,d208_hh137
d19,d163_hh242
d19,d88_hh235
d19,d40_hh7
d19,d73_hh153
d19,d56_hh177
d19,d85_hh218
d19,d141_hh194
d19,d214_hh255
d19,d44_hh65
d19,d135_hh57
d19,d191_hh179
d19,d81_hh81
d19,d55_hh232
d19,d129_hh94
d19,d87_hh38
d19,d184_hh206
d19,d73_hh84
d19,d38_hh101
d19,d88_hh267
d19,d193_hh67
d19,d208_hh137
d19,d11_hh214
d19,d111_hh206
d19,d69_hh209
d19,d174_hh6
d19,d41_hh53
d19,d50_hh112
d19,d11_hh244
d19,d101_hh182
d19,d117_hh245
d19,d124_hh125
d19,d191_hh179
d19,d141_hh209
d19,d43_hh27
d19,d160_hh232
d19,d109_hh168
d19,d93_hh80
d19,d44_hh163
d19,d161_hh110
d19,d69_hh274
d19,d114_hh2
d19,d158_hh34
d19,d135_hh57
d19,d168_hh30
d19,d193_hh61
d19,d123_hh83
d19,d51_hh186
d19,d33_hh64
d19,d93_hh66
d19,d101_hh186
d19,d138_hh10
d19,d125_hh236
d19,d137_hh201
d19,d190_hh106
d19,d150_hh168
d19,d39_hh96
d19,d73_hh197
d19,d15_hh188
d19,d85_hh218
d19,d179_hh41
d19,d190_hh182
d19,d59_hh251
d19,d141_hh6
d19,d143_hh82
d19,d73_hh151
d19,d32_hh151
d19,d18_hh80
d19,d140_hh195
d19,d135_hh191
d19,d66_hh13
d19,d101_hh182
d19,d147_hh167
d19,d39_hh55
d19,d156_hh218
d19,d13_hh157
d19,d210_hh87
d19,d69_hh222
d19,d168_hh265
d19,d128_hh43
d19,d175_hh32
d19,d158_hh85
d19,d56_hh123
d19,d2_hh232
d19,d210_hh262
d19,d85_hh104
d19,d40_hh7
d19,d11_hh26
d19,d1_hh15
d19,d88_hh3
d19,d111_hh206
d19,d125_hh189
d19,d200_hh51
d19,d214_hh171
d19,d18_hh253
d19,d20_hh48
d19,d134_hh31
d19,d65_hh75
d19,d38_hh95
d19,d69_hh274
d19,d73_hh151
d19,d61_hh246
d19,d80_hh6
d19,d56_hh63
d19,d154_hh132
d19,d66_hh193
d19,d134_hh156
d19,d32_hh136
d19,d11_hh244
d19,d118_hh175
d19,d97_hh20
d19,d131_hh41
d19,d118_hh262
d19,d1_hh15
d19,d156_hh19
d19,d44_hh163
d19,d55_hh12
d19,d190_hh38
d19,d184_hh11
d19,d2_hh232
d19,d187_hh291
d19,d7_hh155
d19,d139_hh27
d19,d66_hh193
d19,d35_hh211
d19,d187_hh30
d19,d38_hh49
d19,d109_hh209
d19,d13_hh263
d19,d32_hh203
d19,d125_hh248
d19,d156_hh151
d19,d62_hh167
d19,d152_hh187
d27,d9_hh236
d27,d196_hh215
d27,d71_hh146
d27,d136_hh89
d27,d192_hh58
d27,d212_hh61
d27,d185_hh143
d27,d107_hh246
d27,d6_hh130
d27,d107_hh103
d27,d121_hh170
d27,d116_hh196
d27,d3_hh97
d27,d144_hh253
d27,d79_hh227
d27,d192_hh39
d27,d60_hh108
d27,d8_hh41
d27,d92_hh91
d27,d3_hh180
d27,d60_hh191
d27,d151_hh203
d27,d92_hh91
d27,d167_hh264
d27,d71_hh163
d27,d14_hh67
d27,d196_hh229
d27,d8_hh41
d27,d192_hh58
d27,d142_hh108
d27,d212_hh155
d27,d180_hh254
d27,d49_hh103
d27,d167_hh70
d27,d206_hh279
d27,d14_hh67
d27,d9_hh170
d27,d192_hh39
d27,d196_hh139
d27,d185_hh143
d27,d151_hh215
d27,d116_hh118
d27,d94_hh253
d27,d185_hh57
d27,d45_hh79
d27,d148_hh244
d27,d6_hh77
d27,d79_hh227
d27,d8_hh155
d27,d212_hh155
d27,d206_hh279
d27,d37_hh159
d27,d92_hh115
d27,d71_hh245
d27,d153_hh26
d27,d47_hh135
d27,d151_hh215
d27,d181_hh17
d27,d203_hh189
d27,d176_hh92
d27,d103_hh205
d27,d185_hh57
d27,d28_hh253
d27,d79_hh227
d27,d63_hh69
d27,d107_hh193
d27,d157_hh235
d27,d181_hh17
d27,d144_hh196
d27,d151_hh203
d27,d153_hh96
d27,d108_hh230
d27,d3_hh35
d27,d153_hh26
d27,d107_hh246
d27,d92_hh115
d27,d76_hh193
d27,d167_hh11
d27,d76_hh187
d27,d47_hh300
d27,d153_hh100
d27,d8_hh41
d27,d47_hh135
d27,d142_hh108
d27,d9_hh236
d27,d145_hh175
d27,d192_hh58
d27,d148_hh100
d27,d116_hh196
d27,d8_hh106
d27,d84_hh122
d27,d167_hh11
d27,d60_hh108
d27,d203_hh227
d27,d212_hh61
d27,d6_hh130
d27,d148_hh117
d27,d167_hh70
d27,d3_hh180
d27,d9_hh289
d27,d148_hh100
d27,d103_hh205
d27,d3_hh97
d27,d172_hh180
d27,d79_hh227
d27,d180_hh254
d27,d203_hh139
d27,d76_hh193
d27,d148_hh244
d27,d196_hh215
d27,d194_hh142
d27,d176_hh125
d27,d157_hh16
d27,d151_hh203
d27,d115_hh186
d27,d28_hh253
d27,d151_hh203
d27,d153_hh96
d27,d176_hh85
d27,d153_hh100
d27,d49_hh219
d27,d8_hh106
d27,d206_hh279
d27,d148_hh117
d27,d116_hh36
d27,d151_hh203
d27,d3_hh180
d27,d3_hh97
d27,d49_hh219
d27,d10_hh167
d27,d9_hh183
d27,d63_hh69
d27,d107_hh23
d27,d167_hh11
d27,d76_hh193
d27,d22_hh190
d27,d92_hh161
d27,d92_hh161
d27,d115_hh199
d27,d84_hh161
d27,d107_hh7
d27,d153_hh100
d27,d148_hh244
d27,d136_hh192
d27,d212_hh61
d27,d107_hh23
d27,d79_hh114
d27,d107_hh246
d27,d136_hh192
d27,d212_hh155
d27,d194_hh142
d27,d107_hh23
d27,d196_hh215
d27,d64_hh137
d27,d148_hh100
d27,d148_hh104
d27,d153_hh100
d27,d86_hh55
d27,d176_hh85
d27,d3_hh27
d27,d145_hh175
d27,d28_hh40
d27,d212_hh61
d27,d79_hh255
d27,d157_hh215
d27,d153_hh100
d27,d203_hh227
d27,d167_hh11
d27,d148_hh100
d27,d103_hh192
d27,d79_hh255
d27,d115_hh186
d27,d181_hh225
d27,d157_hh222
d27,d181_hh225
d27,d10_hh167
d27,d148_hh104
d27,d71_hh163
d27,d212_hh61
d27,d176_hh85
d27,d192_hh58
d27,d6_hh77
d27,d157_hh235
d27,d196_hh139
d27,d144_hh196
d27,d92_hh91
d27,d37_hh160
d27,d151_hh215
d27,d176_hh194
d27,d28_hh40
d27,d176_hh85
d27,d3_hh180
d27,d63_hh160
d27,d196_hh190
d27,d157_hh235
d27,d84_hh161
d27,d121_hh170
d27,d60_hh108
d27,d148_hh247
d27,d116_hh36
d27,d116_hh36
d27,d27_hh269
d27,d8_hh105
d27,d144_hh196
d27,d37_hh160
d27,d63_hh83
d27,d22_hh176
d27,d167_hh11
d27,d148_hh117
d27,d196_hh215
d27,d181_hh17
d27,d84_hh161
d27,d103_hh205
d27,d185_hh57
d27,d212_hh155
d27,d14_hh205
d27,d103_hh63
d27,d167_hh276
d27,d176_hh85
d27,d196_hh190
d27,d22_hh190
d27,d212_hh252
d27,d176_hh85
d27,d92_hh161
d27,d79_hh227
d27,d63_hh83
d27,d8_hh105
d27,d136_hh192
d27,d144_hh196
d27,d28_hh40
d27,d142_hh108
d27,d201_hh119
d27,d28_hh253
d27,d3_hh180
d27,d79_hh255
d27,d107_hh103
d27,d172_hh180
d27,d103_hh205
d27,d14_hh75
d27,d84_hh122
d27,d14_hh205
d27,d22_hh176
d27,d103_hh192
d27,d37_hh159
d27,d176_hh125
d27,d185_hh57
d27,d49_hh170
d27,d201_hh78
d27,d167_hh264
d27,d79_hh227
d27,d60_hh108
d27,d167_hh11
d27,d176_hh125
d27,d107_hh258
d27,d84_hh161
d27,d203_hh139
d27,d211_hh86
d27,d47_hh135
d27,d196_hh139
d27,d157_hh215
d27,d37_hh160
d27,d212_hh155
d27,d116_hh36
d27,d28_hh40
d27,d144_hh253
d27,d49_hh257
d27,d153_hh26
d27,d6_hh77
d27,d212_hh61
d27,d47_hh300
d27,d71_hh163
d27,d212_hh61
d27,d71_hh146
d27,d142_hh190
d27,d79_hh255
d27,d76_hh6
d27,d28_hh253
d27,d196_hh197
d27,d71_hh146
d27,d79_hh227
d27,d121_hh170
d27,d76_hh187
d24,d179_hh242
d24,d82_hh231
d24,d175_hh239
d24,d77_hh83
d24,d16_hh200
d24,d141_hh209
d24,d179_hh28
d24,d38_hh101
d24,d208_hh2
d24,d160_hh97
d24,d11_hh132
d24,d183_hh237
d24,d161_hh238
d24,d134_hh166
d24,d16_hh201
d24,d44_hh127
d24,d44_hh163
d24,d130_hh177
d24,d55_hh246
d24,d135_hh78
d24,d11_hh132
d24,d139_hh27
d24,d41_hh74
d24,d58_hh108
d24,d126_hh44
d24,d161_hh110
d24,d44_hh163
d24,d117_hh126
d24,d21_hh25
d24,d161_hh250
d24,d44_hh127
d24,d96_hh8
d24,d78_hh123
d24,d46_hh57
d24,d56_hh175
d24,d169_hh247
d24,d210_hh262
d24,d66_hh131
d24,d143_hh224
d24,d55_hh12
d24,d158_hh34
d24,d150_hh168
d24,d135_hh191
d24,d40_hh111
d24,d18_hh6
d24,d205_hh54
d24,d81_hh87
d24,d113_hh254
d24,d74_hh11
d24,d141_hh152
d24,d160_hh211
d24,d135_hh216
d24,d81_hh87
d24,d58_hh108
d24,d112_hh17
d24,d183_hh93
d24,d56_hh63
d24,d161_hh229
d24,d186_hh175
d24,d56_hh166
d24,d39_hh96
d24,d41_hh74
d24,d186_hh175
d24,d119_hh174
d24,d134_hh31
d24,d202_hh111
d24,d215_hh157
d24,d104_hh7
d24,d130_hh277
d24,d88_hh267
d24,d191_hh275
d24,d175_hh239
d24,d61_hh79
d24,d134_hh166
d24,d161_hh238
d24,d195_hh31
d24,d56_hh177
d24,d56_hh177
d24,d104_hh7
d24,d44_hh65
d24,d190_hh182
d24,d66_hh193
d24,d39_hh96
d24,d147_hh167
d24,d208_hh137
d24,d138_hh10
d24,d179_hh41
d24,d59_hh207
d24,d124_hh126
d24,d46_hh57
d24,d18_hh6
d24,d124_hh223
d24,d156_hh19
d24,d150_hh253
d24,d32_hh19
d24,d162_hh113
d24,d139_hh27
d24,d175_hh181
d24,d114_hh12
d24,d11_hh79
d24,d187_hh30
d24,d61_hh246
d24,d156_hh19
d24,d99_hh38
d24,d158_hh85
d24,d186_hh175
d24,d96_hh8
d24,d119_hh107
d24,d202_hh17
d24,d59_hh132
d24,d21_hh16
d24,d77_hh156
d24,d128_hh43
d24,d126_hh44
d24,d114_hh2
d24,d179_hh242
d24,d210_hh267
d24,d82_hh256
d24,d51_hh285
d24,d78_hh123
d24,d91_hh79
d24,d99_hh230
d24,d34_hh12
d24,d38_hh49
d24,d158_hh20
d24,d160_hh232
d24,d38_hh101
d24,d59_hh251
d24,d139_hh9
d24,d165_hh274
d24,d193_hh61
d24,d100_hh164
d24,d131_hh204
d24,d122_hh210
d24,d179_hh41
d24,d129_hh209
d24,d112_hh221
d24,d184_hh11
d24,d1_hh234
d24,d32_hh19
d24,d41_hh72
d24,d111_hh29
d24,d128_hh278
d24,d162_hh113
d24,d83_hh79
d24,d160_hh211
d24,d114_hh12
d24,d131_hh14
d24,d143_hh82
d24,d120_hh118
d24,d1_hh234
d24,d190_hh182
d24,d46_hh57
d24,d198_hh78
d24,d91_hh241
d24,d123_hh83
d24,d135_hh191
d24,d204_hh158
d24,d38_hh95
d24,d50_hh195
d24,d7_hh240
d24,d214_hh184
d24,d215_hh82
d24,d214_hh171
d24,d202_hh111
d24,d13_hh157
d24,d59_hh132
d24,d111_hh29
d24,d91_hh100
d24,d163_hh242
d24,d114_hh12
d24,d88_hh267
d24,d53_hh23
d24,d134_hh156
d24,d44_hh187
d24,d41_hh181
d24,d202_hh17
d24,d66_hh131
d24,d141_hh194
d24,d204_hh158
d24,d175_hh32
d24,d120_hh118
d24,d41_hh74
d24,d102_hh284
d24,d44_hh170
d24,d99_hh44
d24,d66_hh154
d24,d59_hh162
d24,d50_hh90
d24,d11_hh79
d24,d123_hh83
d24,d158_hh85
d24,d36_hh69
d24,d69_hh222
d24,d55_hh190
d24,d4_hh212
d24,d210_hh267
d24,d44_hh187
d24,d91_hh241
d24,d190_hh32
d24,d73_hh33
d24,d55_hh131
d24,d161_hh110
d24,d131_hh204
d24,d85_hh218
d24,d19_hh147
d24,d179_hh242
d24,d59_hh98
d24,d170_hh228
d24,d131_hh41
d24,d163_hh115
d24,d128_hh180
d24,d193_hh67
d24,d41_hh72
d24,d135_hh57
d24,d48_hh119
d24,d152_hh187
d24,d109_hh209
d24,d156_hh218
d24,d51_hh37
d24,d198_hh78
d24,d204_hh173
d24,d42_hh251
d24,d44_hh163
d24,d41_hh254
d24,d74_hh108
d24,d146_hh114
d24,d50_hh195
d24,d175_hh32
d24,d59_hh132
d24,d214_hh255
d24,d41_hh181
d24,d138_hh10
d24,d73_hh197
d24,d164_hh78
d24,d122_hh210
d24,d59_hh207
d24,d91_hh98
d24,d81_hh14
d24,d35_hh224
d24,d102_hh228
d24,d55_hh226
d24,d43_hh27
d24,d190_hh176
d24,d141_hh6
d24,d104_hh7
d24,d178_hh263
d24,d110_hh117
d24,d110_hh201
d24,d126_hh156
d24,d139_hh9
d24,d138_hh10
d24,d31_hh135
d24,d61_hh246
d24,d109_hh168
d24,d119_hh50
d24,d59_hh251
d24,d135_hh57
d24,d66_hh179
d24,d73_hh197
d24,d56_hh89
d24,d50_hh195
d24,d69_hh274
d24,d131_hh41
d24,d74_hh108
d24,d158_hh34
d24,d111_hh206
d24,d140_hh195
d21,d198_hh40
d21,d187_hh30
d21,d88_hh191
d21,d135_hh191
d21,d128_hh278
d21,d66_hh13
d21,d205_hh217
d21,d61_hh79
d21,d56_hh123
d21,d18_hh253
d21,d42_hh251
d21,d97_hh75
d21,d38_hh101
d21,d141_hh6
d21,d66_hh13
d21,d135_hh78
d21,d38_hh101
d21,d4_hh212
d21,d106_hh24
d21,d65_hh75
d21,d137_hh201
d21,d91_hh113
d21,d169_hh148
d21,d46_hh57
d21,d164_hh220
d21,d156_hh218
d21,d139_hh251
d21,d112_hh155
d21,d114_hh12
d21,d62_hh18
d21,d91_hh32
d21,d125_hh248
d21,d139_hh27
d21,d91_hh32
d21,d118_hh88
d21,d174_hh6
d21,d59_hh132
d21,d161_hh229
d21,d35_hh211
d21,d32_hh151
d21,d55_hh226
d21,d88_hh118
d21,d91_hh98
d21,d109_hh168
d21,d77_hh156
d21,d91_hh32
d21,d66_hh154
d21,d111_hh206
d21,d164_hh249
d21,d207_hh28
d21,d152_hh175
d21,d46_hh57
d21,d74_hh108
d21,d56_hh63
d21,d38_hh172
d21,d213_hh238
d21,d169_hh148
d21,d33_hh64
d21,d78_hh234
d21,d104_hh7
d21,d18_hh80
d21,d140_hh260
d21,d141_hh194
d21,d208_hh221
d21,d91_hh79
d21,d16_hh75
d21,d162_hh113
d21,d156_hh153
d21,d135_hh191
d21,d99_hh44
d21,d183_hh93
d21,d135_hh226
d21,d88_hh191
d21,d101_hh182
d21,d129_hh209
d21,d169_hh247
d21,d33_hh64
d21,d18_hh253
d21,d161_hh229
d21,d51_hh186
d21,d214_hh184
d21,d81_hh81
d21,d88_hh108
d21,d66_hh154
d21,d155_hh206
d21,d7_hh64
d21,d55_hh131
d21,d7_hh240
d21,d186_hh175
d21,d210_hh262
d21,d187_hh16
d21,d110_hh201
d21,d174_hh85
d21,d51_hh177
d21,d96_hh8
d21,d93_hh184
d21,d38_hh49
d21,d135_hh78
d21,d61_hh246
d21,d126_hh156
d21,d112_hh17
d21,d191_hh30
d21,d168_hh30
d21,d88_hh108
d21,d135_hh219
d21,d138_hh1
d21,d55_hh226
d21,d191_hh179
d21,d100_hh164
d21,d126_hh44
d21,d164_hh78
d21,d193_hh61
d21,d118_hh262
d21,d78_hh123
d21,d160_hh211
d21,d72_hh77
d21,d91_hh241
d21,d163_hh115
d21,d128_hh43
d21,d74_hh11
d21,d73_hh197
d21,d1_hh234
d21,d66_hh13
d21,d32_hh101
d21,d139_hh27
d21,d11_hh240
d21,d38_hh49
d21,d100_hh65
d21,d44_hh127
d21,d69_hh209
d21,d190_hh176
d21,d158_hh85
d21,d152_hh175
d21,d66_hh193
d21,d213_hh238
d21,d139_hh164
d21,d193_hh61
d21,d158_hh34
d21,d195_hh52
d21,d59_hh132
d21,d200_hh227
d21,d91_hh32
d21,d111_hh206
d21,d77_hh156
d21,d55_hh232
d21,d210_hh267
d21,d110_hh172
d21,d156_hh218
d21,d128_hh297
d21,d183_hh93
d21,d61_hh246
d21,d129_hh94
d21,d77_hh156
d21,d169_hh247
d21,d73_hh153
d21,d31_hh135
d21,d152_hh187
d21,d73_hh84
d21,d53_hh249
d21,d210_hh262
d21,d158_hh34
d21,d85_hh218
d21,d141_hh235
d21,d179_hh41
d21,d101_hh182
d21,d124_hh125
d21,d109_hh168
d21,d81_hh14
d21,d88_hh235
d21,d81_hh14
d21,d97_hh20
d21,d179_hh267
d21,d135_hh78
d21,d19_hh147
d21,d56_hh166
d21,d183_hh93
d21,d198_hh40
d21,d163_hh44
d21,d134_hh156
d21,d141_hh152
d21,d135_hh57
d21,d155_hh206
d21,d21_hh16
d21,d55_hh246
d21,d124_hh126
d21,d141_hh209
d21,d193_hh61
d21,d113_hh254
d21,d78_hh234
d21,d21_hh25
d21,d113_hh254
d21,d129_hh106
d21,d134_hh31
d21,d139_hh251
d21,d32_hh19
d21,d163_hh44
d21,d154_hh157
d21,d193_hh61
d21,d150_hh168
d21,d35_hh224
d21,d132_hh233
d21,d11_hh132
d21,d204_hh173
d21,d135_hh57
d21,d51_hh49
d21,d18_hh91
d21,d168_hh30
d21,d50_hh90
d21,d160_hh211
d21,d164_hh220
d21,d11_hh240
d21,d114_hh12
d21,d32_hh203
d21,d73_hh7
d21,d209_hh40
d21,d178_hh263
d21,d24_hh177
d21,d204_hh158
d21,d88_hh235
d21,d109_hh209
d21,d183_hh237
d21,d127_hh69
d21,d38_hh101
d21,d214_hh166
d21,d135_hh219
d21,d118_hh262
d21,d171_hh189
d21,d202_hh222
d21,d42_hh251
d21,d21_hh16
d21,d11_hh79
d21,d55_hh131
d21,d150_hh253
d21,d126_hh156
d21,d56_hh63
d21,d42_hh251
d21,d66_hh193
d21,d81_hh81
d21,d126_hh156
d21,d208_hh2
d21,d184_hh11
d21,d11_hh132
d21,d149_hh237
d21,d56_hh177
d21,d170_hh273
d21,d124_hh167
d21,d128_hh43
d21,d126_hh233
d21,d69_hh55
d21,d154_hh132
d21,d78_hh9
d21,d161_hh238
d21,d44_hh127
d29,d146_hh88
d29,d190_hh182
d29,d134_hh166
d29,d55_hh131
d29,d134_hh31
d29,d109_hh168
d29,d69_hh274
d29,d101_hh186
d29,d170_hh228
d29,d7_hh87
d29,d163_hh115
d29,d202_hh17
d29,d169_hh148
d29,d78_hh234
d29,d183_hh237
d29,d198_hh78
d29,d24_hh177
d29,d51_hh186
d29,d207_hh28
d29,d214_hh255
d29,d127_hh69
d29,d128_hh297
d29,d32_hh19
d29,d186_hh175
d29,d91_hh79
d29,d138_hh10
d29,d35_hh211
d29,d161_hh229
d29,d123_hh83
d29,d41_hh254
d29,d179_hh267
d29,d118_hh262
d29,d128_hh180
d29,d1_hh234
d29,d130_hh177
d29,d81_hh87
d29,d81_hh87
d29,d34_hh12
d29,d161_hh229
d29,d135_hh219
d29,d215_hh82
d29,d46_hh228
d29,d51_hh186
d29,d11_hh214
d29,d187_hh16
d29,d59_hh162
d29,d56_hh89
d29,d168_hh265
d29,d175_hh239
d29,d55_hh232
d29,d101_hh182
d29,d7_hh148
d29,d82_hh231
d29,d135_hh219
d29,d195_hh31
d29,d51_hh285
d29,d18_hh91
d29,d140_hh260
d29,d104_hh7
d29,d128_hh184
d29,d30_hh44
d29,d210_hh87
d29,d128_hh43
d29,d191_hh275
d29,d56_hh63
d29,d11_hh240
d29,d191_hh275
d29,d114_hh2
d29,d149_hh237
d29,d160_hh38
d29,d131_hh204
d29,d146_hh88
d29,d109_hh209
d29,d80_hh6
d29,d112_hh155
d29,d102_hh228
d29,d36_hh69
d29,d21_hh16
d29,d209_hh40
d29,d200_hh51
d29,d56_hh175
d29,d149_hh30
d29,d205_hh217
d29,d61_hh79
d29,d179_hh41
d29,d163_hh242
d29,d7_hh64
d29,d130_hh277
d29,d88_hh267
d29,d124_hh125
d29,d191_hh30
d29,d204_hh231
d29,d134_hh118
d29,d205_hh73
d29,d135_hh191
d29,d170_hh273
d29,d117_hh126
d29,d50_hh195
d29,d87_hh32
d29,d2_hh232
d29,d74_hh108
d29,d137_hh109
d29,d44_hh35
d29,d111_hh29
d29,d129_hh94
d29,d168_hh30
d29,d88_hh118
d29,d131_hh41
d29,d32_hh60
d29,d213_hh238
d29,d190_hh38
d29,d195_hh31
d29,d140_hh195
d29,d198_hh78
d29,d135_hh219
d29,d131_hh14
d29,d158_hh20
d29,d117_hh126
d29,d154_hh132
d29,d87_hh32
d29,d158_hh85
d29,d195_hh52
d29,d43_hh67
d29,d61_hh246
d29,d158_hh34
d29,d19_hh147
d29,d129_hh106
d29,d134_hh166
d29,d158_hh20
d29,d164_hh249
d29,d131_hh14
d29,d175_hh239
d29,d193_hh61
d29,d85_hh218
d29,d7_hh87
d29,d93_hh66
d29,d44_hh170
d29,d38_hh49
d29,d18_hh80
d29,d18_hh91
d29,d82_hh256
d29,d190_hh106
d29,d66_hh131
d29,d74_hh212
d29,d55_hh226
d29,d32_hh136
d29,d85_hh214
d29,d62_hh18
d29,d130_hh277
d29,d125_hh167
d29,d117_hh126
d29,d208_hh221
d29,d169_hh115
d29,d44_hh283
d29,d62_hh18
d29,d18_hh80
d29,d55_hh226
d29,d191_hh190
d29,d11_hh79
d29,d125_hh248
d29,d141_hh235
d29,d162_hh67
d29,d13_hh263
d29,d82_hh41
d29,d42_hh165
d29,d61_hh246
d29,d190_hh38
d29,d38_hh101
d29,d106_hh24
d29,d91_hh79
d29,d174_hh85
d29,d95_hh241
d29,d124_hh125
d29,d139_hh9
d29,d122_hh181
d29,d134_hh31
d29,d128_hh43
d29,d149_hh30
d29,d184_hh210
d29,d106_hh24
d29,d7_hh87
d29,d113_hh254
d29,d205_hh217
d29,d129_hh94
d29,d190_hh106
d29,d158_hh85
d29,d190_hh32
d29,d16_hh177
d29,d187_hh32
d29,d50_hh195
d29,d65_hh227
d29,d141_hh235
d29,d179_hh41
d29,d204_hh231
d29,d7_hh148
d29,d55_hh190
d29,d131_hh212
d29,d140_hh260
d29,d31_hh135
d29,d74_hh212
d29,d183_hh93
d29,d205_hh217
d29,d190_hh38
d29,d179_hh28
d29,d24_hh177
d29,d88_hh108
d29,d125_hh248
d29,d48_hh176
d29,d204_hh158
d29,d117_hh245
d29,d164_hh220
d29,d32_hh151
d29,d61_hh79
d29,d33_hh64
d29,d139_hh27
d29,d38_hh95
d29,d163_hh44
d29,d190_hh38
d29,d4_hh212
d29,d135_hh226
d29,d40_hh111
d29,d74_hh108
d29,d190_hh32
d29,d18_hh91
d29,d51_hh285
d29,d120_hh118
d29,d109_hh209
d29,d149_hh237
d29,d87_hh38
d29,d55_hh229
d29,d7_hh148
d29,d56_hh63
d29,d67_hh63
d29,d91_hh32
d29,d195_hh52
d29,d134_hh76
d29,d125_hh236
d29,d81_hh87
d29,d141_hh6
d29,d124_hh223
d29,d131_hh204
d29,d46_hh57
d29,d169_hh115
d29,d193_hh67
d29,d83_hh79
d29,d174_hh6
d29,d170_hh273
d29,d82_hh41
d29,d160_hh211
d29,d113_hh254
d29,d73_hh197
d29,d149_hh237
d29,d56_hh175
d29,d11_hh26
d29,d18_hh6
d29,d150_hh8
d29,d100_hh164
d29,d126_hh233
d29,d48_hh119
d29,d65_hh115
d29,d190_hh38
d29,d44_hh127
d29,d96_hh8
d29,d44_hh163
d29,d175_hh181
d29,d205_hh217
d34,d160_hh97
d34,d38_hh172
d34,d11_hh240
d34,d58_hh108
d34,d155_hh206
d34,d129_hh94
d34,d33_hh64
d34,d55_hh12
d34,d134_hh156
d34,d110_hh117
d34,d187_hh30
d34,d169_hh115
d34,d210_hh267
d34,d69_hh13
d34,d205_hh73
d34,d46_hh228
d34,d214_hh166
d34,d31_hh135
d34,d183_hh237
d34,d214_hh184
d34,d195_hh97
d34,d130_hh277
d34,d97_hh75
d34,d42_hh38
d34,d91_hh79
d34,d128_hh184
d34,d152_hh175
d34,d59_hh251
d34,d191_hh190
d34,d165_hh274
d34,d55_hh12
d34,d160_hh179
d34,d58_hh108
d34,d7_hh87
d34,d110_hh236
d34,d41_hh74
d34,d191_hh30
d34,d162_hh67
d34,d174_hh97
d34,d140_hh195
d34,d11_hh244
d34,d30_hh132
d34,d44_hh170
d34,d42_hh165
d34,d122_hh210
d34,d179_hh267
d34,d112_hh176
d34,d41_hh72
d34,d53_hh23
d34,d99_hh38
d34,d34_hh166
d34,d55_hh12
d34,d97_hh20
d34,d21_hh21
d34,d43_hh27
d34,d139_hh164
d34,d191_hh179
d34,d112_hh17
d34,d122_hh210
d34,d204_hh158
d34,d135_hh57
d34,d112_hh31
d34,d66_hh154
d34,d125_hh167
d34,d162_hh67
d34,d130_hh177
d34,d191_hh275
d34,d146_hh88
d34,d190_hh176
d34,d39_hh55
d34,d183_hh237
d34,d205_hh217
d34,d11_hh214
d34,d32_hh60
d34,d175_hh239
d34,d140_hh260
d34,d132_hh233
d34,d44_hh170
d34,d129_hh94
d34,d149_hh237
d34,d137_hh216
d34,d112_hh17
d34,d51_hh37
d34,d131_hh204
d34,d195_hh52
d34,d129_hh94
d34,d80_hh6
d34,d66_hh179
d34,d77_hh156
d34,d42_hh165
d34,d53_hh23
d34,d73_hh197
d34,d141_hh152
d34,d183_hh237
d34,d152_hh175
d34,d114_hh2
d34,d191_hh275
d34,d41_hh53
d34,d91_hh32
d34,d18_hh91
d34,d120_hh268
d34,d183_hh237
d34,d158_hh85
d34,d16_hh75
d34,d135_hh219
d34,d11_hh244
d34,d82_hh256
d34,d119_hh50
d34,d141_hh235
d34,d5_hh117
d34,d130_hh277
d34,d93_hh66
d34,d131_hh14
d34,d131_hh204
d34,d132_hh233
d34,d73_hh7
d34,d139_hh27
d34,d44_hh65
d34,d38_hh95
d34,d141_hh6
d34,d24_hh177
d34,d205_hh73
d34,d56_hh89
d34,d53_hh23
d34,d128_hh180
d34,d120_hh45
d34,d215_hh82
d34,d202_hh17
d34,d74_hh212
d34,d175_hh239
d34,d51_hh285
d34,d175_hh32
d34,d110_hh201
d34,d51_hh49
d34,d111_hh29
d34,d11_hh244
d34,d134_hh118
d34,d43_hh27
d34,d32_hh60
d34,d11_hh26
d34,d138_hh1
d34,d91_hh100
d34,d48_hh119
d34,d1_hh234
d34,d32_hh60
d34,d7_hh124
d34,d78_hh123
d34,d44_hh35
d34,d158_hh49
d34,d111_hh206
d34,d34_hh12
d34,d138_hh1
d34,d61_hh246
d34,d162_hh67
d34,d42_hh38
d34,d61_hh79
d34,d128_hh273
d34,d40_hh111
d34,d91_hh79
d34,d18_hh6
d34,d125_hh167
d34,d161_hh238
d34,d137_hh216
d34,d44_hh35
d34,d69_hh209
d34,d39_hh96
d34,d1_hh15
d34,d109_hh168
d34,d132_hh233
d34,d43_hh27
d34,d169_hh148
d34,d46_hh228
d34,d73_hh33
d34,d150_hh8
d34,d88_hh3
d34,d141_hh194
d34,d174_hh85
d34,d120_hh118
d34,d160_hh211
d34,d59_hh132
d34,d122_hh181
d34,d128_hh184
d34,d32_hh60
d34,d191_hh190
d34,d55_hh229
d34,d38_hh95
d34,d58_hh108
d34,d179_hh267
d34,d114_hh2
d34,d66_hh131
d34,d32_hh101
d34,d195_hh97
d34,d163_hh115
d34,d87_hh38
d34,d141_hh152
d34,d129_hh106
d34,d152_hh175
d34,d175_hh32
d34,d44_hh163
d34,d124_hh223
d34,d160_hh104
d34,d88_hh108
d34,d34_hh166
d34,d53_hh23
d34,d50_hh112
d34,d29_hh167
d34,d13_hh157
d34,d13_hh263
d34,d38_hh101
d34,d122_hh271
d34,d38_hh95
d34,d150_hh8
d34,d184_hh11
d34,d50_hh112
d34,d202_hh111
d34,d32_hh19
d34,d38_hh49
d34,d41_hh254
d34,d88_hh191
d34,d91_hh32
d34,d21_hh21
d34,d168_hh34
d34,d7_hh240
d34,d214_hh171
d34,d168_hh34
d34,d1_hh234
d34,d138_hh10
d34,d95_hh241
d34,d149_hh30
d34,d154_hh157
d34,d215_hh157
d34,d59_hh251
d34,d118_hh188
d34,d32_hh19
d34,d124_hh167
d34,d99_hh38
d34,d66_hh131
d34,d190_hh173
d34,d193_hh61
d34,d114_hh12
d34,d15_hh97
d34,d128_hh180
d34,d32_hh151
d34,d183_hh237
d34,d7_hh240
d34,d149_hh61
d34,d62_hh167
d34,d93_hh80
d34,d48_hh119
d34,d69_hh209
d34,d128_hh43
d34,d162_hh113
d34,d81_hh81
d34,d66_hh131
d34,d91_hh98
d34,d32_hh136
d34,d48_hh119
d34,d74_hh108
d34,d96_hh8
d34,d146_hh88
d34,d123_hh83
d34,d39_hh55
d34,d124_hh126
d34,d56_hh177
d34,d56_hh123
d34,d169_hh247
d34,d69_hh99
d34,d128_hh43
d34,d112_hh221
d34,d179_hh28
d34,d55_hh12
d26,d97_hh75
d26,d124_hh167
d26,d202_hh222
d26,d82_hh256
d26,d179_hh267
d26,d75_hh15
d26,d16_hh177
d26,d99_hh230
d26,d139_hh9
d26,d88_hh191
d26,d195_hh97
d26,d213_hh238
d26,d55_hh190
d26,d179_hh242
d26,d11_hh132
d26,d55_hh246
d26,d24_hh177
d26,d214_hh252
d26,d156_hh218
d26,d149_hh61
d26,d73_hh153
d26,d55_hh190
d26,d23_hh236
d26,d33_hh266
d26,d33_hh64
d26,d42_hh263
d26,d41_hh254
d26,d141_hh209
d26,d102_hh228
d26,d147_hh167
d26,d4_hh212
d26,d190_hh38
d26,d55_hh226
d26,d78_hh234
d26,d190_hh38
d26,d125_hh167
d26,d208_hh137
d26,d170_hh273
d26,d88_hh235
d26,d88_hh118
d26,d46_hh228
d26,d124_hh125
d26,d7_hh148
d26,d69_hh55
d26,d120_hh268
d26,d179_hh28
d26,d112_hh17
d26,d100_hh164
d26,d170_hh273
d26,d44_hh187
d26,d38_hh95
d26,d50_hh112
d26,d32_hh19
d26,d21_hh25
d26,d110_hh117
d26,d125_hh236
d26,d131_hh14
d26,d179_hh28
d26,d59_hh162
d26,d150_hh168
d26,d1_hh15
d26,d130_hh277
d26,d200_hh227
d26,d139_hh164
d26,d120_hh45
d26,d91_hh100
d26,d83_hh79
d26,d208_hh2
d26,d110_hh201
d26,d139_hh27
d26,d21_hh21
d26,d165_hh274
d26,d160_hh211
d26,d195_hh52
d26,d42_hh165
d26,d175_hh32
d26,d179_hh28
d26,d114_hh12
d26,d56_hh63
d26,d62_hh18
d26,d30_hh44
d26,d13_hh263
d26,d56_hh177
d26,d154_hh132
d26,d195_hh52
d26,d42_hh165
d26,d23_hh236
d26,d48_hh119
d26,d7_hh124
d26,d85_hh218
d26,d160_hh211
d26,d38_hh172
d26,d59_hh251
d26,d77_hh156
d26,d44_hh283
d26,d110_hh201
d26,d110_hh201
d26,d120_hh268
d26,d141_hh6
d26,d88_hh235
d26,d184_hh206
d26,d91_hh241
d26,d69_hh209
d26,d128_hh297
d26,d193_hh61
d26,d187_hh16
d26,d141_hh152
d26,d104_hh7
d26,d102_hh284
d26,d74_hh11
d26,d40_hh7
d26,d91_hh100
d26,d74_hh108
d26,d158_hh49
d26,d126_hh156
d26,d134_hh166
d26,d124_hh167
d26,d48_hh119
d26,d32_hh60
d26,d83_hh67
d26,d55_hh190
d26,d33_hh64
d26,d91_hh100
d26,d38_hh172
d26,d170_hh63
d26,d204_hh173
d26,d69_hh99
d26,d56_hh177
d26,d42_hh263
d26,d214_hh171
d26,d209_hh40
d26,d21_hh16
d26,d77_hh156
d26,d214_hh184
d26,d15_hh97
d26,d7_hh87
d26,d16_hh200
d26,d16_hh75
d26,d95_hh241
d26,d77_hh40
d26,d187_hh291
d26,d170_hh228
d26,d91_hh100
d26,d120_hh118
d26,d123_hh83
d26,d161_hh229
d26,d32_hh60
d26,d65_hh75
d26,d91_hh32
d26,d100_hh65
d26,d191_hh190
d26,d55_hh12
d26,d135_hh57
d26,d20_hh44
d26,d56_hh123
d26,d156_hh181
d26,d56_hh175
d26,d13_hh263
d26,d128_hh184
d26,d179_hh28
d26,d160_hh104
d26,d190_hh176
d26,d112_hh176
d26,d35_hh104
d26,d128_hh180
d26,d152_hh187
d26,d190_hh182
d26,d48_hh176
d26,d186_hh175
d26,d39_hh55
d26,d137_hh201
d26,d143_hh224
d26,d152_hh187
d26,d26_hh63
d26,d137_hh201
d26,d191_hh190
d26,d35_hh104
d26,d124_hh167
d26,d66_hh193
d26,d59_hh132
d26,d178_hh263
d26,d81_hh87
d26,d111_hh206
d26,d210_hh262
d26,d97_hh75
d26,d81_hh14
d26,d58_hh81
d26,d55_hh12
d26,d160_hh59
d26,d55_hh12
d26,d1_hh234
d26,d16_hh75
d26,d87_hh38
d26,d102_hh228
d26,d55_hh190
d26,d141_hh209
d26,d5_hh117
d26,d74_hh11
d26,d141_hh152
d26,d141_hh194
d26,d85_hh218
d26,d66_hh193
d26,d132_hh233
d26,d40_hh111
d26,d46_hh57
d26,d50_hh90
d26,d81_hh14
d26,d100_hh164
d26,d187_hh30
d26,d51_hh37
d26,d11_hh240
d26,d128_hh278
d26,d91_hh100
d26,d160_hh59
d26,d53_hh249
d26,d110_hh201
d26,d55_hh12
d26,d140_hh260
d26,d117_hh126
d26,d170_hh273
d26,d205_hh217
d26,d168_hh265
d26,d44_hh283
d26,d16_hh218
d26,d124_hh167
d26,d127_hh69
d26,d178_hh263
d26,d11_hh79
d26,d155_hh206
d26,d174_hh97
d26,d2_hh232
d26,d119_hh50
d26,d160_hh38
d26,d102_hh284
d26,d42_hh38
d26,d50_hh195
d26,d204_hh231
d26,d215_hh82
d26,d126_hh156
d26,d101_hh186
d26,d134_hh31
d26,d134_hh156
d26,d7_hh240
d26,d205_hh54
d26,d171_hh189
d26,d139_hh9
d26,d66_hh154
d26,d41_hh181
d26,d73_hh33
d26,d102_hh228
d26,d132_hh233
d26,d215_hh82
d26,d202_hh222
d26,d135_hh191
d26,d174_hh85
d26,d109_hh168
d26,d149_hh61
d26,d7_hh240
d26,d69_hh274
d26,d91_hh32
d26,d204_hh173
d26,d55_hh226
d26,d91_hh100
d26,d56_hh177
d26,d43_hh67
d26,d110_hh236
d26,d120_hh268
d26,d73_hh153
d20,d110_hh172
d20,d190_hh173
d20,d187_hh16
d20,d140_hh260
d20,d104_hh7
d20,d158_hh34
d20,d88_hh3
d20,d61_hh246
d20,d128_hh273
d20,d59_hh132
d20,d168_hh30
d20,d38_hh101
d20,d112_hh155
d20,d128_hh184
d20,d161_hh238
d20,d187_hh16
d20,d149_hh237
d20,d7_hh64
d20,d32_hh101
d20,d32_hh151
d20,d204_hh158
d20,d184_hh206
d20,d51_hh186
d20,d56_hh123
d20,d7_hh64
d20,d23_hh236
d20,d110_hh201
d20,d34_hh12
d20,d156_hh218
d20,d129_hh209
d20,d50_hh195
d20,d7_hh148
d20,d99_hh44
d20,d56_hh175
d20,d87_hh38
d20,d214_hh184
d20,d135_hh216
d20,d143_hh82
d20,d164_hh249
d20,d111_hh29
d20,d184_hh11
d20,d135_hh191
d20,d207_hh28
d20,d65_hh75
d20,d131_hh204
d20,d7_hh240
d20,d67_hh63
d20,d164_hh78
d20,d69_hh274
d20,d1_hh15
d20,d210_hh262
d20,d125_hh248
d20,d39_hh55
d20,d46_hh57
d20,d110_hh201
d20,d24_hh177
d20,d193_hh61
d20,d190_hh173
d20,d214_hh255
d20,d74_hh11
d20,d112_hh155
d20,d122_hh271
d20,d143_hh82
d20,d66_hh131
d20,d44_hh187
d20,d174_hh85
d20,d72_hh77
d20,d160_hh38
d20,d215_hh82
d20,d208_hh221
d20,d160_hh59
d20,d61_hh79
d20,d62_hh18
d20,d19_hh147
d20,d120_hh272
d20,d101_hh182
d20,d18_hh80
d20,d190_hh32
d20,d75_hh15
d20,d184_hh11
d20,d131_hh41
d20,d155_hh206
d20,d56_hh177
d20,d21_hh25
d20,d51_hh49
d20,d208_hh221
d20,d187_hh291
d20,d82_hh115
d20,d130_hh273
d20,d11_hh132
d20,d204_hh158
d20,d88_hh118
d20,d208_hh2
d20,d38_hh101
d20,d213_hh238
d20,d210_hh267
d20,d18_hh80
d20,d91_hh32
d20,d69_hh13
d20,d4_hh212
d20,d184_hh206
d20,d30_hh132
d20,d33_hh266
d20,d48_hh176
d20,d152_hh187
d20,d175_hh181
d20,d135_hh226
d20,d178_hh263
d20,d81_hh87
d20,d99_hh38
d20,d46_hh57
d20,d32_hh101
d20,d164_hh220
d20,d122_hh112
d20,d124_hh118
d20,d198_hh40
d20,d74_hh109
d20,d46_hh57
d20,d198_hh40
d20,d155_hh206
d20,d135_hh191
d20,d114_hh12
d20,d214_hh184
d20,d73_hh33
d20,d2_hh232
d20,d183_hh237
d20,d163_hh115
d20,d99_hh44
d20,d87_hh32
d20,d160_hh97
d20,d32_hh60
d20,d88_hh3
d20,d38_hh101
d20,d11_hh240
d20,d117_hh126
d20,d140_hh260
d20,d55_hh229
d20,d130_hh273
d20,d50_hh112
d20,d56_hh166
d20,d16_hh218
d20,d65_hh75
d20,d61_hh246
d20,d191_hh275
d20,d158_hh20
d20,d35_hh104
d20,d126_hh44
d20,d198_hh40
d20,d150_hh168
d20,d137_hh201
d20,d170_hh228
d20,d112_hh17
d20,d170_hh273
d20,d81_hh14
d20,d42_hh263
d20,d32_hh101
d20,d135_hh78
d20,d85_hh218
d20,d73_hh153
d20,d140_hh195
d20,d164_hh220
d20,d32_hh101
d20,d214_hh171
d20,d214_hh252
d20,d93_hh184
d20,d128_hh43
d20,d170_hh228
d20,d44_hh283
d20,d73_hh33
d20,d163_hh115
d20,d214_hh20
d20,d59_hh132
d20,d215_hh82
d20,d73_hh84
d20,d109_hh168
d20,d44_hh170
d20,d74_hh109
d20,d161_hh229
d20,d5_hh117
d20,d32_hh60
d20,d158_hh146
d20,d119_hh107
d20,d120_hh272
d20,d20_hh48
d20,d130_hh273
d20,d152_hh175
d20,d74_hh109
d20,d215_hh157
d20,d2_hh232
d20,d126_hh184
d20,d110_hh236
d20,d88_hh235
d20,d88_hh267
d20,d97_hh75
d20,d91_hh32
d20,d90_hh214
d20,d55_hh12
d20,d161_hh229
d20,d141_hh235
d20,d50_hh90
d20,d135_hh191
d20,d164_hh249
d20,d112_hh177
d20,d88_hh235
d20,d187_hh30
d20,d59_hh162
d20,d122_hh271
d20,d50_hh112
d20,d55_hh246
d20,d18_hh80
d20,d67_hh63
d20,d215_hh82
d20,d104_hh7
d20,d1_hh234
d20,d146_hh114
d20,d18_hh253
d20,d160_hh211
d20,d44_hh35
d20,d33_hh266
d20,d128_hh278
d20,d134_hh7
d20,d179_hh267
d20,d207_hh28
d20,d118_hh88
d20,d215_hh82
d20,d191_hh275
d20,d163_hh44
d20,d16_hh218
d20,d215_hh82
d20,d214_hh166
d20,d110_hh201
d20,d128_hh184
d20,d208_hh221
d20,d152_hh175
d20,d146_hh88
d20,d53_hh249
d20,d169_hh148
d20,d109_hh168
d20,d99_hh44
d20,d15_hh188
d20,d69_hh274
d20,d18_hh6
d20,d191_hh190
d20,d129_hh209
d20,d66_hh179
d20,d11_hh79
d20,d174_hh85
d20,d78_hh9
d20,d112_hh155
d20,d56_hh166
d20,d75_hh15
d20,d114_hh12
d20,d120_hh45
d20,d58_hh81
d20,d51_hh285
d20,d73_hh197
d20,d164_hh78
d20,d202_hh222
d20,d55_hh246
d20,d112_hh17
d20,d214_hh166
d20,d191_hh12
d20,d34_hh12
d20,d13_hh239
d20,d174_hh85
d20,d66_hh179
d20,d11_hh26
d20,d58_hh108
d20,d109_hh209
d20,d73_hh153
d20,d93_hh184
d20,d97_hh75
d20,d135_hh219
d20,d66_hh13
d20,d72_hh77
d20,d110_hh172
d20,d135_hh226
d20,d88_hh3
d20,d161_hh229
d31,d190_hh173
d31,d40_hh7
d31,d169_hh148
d31,d135_hh57
d31,d214_hh184
d31,d125_hh189
d31,d91_hh32
d31,d202_hh222
d31,d134_hh166
d31,d146_hh114
d31,d51_hh186
d31,d129_hh209
d31,d183_hh93
d31,d44_hh163
d31,d93_hh80
d31,d190_hh173
d31,d91_hh32
d31,d141_hh235
d31,d65_hh115
d31,d114_hh2
d31,d93_hh80
d31,d58_hh81
d31,d131_hh41
d31,d140_hh195
d31,d125_hh189
d31,d55_hh246
d31,d88_hh118
d31,d88_hh3
d31,d41_hh74
d31,d88_hh235
d31,d209_hh40
d31,d127_hh69
d31,d7_hh148
d31,d150_hh253
d31,d214_hh184
d31,d122_hh210
d31,d191_hh275
d31,d149_hh30
d31,d69_hh55
d31,d202_hh17
d31,d120_hh268
d31,d44_hh65
d31,d78_hh234
d31,d41_hh181
d31,d46_hh228
d31,d131_hh41
d31,d160_hh38
d31,d143_hh82
d31,d11_hh244
d31,d141_hh209
d31,d20_hh48
d31,d91_hh100
d31,d109_hh209
d31,d42_hh38
d31,d59_hh98
d31,d174_hh97
d31,d38_hh49
d31,d91_hh79
d31,d162_hh113
d31,d112_hh221
d31,d82_hh41
d31,d39_hh55
d31,d124_hh223
d31,d33_hh64
d31,d56_hh166
d31,d174_hh85
d31,d131_hh212
d31,d175_hh181
d31,d11_hh244
d31,d124_hh126
d31,d126_hh156
d31,d59_hh132
d31,d36_hh69
d31,d65_hh67
d31,d174_hh6
d31,d125_hh248
d31,d43_hh67
d31,d202_hh222
d31,d19_hh147
d31,d117_hh245
d31,d135_hh57
d31,d11_hh240
d31,d66_hh13
d31,d134_hh166
d31,d85_hh104
d31,d73_hh151
d31,d80_hh6
d31,d128_hh184
d31,d137_hh109
d31,d160_hh179
d31,d130_hh177
d31,d33_hh266
d31,d179_hh242
d31,d137_hh201
d31,d190_hh176
d31,d160_hh97
d31,d130_hh273
d31,d117_hh126
d31,d191_hh275
d31,d44_hh283
d31,d77_hh40
d31,d99_hh38
d31,d214_hh166
d31,d120_hh268
d31,d114_hh2
d31,d35_hh211
d31,d160_hh232
d31,d93_hh184
d31,d190_hh106
d31,d131_hh41
d31,d130_hh273
d31,d83_hh79
d31,d87_hh32
d31,d190_hh176
d31,d129_hh209
d31,d62_hh18
d31,d152_hh175
d31,d131_hh41
d31,d190_hh38
d31,d168_hh30
d31,d124_hh126
d31,d114_hh12
d31,d120_hh272
d31,d42_hh251
d31,d130_hh277
d31,d184_hh11
d31,d135_hh57
d31,d187_hh16
d31,d73_hh151
d31,d85_hh214
d31,d190_hh173
d31,d208_hh137
d31,d210_hh262
d31,d73_hh151
d31,d122_hh271
d31,d93_hh66
d31,d193_hh67
d31,d187_hh16
d31,d73_hh84
d31,d132_hh233
d31,d137_hh201
d31,d138_hh1
d31,d122_hh210
d31,d93_hh184
d31,d132_hh233
d31,d88_hh191
d31,d91_hh79
d31,d122_hh181
d31,d161_hh229
d31,d41_hh181
d31,d48_hh119
d31,d174_hh6
d31,d169_hh115
d31,d1_hh15
d31,d131_hh212
d31,d109_hh209
d31,d122_hh181
d31,d85_hh218
d31,d126_hh44
d31,d170_hh63
d31,d74_hh109
d31,d134_hh7
d31,d135_hh216
d31,d164_hh220
d31,d150_hh253
d31,d168_hh34
d31,d191_hh275
d31,d51_hh177
d31,d165_hh274
d31,d106_hh24
d31,d7_hh124
d31,d210_hh267
d31,d38_hh95
d31,d110_hh117
d31,d160_hh59
d31,d178_hh263
d31,d214_hh166
d31,d43_hh27
d31,d160_hh179
d31,d44_hh187
d31,d58_hh81
d31,d20_hh48
d31,d190_hh173
d31,d59_hh162
d31,d88_hh191
d31,d109_hh209
d31,d132_hh233
d31,d162_hh113
d31,d120_hh268
d31,d50_hh195
d31,d2_hh232
d31,d39_hh96
d31,d85_hh214
d31,d36_hh69
d31,d156_hh181
d31,d164_hh249
d31,d114_hh2
d31,d88_hh3
d31,d91_hh241
d31,d20_hh44
d31,d99_hh38
d31,d69_hh274
d31,d190_hh38
d31,d113_hh254
d31,d4_hh212
d31,d202_hh17
d31,d77_hh156
d31,d143_hh82
d31,d158_hh49
d31,d179_hh41
d31,d51_hh186
d31,d110_hh117
d31,d109_hh168
d31,d2_hh232
d31,d126_hh156
d31,d75_hh15
d31,d56_hh177
d31,d156_hh218
d31,d118_hh262
d31,d42_hh263
d31,d58_hh81
d31,d119_hh107
d31,d72_hh77
d31,d111_hh206
d31,d146_hh88
d31,d118_hh262
d31,d74_hh109
d31,d42_hh263
d31,d69_hh209
d31,d44_hh283
d31,d32_hh203
d31,d112_hh155
d31,d65_hh227
d31,d174_hh97
d31,d184_hh206
d31,d38_hh95
d31,d193_hh61
d31,d210_hh262
d31,d77_hh83
d31,d112_hh17
d31,d13_hh239
d31,d102_hh228
d31,d11_hh240
d31,d91_hh100
d31,d134_hh76
d31,d13_hh263
d31,d213_hh238
d31,d124_hh125
d31,d75_hh15
d31,d135_hh226
d31,d112_hh176
d31,d134_hh118
d31,d128_hh43
d31,d59_hh132
d31,d175_hh239
d31,d34_hh12
d31,d111_hh29
d31,d44_hh163
d31,d137_hh216
d31,d170_hh273
d31,d83_hh79
d31,d7_hh148
d31,d88_hh267
d31,d66_hh193
d31,d51_hh186
d31,d82_hh256
d31,d11_hh79
d31,d69_hh99
d31,d56_hh123
d31,d91_hh98
d31,d200_hh227
d31,d124_hh125
d31,d30_hh44
d31,d59_hh207
d31,d175_hh32
d31,d66_hh179
d31,d141_hh235
d31,d134_hh118
d31,d59_hh251
d31,d40_hh111
d31,d187_hh16
d31,d35_hh224
d31,d109_hh168
d31,d41_hh72
d31,d208_hh221
d31,d110_hh117
d31,d124_hh125
d31,d11_hh26
d31,d42_hh251
d35,d46_hh228
d35,d82_hh115
d35,d66_hh154
d35,d156_hh218
d35,d150_hh8
d35,d170_hh228
d35,d160_hh211
d35,d130_hh273
d35,d208_hh137
d35,d88_hh235
d35,d78_hh123
d35,d5_hh117
d35,d82_hh231
d35,d4_hh212
d35,d13_hh157
d35,d112_hh17
d35,d55_hh190
d35,d51_hh285
d35,d154_hh157
d35,d21_hh16
d35,d131_hh41
d35,d128_hh43
d35,d134_hh166
d35,d82_hh231
d35,d104_hh7
d35,d91_hh100
d35,d179_hh267
d35,d15_hh188
d35,d200_hh227
d35,d56_hh177
d35,d124_hh126
d35,d135_hh78
d35,d58_hh108
d35,d160_hh211
d35,d13_hh239
d35,d208_hh2
d35,d163_hh242
d35,d155_hh206
d35,d214_hh20
d35,d32_hh101
d35,d46_hh57
d35,d126_hh233
d35,d150_hh8
d35,d137_hh216
d35,d175_hh32
d35,d146_hh114
d35,d131_hh41
d35,d23_hh236
d35,d156_hh218
d35,d126_hh156
d35,d97_hh20
d35,d125_hh248
d35,d69_hh209
d35,d164_hh78
d35,d66_hh131
d35,d56_hh177
d35,d195_hh97
d35,d42_hh38
d35,d82_hh231
d35,d77_hh156
d35,d110_hh172
d35,d158_hh85
d35,d100_hh65
d35,d202_hh111
d35,d35_hh224
d35,d20_hh44
d35,d29_hh167
d35,d109_hh209
d35,d65_hh75
d35,d134_hh166
d35,d59_hh251
d35,d30_hh44
d35,d111_hh29
d35,d170_hh273
d35,d124_hh167
d35,d170_hh228
d35,d113_hh254
d35,d59_hh207
d35,d128_hh297
d35,d139_hh9
d35,d7_hh240
d35,d82_hh115
d35,d82_hh231
d35,d96_hh8
d35,d114_hh2
d35,d125_hh167
d35,d18_hh6
d35,d44_hh283
d35,d77_hh40
d35,d139_hh9
d35,d48_hh119
d35,d55_hh229
d35,d122_hh210
d35,d74_hh108
d35,d190_hh173
d35,d69_hh13
d35,d38_hh95
d35,d41_hh74
d35,d59_hh98
d35,d91_hh113
d35,d16_hh177
d35,d81_hh81
d35,d141_hh194
d35,d158_hh49
d35,d117_hh126
d35,d56_hh177
d35,d44_hh163
d35,d170_hh228
d35,d59_hh251
d35,d202_hh222
d35,d16_hh201
d35,d69_hh222
d35,d109_hh209
d35,d119_hh50
d35,d126_hh44
d35,d193_hh67
d35,d191_hh12
d35,d44_hh163
d35,d73_hh197
d35,d204_hh173
d35,d195_hh52
d35,d29_hh167
d35,d110_hh172
d35,d38_hh49
d35,d7_hh240
d35,d40_hh111
d35,d73_hh7
d35,d120_hh268
d35,d33_hh64
d35,d161_hh110
d35,d128_hh297
d35,d5_hh117
d35,d160_hh179
d35,d187_hh291
d35,d38_hh172
d35,d140_hh195
d35,d169_hh148
d35,d55_hh232
d35,d122_hh271
d35,d143_hh224
d35,d55_hh190
d35,d87_hh38
d35,d1_hh234
d35,d91_hh241
d35,d174_hh85
d35,d150_hh253
d35,d135_hh226
d35,d61_hh79
d35,d44_hh170
d35,d134_hh76
d35,d59_hh207
d35,d187_hh291
d35,d38_hh101
d35,d91_hh241
d35,d7_hh155
d35,d16_hh200
d35,d81_hh81
d35,d102_hh284
d35,d73_hh151
d35,d190_hh176
d35,d50_hh112
d35,d73_hh197
d35,d129_hh94
d35,d20_hh48
d35,d33_hh266
d35,d101_hh182
d35,d82_hh115
d35,d88_hh108
d35,d174_hh85
d35,d117_hh126
d35,d190_hh173
d35,d134_hh166
d35,d91_hh32
d35,d41_hh74
d35,d32_hh136
d35,d66_hh179
d35,d163_hh115
d35,d187_hh291
d35,d198_hh78
d35,d53_hh23
d35,d160_hh38
d35,d39_hh96
d35,d143_hh82
d35,d18_hh6
d35,d156_hh181
d35,d88_hh235
d35,d171_hh189
d35,d82_hh256
d35,d40_hh111
d35,d126_hh156
d35,d187_hh291
d35,d13_hh157
d35,d208_hh221
d35,d193_hh61
d35,d160_hh97
d35,d155_hh206
d35,d112_hh155
d35,d38_hh101
d35,d87_hh32
d35,d23_hh236
d35,d42_hh165
d35,d56_hh89
d35,d48_hh119
d35,d156_hh151
d35,d32_hh60
d35,d41_hh53
d35,d101_hh186
d35,d161_hh110
d35,d87_hh32
d35,d50_hh195
d35,d59_hh98
d35,d19_hh147
d35,d38_hh172
d35,d158_hh20
d35,d204_hh231
d35,d120_hh268
d35,d77_hh156
d35,d156_hh19
d35,d66_hh179
d35,d117_hh126
d35,d125_hh167
d35,d134_hh7
d35,d126_hh233
d35,d130_hh177
d35,d114_hh2
d35,d112_hh31
d35,d21_hh16
d35,d110_hh201
d35,d156_hh19
d35,d205_hh217
d35,d101_hh186
d35,d61_hh246
d35,d161_hh229
d35,d209_hh40
d35,d46_hh57
d35,d83_hh79
d35,d163_hh115
d35,d191_hh179
d35,d1_hh234
d35,d13_hh157
d35,d207_hh28
d35,d149_hh61
d35,d102_hh228
d35,d179_hh267
d35,d210_hh262
d35,d13_hh263
d35,d118_hh188
d35,d134_hh156
d35,d104_hh7
d35,d24_hh177
d35,d158_hh34
d35,d46_hh228
d35,d16_hh177
d35,d34_hh12
d35,d39_hh96
d35,d18_hh80
d35,d152_hh187
d35,d44_hh187
d35,d156_hh151
d35,d38_hh101
d35,d32_hh19
d35,d51_hh37
d35,d34_hh166
d35,d125_hh167
d35,d163_hh242
d35,d82_hh231
d35,d169_hh247
d35,d204_hh231
d35,d131_hh204
d35,d110_hh117
d35,d210_hh262
d35,d59_hh132
d35,d44_hh127
d35,d134_hh166
d35,d32_hh19
d35,d162_hh67
d30,d83_hh67
d30,d118_hh262
d30,d169_hh148
d30,d187_hh30
d30,d109_hh209
d30,d124_hh125
d30,d135_hh219
d30,d88_hh118
d30,d128_hh180
d30,d7_hh155
d30,d156_hh181
d30,d139_hh27
d30,d164_hh78
d30,d128_hh297
d30,d129_hh106
d30,d126_hh184
d30,d112_hh17
d30,d72_hh77
d30,d150_hh8
d30,d73_hh33
d30,d128_hh278
d30,d59_hh251
d30,d39_hh96
d30,d191_hh190
d30,d184_hh206
d30,d150_hh168
d30,d156_hh181
d30,d110_hh117
d30,d160_hh211
d30,d69_hh209
d30,d126_hh156
d30,d165_hh274
d30,d164_hh78
d30,d34_hh12
d30,d161_hh238
d30,d214_hh184
d30,d141_hh6
d30,d32_hh60
d30,d184_hh210
d30,d74_hh109
d30,d74_hh212
d30,d190_hh106
d30,d137_hh216
d30,d147_hh167
d30,d82_hh256
d30,d179_hh41
d30,d202_hh111
d30,d141_hh194
d30,d129_hh94
d30,d156_hh218
d30,d141_hh194
d30,d100_hh164
d30,d40_hh111
d30,d208_hh221
d30,d36_hh69
d30,d158_hh146
d30,d125_hh189
d30,d128_hh278
d30,d83_hh67
d30,d88_hh235
d30,d191_hh179
d30,d141_hh194
d30,d134_hh7
d30,d150_hh253
d30,d146_hh114
d30,d117_hh126
d30,d161_hh238
d30,d35_hh224
d30,d138_hh1
d30,d190_hh182
d30,d7_hh155
d30,d143_hh224
d30,d210_hh262
d30,d183_hh93
d30,d59_hh162
d30,d174_hh97
d30,d208_hh2
d30,d4_hh212
d30,d156_hh181
d30,d51_hh186
d30,d210_hh267
d30,d130_hh277
d30,d90_hh214
d30,d160_hh97
d30,d102_hh284
d30,d69_hh209
d30,d191_hh179
d30,d91_hh113
d30,d83_hh79
d30,d163_hh115
d30,d40_hh7
d30,d135_hh219
d30,d161_hh250
d30,d100_hh65
d30,d124_hh118
d30,d186_hh175
d30,d129_hh106
d30,d160_hh179
d30,d168_hh265
d30,d179_hh28
d30,d65_hh115
d30,d77_hh156
d30,d65_hh115
d30,d66_hh193
d30,d75_hh15
d30,d210_hh267
d30,d164_hh249
d30,d158_hh146
d30,d32_hh60
d30,d184_hh210
d30,d150_hh168
d30,d101_hh182
d30,d74_hh108
d30,d69_hh274
d30,d158_hh20
d30,d93_hh66
d30,d34_hh12
d30,d110_hh236
d30,d124_hh126
d30,d156_hh153
d30,d16_hh201
d30,d160_hh38
d30,d39_hh55
d30,d83_hh67
d30,d39_hh96
d30,d131_hh41
d30,d82_hh256
d30,d18_hh91
d30,d184_hh206
d30,d16_hh201
d30,d16_hh177
d30,d128_hh180
d30,d214_hh20
d30,d41_hh72
d30,d65_hh115
d30,d168_hh30
d30,d112_hh17
d30,d73_hh153
d30,d150_hh8
d30,d19_hh147
d30,d134_hh31
d30,d66_hh179
d30,d66_hh154
d30,d56_hh166
d30,d104_hh7
d30,d120_hh45
d30,d91_hh100
d30,d120_hh57
d30,d93_hh66
d30,d156_hh153
d30,d125_hh236
d30,d18_hh6
d30,d156_hh181
d30,d42_hh263
d30,d134_hh118
d30,d44_hh127
d30,d65_hh227
d30,d34_hh166
d30,d149_hh237
d30,d15_hh97
d30,d85_hh104
d30,d141_hh194
d30,d65_hh67
d30,d1_hh234
d30,d41_hh254
d30,d100_hh65
d30,d150_hh168
d30,d106_hh24
d30,d130_hh277
d30,d190_hh32
d30,d69_hh274
d30,d62_hh18
d30,d137_hh109
d30,d215_hh157
d30,d125_hh167
d30,d58_hh81
d30,d187_hh32
d30,d174_hh97
d30,d158_hh20
d30,d24_hh177
d30,d11_hh132
d30,d73_hh7
d30,d16_hh75
d30,d125_hh189
d30,d170_hh228
d30,d130_hh277
d30,d135_hh78
d30,d120_hh45
d30,d18_hh91
d30,d158_hh49
d30,d35_hh211
d30,d77_hh156
d30,d138_hh1
d30,d117_hh126
d30,d112_hh221
d30,d190_hh38
d30,d55_hh12
d30,d35_hh211
d30,d118_hh88
d30,d125_hh189
d30,d204_hh158
d30,d56_hh89
d30,d82_hh115
d30,d13_hh239
d30,d61_hh79
d30,d150_hh8
d30,d122_hh112
d30,d55_hh12
d30,d11_hh244
d30,d165_hh274
d30,d160_hh97
d30,d19_hh147
d30,d87_hh38
d30,d99_hh44
d30,d210_hh267
d30,d41_hh53
d30,d32_hh19
d30,d120_hh118
d30,d143_hh82
d30,d134_hh118
d30,d93_hh66
d30,d158_hh34
d30,d16_hh75
d30,d160_hh97
d30,d208_hh221
d30,d134_hh156
d30,d139_hh164
d30,d46_hh228
d30,d158_hh146
d30,d46_hh57
d30,d109_hh168
d30,d78_hh234
d30,d128_hh273
d30,d134_hh7
d30,d59_hh162
d30,d55_hh131
d30,d85_hh214
d30,d149_hh61
d30,d139_hh27
d30,d134_hh118
d30,d66_hh13
d30,d75_hh15
d30,d38_hh101
d30,d124_hh118
d30,d100_hh164
d30,d78_hh123
d30,d152_hh175
d30,d20_hh48
d30,d126_hh184
d30,d117_hh245
d30,d128_hh43
d30,d130_hh277
d30,d120_hh272
d30,d154_hh132
d30,d161_hh250
d30,d101_hh186
d30,d58_hh108
d30,d112_hh155
d30,d83_hh79
d30,d125_hh167
d30,d190_hh106
d30,d38_hh101
d30,d30_hh132
d30,d19_hh147
d30,d50_hh195
d30,d20_hh44
d30,d56_hh89
d30,d51_hh186
d30,d150_hh253
d30,d100_hh164
d30,d16_hh177
d30,d214_hh255
d30,d82_hh41
d30,d93_hh80
d30,d122_hh271
d30,d99_hh44
d30,d179_hh267
d30,d73_hh33
d30,d96_hh8
d30,d190_hh173
d30,d40_hh111
d30,d15_hh97
d30,d146_hh114
d30,d81_hh81
d30,d175_hh32
d30,d126_hh184
d30,d134_hh7
d30,d174_hh6
d30,d131_hh41
d30,d114_hh12
d30,d11_hh132
d30,d91_hh32
d30,d126_hh44
d30,d169_hh115
d30,d46_hh57
d30,d179_hh242
d30,d65_hh67
d30,d130_hh273
d30,d120_hh268
d30,d35_hh211
d30,d205_hh54
d25,d84_hh161
d25,d212_hh252
d25,d136_hh89
d25,d8_hh106
d25,d63_hh160
d25,d203_hh227
d25,d201_hh78
d25,d212_hh61
d25,d45_hh79
d25,d211_hh211
d25,d8_hh149
d25,d194_hh114
d25,d115_hh176
d25,d153_hh100
d25,d116_hh118
d25,d94_hh129
d25,d45_hh0
d25,d63_hh131
d25,d144_hh253
d25,d70_hh171
d25,d116_hh196
d25,d196_hh139
d25,d94_hh137
d25,d211_hh211
d25,d63_hh160
d25,d148_hh244
d25,d45_hh0
d25,d211_hh211
d25,d189_hh268
d25,d153_hh100
d25,d94_hh129
d25,d8_hh41
d25,d176_hh220
d25,d212_hh61
d25,d94_hh253
d25,d8_hh155
d25,d167_hh70
d25,d201_hh135
d25,d108_hh230
d25,d136_hh32
d25,d194_hh101
d25,d201_hh119
d25,d196_hh139
d25,d108_hh162
d25,d157_hh222
d25,d201_hh135
d25,d194_hh40
d25,d92_hh115
d25,d63_hh160
d25,d196_hh139
d25,d8_hh149
d25,d212_hh61
d25,d94_hh129
d25,d181_hh17
d25,d70_hh136
d25,d157_hh222
d25,d108_hh241
d25,d167_hh70
d25,d49_hh257
d25,d201_hh135
d25,d148_hh244
d25,d107_hh7
d25,d107_hh7
d25,d70_hh76
d25,d108_hh230
d25,d107_hh23
d25,d25_hh80
d25,d107_hh7
d25,d25_hh80
d25,d76_hh6
d25,d107_hh103
d25,d201_hh119
d25,d3_hh180
d25,d8_hh149
d25,d70_hh172
d25,d192_hh58
d25,d148_hh58
d25,d196_hh190
d25,d71_hh245
d25,d188_hh256
d25,d212_hh61
d25,d70_hh76
d25,d9_hh183
d25,d3_hh27
d25,d8_hh105
d25,d70_hh171
d25,d70_hh110
d25,d49_hh219
d25,d8_hh41
d25,d115_hh55
d25,d10_hh167
d25,d8_hh155
d25,d108_hh241
d25,d196_hh215
d25,d60_hh107
d25,d63_hh131
d25,d108_hh213
d25,d103_hh48
d25,d9_hh183
d25,d71_hh163
d25,d194_hh189
d25,d194_hh142
d25,d8_hh41
d25,d176_hh220
d25,d115_hh186
d25,d167_hh276
d25,d194_hh142
d25,d115_hh55
d25,d76_hh6
d25,d203_hh189
d25,d194_hh114
d25,d148_hh244
d25,d60_hh191
d25,d28_hh253
d25,d37_hh160
d25,d70_hh136
d25,d47_hh135
d25,d142_hh106
d25,d194_hh114
d25,d196_hh190
d25,d3_hh97
d25,d25_hh80
d25,d108_hh230
d25,d167_hh276
d25,d108_hh230
d25,d79_hh114
d25,d49_hh219
d25,d70_hh136
d25,d70_hh172
d25,d108_hh241
d25,d212_hh252
d25,d60_hh191
d25,d194_hh40
d25,d167_hh70
d25,d115_hh55
d25,d201_hh78
d25,d76_hh6
d25,d151_hh203
d25,d28_hh253
d25,d3_hh27
d25,d167_hh70
d25,d115_hh199
d25,d63_hh83
d25,d60_hh108
d25,d108_hh162
d25,d6_hh77
d25,d172_hh18
d25,d70_hh136
d25,d211_hh211
d25,d103_hh192
d25,d71_hh146
d25,d71_hh245
d25,d14_hh75
d25,d121_hh272
d25,d70_hh136
d25,d189_hh268
d25,d76_hh6
d25,d108_hh230
d25,d167_hh11
d25,d70_hh136
d25,d45_hh0
d25,d115_hh176
d25,d25_hh80
d25,d108_hh241
d25,d172_hh18
d25,d9_hh236
d25,d167_hh70
d25,d142_hh190
d25,d70_hh110
d25,d167_hh70
d25,d148_hh117
d25,d103_hh48
d25,d145_hh175
d25,d28_hh40
d25,d121_hh272
d25,d60_hh107
d25,d8_hh155
d25,d203_hh189
d25,d185_hh143
d25,d196_hh215
d25,d27_hh269
d25,d103_hh48
d25,d25_hh157
d25,d167_hh276
d25,d94_hh253
d25,d201_hh78
d25,d94_hh129
d25,d14_hh75
d25,d8_hh106
d25,d84_hh161
d25,d167_hh11
d25,d167_hh276
d25,d194_hh101
d25,d108_hh212
d25,d172_hh18
d25,d212_hh155
d25,d108_hh241
d25,d142_hh190
d25,d60_hh107
d25,d194_hh40
d25,d194_hh189
d25,d3_hh35
d25,d25_hh157
d25,d167_hh276
d25,d136_hh89
d25,d172_hh180
d25,d28_hh35
d25,d167_hh276
d25,d189_hh268
d25,d153_hh26
d25,d194_hh189
d25,d37_hh160
d25,d153_hh26
d25,d28_hh253
d25,d49_hh219
d25,d9_hh183
d25,d136_hh192
d25,d8_hh41
d25,d121_hh272
d25,d181_hh17
d25,d211_hh211
d25,d3_hh35
d25,d14_hh75
d25,d108_hh212
d25,d211_hh211
d25,d8_hh106
d25,d25_hh157
d25,d37_hh159
d25,d70_hh136
d25,d60_hh108
d25,d196_hh126
d25,d194_hh114
d25,d145_hh175
d25,d9_hh236
d25,d176_hh194
d25,d176_hh220
d25,d70_hh110
d25,d107_hh258
d25,d167_hh276
d25,d25_hh80
d25,d28_hh40
d25,d49_hh219
d25,d70_hh110
d25,d108_hh241
d25,d8_hh149
d25,d14_hh67
d25,d63_hh131
d25,d212_hh61
d25,d45_hh79
d25,d64_hh137
d25,d176_hh220
d25,d181_hh17
d25,d84_hh122
d25,d70_hh136
d25,d201_hh135
d25,d3_hh180
d25,d108_hh241
d25,d167_hh70
d25,d3_hh27
d25,d189_hh268
d25,d47_hh300
d25,d71_hh146
d25,d70_hh136
d25,d108_hh162
d25,d49_hh103
d25,d196_hh126
d25,d196_hh126
d25,d70_hh171
d25,d76_hh6
d25,d71_hh245
d25,d192_hh58
d25,d28_hh35
d25,d70_hh136
d28,d196_hh215
d28,d151_hh215
d28,d194_hh189
d28,d14_hh75
d28,d108_hh230
d28,d148_hh58
d28,d167_hh264
d28,d201_hh135
d28,d45_hh0
d28,d148_hh104
d28,d148_hh58
d28,d22_hh176
d28,d47_hh135
d28,d108_hh241
d28,d70_hh136
d28,d176_hh220
d28,d71_hh245
d28,d70_hh171
d28,d28_hh35
d28,d28_hh35
d28,d136_hh32
d28,d86_hh55
d28,d28_hh35
d28,d144_hh289
d28,d115_hh176
d28,d211_hh211
d28,d8_hh106
d28,d194_hh189
d28,d151_hh203
d28,d167_hh276
d28,d28_hh253
d28,d145_hh175
d28,d8_hh149
d28,d8_hh155
d28,d92_hh91
d28,d115_hh176
d28,d167_hh11
d28,d92_hh91
d28,d144_hh253
d28,d121_hh170
d28,d203_hh139
d28,d167_hh264
d28,d108_hh212
d28,d6_hh77
d28,d79_hh114
d28,d47_hh300
d28,d14_hh75
d28,d115_hh176
d28,d148_hh100
d28,d103_hh192
d28,d94_hh253
d28,d203_hh189
d28,d63_hh131
d28,d108_hh213
d28,d148_hh117
d28,d136_hh192
d28,d196_hh139
d28,d176_hh220
d28,d211_hh211
d28,d9_hh289
d28,d203_hh227
d28,d157_hh16
d28,d144_hh196
d28,d79_hh114
d28,d116_hh118
d28,d148_hh244
d28,d116_hh196
d28,d196_hh126
d28,d148_hh58
d28,d60_hh191
d28,d148_hh104
d28,d115_hh55
d28,d103_hh192
d28,d86_hh55
d28,d176_hh92
d28,d8_hh41
d28,d76_hh6
d28,d212_hh61
d28,d63_hh160
d28,d107_hh7
d28,d203_hh227
d28,d192_hh68
d28,d142_hh190
d28,d79_hh227
d28,d203_hh227
d28,d3_hh180
d28,d22_hh190
d28,d211_hh211
d28,d201_hh135
d28,d108_hh213
d28,d22_hh176
d28,d3_hh97
d28,d94_hh129
d28,d64_hh137
d28,d148_hh104
d28,d188_hh256
d28,d28_hh253
d28,d203_hh189
d28,d79_hh227
d28,d196_hh126
d28,d148_hh58
d28,d148_hh244
d28,d148_hh244
d28,d148_hh100
d28,d115_hh55
d28,d45_hh0
d28,d45_hh0
d28,d176_hh220
d28,d94_hh129
d28,d107_hh103
d28,d6_hh77
d28,d79_hh114
d28,d76_hh193
d28,d176_hh125
d28,d148_hh100
d28,d8_hh106
d28,d70_hh136
d28,d201_hh135
d28,d180_hh254
d28,d194_hh142
d28,d148_hh104
d28,d8_hh106
d28,d63_hh160
d28,d206_hh279
d28,d84_hh161
d28,d194_hh114
d28,d203_hh227
d28,d157_hh222
d28,d107_hh7
d28,d115_hh176
d28,d194_hh189
d28,d188_hh256
d28,d148_hh244
d28,d167_hh276
d28,d201_hh78
d28,d211_hh86
d28,d108_hh213
d28,d121_hh272
d28,d108_hh162
d28,d181_hh17
d28,d116_hh196
d28,d148_hh104
d28,d196_hh126
d28,d76_hh193
d28,d136_hh89
d28,d153_hh100
d28,d8_hh106
d28,d63_hh160
d28,d172_hh18
d28,d8_hh106
d28,d188_hh256
d28,d71_hh146
d28,d185_hh143
d28,d148_hh244
d28,d151_hh203
d28,d144_hh289
d28,d185_hh143
d28,d8_hh155
d28,d70_hh171
d28,d201_hh135
d28,d28_hh253
d28,d76_hh193
d28,d108_hh212
d28,d176_hh92
d28,d25_hh80
d28,d203_hh139
d28,d8_hh149
d28,d71_hh245
d28,d121_hh170
d28,d8_hh149
d28,d148_hh100
d28,d153_hh96
d28,d103_hh48
d28,d212_hh61
d28,d116_hh6
d28,d76_hh6
d28,d8_hh106
d28,d148_hh244
d28,d14_hh205
d28,d108_hh230
d28,d70_hh110
d28,d194_hh40
d28,d167_hh276
d28,d8_hh105
d28,d8_hh41
d28,d76_hh187
d28,d25_hh80
d28,d203_hh139
d28,d63_hh131
d28,d28_hh40
d28,d6_hh130
d28,d107_hh103
d28,d37_hh160
d28,d148_hh100
d28,d14_hh75
d28,d63_hh160
d28,d157_hh215
d28,d157_hh222
d28,d105_hh45
d28,d25_hh80
d28,d153_hh26
d28,d94_hh129
d28,d116_hh196
d28,d9_hh183
d28,d25_hh157
d28,d63_hh131
d28,d167_hh11
d28,d194_hh189
d28,d157_hh222
d28,d47_hh128
d28,d194_hh40
d28,d201_hh135
d28,d211_hh211
d28,d37_hh160
d28,d108_hh213
d28,d70_hh171
d28,d92_hh161
d28,d28_hh35
d28,d9_hh183
d28,d9_hh236
d28,d8_hh105
d28,d212_hh61
d28,d211_hh211
d28,d194_hh101
d28,d196_hh190
d28,d47_hh128
d28,d201_hh135
d28,d157_hh215
d28,d194_hh40
d28,d108_hh212
d28,d63_hh160
d28,d196_hh215
d28,d70_hh136
d28,d8_hh149
d28,d108_hh212
d28,d192_hh68
d28,d14_hh75
d28,d108_hh212
d28,d148_hh244
d28,d211_hh211
d28,d203_hh227
d28,d172_hh18
d28,d9_hh236
d28,d103_hh192
d28,d14_hh75
d28,d49_hh103
d28,d22_hh176
d28,d28_hh253
d28,d142_hh190
d28,d45_hh79
d28,d92_hh115
d28,d22_hh190
d28,d94_hh253
d28,d153_hh96
d28,d79_hh227
d28,d148_hh104
d28,d63_hh69
d28,d28_hh253
d28,d148_hh58
d28,d107_hh193
d28,d148_hh244
d28,d8_hh149
d28,d70_hh172
d28,d148_hh100
d28,d107_hh7
d28,d176_hh220
d28,d76_hh6
d28,d212_hh61
d28,d148_hh58
d28,d47_hh300
d28,d49_hh257
d28,d115_hh186
d28,d115_hh55
d28,d107_hh7
d28,d9_hh197
d28,d60_hh107
d28,d188_hh256
d28,d115_hh186
d28,d8_hh149
d28,d9_hh236
d28,d107_hh23
d32,d32_hh19
d32,d32_hh19
d32,d16_hh201
d32,d74_hh109
d32,d119_hh50
d32,d141_hh152
d32,d21_hh21
d32,d202_hh17
d32,d114_hh12
d32,d55_hh131
d32,d55_hh12
d32,d78_hh9
d32,d160_hh104
d32,d21_hh16
d32,d33_hh266
d32,d56_hh177
d32,d179_hh267
d32,d81_hh81
d32,d51_hh177
d32,d20_hh44
d32,d41_hh72
d32,d39_hh96
d32,d91_hh98
d32,d168_hh34
d32,d198_hh78
d32,d38_hh101
d32,d75_hh15
d32,d111_hh206
d32,d61_hh79
d32,d59_hh132
d32,d156_hh151
d32,d128_hh43
d32,d191_hh30
d32,d214_hh255
d32,d50_hh90
d32,d7_hh124
d32,d191_hh12
d32,d78_hh123
d32,d78_hh234
d32,d66_hh193
d32,d7_hh124
d32,d118_hh188
d32,d190_hh176
d32,d7_hh64
d32,d205_hh54
d32,d11_hh26
d32,d30_hh44
d32,d82_hh115
d32,d160_hh104
d32,d208_hh137
d32,d4_hh212
d32,d41_hh53
d32,d100_hh65
d32,d13_hh239
d32,d77_hh40
d32,d11_hh214
d32,d141_hh194
d32,d164_hh249
d32,d205_hh217
d32,d131_hh41
d32,d123_hh83
d32,d7_hh87
d32,d154_hh132
d32,d102_hh228
d32,d18_hh6
d32,d112_hh31
d32,d200_hh51
d32,d160_hh59
d32,d154_hh132
d32,d85_hh104
d32,d66_hh13
d32,d78_hh123
d32,d66_hh13
d32,d69_hh222
d32,d129_hh94
d32,d11_hh240
d32,d125_hh167
d32,d104_hh7
d32,d190_hh182
d32,d158_hh49
d32,d13_hh263
d32,d130_hh177
d32,d16_hh201
d32,d175_hh32
d32,d214_hh166
d32,d195_hh97
d32,d55_hh12
d32,d163_hh242
d32,d16_hh218
d32,d163_hh242
d32,d208_hh137
d32,d13_hh263
d32,d39_hh96
d32,d59_hh98
d32,d120_hh118
d32,d35_hh211
d32,d112_hh177
d32,d130_hh277
d32,d69_hh274
d32,d141_hh152
d32,d56_hh63
d32,d160_hh59
d32,d129_hh209
d32,d88_hh191
d32,d16_hh75
d32,d58_hh108
d32,d59_hh162
d32,d7_hh240
d32,d156_hh181
d32,d21_hh16
d32,d120_hh57
d32,d124_hh125
d32,d42_hh263
d32,d82_hh41
d32,d91_hh100
d32,d16_hh200
d32,d214_hh255
d32,d123_hh83
d32,d112_hh221
d32,d11_hh26
d32,d183_hh93
d32,d55_hh229
d32,d93_hh80
d32,d208_hh221
d32,d59_hh251
d32,d32_hh19
d32,d123_hh83
d32,d150_hh168
d32,d112_hh17
d32,d81_hh14
d32,d85_hh218
d32,d38_hh172
d32,d163_hh115
d32,d162_hh67
d32,d118_hh262
d32,d65_hh115
d32,d187_hh16
d32,d69_hh274
d32,d16_hh75
d32,d195_hh97
d32,d38_hh95
d32,d208_hh137
d32,d93_hh66
d32,d87_hh38
d32,d179_hh41
d32,d15_hh188
d32,d55_hh246
d32,d59_hh98
d32,d214_hh171
d32,d179_hh267
d32,d59_hh132
d32,d155_hh206
d32,d11_hh79
d32,d66_hh154
d32,d58_hh108
d32,d65_hh227
d32,d74_hh212
d32,d202_hh17
d32,d90_hh214
d32,d169_hh247
d32,d44_hh65
d32,d40_hh7
d32,d69_hh274
d32,d125_hh248
d32,d55_hh232
d32,d106_hh24
d32,d208_hh137
d32,d141_hh235
d32,d88_hh118
d32,d39_hh96
d32,d126_hh44
d32,d150_hh168
d32,d125_hh236
d32,d53_hh249
d32,d21_hh21
d32,d97_hh75
d32,d34_hh12
d32,d154_hh132
d32,d168_hh34
d32,d7_hh155
d32,d160_hh211
d32,d170_hh63
d32,d208_hh137
d32,d83_hh67
d32,d77_hh83
d32,d102_hh228
d32,d154_hh157
d32,d131_hh204
d32,d21_hh16
d32,d118_hh175
d32,d46_hh228
d32,d198_hh40
d32,d160_hh38
d32,d62_hh18
d32,d56_hh63
d32,d122_hh112
d32,d33_hh266
d32,d51_hh177
d32,d51_hh285
d32,d141_hh209
d32,d214_hh20
d32,d48_hh119
d32,d125_hh167
d32,d46_hh57
d32,d73_hh197
d32,d128_hh43
d32,d215_hh157
d32,d215_hh82
d32,d131_hh41
d32,d41_hh53
d32,d4_hh212
d32,d139_hh251
d32,d195_hh97
d32,d99_hh38
d32,d214_hh255
d32,d141_hh194
d32,d42_hh263
d32,d164_hh220
d32,d150_hh8
d32,d95_hh241
d32,d129_hh106
d32,d120_hh118
d32,d191_hh275
d32,d30_hh132
d32,d66_hh13
d32,d190_hh32
d32,d191_hh179
d32,d85_hh104
d32,d16_hh75
d32,d160_hh97
d32,d168_hh34
d32,d38_hh95
d32,d137_hh216
d32,d73_hh33
d32,d46_hh228
d32,d93_hh80
d32,d91_hh79
d32,d112_hh31
d32,d184_hh210
d32,d214_hh166
d32,d69_hh13
d32,d190_hh176
d32,d131_hh212
d32,d39_hh55
d32,d11_hh214
d32,d179_hh28
d32,d187_hh30
d32,d88_hh235
d32,d123_hh83
d32,d123_hh83
d32,d120_hh45
d32,d205_hh217
d32,d183_hh93
d32,d138_hh1
d32,d110_hh201
d32,d91_hh32
d32,d32_hh203
d32,d109_hh168
d32,d59_hh132
d32,d150_hh8
d32,d38_hh172
d32,d18_hh6
d32,d93_hh184
d32,d168_hh34
d32,d81_hh87
d32,d135_hh226
d32,d202_hh17
d22,d196_hh215
d22,d148_hh247
d22,d203_hh189
d22,d203_hh227
d22,d172_hh18
d22,d157_hh215
d22,d107_hh246
d22,d71_hh245
d22,d194_hh40
d22,d116_hh196
d22,d6_hh77
d22,d49_hh257
d22,d47_hh135
d22,d115_hh199
d22,d63_hh69
d22,d9_hh289
d22,d79_hh114
d22,d148_hh117
d22,d153_hh96
d22,d181_hh17
d22,d84_hh161
d22,d8_hh149
d22,d211_hh211
d22,d107_hh246
d22,d145_hh175
d22,d22_hh176
d22,d144_hh196
d22,d181_hh17
d22,d94_hh129
d22,d76_hh193
d22,d9_hh170
d22,d185_hh143
d22,d172_hh180
d22,d153_hh100
d22,d194_hh101
d22,d3_hh35
d22,d189_hh268
d22,d212_hh155
d22,d136_hh192
d22,d153_hh100
d22,d8_hh155
d22,d203_hh139
d22,d6_hh130
d22,d107_hh23
d22,d84_hh122
d22,d84_hh122
d22,d181_hh17
d22,d79_hh114
d22,d8_hh155
d22,d107_hh258
d22,d9_hh197
d22,d49_hh257
d22,d153_hh96
d22,d92_hh115
d22,d63_hh69
d22,d151_hh203
d22,d151_hh215
d22,d151_hh215
d22,d22_hh176
d22,d167_hh264
d22,d189_hh268
d22,d60_hh108
d22,d116_hh118
d22,d212_hh155
d22,d9_hh236
d22,d71_hh146
d22,d153_hh26
d22,d115_hh199
d22,d157_hh235
d22,d196_hh215
d22,d142_hh269
d22,d153_hh96
d22,d79_hh255
d22,d116_hh36
d22,d144_hh289
d22,d108_hh213
d22,d181_hh225
d22,d8_hh149
d22,d148_hh100
d22,d167_hh11
d22,d145_hh175
d22,d3_hh180
d22,d107_hh103
d22,d9_hh197
d22,d70_hh110
d22,d142_hh108
d22,d79_hh198
d22,d153_hh26
d22,d79_hh255
d22,d176_hh85
d22,d153_hh100
d22,d25_hh80
d22,d76_hh187
d22,d196_hh215
d22,d9_hh170
d22,d212_hh155
d22,d79_hh227
d22,d151_hh215
d22,d108_hh213
d22,d92_hh161
d22,d153_hh100
d22,d157_hh215
d22,d176_hh92
d22,d192_hh68
d22,d107_hh258
d22,d107_hh193
d22,d108_hh230
d22,d6_hh77
d22,d64_hh137
d22,d116_hh196
d22,d116_hh6
d22,d206_hh279
d22,d27_hh269
d22,d196_hh229
d22,d103_hh192
d22,d14_hh75
d22,d212_hh61
d22,d212_hh155
d22,d71_hh146
d22,d60_hh191
d22,d192_hh39
d22,d148_hh104
d22,d71_hh163
d22,d144_hh253
d22,d148_hh100
d22,d79_hh227
d22,d144_hh253
d22,d84_hh122
d22,d107_hh246
d22,d47_hh300
d22,d70_hh171
d22,d49_hh170
d22,d37_hh160
d22,d172_hh18
d22,d196_hh139
d22,d212_hh155
d22,d212_hh61
d22,d211_hh86
d22,d116_hh36
d22,d49_hh219
d22,d153_hh96
d22,d28_hh40
d22,d8_hh41
d22,d8_hh149
d22,d107_hh193
d22,d79_hh227
d22,d196_hh139
d22,d172_hh180
d22,d115_hh186
d22,d6_hh130
d22,d49_hh170
d22,d79_hh114
d22,d144_hh196
d22,d136_hh32
d22,d70_hh172
d22,d14_hh67
d22,d9_hh170
d22,d108_hh230
d22,d60_hh107
d22,d192_hh68
d22,d148_hh100
d22,d153_hh96
d22,d79_hh227
d22,d206_hh279
d22,d76_hh193
d22,d79_hh255
d22,d107_hh23
d22,d108_hh162
d22,d60_hh108
d22,d37_hh159
d22,d3_hh180
d22,d14_hh205
d22,d84_hh122
d22,d107_hh246
d22,d9_hh183
d22,d63_hh69
d22,d194_hh142
d22,d71_hh163
d22,d71_hh163
d22,d37_hh159
d22,d10_hh167
d22,d71_hh146
d22,d60_hh108
d22,d107_hh246
d22,d185_hh143
d22,d116_hh6
d22,d63_hh83
d22,d107_hh103
d22,d144_hh196
d22,d63_hh69
d22,d194_hh101
d22,d203_hh189
d22,d28_hh40
d22,d3_hh180
d22,d196_hh197
d22,d84_hh161
d22,d142_hh108
d22,d76_hh6
d22,d192_hh68
d22,d9_hh197
d22,d27_hh269
d22,d144_hh253
d22,d84_hh122
d22,d176_hh220
d22,d203_hh227
d22,d153_hh96
d22,d25_hh157
d22,d203_hh189
d22,d10_hh167
d22,d116_hh36
d22,d212_hh61
d22,d167_hh11
d22,d116_hh36
d22,d192_hh39
d22,d3_hh180
d22,d76_hh193
d22,d181_hh17
d22,d148_hh104
d22,d9_hh289
d22,d79_hh255
d22,d79_hh227
d22,d153_hh100
d22,d115_hh124
d22,d116_hh6
d22,d203_hh227
d22,d76_hh6
d22,d176_hh194
d22,d176_hh85
d22,d28_hh40
d22,d167_hh264
d22,d28_hh253
d22,d196_hh229
d22,d25_hh80
d22,d9_hh289
d22,d148_hh117
d22,d157_hh235
d22,d70_hh171
d22,d60_hh191
d22,d108_hh212
d22,d115_hh199
d22,d196_hh139
d22,d108_hh241
d22,d148_hh100
d22,d115_hh176
d22,d116_hh6
d22,d64_hh137
d22,d144_hh196
d22,d27_hh269
d22,d181_hh17
d22,d70_hh76
d22,d60_hh107
d22,d45_hh0
d22,d176_hh85
d22,d142_hh190
d22,d211_hh211
d22,d49_hh170
d22,d79_hh114
d22,d64_hh137
d22,d145_hh175
d22,d115_hh186
d22,d167_hh11
d22,d79_hh198
d22,d94_hh129
d22,d115_hh186
d22,d60_hh107
d22,d176_hh125
d22,d116_hh118
d22,d181_hh17
d22,d6_hh130
d22,d157_hh16
d22,d121_hh170
d22,d47_hh135
d22,d70_hh171
d22,d185_hh143
d22,d136_hh32
d22,d167_hh11
d22,d142_hh269
d22,d148_hh104
d22,d9_hh289
d36,d106_hh24
d36,d55_hh12
d36,d190_hh176
d36,d149_hh61
d36,d161_hh250
d36,d97_hh20
d36,d114_hh2
d36,d170_hh63
d36,d135_hh226
d36,d135_hh216
d36,d117_hh245
d36,d55_hh229
d36,d175_hh181
d36,d124_hh167
d36,d20_hh44
d36,d59_hh251
d36,d111_hh29
d36,d50_hh112
d36,d129_hh209
d36,d69_hh222
d36,d34_hh166
d36,d147_hh167
d36,d44_hh283
d36,d61_hh246
d36,d110_hh117
d36,d143_hh82
d36,d13_hh263
d36,d130_hh277
d36,d164_hh220
d36,d43_hh67
d36,d44_hh65
d36,d102_hh228
d36,d73_hh84
d36,d134_hh166
d36,d119_hh107
d36,d83_hh67
d36,d5_hh117
d36,d134_hh166
d36,d82_hh256
d36,d24_hh177
d36,d59_hh251
d36,d88_hh118
d36,d125_hh248
d36,d19_hh147
d36,d135_hh78
d36,d73_hh197
d36,d118_hh262
d36,d81_hh14
d36,d131_hh14
d36,d31_hh135
d36,d7_hh87
d36,d140_hh195
d36,d158_hh49
d36,d190_hh38
d36,d112_hh176
d36,d138_hh1
d36,d42_hh165
d36,d59_hh132
d36,d74_hh108
d36,d44_hh163
d36,d138_hh1
d36,d61_hh79
d36,d16_hh75
d36,d16_hh177
d36,d88_hh235
d36,d46_hh57
d36,d7_hh87
d36,d150_hh253
d36,d101_hh182
d36,d156_hh151
d36,d205_hh54
d36,d134_hh118
d36,d141_hh152
d36,d191_hh30
d36,d42_hh263
d36,d150_hh8
d36,d82_hh256
d36,d7_hh240
d36,d112_hh17
d36,d125_hh189
d36,d38_hh101
d36,d59_hh98
d36,d51_hh285
d36,d124_hh125
d36,d134_hh31
d36,d1_hh15
d36,d191_hh190
d36,d179_hh267
d36,d111_hh206
d36,d50_hh90
d36,d11_hh214
d36,d59_hh132
d36,d139_hh164
d36,d69_hh209
d36,d130_hh273
d36,d170_hh228
d36,d48_hh119
d36,d161_hh229
d36,d85_hh218
d36,d112_hh221
d36,d26_hh63
d36,d200_hh51
d36,d131_hh204
d36,d21_hh16
d36,d104_hh7
d36,d41_hh181
d36,d51_hh285
d36,d19_hh147
d36,d78_hh9
d36,d149_hh237
d36,d32_hh101
d36,d66_hh193
d36,d132_hh233
d36,d140_hh260
d36,d195_hh52
d36,d91_hh79
d36,d78_hh123
d36,d175_hh32
d36,d21_hh21
d36,d87_hh38
d36,d74_hh109
d36,d83_hh67
d36,d44_hh283
d36,d66_hh13
d36,d53_hh249
d36,d73_hh33
d36,d122_hh181
d36,d99_hh38
d36,d53_hh23
d36,d210_hh267
d36,d44_hh170
d36,d13_hh239
d36,d44_hh170
d36,d149_hh30
d36,d51_hh186
d36,d131_hh212
d36,d33_hh64
d36,d187_hh32
d36,d122_hh210
d36,d13_hh239
d36,d162_hh113
d36,d129_hh106
d36,d55_hh246
d36,d202_hh111
d36,d112_hh155
d36,d202_hh111
d36,d205_hh73
d36,d18_hh91
d36,d35_hh224
d36,d193_hh67
d36,d158_hh146
d36,d18_hh253
d36,d191_hh179
d36,d195_hh97
d36,d139_hh164
d36,d112_hh177
d36,d38_hh101
d36,d18_hh253
d36,d91_hh79
d36,d126_hh156
d36,d41_hh254
d36,d40_hh111
d36,d175_hh181
d36,d135_hh57
d36,d101_hh182
d36,d40_hh111
d36,d78_hh123
d36,d152_hh175
d36,d128_hh278
d36,d134_hh76
d36,d141_hh6
d36,d215_hh82
d36,d215_hh82
d36,d55_hh131
d36,d138_hh1
d36,d158_hh85
d36,d137_hh201
d36,d126_hh156
d36,d88_hh267
d36,d39_hh55
d36,d130_hh273
d36,d134_hh76
d36,d18_hh253
d36,d20_hh48
d36,d120_hh118
d36,d97_hh20
d36,d104_hh7
d36,d174_hh97
d36,d163_hh115
d36,d208_hh221
d36,d184_hh206
d36,d111_hh206
d36,d200_hh51
d36,d123_hh83
d36,d24_hh177
d36,d119_hh174
d36,d31_hh135
d36,d109_hh168
d36,d135_hh78
d36,d135_hh57
d36,d190_hh38
d36,d88_hh3
d36,d51_hh49
d36,d128_hh180
d36,d50_hh90
d36,d215_hh157
d36,d160_hh59
d36,d174_hh85
d36,d134_hh166
d36,d149_hh30
d36,d66_hh13
d36,d18_hh253
d36,d139_hh9
d36,d204_hh173
d36,d139_hh9
d36,d150_hh8
d36,d137_hh109
d36,d1_hh15
d36,d149_hh30
d36,d38_hh172
d36,d118_hh262
d36,d66_hh179
d36,d73_hh151
d36,d91_hh32
d36,d208_hh221
d36,d128_hh184
d36,d51_hh186
d36,d50_hh195
d36,d190_hh32
d36,d69_hh13
d36,d174_hh85
d36,d126_hh44
d36,d85_hh218
d36,d87_hh38
d36,d135_hh226
d36,d174_hh97
d36,d35_hh104
d36,d65_hh227
d36,d44_hh170
d36,d128_hh43
d36,d44_hh163
d36,d81_hh14
d36,d160_hh232
d36,d73_hh151
d36,d187_hh32
d36,d127_hh69
d36,d93_hh66
d36,d174_hh85
d36,d46_hh228
d36,d11_hh240
d36,d91_hh98
d36,d65_hh115
d36,d87_hh38
d36,d51_hh49
d36,d78_hh9
d36,d74_hh11
d36,d100_hh164
d36,d77_hh83
d36,d11_hh26
d36,d210_hh87
d36,d93_hh66
d36,d205_hh73
d36,d34_hh12
d36,d135_hh78
d36,d204_hh158
d36,d34_hh12
d36,d119_hh107
d36,d75_hh15
d36,d119_hh50
d36,d210_hh262
d36,d35_hh211
d36,d78_hh123
d36,d69_hh99
d36,d56_hh63
d36,d111_hh206
d36,d210_hh87
d36,d134_hh7
d36,d174_hh97
d36,d132_hh233
d36,d11_hh240
d36,d46_hh57
d38,d7_hh124
d38,d99_hh44
d38,d154_hh132
d38,d184_hh210
d38,d135_hh226
d38,d141_hh235
d38,d88_hh118
d38,d78_hh9
d38,d141_hh6
d38,d55_hh12
d38,d183_hh93
d38,d73_hh197
d38,d170_hh63
d38,d87_hh32
d38,d55_hh190
d38,d99_hh38
d38,d164_hh220
d38,d32_hh151
d38,d190_hh176
d38,d123_hh83
d38,d160_hh97
d38,d210_hh87
d38,d32_hh19
d38,d11_hh79
d38,d35_hh104
d38,d160_hh232
d38,d149_hh30
d38,d146_hh114
d38,d158_hh20
d38,d55_hh131
d38,d190_hh38
d38,d59_hh251
d38,d137_hh201
d38,d50_hh112
d38,d174_hh97
d38,d59_hh162
d38,d38_hh172
d38,d7_hh155
d38,d40_hh7
d38,d210_hh262
d38,d114_hh2
d38,d91_hh100
d38,d131_hh212
d38,d110_hh172
d38,d46_hh57
d38,d18_hh253
d38,d87_hh32
d38,d124_hh125
d38,d134_hh31
d38,d62_hh18
d38,d33_hh64
d38,d187_hh291
d38,d191_hh190
d38,d44_hh35
d38,d160_hh97
d38,d135_hh191
d38,d88_hh235
d38,d205_hh217
d38,d137_hh201
d38,d97_hh75
d38,d141_hh194
d38,d73_hh33
d38,d11_hh214
d38,d130_hh277
d38,d61_hh246
d38,d44_hh283
d38,d82_hh41
d38,d11_hh214
d38,d13_hh263
d38,d91_hh113
d38,d66_hh193
d38,d55_hh246
d38,d112_hh31
d38,d7_hh124
d38,d81_hh14
d38,d112_hh221
d38,d48_hh176
d38,d101_hh186
d38,d110_hh236
d38,d198_hh40
d38,d128_hh43
d38,d122_hh112
d38,d91_hh241
d38,d119_hh50
d38,d88_hh235
d38,d55_hh226
d38,d88_hh3
d38,d191_hh30
d38,d135_hh216
d38,d156_hh151
d38,d75_hh15
d38,d139_hh251
d38,d61_hh246
d38,d122_hh271
d38,d11_hh26
d38,d150_hh8
d38,d129_hh94
d38,d137_hh201
d38,d80_hh6
d38,d122_hh271
d38,d168_hh34
d38,d93_hh80
d38,d30_hh44
d38,d174_hh85
d38,d111_hh206
d38,d112_hh17
d38,d74_hh212
d38,d179_hh267
d38,d93_hh80
d38,d160_hh59
d38,d113_hh254
d38,d135_hh191
d38,d13_hh263
d38,d210_hh87
d38,d38_hh172
d38,d120_hh272
d38,d69_hh274
d38,d120_hh57
d38,d35_hh211
d38,d53_hh249
d38,d18_hh6
d38,d1_hh15
d38,d51_hh49
d38,d149_hh237
d38,d69_hh222
d38,d195_hh97
d38,d128_hh297
d38,d97_hh75
d38,d59_hh207
d38,d128_hh278
d38,d125_hh236
d38,d168_hh265
d38,d56_hh166
d38,d111_hh29
d38,d53_hh23
d38,d118_hh88
d38,d128_hh43
d38,d7_hh87
d38,d91_hh79
d38,d102_hh228
d38,d124_hh126
d38,d125_hh189
d38,d118_hh262
d38,d158_hh85
d38,d131_hh14
d38,d158_hh146
d38,d128_hh180
d38,d200_hh51
d38,d56_hh63
d38,d130_hh273
d38,d147_hh167
d38,d138_hh10
d38,d175_hh239
d38,d16_hh75
d38,d141_hh194
d38,d160_hh38
d38,d119_hh50
d38,d29_hh167
d38,d73_hh151
d38,d32_hh136
d38,d38_hh95
d38,d5_hh117
d38,d141_hh152
d38,d124_hh223
d38,d11_hh240
d38,d55_hh226
d38,d124_hh167
d38,d13_hh263
d38,d66_hh193
d38,d112_hh31
d38,d81_hh14
d38,d139_hh251
d38,d95_hh241
d38,d48_hh119
d38,d16_hh75
d38,d65_hh227
d38,d191_hh12
d38,d150_hh253
d38,d56_hh123
d38,d34_hh12
d38,d99_hh44
d38,d174_hh6
d38,d124_hh125
d38,d91_hh98
d38,d191_hh275
d38,d139_hh164
d38,d48_hh119
d38,d149_hh61
d38,d175_hh32
d38,d165_hh274
d38,d135_hh57
d38,d141_hh6
d38,d155_hh206
d38,d113_hh254
d38,d7_hh240
d38,d124_hh125
d38,d75_hh15
d38,d134_hh118
d38,d13_hh239
d38,d191_hh190
d38,d118_hh175
d38,d131_hh41
d38,d214_hh252
d38,d135_hh191
d38,d91_hh98
d38,d74_hh212
d38,d120_hh272
d38,d131_hh14
d38,d16_hh177
d38,d36_hh69
d38,d7_hh240
d38,d16_hh200
d38,d53_hh23
d38,d106_hh24
d38,d42_hh263
d38,d32_hh203
d38,d128_hh273
d38,d131_hh204
d38,d56_hh175
d38,d141_hh6
d38,d140_hh260
d38,d135_hh216
d38,d59_hh132
d38,d175_hh239
d38,d160_hh232
d38,d140_hh260
d38,d59_hh132
d38,d109_hh168
d38,d55_hh190
d38,d65_hh115
d38,d113_hh254
d38,d96_hh8
d38,d137_hh109
d38,d162_hh67
d38,d109_hh168
d38,d35_hh104
d38,d190_hh32
d38,d55_hh131
d38,d5_hh117
d38,d93_hh184
d38,d56_hh166
d38,d169_hh247
d38,d55_hh229
d38,d83_hh67
d38,d18_hh253
d38,d69_hh274
d38,d112_hh176
d38,d114_hh12
d38,d135_hh219
d38,d210_hh87
d38,d161_hh229
d38,d78_hh123
d38,d88_hh235
d38,d126_hh233
d38,d129_hh94
d38,d208_hh137
d38,d93_hh66
d38,d40_hh7
d38,d99_hh38
d38,d41_hh72
d38,d69_hh209
d38,d141_hh6
d38,d160_hh97
d38,d155_hh206
d38,d119_hh50
d38,d88_hh118
d38,d135_hh57
d38,d156_hh151
d38,d69_hh13
d38,d69_hh55
d38,d77_hh83
d38,d11_hh244
d38,d7_hh64
d39,d99_hh44
d39,d33_hh266
d39,d205_hh217
d39,d122_hh271
d39,d56_hh166
d39,d117_hh126
d39,d56_hh89
d39,d69_hh13
d39,d152_hh187
d39,d210_hh267
d39,d124_hh223
d39,d128_hh184
d39,d128_hh184
d39,d152_hh187
d39,d112_hh176
d39,d163_hh115
d39,d56_hh177
d39,d99_hh230
d39,d35_hh211
d39,d156_hh181
d39,d186_hh175
d39,d138_hh1
d39,d214_hh255
d39,d134_hh156
d39,d32_hh101
d39,d72_hh77
d39,d41_hh254
d39,d175_hh32
d39,d13_hh157
d39,d110_hh172
d39,d149_hh237
d39,d56_hh63
d39,d114_hh12
d39,d195_hh31
d39,d35_hh104
d39,d16_hh200
d39,d16_hh177
d39,d208_hh221
d39,d50_hh195
d39,d117_hh245
d39,d4_hh212
d39,d202_hh111
d39,d30_hh44
d39,d190_hh38
d39,d65_hh75
d39,d150_hh8
d39,d11_hh132
d39,d193_hh61
d39,d78_hh123
d39,d123_hh83
d39,d126_hh184
d39,d183_hh93
d39,d191_hh190
d39,d67_hh63
d39,d40_hh7
d39,d155_hh206
d39,d16_hh218
d39,d117_hh245
d39,d150_hh253
d39,d152_hh187
d39,d160_hh59
d39,d109_hh209
d39,d150_hh168
d39,d125_hh189
d39,d156_hh181
d39,d175_hh32
d39,d46_hh57
d39,d152_hh175
d39,d65_hh115
d39,d66_hh131
d39,d126_hh184
d39,d214_hh184
d39,d11_hh244
d39,d164_hh220
d39,d128_hh273
d39,d158_hh20
d39,d101_hh182
d39,d160_hh97
d39,d67_hh63
d39,d112_hh221
d39,d126_hh44
d39,d126_hh156
d39,d35_hh224
d39,d156_hh153
d39,d195_hh31
d39,d74_hh212
d39,d109_hh209
d39,d158_hh20
d39,d78_hh123
d39,d77_hh40
d39,d73_hh33
d39,d91_hh98
d39,d200_hh51
d39,d35_hh104
d39,d101_hh186
d39,d42_hh165
d39,d48_hh176
d39,d210_hh87
d39,d73_hh153
d39,d214_hh166
d39,d109_hh168
d39,d56_hh123
d39,d20_hh44
d39,d11_hh240
d39,d122_hh181
d39,d158_hh49
d39,d161_hh250
d39,d168_hh34
d39,d50_hh195
d39,d160_hh211
d39,d58_hh108
d39,d72_hh77
d39,d158_hh34
d39,d156_hh181
d39,d51_hh285
d39,d214_hh252
d39,d207_hh28
d39,d41_hh72
d39,d109_hh209
d39,d149_hh61
d39,d150_hh168
d39,d101_hh182
d39,d155_hh206
d39,d193_hh67
d39,d32_hh151
d39,d58_hh108
d39,d90_hh214
d39,d69_hh99
d39,d191_hh275
d39,d101_hh182
d39,d135_hh216
d39,d44_hh163
d39,d128_hh273
d39,d74_hh11
d39,d122_hh181
d39,d16_hh75
d39,d126_hh156
d39,d73_hh153
d39,d91_hh98
d39,d93_hh80
d39,d29_hh167
d39,d130_hh277
d39,d93_hh184
d39,d69_hh222
d39,d130_hh273
d39,d140_hh195
d39,d154_hh157
d39,d170_hh273
d39,d42_hh38
d39,d58_hh108
d39,d112_hh176
d39,d101_hh182
d39,d137_hh216
d39,d122_hh210
d39,d15_hh97
d39,d163_hh242
d39,d30_hh132
d39,d78_hh123
d39,d149_hh237
d39,d160_hh179
d39,d169_hh148
d39,d66_hh154
d39,d11_hh240
d39,d91_hh32
d39,d125_hh189
d39,d7_hh124
d39,d154_hh157
d39,d100_hh164
d39,d162_hh113
d39,d82_hh115
d39,d53_hh249
d39,d19_hh147
d39,d93_hh66
d39,d83_hh67
d39,d78_hh9
d39,d135_hh226
d39,d56_hh123
d39,d62_hh18
d39,d179_hh41
d39,d135_hh216
d39,d214_hh252
d39,d11_hh132
d39,d39_hh55
d39,d149_hh61
d39,d147_hh167
d39,d44_hh170
d39,d114_hh12
d39,d114_hh2
d39,d11_hh240
d39,d160_hh97
d39,d125_hh189
d39,d158_hh85
d39,d122_hh112
d39,d126_hh233
d39,d162_hh67
d39,d101_hh186
d39,d56_hh89
d39,d18_hh253
d39,d51_hh49
d39,d41_hh72
d39,d120_hh272
d39,d73_hh197
d39,d44_hh187
d39,d132_hh233
d39,d160_hh59
d39,d191_hh12
d39,d160_hh104
d39,d125_hh189
d39,d106_hh24
d39,d101_hh186
d39,d124_hh125
d39,d82_hh231
d39,d48_hh176
d39,d164_hh220
d39,d32_hh151
d39,d164_hh220
d39,d35_hh211
d39,d74_hh108
d39,d82_hh231
d39,d114_hh12
d39,d99_hh38
d39,d128_hh180
d39,d73_hh197
d39,d81_hh14
d39,d88_hh118
d39,d162_hh67
d39,d100_hh164
d39,d32_hh151
d39,d34_hh12
d39,d43_hh67
d39,d2_hh232
d39,d11_hh79
d39,d5_hh117
d39,d7_hh64
d39,d77_hh156
d39,d124_hh118
d39,d78_hh234
d39,d114_hh2
d39,d36_hh69
d39,d137_hh109
d39,d186_hh175
d39,d164_hh78
d39,d124_hh126
d39,d190_hh176
d39,d111_hh206
d39,d32_hh19
d39,d138_hh1
d39,d88_hh191
d39,d55_hh12
d39,d73_hh151
d39,d190_hh182
d39,d111_hh206
d39,d61_hh79
d39,d149_hh30
d39,d160_hh104
d39,d130_hh177
d39,d55_hh232
d39,d73_hh151
d39,d51_hh186
d39,d11_hh79
d39,d7_hh240
d39,d120_hh118
d39,d156_hh151
d39,d7_hh148
d43,d141_hh194
d43,d122_hh271
d43,d178_hh263
d43,d44_hh283
d43,d35_hh224
d43,d58_hh108
d43,d174_hh6
d43,d139_hh251
d43,d184_hh210
d43,d129_hh94
d43,d96_hh8
d43,d32_hh203
d43,d69_hh99
d43,d78_hh234
d43,d163_hh44
d43,d41_hh181
d43,d15_hh97
d43,d93_hh66
d43,d20_hh48
d43,d213_hh238
d43,d130_hh273
d43,d11_hh214
d43,d40_hh111
d43,d125_hh189
d43,d122_hh210
d43,d119_hh107
d43,d43_hh27
d43,d122_hh112
d43,d149_hh237
d43,d88_hh3
d43,d82_hh115
d43,d114_hh2
d43,d104_hh7
d43,d160_hh97
d43,d82_hh41
d43,d156_hh151
d43,d146_hh114
d43,d210_hh262
d43,d56_hh123
d43,d44_hh163
d43,d140_hh260
d43,d146_hh88
d43,d150_hh8
d43,d198_hh78
d43,d152_hh175
d43,d38_hh49
d43,d184_hh210
d43,d119_hh50
d43,d65_hh227
d43,d124_hh167
d43,d129_hh94
d43,d204_hh173
d43,d119_hh174
d43,d169_hh148
d43,d171_hh189
d43,d113_hh254
d43,d87_hh38
d43,d32_hh101
d43,d16_hh177
d43,d186_hh175
d43,d125_hh167
d43,d122_hh181
d43,d130_hh277
d43,d78_hh9
d43,d150_hh253
d43,d74_hh108
d43,d137_hh216
d43,d207_hh28
d43,d210_hh262
d43,d18_hh80
d43,d184_hh11
d43,d74_hh109
d43,d62_hh18
d43,d91_hh98
d43,d112_hh31
d43,d149_hh30
d43,d150_hh168
d43,d69_hh13
d43,d132_hh233
d43,d93_hh184
d43,d24_hh177
d43,d214_hh184
d43,d75_hh15
d43,d11_hh244
d43,d119_hh174
d43,d140_hh260
d43,d55_hh232
d43,d128_hh184
d43,d53_hh23
d43,d66_hh193
d43,d51_hh186
d43,d161_hh238
d43,d150_hh8
d43,d214_hh252
d43,d55_hh232
d43,d129_hh209
d43,d111_hh29
d43,d104_hh7
d43,d97_hh20
d43,d202_hh111
d43,d51_hh285
d43,d200_hh51
d43,d102_hh284
d43,d210_hh267
d43,d32_hh151
d43,d111_hh206
d43,d1_hh15
d43,d214_hh171
d43,d55_hh131
d43,d74_hh212
d43,d36_hh69
d43,d91_hh32
d43,d120_hh57
d43,d56_hh89
d43,d170_hh63
d43,d160_hh179
d43,d169_hh247
d43,d96_hh8
d43,d137_hh201
d43,d110_hh201
d43,d48_hh119
d43,d130_hh277
d43,d156_hh151
d43,d5_hh117
d43,d208_hh137
d43,d33_hh266
d43,d11_hh244
d43,d7_hh148
d43,d114_hh12
d43,d82_hh41
d43,d43_hh67
d43,d168_hh265
d43,d156_hh153
d43,d158_hh49
d43,d43_hh67
d43,d174_hh97
d43,d147_hh167
d43,d135_hh191
d43,d88_hh191
d43,d21_hh25
d43,d163_hh115
d43,d51_hh186
d43,d93_hh184
d43,d184_hh210
d43,d112_hh155
d43,d213_hh238
d43,d51_hh285
d43,d165_hh274
d43,d146_hh88
d43,d187_hh32
d43,d62_hh18
d43,d119_hh107
d43,d128_hh43
d43,d130_hh177
d43,d132_hh233
d43,d99_hh230
d43,d118_hh262
d43,d102_hh228
d43,d161_hh250
d43,d46_hh57
d43,d131_hh41
d43,d42_hh263
d43,d175_hh32
d43,d7_hh155
d43,d214_hh20
d43,d7_hh124
d43,d72_hh77
d43,d112_hh176
d43,d51_hh49
d43,d46_hh57
d43,d131_hh212
d43,d44_hh163
d43,d110_hh236
d43,d82_hh231
d43,d61_hh79
d43,d119_hh50
d43,d16_hh218
d43,d162_hh67
d43,d88_hh191
d43,d61_hh79
d43,d15_hh188
d43,d154_hh157
d43,d119_hh50
d43,d213_hh238
d43,d214_hh171
d43,d129_hh106
d43,d208_hh221
d43,d77_hh156
d43,d168_hh34
d43,d44_hh163
d43,d126_hh44
d43,d163_hh242
d43,d88_hh3
d43,d88_hh118
d43,d11_hh214
d43,d73_hh33
d43,d150_hh168
d43,d109_hh209
d43,d11_hh79
d43,d129_hh94
d43,d66_hh131
d43,d204_hh173
d43,d131_hh212
d43,d139_hh27
d43,d73_hh197
d43,d132_hh233
d43,d1_hh15
d43,d2_hh232
d43,d51_hh49
d43,d174_hh6
d43,d53_hh249
d43,d18_hh6
d43,d140_hh260
d43,d35_hh104
d43,d62_hh167
d43,d74_hh109
d43,d1_hh15
d43,d149_hh30
d43,d170_hh273
d43,d41_hh254
d43,d85_hh218
d43,d213_hh238
d43,d65_hh67
d43,d113_hh254
d43,d135_hh57
d43,d69_hh274
d43,d112_hh17
d43,d214_hh184
d43,d41_hh72
d43,d124_hh223
d43,d141_hh194
d43,d61_hh79
d43,d156_hh151
d43,d163_hh115
d43,d58_hh81
d43,d141_hh6
d43,d41_hh181
d43,d160_hh232
d43,d58_hh108
d43,d99_hh38
d43,d93_hh66
d43,d74_hh212
d43,d32_hh19
d43,d11_hh132
d43,d137_hh201
d43,d130_hh277
d43,d138_hh10
d43,d85_hh104
d43,d160_hh38
d43,d82_hh231
d43,d210_hh262
d43,d113_hh254
d43,d59_hh162
d43,d59_hh251
d43,d122_hh210
d43,d44_hh170
d43,d168_hh30
d43,d110_hh236
d43,d150_hh8
d43,d156_hh218
d43,d147_hh167
d43,d95_hh241
d42,d56_hh177
d42,d175_hh239
d42,d126_hh184
d42,d168_hh30
d42,d110_hh172
d42,d141_hh6
d42,d205_hh217
d42,d82_hh41
d42,d128_hh180
d42,d102_hh284
d42,d214_hh166
d42,d140_hh260
d42,d213_hh238
d42,d69_hh274
d42,d42_hh251
d42,d7_hh155
d42,d15_hh97
d42,d156_hh218
d42,d56_hh89
d42,d146_hh114
d42,d210_hh262
d42,d35_hh224
d42,d42_hh251
d42,d110_hh172
d42,d43_hh67
d42,d160_hh211
d42,d46_hh57
d42,d161_hh238
d42,d141_hh6
d42,d73_hh197
d42,d38_hh172
d42,d213_hh238
d42,d156_hh181
d42,d53_hh23
d42,d74_hh109
d42,d88_hh108
d42,d190_hh182
d42,d50_hh112
d42,d83_hh67
d42,d99_hh230
d42,d40_hh7
d42,d69_hh13
d42,d66_hh13
d42,d58_hh81
d42,d113_hh254
d42,d155_hh206
d42,d150_hh168
d42,d160_hh232
d42,d150_hh253
d42,d190_hh173
d42,d170_hh63
d42,d164_hh249
d42,d134_hh166
d42,d160_hh38
d42,d150_hh168
d42,d59_hh207
d42,d122_hh181
d42,d101_hh182
d42,d7_hh148
d42,d119_hh174
d42,d69_hh274
d42,d69_hh209
d42,d18_hh253
d42,d175_hh239
d42,d13_hh263
d42,d184_hh210
d42,d13_hh263
d42,d56_hh166
d42,d81_hh81
d42,d42_hh38
d42,d7_hh124
d42,d162_hh67
d42,d160_hh211
d42,d55_hh232
d42,d85_hh104
d42,d150_hh253
d42,d42_hh263
d42,d138_hh1
d42,d35_hh224
d42,d190_hh176
d42,d69_hh55
d42,d61_hh79
d42,d32_hh136
d42,d104_hh7
d42,d149_hh30
d42,d200_hh51
d42,d93_hh66
d42,d24_hh177
d42,d26_hh63
d42,d56_hh177
d42,d32_hh19
d42,d118_hh262
d42,d134_hh156
d42,d96_hh8
d42,d11_hh214
d42,d129_hh106
d42,d88_hh108
d42,d128_hh184
d42,d161_hh110
d42,d34_hh166
d42,d160_hh179
d42,d50_hh195
d42,d93_hh66
d42,d183_hh93
d42,d7_hh155
d42,d179_hh41
d42,d190_hh182
d42,d42_hh263
d42,d126_hh156
d42,d35_hh224
d42,d44_hh283
d42,d82_hh256
d42,d164_hh78
d42,d50_hh195
d42,d146_hh114
d42,d202_hh17
d42,d114_hh2
d42,d204_hh158
d42,d131_hh41
d42,d125_hh248
d42,d161_hh229
d42,d169_hh148
d42,d119_hh174
d42,d110_hh201
d42,d141_hh209
d42,d149_hh61
d42,d126_hh184
d42,d5_hh117
d42,d208_hh221
d42,d69_hh13
d42,d204_hh158
d42,d73_hh33
d42,d214_hh252
d42,d205_hh217
d42,d16_hh75
d42,d143_hh224
d42,d90_hh214
d42,d164_hh78
d42,d35_hh224
d42,d128_hh180
d42,d66_hh193
d42,d113_hh254
d42,d11_hh240
d42,d138_hh10
d42,d140_hh260
d42,d7_hh240
d42,d139_hh251
d42,d195_hh52
d42,d81_hh87
d42,d214_hh184
d42,d7_hh124
d42,d100_hh65
d42,d109_hh209
d42,d91_hh241
d42,d16_hh201
d42,d126_hh156
d42,d42_hh263
d42,d18_hh253
d42,d118_hh175
d42,d32_hh19
d42,d190_hh182
d42,d46_hh228
d42,d161_hh238
d42,d149_hh237
d42,d174_hh6
d42,d73_hh197
d42,d131_hh41
d42,d7_hh64
d42,d67_hh63
d42,d55_hh190
d42,d135_hh57
d42,d141_hh194
d42,d13_hh263
d42,d160_hh179
d42,d41_hh181
d42,d82_hh231
d42,d40_hh7
d42,d137_hh109
d42,d187_hh30
d42,d152_hh175
d42,d44_hh170
d42,d112_hh155
d42,d53_hh23
d42,d41_hh72
d42,d128_hh180
d42,d202_hh222
d42,d210_hh262
d42,d187_hh32
d42,d74_hh212
d42,d110_hh117
d42,d62_hh18
d42,d106_hh24
d42,d48_hh119
d42,d24_hh177
d42,d141_hh6
d42,d134_hh118
d42,d111_hh206
d42,d125_hh167
d42,d61_hh79
d42,d187_hh30
d42,d75_hh15
d42,d61_hh246
d42,d77_hh83
d42,d11_hh132
d42,d18_hh253
d42,d147_hh167
d42,d135_hh78
d42,d160_hh97
d42,d82_hh256
d42,d44_hh163
d42,d73_hh84
d42,d190_hh106
d42,d174_hh97
d42,d33_hh64
d42,d175_hh181
d42,d62_hh167
d42,d164_hh78
d42,d141_hh194
d42,d117_hh245
d42,d130_hh277
d42,d163_hh44
d42,d18_hh253
d42,d135_hh57
d42,d118_hh188
d42,d50_hh195
d42,d35_hh211
d42,d190_hh106
d42,d131_hh212
d42,d128_hh297
d42,d110_hh117
d42,d208_hh137
d42,d187_hh32
d42,d85_hh104
d42,d156_hh151
d42,d78_hh9
d42,d7_hh155
d42,d38_hh172
d42,d32_hh101
d42,d99_hh44
d42,d4_hh212
d42,d117_hh126
d42,d99_hh38
d42,d33_hh266
d42,d80_hh6
d42,d129_hh94
d42,d16_hh218
d42,d4_hh212
d42,d41_hh181
d42,d51_hh37
d42,d5_hh117
d42,d7_hh64
d42,d11_hh132
d42,d13_hh239
d42,d38_hh101
d42,d32_hh101
d42,d99_hh44
d42,d102_hh228
d42,d24_hh177
d42,d78_hh123
d42,d44_hh163
d42,d175_hh239
d42,d126_hh156
d42,d143_hh224
d42,d205_hh217
d42,d42_hh38
d42,d179_hh41
d42,d90_hh214
d42,d163_hh242
d42,d134_hh156
d42,d160_hh232
d42,d139_hh27
d42,d155_hh206
d42,d161_hh229
d42,d124_hh126
d42,d50_hh90
d42,d132_hh233
d42,d124_hh125
d42,d33_hh64
d42,d205_hh73
d42,d156_hh151
d42,d55_hh226
d42,d88_hh108
d42,d55_hh12
d37,d9_hh289
d37,d148_hh247
d37,d121_hh170
d37,d115_hh186
d37,d181_hh17
d37,d201_hh119
d37,d144_hh253
d37,d8_hh41
d37,d103_hh205
d37,d172_hh18
d37,d49_hh257
d37,d203_hh189
d37,d71_hh146
d37,d206_hh279
d37,d37_hh160
d37,d203_hh227
d37,d176_hh194
d37,d115_hh176
d37,d107_hh258
d37,d116_hh36
d37,d185_hh143
d37,d181_hh17
d37,d144_hh196
d37,d196_hh190
d37,d92_hh161
d37,d192_hh58
d37,d3_hh97
d37,d63_hh69
d37,d196_hh197
d37,d136_hh89
d37,d185_hh143
d37,d94_hh137
d37,d151_hh203
d37,d103_hh205
d37,d196_hh197
d37,d115_hh199
d37,d28_hh40
d37,d9_hh236
d37,d153_hh26
d37,d148_hh100
d37,d70_hh136
d37,d167_hh276
d37,d107_hh246
d37,d63_hh83
d37,d37_hh159
d37,d142_hh190
d37,d107_hh23
d37,d6_hh130
d37,d136_hh192
d37,d148_hh104
d37,d49_hh219
d37,d47_hh128
d37,d49_hh257
d37,d103_hh205
d37,d9_hh236
d37,d84_hh161
d37,d70_hh171
d37,d10_hh167
d37,d157_hh235
d37,d181_hh17
d37,d9_hh170
d37,d151_hh203
d37,d115_hh55
d37,d115_hh186
d37,d115_hh199
d37,d121_hh170
d37,d203_hh189
d37,d167_hh264
d37,d79_hh114
d37,d157_hh235
d37,d49_hh103
d37,d63_hh69
d37,d6_hh130
d37,d206_hh279
d37,d176_hh85
d37,d6_hh77
d37,d167_hh264
d37,d60_hh107
d37,d60_hh107
d37,d206_hh279
d37,d116_hh6
d37,d49_hh103
d37,d76_hh193
d37,d192_hh58
d37,d22_hh176
d37,d176_hh85
d37,d108_hh230
d37,d28_hh253
d37,d201_hh119
d37,d116_hh36
d37,d211_hh86
d37,d148_hh104
d37,d64_hh137
d37,d14_hh205
d37,d47_hh135
d37,d60_hh191
d37,d203_hh139
d37,d194_hh101
d37,d142_hh108
d37,d103_hh63
d37,d84_hh122
d37,d153_hh100
d37,d105_hh45
d37,d153_hh96
d37,d6_hh130
d37,d107_hh103
d37,d9_hh289
d37,d142_hh190
d37,d103_hh63
d37,d9_hh236
d37,d153_hh96
d37,d142_hh106
d37,d108_hh212
d37,d107_hh246
d37,d212_hh155
d37,d9_hh236
d37,d194_hh40
d37,d176_hh194
d37,d49_hh257
d37,d212_hh155
d37,d176_hh92
d37,d136_hh89
d37,d144_hh289
d37,d144_hh253
d37,d181_hh17
d37,d151_hh215
d37,d153_hh100
d37,d107_hh193
d37,d144_hh196
d37,d167_hh11
d37,d14_hh205
d37,d103_hh205
d37,d107_hh246
d37,d136_hh32
d37,d148_hh100
d37,d142_hh108
d37,d47_hh300
d37,d181_hh17
d37,d9_hh236
d37,d49_hh257
d37,d60_hh108
d37,d167_hh11
d37,d3_hh180
d37,d203_hh189
d37,d203_hh189
d37,d107_hh258
d37,d107_hh246
d37,d14_hh205
d37,d108_hh162
d37,d14_hh205
d37,d196_hh229
d37,d153_hh100
d37,d185_hh143
d37,d151_hh203
d37,d108_hh230
d37,d70_hh76
d37,d27_hh269
d37,d103_hh205
d37,d144_hh196
d37,d14_hh67
d37,d203_hh189
d37,d71_hh146
d37,d176_hh125
d37,d181_hh225
d37,d148_hh247
d37,d71_hh245
d37,d176_hh125
d37,d151_hh203
d37,d115_hh176
d37,d49_hh103
d37,d116_hh118
d37,d22_hh190
d37,d153_hh26
d37,d176_hh194
d37,d144_hh196
d37,d116_hh6
d37,d153_hh26
d37,d116_hh36
d37,d107_hh193
d37,d181_hh17
d37,d189_hh268
d37,d3_hh35
d37,d22_hh176
d37,d157_hh215
d37,d212_hh61
d37,d9_hh236
d37,d9_hh197
d37,d176_hh92
d37,d194_hh40
d37,d192_hh68
d37,d196_hh229
d37,d9_hh289
d37,d47_hh128
d37,d22_hh190
d37,d107_hh23
d37,d144_hh196
d37,d192_hh68
d37,d212_hh155
d37,d185_hh57
d37,d172_hh180
d37,d115_hh124
d37,d9_hh236
d37,d167_hh264
d37,d151_hh203
d37,d14_hh205
d37,d9_hh289
d37,d47_hh135
d37,d49_hh103
d37,d14_hh205
d37,d107_hh103
d37,d107_hh258
d37,d92_hh161
d37,d203_hh139
d37,d196_hh190
d37,d167_hh11
d37,d181_hh17
d37,d185_hh143
d37,d8_hh105
d37,d151_hh203
d37,d8_hh149
d37,d9_hh197
d37,d176_hh220
d37,d192_hh68
d37,d94_hh137
d37,d92_hh161
d37,d153_hh96
d37,d14_hh205
d37,d144_hh196
d37,d105_hh45
d37,d212_hh61
d37,d148_hh117
d37,d9_hh197
d37,d25_hh80
d37,d176_hh194
d37,d148_hh117
d37,d136_hh89
d37,d116_hh6
d37,d196_hh215
d37,d206_hh279
d37,d142_hh108
d37,d71_hh146
d37,d148_hh117
d37,d6_hh77
d37,d71_hh163
d37,d157_hh16
d37,d92_hh115
d37,d206_hh279
d37,d192_hh39
d37,d203_hh139
d37,d196_hh229
d37,d103_hh192
d37,d194_hh101
d37,d3_hh180
d37,d8_hh41
d37,d180_hh254
d37,d180_hh254
d37,d148_hh104
d37,d167_hh276
d37,d9_hh170
d37,d188_hh256
d37,d25_hh80
d37,d37_hh160
d37,d144_hh253
d37,d192_hh58
d37,d148_hh104
d37,d60_hh191
d37,d49_hh103
d37,d136_hh89
d37,d79_hh114
d37,d192_hh68
d37,d9_hh197
d40,d11_hh240
d40,d162_hh113
d40,d190_hh173
d40,d69_hh274
d40,d93_hh184
d40,d88_hh3
d40,d18_hh253
d40,d191_hh179
d40,d158_hh20
d40,d122_hh271
d40,d101_hh186
d40,d128_hh180
d40,d44_hh163
d40,d99_hh44
d40,d141_hh209
d40,d59_hh98
d40,d44_hh187
d40,d160_hh211
d40,d32_hh203
d40,d124_hh125
d40,d160_hh97
d40,d163_hh115
d40,d170_hh63
d40,d214_hh255
d40,d69_hh13
d40,d139_hh9
d40,d65_hh67
d40,d30_hh44
d40,d31_hh135
d40,d179_hh242
d40,d39_hh96
d40,d131_hh14
d40,d7_hh87
d40,d131_hh41
d40,d50_hh195
d40,d129_hh209
d40,d124_hh125
d40,d120_hh118
d40,d82_hh115
d40,d210_hh267
d40,d40_hh111
d40,d40_hh7
d40,d119_hh107
d40,d154_hh157
d40,d18_hh80
d40,d39_hh55
d40,d18_hh6
d40,d87_hh38
d40,d51_hh285
d40,d55_hh229
d40,d42_hh263
d40,d160_hh38
d40,d114_hh2
d40,d74_hh108
d40,d118_hh175
d40,d179_hh242
d40,d150_hh253
d40,d160_hh232
d40,d41_hh254
d40,d163_hh242
d40,d204_hh173
d40,d50_hh90
d40,d112_hh17
d40,d73_hh33
d40,d178_hh263
d40,d77_hh156
d40,d207_hh28
d40,d90_hh214
d40,d66_hh193
d40,d128_hh184
d40,d150_hh8
d40,d91_hh79
d40,d156_hh151
d40,d18_hh6
d40,d178_hh263
d40,d125_hh189
d40,d139_hh164
d40,d58_hh108
d40,d152_hh175
d40,d78_hh9
d40,d179_hh28
d40,d66_hh179
d40,d4_hh212
d40,d126_hh156
d40,d40_hh111
d40,d88_hh267
d40,d165_hh274
d40,d160_hh59
d40,d91_hh98
d40,d161_hh238
d40,d161_hh229
d40,d69_hh274
d40,d141_hh152
d40,d93_hh66
d40,d13_hh263
d40,d119_hh50
d40,d178_hh263
d40,d120_hh272
d40,d11_hh132
d40,d69_hh99
d40,d168_hh30
d40,d204_hh158
d40,d152_hh187
d40,d19_hh147
d40,d160_hh179
d40,d40_hh111
d40,d214_hh184
d40,d214_hh20
d40,d210_hh267
d40,d4_hh212
d40,d160_hh38
d40,d7_hh124
d40,d21_hh16
d40,d110_hh236
d40,d56_hh63
d40,d160_hh59
d40,d131_hh212
d40,d186_hh175
d40,d32_hh136
d40,d122_hh181
d40,d120_hh118
d40,d123_hh83
d40,d128_hh43
d40,d200_hh227
d40,d125_hh189
d40,d174_hh85
d40,d139_hh27
d40,d112_hh31
d40,d146_hh88
d40,d62_hh18
d40,d65_hh115
d40,d120_hh272
d40,d42_hh165
d40,d42_hh251
d40,d73_hh197
d40,d82_hh231
d40,d187_hh291
d40,d178_hh263
d40,d42_hh38
d40,d100_hh65
d40,d44_hh65
d40,d214_hh184
d40,d214_hh255
d40,d158_hh146
d40,d140_hh260
d40,d141_hh235
d40,d163_hh115
d40,d82_hh256
d40,d100_hh164
d40,d208_hh221
d40,d156_hh19
d40,d124_hh118
d40,d85_hh218
d40,d125_hh248
d40,d124_hh118
d40,d30_hh132
d40,d202_hh17
d40,d100_hh164
d40,d120_hh268
d40,d44_hh65
d40,d118_hh262
d40,d72_hh77
d40,d113_hh254
d40,d214_hh184
d40,d150_hh253
d40,d73_hh197
d40,d69_hh13
d40,d165_hh274
d40,d66_hh13
d40,d23_hh236
d40,d130_hh177
d40,d69_hh274
d40,d65_hh115
d40,d91_hh241
d40,d23_hh236
d40,d132_hh233
d40,d56_hh89
d40,d215_hh82
d40,d131_hh204
d40,d93_hh66
d40,d170_hh228
d40,d44_hh170
d40,d18_hh253
d40,d97_hh20
d40,d7_hh64
d40,d114_hh2
d40,d149_hh237
d40,d131_hh41
d40,d135_hh57
d40,d42_hh263
d40,d16_hh218
d40,d21_hh25
d40,d137_hh216
d40,d41_hh254
d40,d150_hh253
d40,d178_hh263
d40,d59_hh207
d40,d156_hh181
d40,d50_hh90
d40,d135_hh57
d40,d16_hh218
d40,d93_hh66
d40,d215_hh82
d40,d174_hh6
d40,d73_hh151
d40,d93_hh80
d40,d174_hh85
d40,d88_hh191
d40,d210_hh267
d40,d111_hh29
d40,d158_hh20
d40,d150_hh8
d40,d80_hh6
d40,d44_hh283
d40,d55_hh190
d40,d13_hh263
d40,d126_hh184
d40,d190_hh32
d40,d85_hh104
d40,d170_hh228
d40,d77_hh83
d40,d131_hh41
d40,d2_hh232
d40,d11_hh240
d40,d213_hh238
d40,d66_hh154
d40,d24_hh177
d40,d150_hh168
d40,d82_hh256
d40,d111_hh29
d40,d191_hh12
d40,d214_hh255
d40,d13_hh263
d40,d187_hh30
d40,d187_hh16
d40,d40_hh7
d40,d56_hh166
d40,d38_hh172
d40,d73_hh84
d40,d87_hh38
d40,d101_hh186
d40,d73_hh197
d40,d162_hh67
d40,d132_hh233
d40,d66_hh131
d44,d156_hh181
d44,d208_hh2
d44,d215_hh82
d44,d141_hh235
d44,d73_hh151
d44,d18_hh253
d44,d132_hh233
d44,d163_hh242
d44,d120_hh45
d44,d26_hh63
d44,d184_hh11
d44,d163_hh242
d44,d32_hh19
d44,d91_hh32
d44,d175_hh239
d44,d161_hh229
d44,d40_hh111
d44,d72_hh77
d44,d93_hh184
d44,d161_hh110
d44,d186_hh175
d44,d74_hh212
d44,d146_hh88
d44,d126_hh156
d44,d19_hh147
d44,d44_hh283
d44,d111_hh29
d44,d96_hh8
d44,d160_hh59
d44,d118_hh188
d44,d110_hh117
d44,d56_hh123
d44,d66_hh154
d44,d50_hh195
d44,d135_hh216
d44,d7_hh64
d44,d210_hh262
d44,d39_hh96
d44,d38_hh172
d44,d81_hh14
d44,d134_hh118
d44,d158_hh49
d44,d200_hh227
d44,d128_hh43
d44,d210_hh267
d44,d117_hh245
d44,d119_hh174
d44,d128_hh180
d44,d83_hh79
d44,d42_hh251
d44,d73_hh33
d44,d195_hh97
d44,d174_hh85
d44,d73_hh33
d44,d53_hh249
d44,d101_hh182
d44,d97_hh20
d44,d81_hh87
d44,d58_hh81
d44,d184_hh210
d44,d183_hh93
d44,d179_hh41
d44,d59_hh207
d44,d44_hh187
d44,d162_hh67
d44,d164_hh220
d44,d191_hh179
d44,d118_hh175
d44,d50_hh195
d44,d100_hh65
d44,d175_hh239
d44,d16_hh75
d44,d95_hh241
d44,d15_hh97
d44,d160_hh59
d44,d88_hh235
d44,d134_hh118
d44,d95_hh241
d44,d50_hh195
d44,d40_hh7
d44,d137_hh109
d44,d59_hh162
d44,d18_hh80
d44,d18_hh91
d44,d214_hh255
d44,d134_hh166
d44,d128_hh278
d44,d119_hh50
d44,d128_hh184
d44,d69_hh99
d44,d1_hh234
d44,d109_hh168
d44,d202_hh111
d44,d66_hh131
d44,d73_hh7
d44,d120_hh57
d44,d205_hh217
d44,d87_hh32
d44,d195_hh31
d44,d50_hh90
d44,d164_hh78
d44,d210_hh87
d44,d73_hh151
d44,d190_hh106
d44,d210_hh87
d44,d137_hh201
d44,d137_hh216
d44,d168_hh265
d44,d88_hh191
d44,d91_hh79
d44,d66_hh179
d44,d55_hh12
d44,d198_hh78
d44,d73_hh153
d44,d112_hh155
d44,d85_hh214
d44,d130_hh273
d44,d168_hh265
d44,d134_hh166
d44,d44_hh163
d44,d190_hh176
d44,d118_hh88
d44,d214_hh20
d44,d18_hh80
d44,d175_hh181
d44,d149_hh237
d44,d160_hh232
d44,d149_hh30
d44,d97_hh75
d44,d69_hh209
d44,d160_hh97
d44,d83_hh79
d44,d78_hh123
d44,d128_hh278
d44,d40_hh111
d44,d141_hh235
d44,d120_hh45
d44,d179_hh28
d44,d21_hh21
d44,d202_hh17
d44,d99_hh38
d44,d164_hh220
d44,d170_hh63
d44,d1_hh15
d44,d209_hh40
d44,d114_hh2
d44,d137_hh201
d44,d20_hh48
d44,d193_hh67
d44,d200_hh227
d44,d66_hh131
d44,d141_hh194
d44,d141_hh209
d44,d179_hh28
d44,d83_hh67
d44,d164_hh220
d44,d112_hh177
d44,d161_hh238
d44,d143_hh224
d44,d81_hh87
d44,d204_hh158
d44,d66_hh179
d44,d154_hh132
d44,d169_hh247
d44,d44_hh170
d44,d44_hh163
d44,d120_hh45
d44,d114_hh2
d44,d81_hh87
d44,d128_hh180
d44,d135_hh191
d44,d125_hh167
d44,d13_hh263
d44,d134_hh118
d44,d55_hh232
d44,d66_hh193
d44,d44_hh163
d44,d198_hh78
d44,d69_hh222
d44,d16_hh177
d44,d43_hh27
d44,d146_hh88
d44,d164_hh78
d44,d174_hh85
d44,d143_hh82
d44,d183_hh93
d44,d87_hh32
d44,d73_hh33
d44,d16_hh177
d44,d160_hh179
d44,d135_hh78
d44,d81_hh14
d44,d137_hh216
d44,d134_hh156
d44,d90_hh214
d44,d137_hh109
d44,d214_hh171
d44,d62_hh167
d44,d55_hh131
d44,d74_hh109
d44,d111_hh29
d44,d131_hh14
d44,d152_hh187
d44,d168_hh30
d44,d119_hh107
d44,d150_hh8
d44,d143_hh224
d44,d126_hh44
d44,d11_hh26
d44,d41_hh72
d44,d160_hh179
d44,d147_hh167
d44,d72_hh77
d44,d183_hh237
d44,d41_hh74
d44,d149_hh237
d44,d200_hh51
d44,d160_hh59
d44,d156_hh218
d44,d190_hh38
d44,d156_hh153
d44,d134_hh76
d44,d33_hh64
d44,d91_hh98
d44,d193_hh61
d44,d73_hh84
d44,d67_hh63
d44,d91_hh113
d44,d198_hh78
d44,d32_hh19
d44,d102_hh284
d44,d178_hh263
d44,d99_hh38
d44,d160_hh211
d44,d11_hh214
d44,d119_hh107
d44,d36_hh69
d44,d110_hh201
d44,d56_hh177
d44,d174_hh97
d44,d160_hh232
d44,d13_hh263
d44,d174_hh6
d44,d33_hh64
d44,d53_hh249
d44,d32_hh151
d44,d110_hh172
d44,d162_hh113
d44,d170_hh228
d44,d15_hh188
d44,d179_hh242
d44,d138_hh10
d44,d91_hh100
d44,d35_hh224
d44,d202_hh111
d44,d112_hh221
d44,d65_hh75
d44,d35_hh211
d44,d11_hh79
d44,d204_hh158
d44,d21_hh21
d44,d18_hh6
d44,d13_hh263
d44,d59_hh98
d44,d1_hh15
d44,d118_hh175
d44,d30_hh44
d44,d214_hh171
d44,d43_hh67
d44,d1_hh15
d44,d193_hh67
d44,d16_hh218
d44,d118_hh262
d44,d158_hh34
d44,d186_hh175
d44,d81_hh81
d44,d21_hh16
d44,d190_hh173
d44,d32_hh101
d44,d43_hh27
d44,d56_hh123
d44,d160_hh211
d44,d55_hh229
d44,d41_hh181
d44,d82_hh231
d44,d158_hh20
d44,d56_hh166
d44,d78_hh123
d44,d15_hh97
d44,d101_hh182
d46,d59_hh132
d46,d51_hh37
d46,d141_hh6
d46,d130_hh273
d46,d91_hh113
d46,d160_hh97
d46,d7_hh155
d46,d102_hh284
d46,d66_hh154
d46,d11_hh132
d46,d125_hh189
d46,d210_hh262
d46,d191_hh190
d46,d164_hh249
d46,d112_hh31
d46,d21_hh25
d46,d35_hh224
d46,d135_hh226
d46,d129_hh209
d46,d55_hh131
d46,d208_hh221
d46,d100_hh164
d46,d35_hh211
d46,d82_hh256
d46,d81_hh87
d46,d112_hh31
d46,d87_hh32
d46,d55_hh232
d46,d16_hh200
d46,d72_hh77
d46,d59_hh251
d46,d160_hh104
d46,d91_hh79
d46,d55_hh232
d46,d59_hh132
d46,d100_hh65
d46,d205_hh73
d46,d134_hh166
d46,d125_hh248
d46,d21_hh16
d46,d125_hh236
d46,d118_hh188
d46,d174_hh85
d46,d61_hh246
d46,d40_hh111
d46,d44_hh283
d46,d11_hh240
d46,d190_hh32
d46,d179_hh41
d46,d204_hh173
d46,d137_hh201
d46,d16_hh201
d46,d65_hh75
d46,d55_hh190
d46,d164_hh249
d46,d16_hh218
d46,d174_hh6
d46,d20_hh44
d46,d119_hh174
d46,d179_hh242
d46,d156_hh19
d46,d100_hh164
d46,d186_hh175
d46,d46_hh228
d46,d78_hh9
d46,d134_hh7
d46,d139_hh164
d46,d191_hh12
d46,d23_hh236
d46,d88_hh267
d46,d51_hh186
d46,d66_hh179
d46,d65_hh227
d46,d134_hh7
d46,d69_hh55
d46,d66_hh193
d46,d44_hh163
d46,d163_hh242
d46,d87_hh38
d46,d119_hh174
d46,d140_hh260
d46,d66_hh179
d46,d16_hh177
d46,d69_hh274
d46,d184_hh11
d46,d56_hh89
d46,d73_hh84
d46,d33_hh266
d46,d170_hh273
d46,d158_hh146
d46,d131_hh212
d46,d124_hh223
d46,d5_hh117
d46,d120_hh272
d46,d77_hh156
d46,d35_hh224
d46,d204_hh158
d46,d134_hh7
d46,d69_hh274
d46,d87_hh32
d46,d139_hh164
d46,d23_hh236
d46,d69_hh274
d46,d122_hh271
d46,d11_hh79
d46,d65_hh115
d46,d46_hh228
d46,d38_hh95
d46,d59_hh132
d46,d124_hh125
d46,d112_hh177
d46,d41_hh72
d46,d88_hh3
d46,d112_hh31
d46,d210_hh262
d46,d96_hh8
d46,d41_hh181
d46,d99_hh230
d46,d164_hh249
d46,d59_hh98
d46,d205_hh54
d46,d74_hh212
d46,d78_hh123
d46,d51_hh37
d46,d44_hh187
d46,d87_hh32
d46,d168_hh30
d46,d7_hh64
d46,d170_hh273
d46,d55_hh131
d46,d11_hh240
d46,d183_hh93
d46,d38_hh49
d46,d48_hh176
d46,d210_hh267
d46,d158_hh49
d46,d16_hh201
d46,d169_hh247
d46,d118_hh188
d46,d43_hh67
d46,d128_hh43
d46,d193_hh67
d46,d168_hh30
d46,d74_hh11
d46,d88_hh3
d46,d130_hh277
d46,d124_hh223
d46,d128_hh180
d46,d191_hh275
d46,d190_hh106
d46,d32_hh203
d46,d111_hh206
d46,d88_hh235
d46,d184_hh206
d46,d42_hh263
d46,d190_hh38
d46,d74_hh108
d46,d187_hh32
d46,d140_hh260
d46,d35_hh224
d46,d82_hh256
d46,d34_hh166
d46,d112_hh155
d46,d120_hh272
d46,d11_hh26
d46,d210_hh267
d46,d213_hh238
d46,d44_hh127
d46,d141_hh6
d46,d82_hh115
d46,d163_hh242
d46,d195_hh97
d46,d124_hh126
d46,d208_hh221
d46,d140_hh260
d46,d208_hh2
d46,d170_hh273
d46,d183_hh93
d46,d163_hh44
d46,d50_hh90
d46,d75_hh15
d46,d18_hh253
d46,d158_hh49
d46,d66_hh131
d46,d58_hh108
d46,d33_hh266
d46,d67_hh63
d46,d43_hh67
d46,d38_hh101
d46,d13_hh157
d46,d69_hh55
d46,d56_hh89
d46,d104_hh7
d46,d66_hh154
d46,d82_hh41
d46,d41_hh181
d46,d160_hh211
d46,d118_hh175
d46,d110_hh172
d46,d160_hh59
d46,d202_hh111
d46,d160_hh97
d46,d99_hh230
d46,d32_hh101
d46,d55_hh246
d46,d48_hh119
d46,d112_hh31
d46,d163_hh242
d46,d101_hh182
d46,d33_hh266
d46,d55_hh190
d46,d82_hh41
d46,d147_hh167
d46,d132_hh233
d46,d81_hh81
d46,d67_hh63
d46,d109_hh168
d46,d190_hh32
d46,d214_hh184
d46,d119_hh50
d46,d18_hh253
d46,d61_hh79
d46,d88_hh3
d46,d50_hh112
d46,d82_hh231
d46,d93_hh80
d46,d184_hh206
d46,d77_hh40
d46,d163_hh44
d46,d164_hh78
d46,d44_hh170
d46,d35_hh224
d46,d110_hh172
d46,d120_hh272
d46,d207_hh28
d46,d69_hh55
d46,d62_hh18
d46,d88_hh191
d46,d4_hh212
d46,d175_hh32
d46,d141_hh235
d46,d61_hh79
d46,d112_hh221
d46,d122_hh210
d46,d11_hh26
d46,d35_hh224
d46,d119_hh107
d46,d156_hh153
d46,d19_hh147
d46,d34_hh12
d46,d186_hh175
d46,d208_hh2
d46,d91_hh32
d46,d32_hh19
d46,d175_hh32
d46,d152_hh175
d46,d175_hh239
d46,d169_hh247
d46,d130_hh273
d46,d190_hh176
d46,d110_hh201
d46,d139_hh9
d46,d130_hh177
d46,d48_hh119
d46,d210_hh262
d46,d139_hh9
d46,d74_hh11
d46,d33_hh266
d46,d66_hh13
d46,d114_hh12
d46,d119_hh50
d46,d193_hh61
d46,d90_hh214
d46,d162_hh113
d46,d204_hh231
d46,d135_hh57
d46,d109_hh209
d46,d135_hh191
d46,d122_hh271
d46,d65_hh75
d46,d213_hh238
d46,d198_hh40
d46,d109_hh168
d46,d13_hh263
d46,d158_hh85
d46,d171_hh189
d46,d214_hh252
d46,d104_hh7
d46,d81_hh81
d46,d99_hh38
d46,d150_hh8
d41,d193_hh61
d41,d85_hh104
d41,d50_hh195
d41,d149_hh237
d41,d174_hh6
d41,d5_hh117
d41,d141_hh6
d41,d110_hh117
d41,d209_hh40
d41,d82_hh256
d41,d134_hh7
d41,d150_hh8
d41,d56_hh123
d41,d43_hh27
d41,d118_hh262
d41,d18_hh6
d41,d65_hh75
d41,d195_hh31
d41,d18_hh253
d41,d214_hh20
d41,d41_hh181
d41,d168_hh265
d41,d122_hh181
d41,d51_hh49
d41,d139_hh27
d41,d7_hh240
d41,d170_hh228
d41,d202_hh17
d41,d99_hh38
d41,d146_hh88
d41,d137_hh201
d41,d114_hh2
d41,d88_hh3
d41,d38_hh101
d41,d202_hh222
d41,d149_hh237
d41,d46_hh57
d41,d13_hh239
d41,d122_hh271
d41,d152_hh187
d41,d128_hh273
d41,d150_hh253
d41,d187_hh291
d41,d155_hh206
d41,d214_hh184
d41,d152_hh187
d41,d74_hh108
d41,d48_hh176
d41,d191_hh275
d41,d210_hh262
d41,d99_hh44
d41,d129_hh94
d41,d66_hh193
d41,d156_hh153
d41,d51_hh285
d41,d124_hh118
d41,d125_hh189
d41,d35_hh104
d41,d135_hh57
d41,d190_hh176
d41,d51_hh285
d41,d190_hh32
d41,d120_hh118
d41,d160_hh232
d41,d120_hh45
d41,d44_hh65
d41,d88_hh235
d41,d169_hh115
d41,d78_hh123
d41,d122_hh271
d41,d170_hh228
d41,d62_hh167
d41,d56_hh89
d41,d51_hh186
d41,d110_hh117
d41,d169_hh148
d41,d215_hh82
d41,d187_hh30
d41,d156_hh151
d41,d82_hh256
d41,d7_hh87
d41,d39_hh96
d41,d134_hh76
d41,d119_hh50
d41,d179_hh242
d41,d149_hh61
d41,d62_hh167
d41,d82_hh115
d41,d210_hh262
d41,d55_hh190
d41,d131_hh14
d41,d146_hh88
d41,d129_hh209
d41,d44_hh170
d41,d56_hh63
d41,d56_hh63
d41,d32_hh60
d41,d66_hh193
d41,d65_hh75
d41,d147_hh167
d41,d184_hh11
d41,d124_hh118
d41,d174_hh85
d41,d55_hh246
d41,d124_hh126
d41,d162_hh113
d41,d35_hh211
d41,d73_hh153
d41,d160_hh59
d41,d152_hh175
d41,d154_hh132
d41,d65_hh227
d41,d125_hh248
d41,d35_hh224
d41,d55_hh232
d41,d56_hh89
d41,d80_hh6
d41,d128_hh278
d41,d160_hh211
d41,d135_hh226
d41,d187_hh32
d41,d16_hh201
d41,d114_hh2
d41,d198_hh78
d41,d7_hh124
d41,d132_hh233
d41,d65_hh67
d41,d104_hh7
d41,d88_hh118
d41,d16_hh177
d41,d65_hh227
d41,d78_hh234
d41,d152_hh175
d41,d35_hh224
d41,d132_hh233
d41,d139_hh164
d41,d38_hh49
d41,d65_hh115
d41,d135_hh57
d41,d137_hh216
d41,d55_hh131
d41,d55_hh12
d41,d214_hh255
d41,d193_hh61
d41,d18_hh80
d41,d134_hh156
d41,d162_hh113
d41,d32_hh60
d41,d55_hh131
d41,d7_hh124
d41,d140_hh195
d41,d58_hh108
d41,d149_hh30
d41,d126_hh184
d41,d62_hh18
d41,d165_hh274
d41,d118_hh175
d41,d146_hh88
d41,d5_hh117
d41,d214_hh20
d41,d34_hh166
d41,d51_hh37
d41,d59_hh132
d41,d85_hh218
d41,d179_hh28
d41,d137_hh201
d41,d158_hh146
d41,d139_hh27
d41,d156_hh218
d41,d130_hh277
d41,d131_hh41
d41,d195_hh97
d41,d91_hh79
d41,d160_hh38
d41,d42_hh251
d41,d120_hh268
d41,d110_hh117
d41,d33_hh266
d41,d179_hh28
d41,d138_hh10
d41,d134_hh31
d41,d205_hh54
d41,d91_hh98
d41,d126_hh156
d41,d190_hh176
d41,d141_hh6
d41,d106_hh24
d41,d134_hh31
d41,d77_hh83
d41,d51_hh285
d41,d48_hh176
d41,d42_hh165
d41,d66_hh179
d41,d214_hh184
d41,d11_hh132
d41,d184_hh11
d41,d11_hh132
d41,d190_hh106
d41,d81_hh81
d41,d65_hh115
d41,d210_hh262
d41,d214_hh255
d41,d168_hh265
d41,d61_hh79
d41,d215_hh82
d41,d214_hh20
d41,d16_hh200
d41,d32_hh151
d41,d69_hh209
d41,d35_hh211
d41,d77_hh83
d41,d164_hh78
d41,d128_hh180
d41,d174_hh6
d41,d91_hh79
d41,d20_hh44
d41,d55_hh190
d41,d85_hh104
d41,d128_hh273
d41,d140_hh195
d41,d202_hh17
d41,d16_hh218
d41,d100_hh65
d41,d61_hh79
d41,d205_hh54
d41,d16_hh75
d41,d2_hh232
d41,d78_hh234
d41,d114_hh12
d41,d141_hh194
d41,d190_hh38
d41,d69_hh209
d41,d88_hh3
d41,d128_hh184
d41,d91_hh98
d41,d124_hh167
d41,d163_hh242
d41,d208_hh137
d41,d32_hh19
d41,d88_hh267
d41,d169_hh115
d41,d43_hh67
d41,d174_hh97
d41,d15_hh97
d41,d111_hh29
d41,d184_hh11
d41,d32_hh60
d41,d66_hh193
d41,d7_hh87
d41,d134_hh118
d41,d24_hh177
d41,d7_hh64
d41,d38_hh95
d41,d130_hh177
d41,d62_hh18
d41,d139_hh164
d41,d179_hh28
d41,d13_hh239
d41,d195_hh52
d41,d112_hh17
d41,d33_hh64
d41,d88_hh235
d41,d190_hh176
d41,d81_hh81
d41,d24_hh177
d41,d198_hh78
d41,d75_hh15
d45,d8_hh41
d45,d107_hh246
d45,d108_hh162
d45,d196_hh215
d45,d71_hh146
d45,d176_hh85
d45,d145_hh175
d45,d9_hh289
d45,d167_hh70
d45,d76_hh193
d45,d8_hh149
d45,d37_hh159
d45,d148_hh104
d45,d211_hh86
d45,d172_hh18
d45,d92_hh115
d45,d49_hh257
d45,d103_hh205
d45,d107_hh258
d45,d94_hh137
d45,d47_hh128
d45,d92_hh161
d45,d145_hh175
d45,d196_hh229
d45,d153_hh26
d45,d79_hh227
d45,d63_hh69
d45,d176_hh85
d45,d14_hh205
d45,d10_hh167
d45,d47_hh300
d45,d196_hh190
d45,d136_hh89
d45,d10_hh167
d45,d176_hh85
d45,d196_hh215
d45,d84_hh161
d45,d172_hh180
d45,d188_hh256
d45,d79_hh227
d45,d8_hh155
d45,d8_hh105
d45,d196_hh197
d45,d167_hh276
d45,d105_hh45
d45,d172_hh18
d45,d70_hh110
d45,d176_hh92
d45,d194_hh101
d45,d47_hh300
d45,d63_hh69
d45,d3_hh97
d45,d116_hh36
d45,d196_hh229
d45,d196_hh190
d45,d206_hh279
d45,d212_hh155
d45,d8_hh105
d45,d116_hh118
d45,d188_hh256
d45,d151_hh203
d45,d151_hh203
d45,d157_hh215
d45,d153_hh96
d45,d142_hh106
d45,d144_hh196
d45,d144_hh253
d45,d196_hh190
d45,d8_hh105
d45,d185_hh143
d45,d181_hh17
d45,d105_hh45
d45,d167_hh11
d45,d71_hh146
d45,d8_hh155
d45,d142_hh108
d45,d196_hh197
d45,d49_hh219
d45,d49_hh170
d45,d196_hh126
d45,d116_hh6
d45,d196_hh197
d45,d60_hh107
d45,d196_hh215
d45,d153_hh96
d45,d9_hh236
d45,d181_hh17
d45,d203_hh189
d45,d60_hh191
d45,d148_hh247
d45,d84_hh122
d45,d92_hh91
d45,d76_hh193
d45,d151_hh203
d45,d14_hh67
d45,d212_hh61
d45,d157_hh215
d45,d14_hh205
d45,d212_hh155
d45,d9_hh236
d45,d157_hh215
d45,d6_hh77
d45,d37_hh159
d45,d107_hh103
d45,d203_hh189
d45,d10_hh167
d45,d22_hh190
d45,d176_hh85
d45,d49_hh257
d45,d60_hh191
d45,d10_hh167
d45,d94_hh137
d45,d185_hh143
d45,d144_hh289
d45,d108_hh230
d45,d14_hh75
d45,d151_hh203
d45,d94_hh129
d45,d206_hh279
d45,d63_hh83
d45,d116_hh6
d45,d47_hh300
d45,d180_hh254
d45,d153_hh100
d45,d49_hh103
d45,d8_hh106
d45,d8_hh105
d45,d176_hh125
d45,d107_hh103
d45,d121_hh170
d45,d115_hh124
d45,d8_hh105
d45,d196_hh190
d45,d8_hh41
d45,d103_hh48
d45,d107_hh193
d45,d105_hh45
d45,d151_hh203
d45,d192_hh68
d45,d211_hh86
d45,d9_hh289
d45,d167_hh264
d45,d116_hh6
d45,d108_hh212
d45,d116_hh118
d45,d192_hh58
d45,d25_hh157
d45,d157_hh222
d45,d157_hh16
d45,d76_hh187
d45,d153_hh26
d45,d107_hh23
d45,d144_hh289
d45,d167_hh264
d45,d121_hh170
d45,d64_hh137
d45,d115_hh199
d45,d153_hh100
d45,d27_hh269
d45,d176_hh85
d45,d108_hh230
d45,d115_hh199
d45,d108_hh212
d45,d14_hh75
d45,d196_hh190
d45,d71_hh163
d45,d201_hh119
d45,d194_hh40
d45,d84_hh122
d45,d206_hh279
d45,d181_hh225
d45,d47_hh135
d45,d63_hh160
d45,d185_hh57
d45,d14_hh67
d45,d103_hh48
d45,d212_hh61
d45,d107_hh258
d45,d176_hh125
d45,d49_hh257
d45,d60_hh107
d45,d212_hh155
d45,d212_hh155
d45,d49_hh103
d45,d148_hh247
d45,d108_hh212
d45,d157_hh235
d45,d185_hh57
d45,d142_hh106
d45,d136_hh32
d45,d148_hh117
d45,d94_hh246
d45,d94_hh137
d45,d25_hh157
d45,d3_hh35
d45,d172_hh180
d45,d22_hh176
d45,d60_hh107
d45,d148_hh104
d45,d203_hh139
d45,d79_hh227
d45,d71_hh245
d45,d6_hh130
d45,d22_hh176
d45,d176_hh85
d45,d84_hh122
d45,d151_hh215
d45,d185_hh143
d45,d180_hh254
d45,d167_hh276
d45,d167_hh11
d45,d167_hh11
d45,d25_hh80
d45,d194_hh101
d45,d192_hh39
d45,d192_hh39
d45,d148_hh104
d45,d9_hh236
d45,d10_hh167
d45,d115_hh186
d45,d176_hh194
d45,d121_hh272
d45,d76_hh187
d45,d22_hh176
d45,d76_hh193
d45,d157_hh235
d45,d60_hh191
d45,d115_hh186
d45,d3_hh180
d45,d151_hh203
d45,d211_hh211
d45,d47_hh128
d45,d49_hh103
d45,d27_hh269
d45,d188_hh256
d45,d142_hh108
d45,d157_hh16
d45,d8_hh149
d45,d27_hh269
d45,d176_hh92
d45,d196_hh197
d45,d76_hh187
d45,d153_hh96
d45,d37_hh160
d45,d196_hh197
d45,d151_hh203
d45,d8_hh106
d45,d144_hh289
d45,d148_hh247
d45,d71_hh163
d45,d3_hh97
d45,d22_hh176
d45,d92_hh161
d45,d28_hh40
d45,d176_hh194
d45,d3_hh97
d45,d121_hh170
d45,d27_hh269
d45,d3_hh35
d45,d188_hh256
d45,d28_hh40
d45,d185_hh143
d45,d181_hh225
d45,d211_hh211
d45,d92_hh91
d45,d142_hh269
d45,d60_hh107
d45,d181_hh225
d45,d49_hh257
d45,d196_hh139
d45,d28_hh35
d45,d153_hh26
d45,d188_hh256
d45,d63_hh83
d45,d181_hh17
d45,d47_hh300
d45,d151_hh203
d45,d203_hh189
d45,d47_hh300
d45,d167_hh264
d45,d14_hh67
d45,d180_hh254
d45,d121_hh170
d45,d136_hh192
d45,d116_hh196
d45,d9_hh236
d45,d194_hh142
d45,d47_hh128
d45,d116_hh118
d45,d148_hh247
d45,d9_hh183
d45,d115_hh124
d45,d22_hh176
d45,d8_hh149
d45,d84_hh161
d45,d115_hh186
d45,d211_hh211
d45,d142_hh106
d45,d6_hh77
d48,d156_hh181
d48,d187_hh30
d48,d164_hh249
d48,d191_hh30
d48,d11_hh132
d48,d82_hh115
d48,d109_hh209
d48,d88_hh267
d48,d128_hh278
d48,d208_hh137
d48,d204_hh173
d48,d134_hh118
d48,d93_hh184
d48,d7_hh124
d48,d195_hh31
d48,d101_hh182
d48,d110_hh201
d48,d134_hh118
d48,d168_hh30
d48,d134_hh166
d48,d160_hh104
d48,d168_hh30
d48,d205_hh73
d48,d32_hh203
d48,d124_hh223
d48,d135_hh57
d48,d51_hh285
d48,d2_hh232
d48,d69_hh55
d48,d210_hh87
d48,d111_hh206
d48,d175_hh181
d48,d11_hh26
d48,d175_hh181
d48,d48_hh176
d48,d122_hh112
d48,d96_hh8
d48,d38_hh172
d48,d131_hh14
d48,d155_hh206
d48,d190_hh106
d48,d55_hh232
d48,d88_hh118
d48,d139_hh9
d48,d130_hh177
d48,d99_hh38
d48,d65_hh227
d48,d207_hh28
d48,d205_hh217
d48,d1_hh15
d48,d35_hh211
d48,d190_hh173
d48,d59_hh251
d48,d83_hh67
d48,d5_hh117
d48,d169_hh148
d48,d67_hh63
d48,d11_hh26
d48,d143_hh82
d48,d87_hh32
d48,d141_hh209
d48,d187_hh30
d48,d214_hh20
d48,d124_hh167
d48,d55_hh12
d48,d73_hh33
d48,d59_hh132
d48,d41_hh254
d48,d110_hh236
d48,d208_hh137
d48,d190_hh173
d48,d90_hh214
d48,d11_hh79
d48,d7_hh87
d48,d1_hh234
d48,d48_hh119
d48,d91_hh113
d48,d141_hh6
d48,d93_hh184
d48,d91_hh100
d48,d109_hh209
d48,d141_hh6
d48,d55_hh226
d48,d161_hh110
d48,d35_hh211
d48,d73_hh7
d48,d164_hh220
d48,d124_hh126
d48,d129_hh106
d48,d78_hh123
d48,d141_hh209
d48,d134_hh166
d48,d35_hh224
d48,d59_hh251
d48,d135_hh57
d48,d130_hh273
d48,d112_hh155
d48,d66_hh193
d48,d73_hh197
d48,d141_hh6
d48,d62_hh167
d48,d149_hh237
d48,d190_hh173
d48,d184_hh210
d48,d190_hh176
d48,d81_hh87
d48,d51_hh177
d48,d114_hh2
d48,d65_hh115
d48,d75_hh15
d48,d48_hh176
d48,d123_hh83
d48,d91_hh100
d48,d184_hh210
d48,d44_hh163
d48,d87_hh32
d48,d29_hh167
d48,d106_hh24
d48,d195_hh97
d48,d55_hh131
d48,d208_hh137
d48,d137_hh109
d48,d156_hh181
d48,d183_hh93
d48,d35_hh224
d48,d214_hh252
d48,d43_hh67
d48,d38_hh172
d48,d77_hh40
d48,d122_hh181
d48,d174_hh85
d48,d46_hh57
d48,d150_hh253
d48,d205_hh54
d48,d155_hh206
d48,d73_hh197
d48,d200_hh51
d48,d193_hh61
d48,d69_hh55
d48,d74_hh109
d48,d39_hh55
d48,d42_hh38
d48,d126_hh184
d48,d125_hh167
d48,d69_hh209
d48,d32_hh101
d48,d100_hh65
d48,d190_hh38
d48,d30_hh132
d48,d191_hh190
d48,d74_hh108
d48,d156_hh151
d48,d125_hh189
d48,d175_hh32
d48,d23_hh236
d48,d111_hh29
d48,d126_hh44
d48,d55_hh190
d48,d65_hh67
d48,d18_hh253
d48,d184_hh210
d48,d66_hh131
d48,d93_hh184
d48,d7_hh124
d48,d62_hh167
d48,d112_hh17
d48,d51_hh186
d48,d16_hh200
d48,d207_hh28
d48,d205_hh217
d48,d29_hh167
d48,d59_hh207
d48,d161_hh229
d48,d65_hh75
d48,d40_hh111
d48,d160_hh211
d48,d32_hh19
d48,d59_hh251
d48,d111_hh29
d48,d164_hh220
d48,d183_hh93
d48,d44_hh170
d48,d44_hh283
d48,d138_hh1
d48,d141_hh235
d48,d111_hh206
d48,d187_hh291
d48,d85_hh218
d48,d61_hh79
d48,d183_hh93
d48,d32_hh101
d48,d41_hh181
d48,d69_hh274
d48,d164_hh249
d48,d205_hh217
d48,d95_hh241
d48,d5_hh117
d48,d191_hh179
d48,d141_hh152
d48,d7_hh240
d48,d184_hh210
d48,d58_hh81
d48,d41_hh53
d48,d141_hh194
d48,d13_hh157
d48,d42_hh165
d48,d131_hh41
d48,d91_hh241
d48,d118_hh88
d48,d69_hh55
d48,d23_hh236
d48,d73_hh7
d48,d5_hh117
d48,d120_hh118
d48,d164_hh78
d48,d33_hh266
d48,d152_hh187
d48,d191_hh190
d48,d50_hh112
d48,d48_hh119
d48,d109_hh209
d48,d65_hh227
d48,d91_hh241
d48,d213_hh238
d48,d114_hh2
d48,d61_hh79
d48,d23_hh236
d48,d88_hh108
d48,d131_hh212
d48,d50_hh195
d48,d110_hh236
d48,d132_hh233
d48,d187_hh32
d48,d202_hh111
d48,d205_hh54
d48,d18_hh91
d48,d11_hh244
d48,d215_hh82
d48,d135_hh57
d48,d117_hh126
d48,d123_hh83
d48,d160_hh232
d48,d119_hh174
d48,d16_hh201
d48,d158_hh85
d48,d179_hh41
d48,d16_hh200
d48,d168_hh265
d48,d162_hh67
d48,d111_hh206
d48,d170_hh228
d48,d55_hh229
d48,d38_hh172
d48,d99_hh38
d48,d156_hh151
d48,d113_hh254
d48,d131_hh212
d48,d61_hh79
d48,d171_hh189
d48,d85_hh218
d48,d7_hh148
d48,d66_hh193
d48,d213_hh238
d48,d74_hh108
d48,d190_hh176
d48,d41_hh72
d48,d134_hh31
d48,d139_hh164
d48,d118_hh188
d48,d69_hh274
d48,d138_hh10
d48,d191_hh30
d48,d114_hh12
d48,d7_hh64
d48,d135_hh226
d47,d84_hh122
d47,d180_hh254
d47,d192_hh68
d47,d167_hh264
d47,d3_hh180
d47,d49_hh257
d47,d167_hh70
d47,d142_hh108
d47,d70_hh76
d47,d108_hh212
d47,d107_hh193
d47,d153_hh96
d47,d196_hh190
d47,d47_hh135
d47,d145_hh175
d47,d45_hh79
d47,d79_hh114
d47,d203_hh189
d47,d192_hh58
d47,d116_hh196
d47,d167_hh264
d47,d157_hh16
d47,d49_hh170
d47,d63_hh83
d47,d108_hh213
d47,d108_hh162
d47,d176_hh85
d47,d148_hh117
d47,d116_hh36
d47,d167_hh264
d47,d79_hh255
d47,d63_hh131
d47,d70_hh171
d47,d153_hh100
d47,d115_hh199
d47,d153_hh100
d47,d107_hh258
d47,d64_hh137
d47,d167_hh264
d47,d79_hh227
d47,d212_hh155
d47,d64_hh137
d47,d142_hh106
d47,d136_hh89
d47,d192_hh68
d47,d8_hh41
d47,d203_hh139
d47,d28_hh35
d47,d103_hh205
d47,d60_hh107
d47,d196_hh215
d47,d167_hh276
d47,d196_hh197
d47,d84_hh161
d47,d203_hh139
d47,d176_hh125
d47,d45_hh79
d47,d9_hh197
d47,d192_hh58
d47,d76_hh193
d47,d63_hh69
d47,d47_hh135
d47,d14_hh75
d47,d212_hh155
d47,d37_hh159
d47,d76_hh187
d47,d60_hh191
d47,d194_hh189
d47,d60_hh107
d47,d108_hh212
d47,d115_hh186
d47,d185_hh143
d47,d70_hh136
d47,d105_hh45
d47,d45_hh79
d47,d153_hh96
d47,d9_hh289
d47,d107_hh103
d47,d94_hh137
d47,d103_hh205
d47,d185_hh143
d47,d3_hh97
d47,d108_hh212
d47,d116_hh118
d47,d188_hh256
d47,d6_hh77
d47,d64_hh137
d47,d145_hh175
d47,d121_hh170
d47,d8_hh149
d47,d203_hh189
d47,d148_hh117
d47,d8_hh41
d47,d116_hh196
d47,d211_hh86
d47,d148_hh104
d47,d136_hh32
d47,d63_hh69
d47,d60_hh108
d47,d157_hh235
d47,d3_hh97
d47,d212_hh252
d47,d9_hh183
d47,d6_hh130
d47,d107_hh23
d47,d49_hh170
d47,d6_hh130
d47,d206_hh279
d47,d79_hh198
d47,d167_hh11
d47,d92_hh115
d47,d27_hh269
d47,d25_hh80
d47,d151_hh203
d47,d176_hh194
d47,d84_hh122
d47,d176_hh220
d47,d136_hh89
d47,d192_hh39
d47,d172_hh180
d47,d84_hh161
d47,d189_hh268
d47,d115_hh124
d47,d103_hh63
d47,d194_hh40
d47,d157_hh222
d47,d136_hh192
d47,d203_hh139
d47,d176_hh92
d47,d194_hh101
d47,d79_hh255
d47,d181_hh17
d47,d203_hh96
d47,d157_hh16
d47,d22_hh176
d47,d9_hh183
d47,d103_hh205
d47,d22_hh176
d47,d9_hh170
d47,d47_hh128
d47,d176_hh125
d47,d3_hh180
d47,d9_hh183
d47,d148_hh104
d47,d6_hh77
d47,d148_hh117
d47,d27_hh269
d47,d47_hh128
d47,d196_hh190
d47,d94_hh253
d47,d153_hh26
d47,d148_hh58
d47,d9_hh236
d47,d8_hh149
d47,d14_hh205
d47,d151_hh203
d47,d3_hh27
d47,d206_hh279
d47,d167_hh276
d47,d144_hh289
d47,d79_hh227
d47,d70_hh171
d47,d176_hh125
d47,d148_hh117
d47,d105_hh45
d47,d157_hh235
d47,d49_hh170
d47,d196_hh197
d47,d142_hh190
d47,d84_hh161
d47,d172_hh18
d47,d14_hh75
d47,d70_hh76
d47,d9_hh289
d47,d176_hh194
d47,d49_hh103
d47,d148_hh117
d47,d203_hh189
d47,d144_hh289
d47,d107_hh103
d47,d107_hh103
d47,d92_hh161
d47,d194_hh189
d47,d22_hh176
d47,d79_hh114
d47,d142_hh190
d47,d203_hh227
d47,d94_hh246
d47,d153_hh100
d47,d37_hh159
d47,d144_hh253
d47,d6_hh155
d47,d79_hh198
d47,d28_hh253
d47,d8_hh41
d47,d206_hh279
d47,d157_hh235
d47,d148_hh247
d47,d9_hh197
d47,d9_hh197
d47,d196_hh139
d47,d84_hh161
d47,d157_hh222
d47,d148_hh104
d47,d86_hh55
d47,d63_hh83
d47,d76_hh193
d47,d176_hh125
d47,d176_hh125
d47,d196_hh215
d47,d145_hh175
d47,d107_hh103
d47,d9_hh236
d47,d192_hh39
d47,d148_hh244
d47,d8_hh105
d47,d6_hh77
d47,d115_hh186
d47,d6_hh77
d47,d8_hh106
d47,d194_hh101
d47,d145_hh175
d47,d142_hh269
d47,d71_hh146
d47,d115_hh176
d47,d189_hh268
d47,d94_hh246
d47,d9_hh170
d47,d148_hh104
d47,d167_hh11
d47,d176_hh92
d47,d142_hh108
d47,d192_hh39
d47,d6_hh155
d47,d94_hh137
d47,d144_hh196
d47,d9_hh236
d47,d148_hh58
d47,d9_hh236
d47,d192_hh68
d47,d22_hh176
d47,d63_hh83
d47,d116_hh196
d47,d189_hh268
d47,d196_hh197
d47,d176_hh194
d47,d153_hh26
d47,d64_hh137
d47,d25_hh157
d47,d63_hh69
d47,d157_hh222
d47,d25_hh157
d47,d3_hh180
d47,d116_hh118
d47,d14_hh67
d47,d153_hh96
d47,d8_hh41
d47,d176_hh85
d47,d3_hh180
d47,d136_hh32
d47,d28_hh40
d47,d76_hh6
d47,d76_hh187
d47,d151_hh215
d47,d148_hh104
d47,d71_hh146
d47,d3_hh180
d47,d47_hh300
d47,d49_hh257
d47,d79_hh114
d47,d151_hh215
d47,d203_hh139
d47,d3_hh35
d47,d148_hh244
d47,d172_hh180
d47,d9_hh170
d47,d176_hh92
d47,d176_hh92
d47,d10_hh167
d47,d194_hh101
d47,d176_hh85
d47,d28_hh40
d47,d94_hh137
d47,d14_hh75
d47,d176_hh125
d47,d103_hh63
d47,d6_hh155
d47,d70_hh172
d47,d25_hh80
d47,d157_hh16
d47,d144_hh289
d47,d185_hh57
d47,d212_hh61
d47,d79_hh114
d47,d60_hh107
d47,d167_hh11
d47,d206_hh279
d47,d176_hh125
d47,d37_hh160
d47,d60_hh108
d47,d148_hh117
d50,d138_hh10
d50,d81_hh14
d50,d78_hh123
d50,d56_hh166
d50,d65_hh75
d50,d118_hh88
d50,d118_hh262
d50,d96_hh8
d50,d207_hh28
d50,d35_hh224
d50,d186_hh175
d50,d120_hh57
d50,d42_hh263
d50,d129_hh94
d50,d11_hh240
d50,d110_hh172
d50,d139_hh164
d50,d143_hh224
d50,d91_hh32
d50,d150_hh168
d50,d93_hh184
d50,d38_hh101
d50,d139_hh164
d50,d11_hh79
d50,d202_hh111
d50,d169_hh115
d50,d126_hh156
d50,d26_hh63
d50,d138_hh1
d50,d13_hh157
d50,d160_hh97
d50,d50_hh195
d50,d204_hh173
d50,d169_hh247
d50,d44_hh65
d50,d16_hh177
d50,d122_hh210
d50,d125_hh189
d50,d73_hh33
d50,d32_hh151
d50,d125_hh167
d50,d56_hh175
d50,d149_hh237
d50,d128_hh184
d50,d78_hh123
d50,d208_hh137
d50,d122_hh271
d50,d135_hh57
d50,d124_hh126
d50,d122_hh210
d50,d55_hh246
d50,d82_hh41
d50,d169_hh115
d50,d73_hh151
d50,d56_hh63
d50,d38_hh172
d50,d78_hh123
d50,d88_hh118
d50,d1_hh15
d50,d120_hh272
d50,d44_hh127
d50,d91_hh113
d50,d191_hh179
d50,d190_hh38
d50,d193_hh61
d50,d131_hh14
d50,d124_hh167
d50,d40_hh111
d50,d191_hh275
d50,d131_hh41
d50,d11_hh214
d50,d81_hh14
d50,d33_hh64
d50,d51_hh49
d50,d53_hh23
d50,d112_hh177
d50,d154_hh132
d50,d128_hh180
d50,d18_hh253
d50,d44_hh35
d50,d141_hh6
d50,d119_hh107
d50,d50_hh195
d50,d193_hh67
d50,d59_hh251
d50,d74_hh109
d50,d191_hh30
d50,d73_hh151
d50,d170_hh273
d50,d111_hh29
d50,d112_hh177
d50,d20_hh44
d50,d161_hh250
d50,d88_hh108
d50,d69_hh55
d50,d213_hh238
d50,d74_hh109
d50,d184_hh206
d50,d204_hh173
d50,d146_hh114
d50,d174_hh6
d50,d20_hh48
d50,d77_hh156
d50,d77_hh83
d50,d61_hh246
d50,d85_hh104
d50,d30_hh44
d50,d77_hh83
d50,d183_hh93
d50,d82_hh41
d50,d33_hh266
d50,d58_hh81
d50,d195_hh31
d50,d18_hh6
d50,d82_hh115
d50,d168_hh265
d50,d190_hh38
d50,d87_hh32
d50,d20_hh44
d50,d36_hh69
d50,d139_hh164
d50,d131_hh14
d50,d120_hh268
d50,d205_hh54
d50,d179_hh28
d50,d156_hh181
d50,d87_hh38
d50,d150_hh168
d50,d155_hh206
d50,d150_hh8
d50,d91_hh79
d50,d131_hh204
d50,d62_hh18
d50,d88_hh3
d50,d55_hh12
d50,d73_hh151
d50,d156_hh19
d50,d40_hh111
d50,d160_hh211
d50,d65_hh115
d50,d24_hh177
d50,d44_hh35
d50,d73_hh153
d50,d131_hh212
d50,d118_hh188
d50,d38_hh101
d50,d214_hh252
d50,d195_hh31
d50,d7_hh148
d50,d69_hh274
d50,d53_hh23
d50,d56_hh177
d50,d77_hh40
d50,d44_hh127
d50,d13_hh157
d50,d120_hh118
d50,d128_hh180
d50,d46_hh228
d50,d7_hh64
d50,d205_hh54
d50,d33_hh266
d50,d51_hh186
d50,d53_hh23
d50,d73_hh153
d50,d143_hh224
d50,d120_hh45
d50,d138_hh10
d50,d125_hh236
d50,d66_hh131
d50,d73_hh84
d50,d112_hh221
d50,d44_hh187
d50,d88_hh235
d50,d183_hh93
d50,d125_hh189
d50,d53_hh249
d50,d41_hh53
d50,d205_hh217
d50,d120_hh45
d50,d35_hh224
d50,d24_hh177
d50,d139_hh251
d50,d15_hh188
d50,d132_hh233
d50,d195_hh52
d50,d39_hh55
d50,d51_hh37
d50,d44_hh163
d50,d44_hh163
d50,d138_hh10
d50,d183_hh93
d50,d34_hh12
d50,d56_hh175
d50,d81_hh14
d50,d53_hh23
d50,d164_hh78
d50,d11_hh244
d50,d134_hh166
d50,d13_hh239
d50,d82_hh256
d50,d215_hh82
d50,d164_hh78
d50,d82_hh41
d50,d15_hh188
d50,d179_hh28
d50,d87_hh38
d50,d168_hh30
d50,d112_hh177
d50,d152_hh175
d50,d109_hh209
d50,d163_hh44
d50,d190_hh38
d50,d191_hh30
d50,d7_hh124
d50,d161_hh238
d50,d134_hh166
d50,d123_hh83
d50,d156_hh153
d50,d82_hh231
d50,d56_hh175
d50,d200_hh51
d50,d23_hh236
d50,d122_hh271
d50,d130_hh277
d50,d56_hh123
d50,d93_hh66
d50,d122_hh112
d50,d162_hh113
d50,d125_hh248
d50,d149_hh61
d50,d5_hh117
d50,d190_hh176
d50,d135_hh57
d50,d125_hh189
d50,d15_hh188
d50,d215_hh157
d50,d51_hh49
d50,d179_hh267
d50,d32_hh101
d50,d129_hh94
d50,d18_hh91
d50,d59_hh251
d50,d35_hh211
d50,d44_hh35
d50,d158_hh34
d50,d58_hh81
d50,d143_hh224
d50,d117_hh126
d50,d7_hh240
d50,d128_hh297
d50,d175_hh239
d50,d190_hh182
d50,d195_hh97
d50,d163_hh242
d50,d214_hh184
d50,d149_hh61
d50,d74_hh108
d50,d190_hh32
d50,d23_hh236
d50,d16_hh177
d50,d190_hh182
d50,d205_hh73
d50,d7_hh87
d50,d99_hh38
d50,d55_hh190
d50,d20_hh48
d50,d208_hh2
d50,d46_hh57
d50,d82_hh231
d50,d118_hh262
d50,d58_hh108
d50,d117_hh245
d50,d106_hh24
d50,d137_hh109
d50,d97_hh75
d50,d69_hh222
d50,d139_hh251
d50,d101_hh182
d50,d214_hh184
d50,d65_hh67
d50,d170_hh63
d51,d62_hh167
d51,d135_hh191
d51,d91_hh32
d51,d184_hh11
d51,d46_hh57
d51,d33_hh266
d51,d128_hh278
d51,d164_hh78
d51,d88_hh108
d51,d207_hh28
d51,d187_hh291
d51,d214_hh171
d51,d129_hh94
d51,d11_hh132
d51,d215_hh157
d51,d134_hh31
d51,d91_hh79
d51,d42_hh251
d51,d124_hh126
d51,d7_hh148
d51,d141_hh194
d51,d124_hh126
d51,d141_hh235
d51,d135_hh78
d51,d51_hh186
d51,d7_hh155
d51,d165_hh274
d51,d117_hh245
d51,d87_hh38
d51,d50_hh195
d51,d13_hh239
d51,d187_hh16
d51,d215_hh157
d51,d59_hh251
d51,d170_hh63
d51,d51_hh49
d51,d18_hh80
d51,d13_hh239
d51,d74_hh11
d51,d50_hh90
d51,d73_hh33
d51,d110_hh172
d51,d118_hh262
d51,d73_hh151
d51,d210_hh267
d51,d59_hh132
d51,d134_hh156
d51,d175_hh32
d51,d101_hh186
d51,d40_hh111
d51,d200_hh227
d51,d75_hh15
d51,d82_hh256
d51,d184_hh11
d51,d26_hh63
d51,d160_hh232
d51,d88_hh191
d51,d38_hh101
d51,d7_hh240
d51,d187_hh30
d51,d11_hh240
d51,d168_hh34
d51,d137_hh216
d51,d91_hh79
d51,d125_hh189
d51,d129_hh94
d51,d210_hh267
d51,d124_hh126
d51,d135_hh216
d51,d91_hh100
d51,d160_hh38
d51,d83_hh67
d51,d117_hh245
d51,d43_hh67
d51,d106_hh24
d51,d186_hh175
d51,d66_hh179
d51,d73_hh84
d51,d18_hh80
d51,d91_hh100
d51,d207_hh28
d51,d7_hh64
d51,d141_hh235
d51,d61_hh246
d51,d178_hh263
d51,d90_hh214
d51,d215_hh82
d51,d190_hh173
d51,d141_hh209
d51,d69_hh55
d51,d69_hh274
d51,d81_hh14
d51,d51_hh37
d51,d127_hh69
d51,d162_hh67
d51,d163_hh115
d51,d126_hh44
d51,d85_hh218
d51,d93_hh80
d51,d119_hh174
d51,d43_hh67
d51,d11_hh244
d51,d139_hh164
d51,d51_hh177
d51,d56_hh166
d51,d183_hh93
d51,d128_hh297
d51,d141_hh209
d51,d32_hh136
d51,d87_hh32
d51,d81_hh14
d51,d18_hh80
d51,d81_hh81
d51,d149_hh237
d51,d117_hh126
d51,d135_hh78
d51,d160_hh104
d51,d74_hh212
d51,d214_hh166
d51,d110_hh201
d51,d214_hh184
d51,d56_hh63
d51,d135_hh57
d51,d162_hh67
d51,d175_hh181
d51,d16_hh200
d51,d55_hh12
d51,d111_hh29
d51,d169_hh115
d51,d193_hh61
d51,d168_hh34
d51,d195_hh97
d51,d210_hh262
d51,d160_hh104
d51,d214_hh184
d51,d50_hh90
d51,d72_hh77
d51,d15_hh97
d51,d118_hh88
d51,d155_hh206
d51,d80_hh6
d51,d56_hh89
d51,d207_hh28
d51,d190_hh182
d51,d162_hh67
d51,d178_hh263
d51,d119_hh50
d51,d124_hh126
d51,d53_hh249
d51,d124_hh125
d51,d82_hh41
d51,d191_hh30
d51,d160_hh59
d51,d156_hh19
d51,d137_hh201
d51,d154_hh157
d51,d191_hh12
d51,d125_hh189
d51,d62_hh18
d51,d56_hh166
d51,d215_hh82
d51,d42_hh165
d51,d124_hh118
d51,d149_hh30
d51,d72_hh77
d51,d175_hh181
d51,d124_hh125
d51,d50_hh90
d51,d119_hh50
d51,d169_hh115
d51,d5_hh117
d51,d32_hh136
d51,d48_hh176
d51,d120_hh272
d51,d112_hh31
d51,d191_hh275
d51,d170_hh63
d51,d191_hh190
d51,d135_hh226
d51,d112_hh176
d51,d161_hh250
d51,d131_hh14
d51,d82_hh231
d51,d1_hh15
d51,d16_hh177
d51,d186_hh175
d51,d134_hh156
d51,d113_hh254
d51,d141_hh6
d51,d208_hh221
d51,d164_hh220
d51,d191_hh30
d51,d195_hh31
d51,d62_hh18
d51,d179_hh267
d51,d209_hh40
d51,d178_hh263
d51,d131_hh204
d51,d82_hh231
d51,d198_hh40
d51,d91_hh32
d51,d179_hh28
d51,d128_hh184
d51,d4_hh212
d51,d73_hh33
d51,d7_hh124
d51,d44_hh127
d51,d73_hh197
d51,d109_hh168
d51,d126_hh233
d51,d55_hh226
d51,d125_hh189
d51,d191_hh275
d51,d110_hh172
d51,d164_hh78
d51,d7_hh240
d51,d128_hh184
d51,d91_hh32
d51,d137_hh109
d51,d193_hh67
d51,d91_hh241
d51,d78_hh123
d51,d120_hh272
d51,d198_hh78
d51,d59_hh98
d51,d32_hh151
d51,d82_hh256
d51,d114_hh2
d51,d66_hh193
d51,d134_hh76
d51,d26_hh63
d51,d170_hh273
d51,d210_hh267
d51,d15_hh188
d51,d59_hh162
d51,d200_hh227
d51,d168_hh30
d51,d156_hh181
d51,d137_hh201
d51,d65_hh67
d51,d158_hh85
d51,d139_hh164
d51,d168_hh265
d51,d161_hh110
d51,d48_hh119
d51,d61_hh79
d51,d170_hh63
d51,d44_hh170
d51,d21_hh25
d51,d35_hh224
d51,d50_hh195
d51,d184_hh210
d51,d187_hh16
d51,d130_hh277
d51,d190_hh173
d51,d200_hh51
d51,d156_hh218
d51,d168_hh265
d51,d104_hh7
d51,d48_hh176
d51,d5_hh117
d51,d32_hh19
d51,d207_hh28
d51,d191_hh179
d51,d11_hh244
d51,d93_hh184
d51,d59_hh98
d51,d160_hh97
d51,d44_hh35
d51,d88_hh3
d51,d137_hh201
d51,d66_hh193
d51,d35_hh104
d51,d168_hh265
d51,d41_hh181
d51,d215_hh157
d51,d114_hh12
d51,d99_hh38
d51,d210_hh267
d51,d120_hh118
d51,d165_hh274
d51,d41_hh74
d51,d66_hh131
d51,d143_hh82
d51,d134_hh76
d51,d164_hh78
d51,d190_hh38
d51,d122_hh181
d51,d156_hh153
d51,d44_hh35
d51,d13_hh239
d51,d67_hh63
d51,d16_hh75
d51,d36_hh69
d51,d215_hh157
d51,d156_hh153
d52,d91_hh100
d52,d200_hh51
d52,d50_hh195
d52,d118_hh88
d52,d129_hh106
d52,d209_hh40
d52,d93_hh184
d52,d122_hh112
d52,d77_hh156
d52,d11_hh240
d52,d102_hh284
d52,d99_hh38
d52,d183_hh237
d52,d93_hh80
d52,d179_hh41
d52,d93_hh184
d52,d147_hh167
d52,d50_hh195
d52,d154_hh132
d52,d114_hh2
d52,d120_hh57
d52,d51_hh285
d52,d11_hh244
d52,d128_hh273
d52,d62_hh167
d52,d88_hh3
d52,d149_hh237
d52,d51_hh37
d52,d174_hh97
d52,d168_hh30
d52,d87_hh32
d52,d190_hh106
d52,d131_hh212
d52,d214_hh184
d52,d55_hh12
d52,d214_hh252
d52,d56_hh177
d52,d112_hh17
d52,d191_hh179
d52,d112_hh221
d52,d58_hh108
d52,d7_hh87
d52,d4_hh212
d52,d100_hh65
d52,d112_hh155
d52,d214_hh166
d52,d29_hh167
d52,d202_hh222
d52,d190_hh182
d52,d88_hh118
d52,d33_hh266
d52,d66_hh179
d52,d141_hh6
d52,d141_hh6
d52,d82_hh115
d52,d66_hh193
d52,d24_hh177
d52,d131_hh212
d52,d11_hh26
d52,d41_hh181
d52,d33_hh266
d52,d32_hh136
d52,d59_hh251
d52,d175_hh239
d52,d62_hh167
d52,d46_hh228
d52,d134_hh7
d52,d30_hh132
d52,d74_hh108
d52,d59_hh162
d52,d51_hh177
d52,d91_hh32
d52,d190_hh32
d52,d149_hh30
d52,d191_hh190
d52,d154_hh157
d52,d13_hh157
d52,d97_hh20
d52,d139_hh27
d52,d174_hh6
d52,d161_hh250
d52,d43_hh67
d52,d131_hh212
d52,d32_hh136
d52,d56_hh177
d52,d141_hh235
d52,d190_hh176
d52,d55_hh226
d52,d42_hh251
d52,d32_hh203
d52,d131_hh41
d52,d128_hh297
d52,d118_hh88
d52,d124_hh125
d52,d90_hh214
d52,d55_hh229
d52,d126_hh156
d52,d141_hh235
d52,d69_hh209
d52,d11_hh79
d52,d146_hh114
d52,d127_hh69
d52,d131_hh212
d52,d74_hh108
d52,d214_hh20
d52,d42_hh263
d52,d5_hh117
d52,d21_hh25
d52,d7_hh148
d52,d110_hh201
d52,d161_hh250
d52,d164_hh78
d52,d7_hh64
d52,d128_hh273
d52,d124_hh126
d52,d214_hh171
d52,d128_hh297
d52,d187_hh30
d52,d55_hh12
d52,d32_hh101
d52,d160_hh179
d52,d13_hh157
d52,d34_hh166
d52,d122_hh181
d52,d85_hh218
d52,d56_hh63
d52,d35_hh211
d52,d11_hh244
d52,d131_hh212
d52,d195_hh52
d52,d30_hh132
d52,d179_hh41
d52,d66_hh179
d52,d77_hh83
d52,d11_hh240
d52,d66_hh131
d52,d150_hh8
d52,d35_hh211
d52,d11_hh240
d52,d111_hh29
d52,d149_hh237
d52,d178_hh263
d52,d39_hh96
d52,d43_hh27
d52,d65_hh115
d52,d59_hh251
d52,d156_hh218
d52,d160_hh104
d52,d130_hh273
d52,d41_hh72
d52,d114_hh2
d52,d69_hh13
d52,d58_hh81
d52,d125_hh189
d52,d65_hh115
d52,d78_hh234
d52,d164_hh78
d52,d161_hh250
d52,d209_hh40
d52,d44_hh170
d52,d109_hh209
d52,d118_hh175
d52,d73_hh197
d52,d35_hh211
d52,d170_hh273
d52,d73_hh33
d52,d112_hh176
d52,d72_hh77
d52,d35_hh211
d52,d77_hh156
d52,d118_hh88
d52,d160_hh179
d52,d120_hh272
d52,d156_hh151
d52,d32_hh101
d52,d13_hh157
d52,d109_hh209
d52,d33_hh64
d52,d91_hh98
d52,d205_hh217
d52,d53_hh23
d52,d137_hh109
d52,d190_hh38
d52,d117_hh126
d52,d15_hh97
d52,d109_hh209
d52,d204_hh173
d52,d40_hh7
d52,d97_hh75
d52,d73_hh153
d52,d204_hh231
d52,d46_hh57
d52,d32_hh136
d52,d51_hh49
d52,d118_hh88
d52,d44_hh283
d52,d44_hh35
d52,d11_hh26
d52,d106_hh24
d52,d42_hh165
d52,d118_hh262
d52,d39_hh55
d52,d59_hh207
d52,d123_hh83
d52,d74_hh11
d52,d208_hh221
d52,d44_hh170
d52,d139_hh164
d52,d209_hh40
d52,d82_hh41
d52,d150_hh168
d52,d78_hh123
d52,d170_hh228
d52,d69_hh222
d52,d161_hh110
d52,d112_hh17
d52,d82_hh115
d52,d131_hh14
d52,d134_hh118
d52,d67_hh63
d52,d32_hh151
d52,d120_hh118
d52,d132_hh233
d52,d93_hh184
d52,d215_hh157
d52,d158_hh34
d52,d88_hh235
d52,d156_hh153
d52,d44_hh127
d52,d41_hh181
d52,d135_hh216
d52,d93_hh184
d52,d69_hh222
d52,d91_hh32
d52,d91_hh32
d52,d78_hh123
d52,d214_hh166
d52,d88_hh108
d52,d149_hh30
d52,d33_hh64
d52,d129_hh94
d52,d124_hh223
d52,d90_hh214
d52,d90_hh214
d52,d210_hh87
d52,d118_hh262
d52,d97_hh20
d52,d99_hh38
d53,d13_hh263
d53,d150_hh168
d53,d139_hh27
d53,d131_hh212
d53,d205_hh217
d53,d77_hh156
d53,d91_hh32
d53,d204_hh231
d53,d161_hh238
d53,d134_hh118
d53,d137_hh216
d53,d93_hh66
d53,d15_hh97
d53,d131_hh14
d53,d205_hh54
d53,d214_hh184
d53,d2_hh232
d53,d39_hh96
d53,d169_hh148
d53,d67_hh63
d53,d195_hh52
d53,d154_hh132
d53,d66_hh193
d53,d119_hh174
d53,d146_hh114
d53,d7_hh124
d53,d16_hh218
d53,d158_hh49
d53,d51_hh285
d53,d187_hh32
d53,d128_hh180
d53,d18_hh253
d53,d195_hh52
d53,d179_hh41
d53,d44_hh187
d53,d81_hh14
d53,d65_hh227
d53,d7_hh124
d53,d149_hh61
d53,d128_hh278
d53,d100_hh164
d53,d184_hh210
d53,d162_hh113
d53,d175_hh32
d53,d190_hh38
d53,d190_hh38
d53,d155_hh206
d53,d46_hh57
d53,d160_hh59
d53,d128_hh43
d53,d18_hh6
d53,d78_hh234
d53,d134_hh166
d53,d74_hh109
d53,d83_hh67
d53,d164_hh249
d53,d191_hh190
d53,d135_hh219
d53,d187_hh291
d53,d5_hh117
d53,d163_hh44
d53,d114_hh2
d53,d149_hh61
d53,d208_hh137
d53,d135_hh57
d53,d208_hh221
d53,d67_hh63
d53,d93_hh66
d53,d91_hh32
d53,d16_hh201
d53,d164_hh220
d53,d130_hh277
d53,d82_hh115
d53,d126_hh156
d53,d160_hh104
d53,d85_hh214
d53,d36_hh69
d53,d129_hh209
d53,d119_hh107
d53,d170_hh273
d53,d164_hh249
d53,d141_hh235
d53,d58_hh108
d53,d32_hh203
d53,d139_hh27
d53,d179_hh41
d53,d32_hh101
d53,d44_hh170
d53,d179_hh267
d53,d190_hh38
d53,d163_hh115
d53,d178_hh263
d53,d91_hh32
d53,d88_hh191
d53,d66_hh154
d53,d137_hh216
d53,d18_hh91
d53,d38_hh172
d53,d15_hh188
d53,d44_hh163
d53,d91_hh79
d53,d110_hh117
d53,d134_hh156
d53,d135_hh78
d53,d191_hh275
d53,d170_hh273
d53,d109_hh168
d53,d120_hh272
d53,d123_hh83
d53,d124_hh126
d53,d122_hh112
d53,d97_hh20
d53,d11_hh244
d53,d205_hh54
d53,d193_hh61
d53,d130_hh273
d53,d125_hh189
d53,d41_hh254
d53,d130_hh277
d53,d78_hh123
d53,d154_hh132
d53,d50_hh195
d53,d62_hh167
d53,d24_hh177
d53,d114_hh2
d53,d200_hh51
d53,d13_hh263
d53,d87_hh32
d53,d175_hh181
d53,d179_hh242
d53,d33_hh266
d53,d15_hh97
d53,d140_hh260
d53,d160_hh211
d53,d112_hh17
d53,d73_hh153
d53,d179_hh28
d53,d150_hh168
d53,d7_hh64
d53,d205_hh217
d53,d131_hh41
d53,d130_hh273
d53,d214_hh252
d53,d99_hh38
d53,d214_hh20
d53,d66_hh154
d53,d134_hh31
d53,d7_hh124
d53,d162_hh67
d53,d55_hh131
d53,d214_hh171
d53,d44_hh163
d53,d55_hh12
d53,d65_hh115
d53,d110_hh172
d53,d106_hh24
d53,d161_hh110
d53,d82_hh256
d53,d66_hh13
d53,d164_hh249
d53,d41_hh181
d53,d74_hh212
d53,d150_hh168
d53,d67_hh63
d53,d91_hh113
d53,d69_hh209
d53,d88_hh191
d53,d140_hh260
d53,d51_hh37
d53,d69_hh55
d53,d69_hh55
d53,d40_hh111
d53,d190_hh32
d53,d42_hh251
d53,d99_hh230
d53,d78_hh234
d53,d82_hh256
d53,d69_hh209
d53,d174_hh97
d53,d56_hh177
d53,d38_hh101
d53,d126_hh156
d53,d118_hh262
d53,d81_hh81
d53,d128_hh180
d53,d11_hh240
d53,d168_hh30
d53,d200_hh227
d53,d131_hh212
d53,d42_hh38
d53,d55_hh232
d53,d35_hh104
d53,d131_hh212
d53,d125_hh167
d53,d187_hh291
d53,d143_hh224
d53,d11_hh240
d53,d11_hh244
d53,d187_hh32
d53,d20_hh48
d53,d125_hh189
d53,d214_hh252
d53,d72_hh77
d53,d193_hh67
d53,d170_hh228
d53,d88_hh3
d53,d74_hh108
d53,d77_hh40
d53,d198_hh40
d53,d161_hh110
d53,d35_hh104
d53,d66_hh13
d53,d171_hh189
d53,d119_hh107
d53,d124_hh118
d53,d96_hh8
d53,d131_hh14
d53,d170_hh228
d53,d16_hh201
d53,d131_hh212
d53,d141_hh194
d53,d174_hh97
d53,d202_hh222
d53,d73_hh197
d53,d120_hh268
d53,d155_hh206
d53,d33_hh64
d53,d72_hh77
d53,d35_hh224
d53,d170_hh273
d53,d39_hh55
d53,d156_hh19
d53,d130_hh277
d53,d164_hh249
d53,d146_hh114
d53,d41_hh254
d53,d69_hh13
d53,d29_hh167
d53,d73_hh153
d53,d32_hh19
d53,d109_hh168
d53,d215_hh82
d53,d61_hh79
d53,d205_hh54
d53,d42_hh263
d53,d32_hh136
d53,d48_hh176
d53,d179_hh41
d53,d48_hh119
d53,d156_hh181
d53,d168_hh265
d53,d20_hh44
d53,d190_hh173
d53,d56_hh177
d53,d184_hh11
d53,d85_hh214
d53,d77_hh156
d53,d91_hh241
d53,d99_hh38
d53,d19_hh147
d53,d163_hh115
d53,d48_hh119
d53,d214_hh184
d53,d88_hh235
d53,d18_hh253
d53,d118_hh88
d53,d111_hh206
d53,d141_hh6
d53,d88_hh108
d53,d160_hh211
d53,d51_hh285
d53,d33_hh64
d53,d163_hh115
d53,d214_hh166
d53,d126_hh44
d53,d140_hh195
d53,d174_hh85
d53,d214_hh20
d53,d44_hh163
d53,d51_hh285
d53,d24_hh177
d53,d126_hh156
d53,d128_hh184
d53,d16_hh218
d53,d120_hh272
d53,d88_hh3
d53,d141_hh6
d53,d81_hh14
d54,d164_hh220
d54,d202_hh222
d54,d93_hh66
d54,d42_hh165
d54,d191_hh12
d54,d100_hh65
d54,d102_hh228
d54,d7_hh155
d54,d69_hh13
d54,d202_hh111
d54,d44_hh170
d54,d126_hh156
d54,d163_hh115
d54,d82_hh231
d54,d119_hh107
d54,d73_hh197
d54,d88_hh267
d54,d168_hh265
d54,d150_hh253
d54,d50_hh90
d54,d51_hh37
d54,d130_hh277
d54,d160_hh211
d54,d158_hh146
d54,d42_hh165
d54,d128_hh273
d54,d160_hh104
d54,d46_hh228
d54,d26_hh63
d54,d73_hh33
d54,d152_hh187
d54,d208_hh221
d54,d35_hh104
d54,d124_hh118
d54,d160_hh179
d54,d170_hh63
d54,d31_hh135
d54,d137_hh201
d54,d169_hh148
d54,d61_hh79
d54,d125_hh189
d54,d93_hh184
d54,d214_hh20
d54,d78_hh123
d54,d149_hh61
d54,d169_hh148
d54,d210_hh87
d54,d42_hh165
d54,d85_hh218
d54,d183_hh237
d54,d73_hh7
d54,d213_hh238
d54,d4_hh212
d54,d32_hh19
d54,d214_hh184
d54,d137_hh216
d54,d44_hh127
d54,d130_hh177
d54,d55_hh226
d54,d44_hh163
d54,d81_hh14
d54,d117_hh245
d54,d122_hh112
d54,d41_hh72
d54,d101_hh186
d54,d72_hh77
d54,d18_hh80
d54,d175_hh181
d54,d99_hh230
d54,d44_hh35
d54,d174_hh6
d54,d88_hh108
d54,d73_hh153
d54,d128_hh180
d54,d7_hh155
d54,d48_hh119
d54,d32_hh60
d54,d91_hh32
d54,d59_hh132
d54,d101_hh186
d54,d169_hh115
d54,d56_hh166
d54,d210_hh267
d54,d93_hh66
d54,d33_hh64
d54,d59_hh251
d54,d117_hh245
d54,d141_hh209
d54,d158_hh85
d54,d73_hh151
d54,d74_hh108
d54,d58_hh108
d54,d16_hh75
d54,d81_hh81
d54,d150_hh168
d54,d125_hh189
d54,d204_hh158
d54,d30_hh132
d54,d34_hh12
d54,d113_hh254
d54,d137_hh109
d54,d33_hh64
d54,d208_hh137
d54,d32_hh19
d54,d168_hh34
d54,d213_hh238
d54,d66_hh13
d54,d198_hh40
d54,d198_hh40
d54,d191_hh12
d54,d18_hh80
d54,d195_hh31
d54,d214_hh166
d54,d30_hh132
d54,d93_hh66
d54,d168_hh30
d54,d73_hh197
d54,d160_hh211
d54,d43_hh27
d54,d30_hh44
d54,d149_hh237
d54,d33_hh64
d54,d154_hh132
d54,d119_hh174
d54,d120_hh268
d54,d119_hh174
d54,d200_hh227
d54,d48_hh119
d54,d41_hh53
d54,d130_hh277
d54,d135_hh191
d54,d149_hh237
d54,d131_hh14
d54,d36_hh69
d54,d128_hh184
d54,d88_hh108
d54,d5_hh117
d54,d50_hh90
d54,d160_hh97
d54,d56_hh123
d54,d168_hh30
d54,d42_hh165
d54,d81_hh87
d54,d195_hh97
d54,d204_hh173
d54,d150_hh253
d54,d55_hh246
d54,d113_hh254
d54,d165_hh274
d54,d162_hh113
d54,d50_hh195
d54,d128_hh180
d54,d191_hh179
d54,d32_hh19
d54,d156_hh218
d54,d7_hh124
d54,d44_hh127
d54,d93_hh80
d54,d164_hh78
d54,d106_hh24
d54,d202_hh222
d54,d51_hh49
d54,d155_hh206
d54,d87_hh38
d54,d175_hh181
d54,d7_hh64
d54,d11_hh132
d54,d36_hh69
d54,d143_hh82
d54,d50_hh195
d54,d97_hh75
d54,d170_hh228
d54,d69_hh222
d54,d130_hh277
d54,d44_hh283
d54,d97_hh20
d54,d204_hh158
d54,d139_hh27
d54,d168_hh30
d54,d138_hh1
d54,d186_hh175
d54,d11_hh240
d54,d41_hh72
d54,d4_hh212
d54,d97_hh75
d54,d131_hh212
d54,d165_hh274
d54,d40_hh111
d54,d135_hh219
d54,d179_hh267
d54,d99_hh230
d54,d164_hh78
d54,d59_hh132
d54,d110_hh172
d54,d32_hh101
d54,d69_hh222
d54,d191_hh30
d54,d51_hh37
d54,d146_hh114
d54,d16_hh218
d54,d141_hh6
d54,d40_hh7
d54,d41_hh254
d54,d30_hh132
d54,d11_hh26
d54,d125_hh248
d54,d160_hh211
d54,d119_hh174
d54,d32_hh151
d54,d91_hh113
d54,d44_hh163
d54,d11_hh79
d54,d41_hh53
d54,d135_hh57
d54,d38_hh172
d54,d85_hh218
d54,d125_hh167
d54,d85_hh104
d54,d74_hh108
d54,d131_hh14
d54,d40_hh111
d54,d111_hh206
d54,d170_hh228
d54,d44_hh283
d54,d90_hh214
d54,d191_hh12
d54,d119_hh174
d54,d150_hh8
d54,d34_hh166
d54,d73_hh151
d54,d1_hh15
d54,d30_hh132
d54,d82_hh256
d54,d150_hh8
d54,d72_hh77
d54,d193_hh67
d54,d205_hh217
d54,d141_hh235
d54,d198_hh40
d54,d214_hh252
d54,d134_hh156
d54,d106_hh24
d54,d102_hh284
d54,d131_hh14
d54,d4_hh212
d54,d131_hh212
d54,d53_hh23
d54,d4_hh212
d54,d44_hh65
d54,d191_hh30
d33,d38_hh95
d33,d33_hh64
d33,d46_hh57
d33,d99_hh38
d33,d140_hh195
d33,d195_hh52
d33,d129_hh94
d33,d191_hh179
d33,d124_hh118
d33,d85_hh214
d33,d161_hh238
d33,d139_hh27
d33,d41_hh254
d33,d55_hh12
d33,d118_hh175
d33,d124_hh223
d33,d55_hh246
d33,d38_hh172
d33,d109_hh168
d33,d106_hh24
d33,d110_hh117
d33,d29_hh167
d33,d174_hh85
d33,d165_hh274
d33,d42_hh263
d33,d38_hh101
d33,d120_hh45
d33,d169_hh148
d33,d85_hh218
d33,d87_hh38
d33,d18_hh91
d33,d23_hh236
d33,d160_hh232
d33,d1_hh15
d33,d38_hh101
d33,d135_hh57
d33,d55_hh190
d33,d33_hh266
d33,d100_hh164
d33,d62_hh18
d33,d127_hh69
d33,d128_hh184
d33,d132_hh233
d33,d184_hh210
d33,d214_hh20
d33,d55_hh131
d33,d150_hh253
d33,d158_hh85
d33,d41_hh72
d33,d38_hh101
d33,d82_hh41
d33,d39_hh96
d33,d132_hh233
d33,d138_hh1
d33,d41_hh254
d33,d174_hh6
d33,d122_hh210
d33,d82_hh256
d33,d191_hh12
d33,d149_hh61
d33,d88_hh108
d33,d7_hh240
d33,d78_hh234
d33,d200_hh51
d33,d88_hh108
d33,d51_hh285
d33,d134_hh31
d33,d150_hh168
d33,d118_hh88
d33,d32_hh136
d33,d134_hh166
d33,d137_hh109
d33,d161_hh110
d33,d141_hh235
d33,d91_hh241
d33,d149_hh30
d33,d74_hh109
d33,d156_hh153
d33,d118_hh262
d33,d160_hh59
d33,d119_hh107
d33,d35_hh104
d33,d66_hh13
d33,d160_hh104
d33,d55_hh246
d33,d88_hh118
d33,d18_hh253
d33,d85_hh218
d33,d74_hh11
d33,d72_hh77
d33,d51_hh285
d33,d122_hh112
d33,d124_hh167
d33,d163_hh242
d33,d187_hh30
d33,d38_hh49
d33,d164_hh78
d33,d46_hh228
d33,d53_hh23
d33,d160_hh179
d33,d125_hh236
d33,d109_hh209
d33,d16_hh177
d33,d123_hh83
d33,d215_hh157
d33,d83_hh67
d33,d137_hh216
d33,d11_hh240
d33,d13_hh157
d33,d156_hh19
d33,d93_hh184
d33,d187_hh16
d33,d51_hh186
d33,d82_hh41
d33,d160_hh179
d33,d65_hh115
d33,d53_hh249
d33,d16_hh201
d33,d179_hh41
d33,d118_hh88
d33,d55_hh131
d33,d214_hh171
d33,d91_hh100
d33,d83_hh79
d33,d208_hh137
d33,d179_hh41
d33,d11_hh244
d33,d214_hh20
d33,d41_hh254
d33,d59_hh207
d33,d15_hh188
d33,d41_hh53
d33,d207_hh28
d33,d135_hh78
d33,d135_hh216
d33,d91_hh241
d33,d214_hh252
d33,d214_hh184
d33,d55_hh232
d33,d140_hh195
d33,d120_hh118
d33,d43_hh67
d33,d135_hh191
d33,d91_hh113
d33,d87_hh38
d33,d4_hh212
d33,d41_hh181
d33,d50_hh112
d33,d129_hh94
d33,d38_hh172
d33,d124_hh223
d33,d55_hh229
d33,d16_hh201
d33,d119_hh50
d33,d44_hh170
d33,d39_hh96
d33,d23_hh236
d33,d83_hh79
d33,d215_hh157
d33,d125_hh248
d33,d179_hh28
d33,d150_hh8
d33,d156_hh218
d33,d134_hh118
d33,d82_hh115
d33,d122_hh271
d33,d165_hh274
d33,d160_hh179
d33,d55_hh131
d33,d73_hh33
d33,d110_hh201
d33,d126_hh156
d33,d82_hh231
d33,d69_hh209
d33,d51_hh49
d33,d93_hh66
d33,d156_hh181
d33,d109_hh209
d33,d130_hh277
d33,d40_hh7
d33,d30_hh132
d33,d138_hh10
d33,d11_hh240
d33,d118_hh88
d33,d118_hh175
d33,d202_hh111
d33,d11_hh79
d33,d35_hh224
d33,d110_hh117
d33,d200_hh227
d33,d55_hh229
d33,d191_hh179
d33,d139_hh27
d33,d56_hh175
d33,d46_hh57
d33,d183_hh93
d33,d190_hh176
d33,d140_hh195
d33,d1_hh15
d33,d129_hh94
d33,d73_hh153
d33,d11_hh244
d33,d56_hh177
d33,d114_hh12
d33,d214_hh166
d33,d205_hh54
d33,d81_hh14
d33,d51_hh177
d33,d4_hh212
d33,d73_hh84
d33,d175_hh239
d33,d168_hh34
d33,d61_hh79
d33,d82_hh231
d33,d184_hh11
d33,d38_hh49
d33,d161_hh250
d33,d152_hh187
d33,d51_hh49
d33,d123_hh83
d33,d18_hh80
d33,d11_hh244
d33,d5_hh117
d33,d131_hh212
d33,d154_hh132
d33,d119_hh50
d33,d69_hh55
d33,d198_hh78
d33,d44_hh65
d33,d111_hh29
d33,d204_hh231
d33,d11_hh244
d33,d208_hh137
d33,d32_hh203
d33,d175_hh239
d33,d56_hh123
d33,d34_hh12
d33,d156_hh153
d33,d150_hh168
d33,d130_hh277
d33,d2_hh232
d33,d161_hh238
d33,d187_hh30
d33,d184_hh11
d33,d82_hh256
d33,d118_hh175
d33,d210_hh87
d33,d207_hh28
d33,d119_hh50
d33,d65_hh227
d33,d187_hh291
d33,d162_hh67
d33,d150_hh168
d33,d32_hh136
d33,d184_hh210
d33,d73_hh153
d33,d124_hh126
d33,d195_hh52
d33,d77_hh156
d33,d120_hh272
d33,d18_hh253
d33,d118_hh262
d33,d66_hh154
d33,d77_hh156
d33,d44_hh283
d33,d208_hh2
d33,d127_hh69
d55,d131_hh212
d55,d155_hh206
d55,d175_hh32
d55,d110_hh172
d55,d33_hh266
d55,d104_hh7
d55,d138_hh1
d55,d48_hh119
d55,d163_hh242
d55,d73_hh197
d55,d187_hh16
d55,d7_hh124
d55,d154_hh157
d55,d112_hh31
d55,d38_hh49
d55,d82_hh256
d55,d30_hh44
d55,d40_hh7
d55,d91_hh32
d55,d146_hh114
d55,d99_hh44
d55,d55_hh246
d55,d128_hh297
d55,d163_hh242
d55,d161_hh238
d55,d135_hh226
d55,d7_hh240
d55,d130_hh277
d55,d16_hh218
d55,d48_hh176
d55,d214_hh184
d55,d99_hh44
d55,d135_hh216
d55,d171_hh189
d55,d215_hh157
d55,d127_hh69
d55,d85_hh214
d55,d205_hh73
d55,d26_hh63
d55,d113_hh254
d55,d164_hh220
d55,d184_hh210
d55,d102_hh228
d55,d190_hh38
d55,d198_hh78
d55,d210_hh262
d55,d140_hh260
d55,d46_hh57
d55,d160_hh59
d55,d48_hh176
d55,d44_hh163
d55,d33_hh64
d55,d204_hh231
d55,d139_hh27
d55,d183_hh93
d55,d215_hh157
d55,d160_hh179
d55,d112_hh17
d55,d16_hh201
d55,d38_hh172
d55,d40_hh111
d55,d101_hh182
d55,d50_hh90
d55,d56_hh175
d55,d91_hh113
d55,d122_hh210
d55,d38_hh49
d55,d48_hh176
d55,d88_hh235
d55,d87_hh38
d55,d39_hh55
d55,d214_hh184
d55,d152_hh175
d55,d168_hh30
d55,d101_hh186
d55,d187_hh30
d55,d38_hh172
d55,d214_hh255
d55,d50_hh112
d55,d53_hh23
d55,d158_hh146
d55,d131_hh212
d55,d150_hh253
d55,d11_hh132
d55,d209_hh40
d55,d35_hh224
d55,d178_hh263
d55,d208_hh221
d55,d120_hh272
d55,d117_hh126
d55,d111_hh29
d55,d158_hh49
d55,d183_hh93
d55,d58_hh81
d55,d125_hh248
d55,d155_hh206
d55,d85_hh218
d55,d215_hh157
d55,d24_hh177
d55,d50_hh112
d55,d187_hh30
d55,d137_hh216
d55,d32_hh136
d55,d59_hh98
d55,d112_hh17
d55,d44_hh35
d55,d130_hh277
d55,d56_hh175
d55,d44_hh163
d55,d18_hh6
d55,d55_hh232
d55,d126_hh44
d55,d158_hh34
d55,d55_hh246
d55,d53_hh23
d55,d164_hh249
d55,d50_hh112
d55,d131_hh41
d55,d137_hh109
d55,d7_hh240
d55,d81_hh87
d55,d141_hh209
d55,d190_hh173
d55,d160_hh38
d55,d156_hh153
d55,d18_hh6
d55,d114_hh2
d55,d102_hh228
d55,d195_hh97
d55,d110_hh201
d55,d213_hh238
d55,d55_hh226
d55,d198_hh40
d55,d74_hh11
d55,d7_hh87
d55,d191_hh275
d55,d109_hh209
d55,d100_hh164
d55,d2_hh232
d55,d51_hh285
d55,d179_hh242
d55,d50_hh112
d55,d87_hh32
d55,d110_hh201
d55,d179_hh41
d55,d139_hh164
d55,d170_hh228
d55,d140_hh195
d55,d62_hh18
d55,d91_hh241
d55,d175_hh32
d55,d101_hh182
d55,d4_hh212
d55,d7_hh155
d55,d59_hh251
d55,d93_hh184
d55,d208_hh137
d55,d149_hh237
d55,d59_hh207
d55,d56_hh89
d55,d59_hh98
d55,d156_hh218
d55,d7_hh87
d55,d132_hh233
d55,d33_hh266
d55,d168_hh34
d55,d130_hh273
d55,d73_hh33
d55,d34_hh166
d55,d112_hh221
d55,d149_hh30
d55,d141_hh194
d55,d36_hh69
d55,d81_hh87
d55,d48_hh119
d55,d160_hh211
d55,d190_hh182
d55,d139_hh27
d55,d110_hh117
d55,d93_hh80
d55,d187_hh16
d55,d73_hh151
d55,d120_hh118
d55,d56_hh123
d55,d205_hh73
d55,d179_hh41
d55,d123_hh83
d55,d215_hh157
d55,d85_hh218
d55,d110_hh201
d55,d112_hh176
d55,d88_hh235
d55,d111_hh206
d55,d146_hh88
d55,d171_hh189
d55,d80_hh6
d55,d73_hh7
d55,d56_hh166
d55,d156_hh153
d55,d139_hh27
d55,d18_hh91
d55,d214_hh252
d55,d119_hh107
d55,d210_hh87
d55,d160_hh97
d55,d214_hh171
d55,d160_hh211
d55,d135_hh57
d55,d150_hh168
d55,d137_hh216
d55,d100_hh65
d55,d42_hh263
d55,d73_hh197
d55,d214_hh184
d55,d112_hh176
d55,d53_hh23
d55,d81_hh14
d55,d208_hh221
d55,d175_hh32
d55,d69_hh222
d55,d205_hh217
d55,d56_hh175
d55,d135_hh57
d55,d120_hh118
d55,d93_hh184
d55,d61_hh79
d55,d205_hh54
d55,d214_hh184
d55,d187_hh32
d55,d110_hh201
d55,d16_hh201
d55,d58_hh108
d55,d33_hh64
d55,d171_hh189
d55,d66_hh179
d55,d93_hh184
d55,d117_hh245
d55,d160_hh104
d55,d110_hh117
d55,d16_hh177
d55,d59_hh162
d55,d141_hh6
d55,d124_hh125
d55,d117_hh126
d55,d69_hh13
d55,d129_hh106
d55,d7_hh155
d55,d118_hh262
d55,d164_hh249
d55,d46_hh228
d55,d35_hh224
d55,d66_hh193
d55,d190_hh176
d55,d66_hh193
d55,d90_hh214
d55,d100_hh164
d55,d46_hh228
d55,d42_hh263
d55,d29_hh167
d55,d96_hh8
d55,d204_hh173
d55,d69_hh209
d55,d41_hh254
d55,d77_hh156
d55,d16_hh177
d55,d156_hh218
d55,d187_hh291
d55,d18_hh6
d55,d81_hh87
d55,d124_hh167
d55,d51_hh37
d55,d141_hh6
d55,d32_hh203
d55,d190_hh106
d55,d204_hh173
d55,d99_hh230
d55,d164_hh220
d55,d39_hh96
d55,d140_hh195
d55,d130_hh273
d55,d44_hh163
d55,d78_hh9
d49,d151_hh203
d49,d107_hh258
d49,d142_hh108
d49,d194_hh142
d49,d203_hh139
d49,d3_hh180
d49,d3_hh27
d49,d92_hh91
d49,d196_hh139
d49,d103_hh205
d49,d116_hh36
d49,d206_hh279
d49,d71_hh163
d49,d49_hh170
d49,d145_hh175
d49,d196_hh197
d49,d3_hh35
d49,d196_hh190
d49,d28_hh35
d49,d144_hh289
d49,d116_hh36
d49,d107_hh103
d49,d142_hh269
d49,d28_hh40
d49,d71_hh146
d49,d203_hh227
d49,d194_hh101
d49,d136_hh89
d49,d194_hh40
d49,d107_hh103
d49,d144_hh253
d49,d107_hh103
d49,d180_hh254
d49,d148_hh104
d49,d76_hh187
d49,d192_hh58
d49,d157_hh235
d49,d84_hh161
d49,d203_hh227
d49,d211_hh86
d49,d9_hh197
d49,d60_hh108
d49,d71_hh163
d49,d153_hh26
d49,d71_hh163
d49,d60_hh108
d49,d136_hh32
d49,d9_hh183
d49,d47_hh135
d49,d108_hh230
d49,d79_hh255
d49,d14_hh67
d49,d151_hh215
d49,d8_hh155
d49,d37_hh159
d49,d153_hh100
d49,d167_hh264
d49,d206_hh279
d49,d63_hh83
d49,d6_hh130
d49,d185_hh57
d49,d157_hh215
d49,d49_hh103
d49,d63_hh69
d49,d157_hh16
d49,d115_hh199
d49,d45_hh79
d49,d8_hh105
d49,d60_hh108
d49,d10_hh167
d49,d192_hh68
d49,d92_hh91
d49,d9_hh170
d49,d79_hh114
d49,d8_hh149
d49,d116_hh6
d49,d121_hh272
d49,d176_hh85
d49,d194_hh101
d49,d201_hh119
d49,d196_hh190
d49,d71_hh163
d49,d63_hh69
d49,d76_hh193
d49,d115_hh176
d49,d103_hh63
d49,d49_hh219
d49,d8_hh149
d49,d196_hh197
d49,d148_hh100
d49,d115_hh199
d49,d136_hh192
d49,d192_hh58
d49,d76_hh187
d49,d28_hh40
d49,d84_hh122
d49,d63_hh83
d49,d167_hh11
d49,d64_hh137
d49,d84_hh122
d49,d108_hh212
d49,d14_hh205
d49,d76_hh6
d49,d136_hh89
d49,d144_hh196
d49,d192_hh58
d49,d136_hh32
d49,d157_hh215
d49,d194_hh40
d49,d206_hh279
d49,d79_hh255
d49,d192_hh39
d49,d181_hh225
d49,d176_hh92
d49,d47_hh135
d49,d79_hh114
d49,d63_hh83
d49,d49_hh219
d49,d103_hh63
d49,d172_hh18
d49,d185_hh143
d49,d167_hh264
d49,d47_hh300
d49,d63_hh69
d49,d185_hh143
d49,d203_hh172
d49,d181_hh17
d49,d167_hh264
d49,d212_hh61
d49,d116_hh6
d49,d194_hh40
d49,d22_hh190
d49,d64_hh137
d49,d14_hh75
d49,d8_hh155
d49,d151_hh215
d49,d47_hh300
d49,d142_hh106
d49,d144_hh253
d49,d49_hh103
d49,d76_hh187
d49,d185_hh57
d49,d79_hh114
d49,d63_hh131
d49,d70_hh110
d49,d79_hh227
d49,d212_hh252
d49,d211_hh211
d49,d157_hh222
d49,d107_hh246
d49,d167_hh11
d49,d71_hh245
d49,d71_hh163
d49,d60_hh107
d49,d180_hh254
d49,d153_hh96
d49,d28_hh40
d49,d176_hh125
d49,d121_hh272
d49,d212_hh252
d49,d9_hh236
d49,d206_hh279
d49,d145_hh175
d49,d185_hh143
d49,d108_hh162
d49,d49_hh103
d49,d76_hh187
d49,d94_hh129
d49,d60_hh191
d49,d28_hh40
d49,d94_hh137
d49,d176_hh194
d49,d6_hh130
d49,d144_hh289
d49,d145_hh175
d49,d192_hh68
d49,d172_hh18
d49,d196_hh190
d49,d92_hh91
d49,d203_hh96
d49,d196_hh139
d49,d76_hh193
d49,d151_hh215
d49,d203_hh172
d49,d8_hh106
d49,d151_hh215
d49,d84_hh122
d49,d196_hh190
d49,d84_hh122
d49,d37_hh159
d49,d6_hh155
d49,d196_hh190
d49,d103_hh63
d49,d70_hh172
d49,d49_hh170
d49,d194_hh142
d49,d92_hh115
d49,d157_hh16
d49,d14_hh75
d49,d107_hh246
d49,d8_hh149
d49,d142_hh106
d49,d194_hh142
d49,d70_hh76
d49,d45_hh0
d49,d194_hh101
d49,d47_hh128
d49,d116_hh196
d49,d206_hh279
d49,d203_hh189
d49,d115_hh186
d49,d92_hh91
d49,d28_hh40
d49,d192_hh39
d49,d14_hh205
d49,d188_hh256
d49,d71_hh146
d49,d151_hh203
d49,d181_hh17
d49,d157_hh16
d49,d194_hh189
d49,d172_hh180
d49,d212_hh155
d49,d157_hh16
d49,d176_hh85
d49,d45_hh0
d49,d121_hh170
d49,d157_hh222
d49,d145_hh175
d49,d84_hh161
d49,d28_hh40
d49,d196_hh190
d49,d107_hh23
d49,d212_hh155
d49,d47_hh300
d49,d28_hh253
d49,d49_hh219
d49,d192_hh68
d49,d3_hh97
d49,d9_hh170
d49,d22_hh176
d49,d196_hh229
d49,d3_hh27
d49,d8_hh155
d49,d6_hh130
d49,d153_hh100
d49,d25_hh80
d49,d47_hh135
d49,d206_hh279
d49,d94_hh137
d49,d212_hh155
d49,d211_hh86
d49,d167_hh11
d49,d185_hh57
d49,d63_hh83
d49,d37_hh160
d49,d49_hh170
d49,d9_hh170
d49,d167_hh264
d49,d107_hh23
d49,d86_hh55
d49,d45_hh79
d49,d76_hh193
d49,d105_hh45
d49,d157_hh16
d49,d153_hh26
d49,d108_hh162
d49,d157_hh215
d49,d76_hh187
d57,d31_hh135
d57,d31_hh135
d57,d93_hh66
d57,d69_hh209
d57,d131_hh14
d57,d91_hh113
d57,d118_hh175
d57,d74_hh108
d57,d191_hh275
d57,d214_hh184
d57,d18_hh6
d57,d46_hh57
d57,d209_hh40
d57,d112_hh155
d57,d214_hh171
d57,d82_hh256
d57,d112_hh31
d57,d46_hh57
d57,d99_hh38
d57,d161_hh110
d57,d190_hh32
d57,d202_hh222
d57,d210_hh267
d57,d5_hh117
d57,d97_hh75
d57,d122_hh112
d57,d160_hh211
d57,d46_hh57
d57,d32_hh101
d57,d66_hh154
d57,d139_hh9
d57,d78_hh123
d57,d93_hh184
d57,d41_hh254
d57,d152_hh175
d57,d106_hh24
d57,d122_hh112
d57,d143_hh82
d57,d88_hh118
d57,d82_hh231
d57,d135_hh226
d57,d155_hh206
d57,d78_hh234
d57,d97_hh20
d57,d88_hh118
d57,d7_hh155
d57,d43_hh67
d57,d175_hh32
d57,d140_hh260
d57,d112_hh177
d57,d161_hh250
d57,d77_hh83
d57,d20_hh48
d57,d122_hh210
d57,d131_hh212
d57,d204_hh231
d57,d162_hh67
d57,d56_hh177
d57,d118_hh262
d57,d93_hh66
d57,d135_hh219
d57,d158_hh49
d57,d156_hh151
d57,d110_hh117
d57,d193_hh61
d57,d7_hh155
d57,d170_hh273
d57,d7_hh155
d57,d160_hh211
d57,d163_hh44
d57,d193_hh61
d57,d32_hh19
d57,d120_hh272
d57,d50_hh112
d57,d118_hh88
d57,d112_hh221
d57,d56_hh89
d57,d88_hh118
d57,d44_hh170
d57,d88_hh191
d57,d208_hh221
d57,d16_hh200
d57,d99_hh38
d57,d58_hh108
d57,d131_hh14
d57,d135_hh191
d57,d38_hh101
d57,d141_hh209
d57,d33_hh64
d57,d109_hh168
d57,d91_hh241
d57,d41_hh72
d57,d164_hh78
d57,d1_hh15
d57,d73_hh33
d57,d69_hh13
d57,d81_hh87
d57,d5_hh117
d57,d16_hh218
d57,d140_hh260
d57,d140_hh260
d57,d132_hh233
d57,d158_hh20
d57,d134_hh76
d57,d109_hh209
d57,d55_hh246
d57,d141_hh235
d57,d202_hh222
d57,d124_hh125
d57,d55_hh190
d57,d179_hh41
d57,d73_hh197
d57,d141_hh6
d57,d135_hh57
d57,d135_hh57
d57,d32_hh151
d57,d59_hh251
d57,d16_hh200
d57,d132_hh233
d57,d69_hh209
d57,d100_hh65
d57,d134_hh7
d57,d120_hh45
d57,d163_hh44
d57,d44_hh163
d57,d195_hh97
d57,d131_hh41
d57,d33_hh64
d57,d187_hh32
d57,d118_hh262
d57,d127_hh69
d57,d160_hh97
d57,d20_hh44
d57,d118_hh188
d57,d162_hh67
d57,d135_hh191
d57,d125_hh189
d57,d146_hh88
d57,d42_hh263
d57,d36_hh69
d57,d149_hh237
d57,d112_hh176
d57,d16_hh75
d57,d24_hh177
d57,d56_hh175
d57,d174_hh97
d57,d190_hh38
d57,d81_hh87
d57,d101_hh186
d57,d46_hh57
d57,d204_hh158
d57,d149_hh237
d57,d51_hh49
d57,d174_hh6
d57,d169_hh115
d57,d161_hh229
d57,d156_hh181
d57,d42_hh263
d57,d161_hh238
d57,d19_hh147
d57,d87_hh38
d57,d205_hh73
d57,d123_hh83
d57,d74_hh108
d57,d36_hh69
d57,d77_hh83
d57,d161_hh110
d57,d190_hh38
d57,d120_hh45
d57,d26_hh63
d57,d154_hh132
d57,d18_hh80
d57,d131_hh204
d57,d18_hh253
d57,d129_hh94
d57,d111_hh206
d57,d128_hh180
d57,d11_hh240
d57,d200_hh227
d57,d135_hh57
d57,d209_hh40
d57,d66_hh193
d57,d106_hh24
d57,d210_hh262
d57,d156_hh181
d57,d73_hh84
d57,d147_hh167
d57,d204_hh158
d57,d85_hh214
d57,d75_hh15
d57,d112_hh17
d57,d214_hh255
d57,d99_hh38
d57,d117_hh126
d57,d208_hh137
d57,d83_hh79
d57,d125_hh167
d57,d100_hh164
d57,d59_hh132
d57,d82_hh41
d57,d112_hh176
d57,d165_hh274
d57,d66_hh179
d57,d134_hh118
d57,d43_hh67
d57,d124_hh126
d57,d59_hh207
d57,d143_hh224
d57,d82_hh231
d57,d30_hh44
d57,d56_hh89
d57,d170_hh273
d57,d149_hh61
d57,d41_hh254
d57,d85_hh104
d57,d158_hh146
d57,d156_hh181
d57,d141_hh6
d57,d53_hh23
d57,d7_hh155
d57,d112_hh221
d57,d190_hh38
d57,d7_hh148
d57,d18_hh253
d57,d109_hh168
d57,d21_hh25
d57,d101_hh186
d57,d44_hh163
d57,d11_hh240
d57,d195_hh52
d57,d11_hh240
d57,d91_hh100
d57,d158_hh34
d57,d120_hh118
d57,d59_hh251
d57,d20_hh44
d57,d69_hh99
d57,d134_hh118
d57,d56_hh63
d57,d125_hh248
d57,d7_hh87
d57,d214_hh252
d57,d40_hh111
d57,d20_hh44
d57,d122_hh271
d57,d139_hh251
d57,d104_hh7
d57,d132_hh233
d57,d114_hh12
d57,d161_hh229
d57,d77_hh156
d57,d91_hh79
d57,d32_hh101
d57,d50_hh195
d57,d146_hh88
d57,d187_hh16
d57,d179_hh242
d57,d65_hh227
d57,d128_hh180
d57,d122_hh271
d57,d160_hh38
d57,d35_hh224
d57,d51_hh186
d57,d128_hh43
d57,d78_hh9
d57,d149_hh61
d57,d187_hh30
d57,d65_hh115
d57,d41_hh254
d57,d93_hh66
d57,d16_hh75
d57,d129_hh94
d57,d44_hh283
d57,d111_hh206
d57,d90_hh214
d57,d69_hh13
d57,d82_hh256
d57,d126_hh233
d67,d35_hh224
d67,d137_hh201
d67,d33_hh266
d67,d81_hh14
d67,d214_hh184
d67,d15_hh188
d67,d126_hh233
d67,d67_hh63
d67,d78_hh123
d67,d67_hh63
d67,d51_hh37
d67,d128_hh184
d67,d56_hh175
d67,d135_hh219
d67,d118_hh188
d67,d43_hh27
d67,d65_hh227
d67,d41_hh254
d67,d88_hh191
d67,d160_hh38
d67,d187_hh291
d67,d130_hh277
d67,d210_hh267
d67,d99_hh44
d67,d100_hh65
d67,d125_hh189
d67,d66_hh193
d67,d137_hh216
d67,d32_hh136
d67,d128_hh43
d67,d195_hh52
d67,d169_hh247
d67,d126_hh156
d67,d11_hh132
d67,d56_hh175
d67,d155_hh206
d67,d156_hh151
d67,d11_hh26
d67,d208_hh2
d67,d118_hh175
d67,d82_hh41
d67,d187_hh30
d67,d129_hh209
d67,d207_hh28
d67,d198_hh40
d67,d175_hh32
d67,d113_hh254
d67,d59_hh98
d67,d129_hh94
d67,d207_hh28
d67,d193_hh61
d67,d99_hh38
d67,d73_hh153
d67,d100_hh65
d67,d158_hh146
d67,d135_hh216
d67,d183_hh93
d67,d59_hh132
d67,d163_hh44
d67,d73_hh153
d67,d204_hh231
d67,d101_hh182
d67,d20_hh44
d67,d156_hh151
d67,d208_hh137
d67,d81_hh87
d67,d184_hh206
d67,d149_hh237
d67,d208_hh221
d67,d7_hh148
d67,d7_hh124
d67,d31_hh135
d67,d117_hh126
d67,d135_hh191
d67,d11_hh132
d67,d130_hh273
d67,d102_hh284
d67,d138_hh10
d67,d32_hh151
d67,d31_hh135
d67,d7_hh64
d67,d140_hh260
d67,d132_hh233
d67,d179_hh267
d67,d193_hh67
d67,d187_hh32
d67,d170_hh228
d67,d179_hh242
d67,d198_hh78
d67,d32_hh203
d67,d161_hh229
d67,d35_hh104
d67,d55_hh246
d67,d66_hh13
d67,d138_hh1
d67,d104_hh7
d67,d135_hh219
d67,d51_hh285
d67,d18_hh6
d67,d141_hh152
d67,d118_hh262
d67,d119_hh50
d67,d126_hh233
d67,d126_hh44
d67,d62_hh18
d67,d44_hh187
d67,d119_hh50
d67,d38_hh95
d67,d124_hh125
d67,d191_hh30
d67,d183_hh93
d67,d175_hh239
d67,d128_hh180
d67,d191_hh30
d67,d16_hh218
d67,d158_hh85
d67,d65_hh67
d67,d50_hh90
d67,d38_hh49
d67,d214_hh255
d67,d170_hh273
d67,d13_hh263
d67,d179_hh242
d67,d143_hh224
d67,d55_hh246
d67,d202_hh111
d67,d88_hh108
d67,d77_hh83
d67,d82_hh115
d67,d50_hh90
d67,d117_hh245
d67,d43_hh27
d67,d129_hh94
d67,d91_hh100
d67,d44_hh163
d67,d1_hh234
d67,d40_hh111
d67,d200_hh51
d67,d135_hh57
d67,d195_hh97
d67,d130_hh277
d67,d109_hh168
d67,d130_hh277
d67,d122_hh181
d67,d191_hh190
d67,d87_hh32
d67,d120_hh45
d67,d154_hh157
d67,d209_hh40
d67,d112_hh155
d67,d41_hh53
d67,d149_hh61
d67,d161_hh110
d67,d160_hh232
d67,d23_hh236
d67,d131_hh204
d67,d112_hh221
d67,d7_hh148
d67,d179_hh28
d67,d204_hh158
d67,d56_hh166
d67,d139_hh9
d67,d200_hh227
d67,d32_hh101
d67,d48_hh119
d67,d56_hh175
d67,d130_hh273
d67,d65_hh115
d67,d135_hh57
d67,d128_hh180
d67,d137_hh201
d67,d36_hh69
d67,d114_hh2
d67,d135_hh57
d67,d51_hh37
d67,d55_hh229
d67,d163_hh242
d67,d195_hh31
d67,d190_hh176
d67,d198_hh40
d67,d171_hh189
d67,d46_hh57
d67,d190_hh173
d67,d91_hh32
d67,d208_hh137
d67,d91_hh32
d67,d169_hh115
d67,d123_hh83
d67,d156_hh153
d67,d50_hh112
d67,d131_hh212
d67,d190_hh32
d67,d190_hh32
d67,d102_hh228
d67,d195_hh31
d67,d66_hh154
d67,d138_hh1
d67,d129_hh106
d67,d139_hh251
d67,d126_hh233
d67,d41_hh74
d67,d104_hh7
d67,d110_hh117
d67,d190_hh173
d67,d174_hh97
d67,d69_hh274
d67,d7_hh64
d67,d190_hh182
d67,d67_hh63
d67,d87_hh32
d67,d32_hh101
d67,d15_hh97
d67,d78_hh9
d67,d65_hh67
d67,d137_hh109
d67,d93_hh80
d67,d141_hh6
d67,d34_hh166
d67,d50_hh195
d67,d119_hh174
d67,d48_hh176
d67,d160_hh97
d67,d110_hh117
d67,d205_hh217
d67,d215_hh82
d67,d100_hh65
d67,d55_hh232
d67,d80_hh6
d67,d152_hh175
d67,d7_hh64
d67,d146_hh114
d67,d11_hh79
d67,d11_hh214
d67,d137_hh201
d67,d83_hh79
d67,d187_hh30
d67,d78_hh234
d67,d129_hh209
d67,d125_hh236
d67,d191_hh30
d67,d69_hh99
d67,d210_hh267
d67,d200_hh51
d67,d55_hh226
d67,d4_hh212
d67,d55_hh12
d67,d35_hh224
d67,d93_hh80
d67,d118_hh262
d67,d169_hh148
d67,d67_hh63
d67,d131_hh212
d67,d55_hh190
d67,d2_hh232
d67,d13_hh239
d67,d44_hh163
d67,d214_hh20
d67,d38_hh95
d67,d126_hh156
d67,d42_hh38
d67,d56_hh63
d65,d97_hh75
d65,d187_hh291
d65,d114_hh2
d65,d32_hh101
d65,d53_hh23
d65,d204_hh173
d65,d214_hh184
d65,d162_hh113
d65,d190_hh106
d65,d215_hh82
d65,d191_hh12
d65,d81_hh14
d65,d42_hh38
d65,d137_hh109
d65,d41_hh72
d65,d88_hh191
d65,d73_hh153
d65,d35_hh104
d65,d58_hh81
d65,d132_hh233
d65,d209_hh40
d65,d38_hh49
d65,d35_hh211
d65,d124_hh125
d65,d128_hh297
d65,d161_hh238
d65,d74_hh109
d65,d15_hh188
d65,d62_hh18
d65,d146_hh88
d65,d41_hh74
d65,d214_hh252
d65,d55_hh229
d65,d58_hh108
d65,d126_hh184
d65,d26_hh63
d65,d152_hh175
d65,d77_hh156
d65,d155_hh206
d65,d40_hh111
d65,d38_hh95
d65,d38_hh172
d65,d93_hh66
d65,d191_hh190
d65,d93_hh66
d65,d143_hh82
d65,d35_hh104
d65,d43_hh67
d65,d81_hh14
d65,d170_hh273
d65,d141_hh6
d65,d59_hh132
d65,d81_hh14
d65,d69_hh55
d65,d191_hh12
d65,d130_hh273
d65,d120_hh118
d65,d131_hh204
d65,d110_hh201
d65,d51_hh37
d65,d36_hh69
d65,d18_hh91
d65,d163_hh115
d65,d187_hh16
d65,d131_hh41
d65,d55_hh190
d65,d141_hh194
d65,d161_hh238
d65,d184_hh210
d65,d205_hh73
d65,d174_hh97
d65,d174_hh6
d65,d162_hh67
d65,d35_hh104
d65,d59_hh132
d65,d72_hh77
d65,d198_hh40
d65,d213_hh238
d65,d99_hh44
d65,d51_hh49
d65,d179_hh41
d65,d120_hh57
d65,d35_hh224
d65,d135_hh219
d65,d195_hh52
d65,d126_hh233
d65,d208_hh137
d65,d91_hh113
d65,d13_hh263
d65,d141_hh209
d65,d208_hh137
d65,d48_hh176
d65,d135_hh219
d65,d208_hh221
d65,d21_hh25
d65,d135_hh191
d65,d111_hh29
d65,d16_hh218
d65,d134_hh156
d65,d33_hh64
d65,d119_hh174
d65,d26_hh63
d65,d96_hh8
d65,d40_hh7
d65,d163_hh115
d65,d97_hh75
d65,d16_hh200
d65,d190_hh38
d65,d82_hh256
d65,d175_hh181
d65,d11_hh132
d65,d168_hh265
d65,d43_hh67
d65,d48_hh176
d65,d18_hh253
d65,d158_hh85
d65,d48_hh119
d65,d168_hh30
d65,d156_hh218
d65,d112_hh155
d65,d160_hh104
d65,d174_hh97
d65,d174_hh97
d65,d134_hh31
d65,d42_hh38
d65,d130_hh277
d65,d48_hh119
d65,d53_hh23
d65,d74_hh109
d65,d65_hh75
d65,d13_hh157
d65,d169_hh115
d65,d1_hh234
d65,d59_hh98
d65,d69_hh209
d65,d155_hh206
d65,d163_hh242
d65,d112_hh17
d65,d210_hh87
d65,d100_hh164
d65,d61_hh79
d65,d131_hh14
d65,d80_hh6
d65,d73_hh33
d65,d150_hh253
d65,d55_hh246
d65,d128_hh297
d65,d112_hh17
d65,d11_hh79
d65,d154_hh132
d65,d134_hh156
d65,d91_hh100
d65,d140_hh260
d65,d38_hh101
d65,d210_hh267
d65,d202_hh17
d65,d18_hh91
d65,d21_hh21
d65,d134_hh166
d65,d11_hh244
d65,d131_hh204
d65,d190_hh106
d65,d59_hh162
d65,d132_hh233
d65,d21_hh25
d65,d174_hh85
d65,d190_hh38
d65,d213_hh238
d65,d104_hh7
d65,d16_hh200
d65,d214_hh171
d65,d13_hh263
d65,d33_hh64
d65,d214_hh255
d65,d204_hh231
d65,d154_hh132
d65,d32_hh60
d65,d43_hh27
d65,d99_hh230
d65,d99_hh38
d65,d11_hh214
d65,d160_hh97
d65,d53_hh23
d65,d149_hh237
d65,d118_hh88
d65,d66_hh131
d65,d169_hh115
d65,d77_hh156
d65,d91_hh241
d65,d91_hh100
d65,d118_hh88
d65,d130_hh277
d65,d187_hh16
d65,d193_hh61
d65,d208_hh2
d65,d11_hh244
d65,d124_hh125
d65,d179_hh242
d65,d100_hh65
d65,d160_hh104
d65,d11_hh214
d65,d134_hh31
d65,d205_hh217
d65,d51_hh186
d65,d117_hh126
d65,d155_hh206
d65,d72_hh77
d65,d32_hh101
d65,d50_hh195
d65,d44_hh127
d65,d62_hh18
d65,d81_hh81
d65,d40_hh7
d65,d131_hh41
d65,d69_hh99
d65,d11_hh26
d65,d158_hh146
d65,d140_hh260
d65,d82_hh115
d65,d131_hh41
d65,d125_hh167
d65,d179_hh41
d65,d128_hh273
d65,d118_hh262
d65,d164_hh78
d65,d184_hh210
d65,d120_hh272
d65,d207_hh28
d65,d175_hh181
d65,d170_hh273
d65,d137_hh201
d65,d50_hh195
d65,d190_hh173
d65,d191_hh275
d65,d69_hh222
d65,d139_hh164
d65,d132_hh233
d65,d175_hh181
d65,d140_hh195
d65,d33_hh266
d65,d191_hh30
d65,d106_hh24
d65,d134_hh31
d65,d126_hh233
d65,d118_hh175
d65,d214_hh20
d65,d208_hh2
d65,d160_hh211
d65,d134_hh7
d65,d149_hh237
d65,d50_hh195
d65,d11_hh132
d65,d81_hh81
d65,d16_hh201
d65,d77_hh156
d65,d164_hh249
d65,d65_hh227
d65,d29_hh167
d65,d99_hh44
d65,d81_hh87
d65,d78_hh9
d65,d93_hh66
d65,d184_hh11
d65,d7_hh124
d65,d44_hh163
d65,d204_hh173
d65,d26_hh63
d65,d207_hh28
d65,d119_hh50
d65,d131_hh212
d65,d141_hh235
d65,d7_hh155
d65,d13_hh263
d65,d160_hh104
d65,d88_hh3
d65,d74_hh11
d65,d156_hh151
d65,d100_hh65
d65,d186_hh175
d65,d72_hh77
d65,d149_hh237
d65,d41_hh254
d65,d134_hh7
d65,d137_hh109
d65,d38_hh172
d65,d114_hh12
d65,d155_hh206
d65,d170_hh273
d65,d214_hh255
d65,d134_hh118
d62,d44_hh283
d62,d56_hh63
d62,d91_hh241
d62,d156_hh19
d62,d119_hh107
d62,d20_hh44
d62,d193_hh61
d62,d208_hh137
d62,d51_hh49
d62,d18_hh91
d62,d110_hh172
d62,d16_hh201
d62,d149_hh61
d62,d119_hh50
d62,d110_hh117
d62,d59_hh98
d62,d171_hh189
d62,d214_hh171
d62,d41_hh74
d62,d66_hh13
d62,d112_hh177
d62,d129_hh94
d62,d39_hh96
d62,d175_hh239
d62,d186_hh175
d62,d32_hh101
d62,d69_hh274
d62,d20_hh44
d62,d18_hh80
d62,d78_hh123
d62,d139_hh164
d62,d55_hh131
d62,d132_hh233
d62,d118_hh88
d62,d195_hh52
d62,d90_hh214
d62,d141_hh6
d62,d44_hh187
d62,d213_hh238
d62,d81_hh87
d62,d75_hh15
d62,d44_hh187
d62,d120_hh57
d62,d191_hh12
d62,d83_hh67
d62,d114_hh2
d62,d137_hh216
d62,d74_hh108
d62,d134_hh7
d62,d137_hh216
d62,d58_hh81
d62,d96_hh8
d62,d85_hh104
d62,d18_hh253
d62,d21_hh21
d62,d51_hh285
d62,d193_hh67
d62,d170_hh273
d62,d40_hh7
d62,d137_hh201
d62,d33_hh266
d62,d35_hh211
d62,d51_hh49
d62,d112_hh221
d62,d7_hh87
d62,d61_hh79
d62,d187_hh291
d62,d30_hh132
d62,d179_hh267
d62,d104_hh7
d62,d32_hh136
d62,d184_hh11
d62,d130_hh277
d62,d26_hh63
d62,d30_hh44
d62,d119_hh50
d62,d91_hh32
d62,d112_hh31
d62,d32_hh101
d62,d162_hh113
d62,d69_hh222
d62,d85_hh218
d62,d59_hh132
d62,d120_hh45
d62,d140_hh260
d62,d7_hh124
d62,d73_hh33
d62,d101_hh182
d62,d126_hh156
d62,d112_hh155
d62,d7_hh124
d62,d11_hh244
d62,d113_hh254
d62,d190_hh106
d62,d184_hh210
d62,d88_hh3
d62,d215_hh157
d62,d56_hh175
d62,d174_hh97
d62,d41_hh74
d62,d75_hh15
d62,d7_hh64
d62,d128_hh184
d62,d114_hh2
d62,d21_hh16
d62,d170_hh228
d62,d156_hh19
d62,d117_hh126
d62,d135_hh191
d62,d134_hh118
d62,d141_hh209
d62,d155_hh206
d62,d187_hh291
d62,d135_hh57
d62,d55_hh246
d62,d38_hh172
d62,d175_hh32
d62,d208_hh137
d62,d160_hh104
d62,d125_hh236
d62,d113_hh254
d62,d95_hh241
d62,d204_hh231
d62,d195_hh97
d62,d118_hh175
d62,d23_hh236
d62,d59_hh98
d62,d90_hh214
d62,d149_hh30
d62,d139_hh9
d62,d44_hh163
d62,d118_hh88
d62,d141_hh209
d62,d129_hh209
d62,d7_hh155
d62,d158_hh146
d62,d156_hh153
d62,d15_hh188
d62,d191_hh275
d62,d44_hh65
d62,d191_hh30
d62,d66_hh13
d62,d208_hh221
d62,d125_hh167
d62,d156_hh153
d62,d126_hh156
d62,d135_hh57
d62,d85_hh104
d62,d214_hh171
d62,d44_hh187
d62,d41_hh181
d62,d44_hh187
d62,d38_hh49
d62,d202_hh222
d62,d69_hh209
d62,d141_hh152
d62,d128_hh278
d62,d32_hh203
d62,d59_hh207
d62,d114_hh2
d62,d117_hh126
d62,d7_hh240
d62,d208_hh137
d62,d35_hh104
d62,d16_hh200
d62,d124_hh223
d62,d135_hh191
d62,d113_hh254
d62,d190_hh32
d62,d101_hh186
d62,d18_hh6
d62,d77_hh156
d62,d164_hh78
d62,d82_hh115
d62,d141_hh194
d62,d210_hh87
d62,d149_hh61
d62,d11_hh244
d62,d31_hh135
d62,d56_hh166
d62,d66_hh179
d62,d51_hh37
d62,d187_hh16
d62,d18_hh6
d62,d191_hh179
d62,d139_hh251
d62,d56_hh123
d62,d149_hh61
d62,d117_hh245
d62,d128_hh43
d62,d120_hh118
d62,d118_hh175
d62,d135_hh226
d62,d132_hh233
d62,d135_hh78
d62,d150_hh168
d62,d175_hh181
d62,d42_hh38
d62,d213_hh238
d62,d43_hh27
d62,d160_hh211
d62,d34_hh166
d62,d123_hh83
d62,d134_hh76
d62,d128_hh297
d62,d160_hh97
d62,d40_hh7
d62,d11_hh244
d62,d183_hh237
d62,d31_hh135
d62,d78_hh234
d62,d205_hh73
d62,d160_hh38
d62,d195_hh52
d62,d190_hh173
d62,d124_hh118
d62,d168_hh265
d62,d179_hh41
d62,d35_hh104
d62,d215_hh82
d62,d11_hh240
d62,d122_hh181
d62,d210_hh262
d62,d7_hh240
d62,d135_hh216
d62,d78_hh9
d62,d134_hh118
d62,d141_hh152
d62,d179_hh41
d62,d16_hh75
d62,d110_hh172
d62,d214_hh252
d62,d135_hh226
d62,d134_hh118
d62,d158_hh85
d62,d158_hh85
d62,d130_hh277
d62,d152_hh187
d62,d146_hh114
d62,d190_hh106
d62,d1_hh15
d62,d134_hh166
d62,d215_hh157
d62,d93_hh80
d62,d18_hh253
d62,d210_hh267
d62,d15_hh97
d62,d32_hh203
d62,d154_hh132
d62,d44_hh35
d62,d160_hh104
d62,d110_hh201
d62,d215_hh157
d62,d55_hh246
d62,d65_hh67
d62,d51_hh186
d62,d190_hh38
d62,d69_hh55
d62,d150_hh253
d62,d48_hh119
d62,d16_hh201
d62,d137_hh201
d62,d39_hh55
d62,d38_hh172
d62,d117_hh126
d62,d58_hh108
d62,d66_hh193
d62,d106_hh24
d62,d124_hh126
d62,d66_hh13
d62,d137_hh201
d62,d18_hh6
d62,d119_hh50
d62,d122_hh112
d62,d139_hh27
d56,d204_hh173
d56,d78_hh123
d56,d36_hh69
d56,d88_hh235
d56,d104_hh7
d56,d74_hh11
d56,d193_hh61
d56,d134_hh118
d56,d161_hh250
d56,d66_hh13
d56,d1_hh15
d56,d51_hh37
d56,d30_hh132
d56,d109_hh209
d56,d81_hh81
d56,d41_hh181
d56,d30_hh44
d56,d69_hh274
d56,d32_hh151
d56,d158_hh34
d56,d160_hh38
d56,d175_hh239
d56,d179_hh28
d56,d82_hh41
d56,d179_hh28
d56,d18_hh91
d56,d158_hh85
d56,d16_hh201
d56,d169_hh148
d56,d149_hh30
d56,d152_hh187
d56,d69_hh274
d56,d204_hh173
d56,d158_hh34
d56,d198_hh78
d56,d187_hh32
d56,d42_hh165
d56,d202_hh17
d56,d104_hh7
d56,d93_hh184
d56,d191_hh30
d56,d135_hh78
d56,d179_hh41
d56,d102_hh284
d56,d135_hh78
d56,d131_hh204
d56,d56_hh166
d56,d190_hh176
d56,d131_hh204
d56,d135_hh216
d56,d129_hh94
d56,d140_hh195
d56,d210_hh262
d56,d7_hh148
d56,d184_hh11
d56,d122_hh181
d56,d11_hh132
d56,d40_hh111
d56,d101_hh182
d56,d187_hh32
d56,d111_hh29
d56,d125_hh248
d56,d214_hh184
d56,d158_hh20
d56,d158_hh85
d56,d18_hh253
d56,d73_hh197
d56,d73_hh151
d56,d32_hh101
d56,d170_hh228
d56,d160_hh211
d56,d82_hh41
d56,d139_hh9
d56,d36_hh69
d56,d124_hh118
d56,d170_hh228
d56,d129_hh94
d56,d125_hh167
d56,d78_hh9
d56,d5_hh117
d56,d44_hh283
d56,d175_hh181
d56,d81_hh14
d56,d41_hh254
d56,d91_hh113
d56,d214_hh252
d56,d200_hh227
d56,d139_hh164
d56,d164_hh249
d56,d30_hh132
d56,d56_hh166
d56,d93_hh66
d56,d55_hh12
d56,d139_hh27
d56,d208_hh221
d56,d88_hh235
d56,d207_hh28
d56,d124_hh223
d56,d99_hh44
d56,d11_hh240
d56,d88_hh108
d56,d24_hh177
d56,d141_hh152
d56,d120_hh272
d56,d106_hh24
d56,d61_hh79
d56,d128_hh278
d56,d93_hh66
d56,d35_hh104
d56,d214_hh255
d56,d69_hh274
d56,d141_hh235
d56,d69_hh55
d56,d120_hh45
d56,d11_hh132
d56,d195_hh52
d56,d138_hh10
d56,d34_hh12
d56,d69_hh274
d56,d125_hh236
d56,d74_hh109
d56,d15_hh188
d56,d149_hh30
d56,d21_hh16
d56,d77_hh156
d56,d183_hh237
d56,d205_hh217
d56,d156_hh19
d56,d30_hh132
d56,d139_hh251
d56,d1_hh15
d56,d88_hh191
d56,d90_hh214
d56,d187_hh291
d56,d195_hh31
d56,d43_hh67
d56,d170_hh273
d56,d42_hh165
d56,d150_hh253
d56,d2_hh232
d56,d51_hh285
d56,d32_hh60
d56,d168_hh265
d56,d55_hh190
d56,d7_hh64
d56,d156_hh151
d56,d161_hh229
d56,d41_hh181
d56,d46_hh57
d56,d143_hh82
d56,d81_hh87
d56,d135_hh226
d56,d195_hh97
d56,d109_hh168
d56,d126_hh233
d56,d129_hh94
d56,d55_hh246
d56,d112_hh155
d56,d205_hh54
d56,d164_hh220
d56,d109_hh168
d56,d143_hh82
d56,d156_hh181
d56,d214_hh171
d56,d38_hh101
d56,d35_hh104
d56,d110_hh117
d56,d53_hh23
d56,d160_hh232
d56,d215_hh82
d56,d99_hh44
d56,d11_hh244
d56,d7_hh64
d56,d204_hh158
d56,d88_hh108
d56,d160_hh211
d56,d168_hh34
d56,d20_hh44
d56,d187_hh291
d56,d16_hh218
d56,d202_hh111
d56,d146_hh114
d56,d11_hh79
d56,d131_hh41
d56,d135_hh78
d56,d128_hh273
d56,d155_hh206
d56,d190_hh176
d56,d16_hh218
d56,d88_hh191
d56,d11_hh240
d56,d20_hh44
d56,d56_hh89
d56,d184_hh210
d56,d100_hh164
d56,d128_hh184
d56,d38_hh95
d56,d114_hh2
d56,d102_hh228
d56,d56_hh177
d56,d48_hh119
d56,d83_hh67
d56,d53_hh23
d56,d156_hh19
d56,d24_hh177
d56,d154_hh132
d56,d156_hh19
d56,d110_hh236
d56,d42_hh263
d56,d44_hh163
d56,d135_hh226
d56,d91_hh98
d56,d69_hh274
d56,d91_hh100
d56,d143_hh82
d56,d161_hh238
d56,d46_hh228
d56,d56_hh177
d56,d129_hh94
d56,d78_hh9
d56,d214_hh184
d56,d125_hh189
d56,d109_hh168
d56,d110_hh201
d56,d128_hh180
d56,d128_hh180
d56,d34_hh166
d56,d141_hh194
d56,d122_hh271
d56,d135_hh219
d56,d58_hh81
d56,d125_hh167
d56,d44_hh35
d56,d124_hh223
d56,d66_hh154
d56,d42_hh165
d56,d56_hh177
d56,d130_hh177
d56,d73_hh33
d56,d128_hh184
d56,d46_hh228
d56,d191_hh275
d56,d24_hh177
d56,d183_hh93
d56,d87_hh32
d56,d56_hh63
d56,d110_hh117
d56,d128_hh43
d56,d140_hh260
d56,d62_hh167
d56,d134_hh118
d56,d82_hh256
d56,d119_hh174
d56,d120_hh45
d56,d69_hh274
d56,d202_hh17
d56,d161_hh110
d56,d130_hh177
d56,d69_hh99
d56,d170_hh228
d56,d125_hh167
d56,d118_hh188
d56,d55_hh229
d56,d156_hh218
d56,d178_hh263
d56,d7_hh124
d56,d81_hh14
d56,d101_hh182
d56,d104_hh7
d56,d125_hh236
d56,d32_hh19
d56,d120_hh268
d56,d170_hh228
d56,d130_hh273
d66,d55_hh12
d66,d26_hh63
d66,d74_hh212
d66,d56_hh175
d66,d106_hh24
d66,d39_hh55
d66,d91_hh241
d66,d32_hh203
d66,d39_hh96
d66,d128_hh297
d66,d128_hh278
d66,d31_hh135
d66,d195_hh97
d66,d51_hh285
d66,d109_hh209
d66,d42_hh165
d66,d163_hh242
d66,d190_hh176
d66,d156_hh218
d66,d109_hh209
d66,d18_hh253
d66,d65_hh75
d66,d160_hh179
d66,d169_hh247
d66,d93_hh184
d66,d7_hh124
d66,d154_hh157
d66,d41_hh254
d66,d119_hh174
d66,d118_hh175
d66,d124_hh223
d66,d214_hh255
d66,d134_hh7
d66,d118_hh175
d66,d179_hh242
d66,d33_hh64
d66,d74_hh212
d66,d130_hh177
d66,d61_hh79
d66,d110_hh236
d66,d65_hh75
d66,d73_hh153
d66,d125_hh248
d66,d38_hh49
d66,d42_hh38
d66,d33_hh266
d66,d99_hh230
d66,d143_hh82
d66,d69_hh99
d66,d20_hh44
d66,d124_hh125
d66,d190_hh173
d66,d13_hh239
d66,d160_hh232
d66,d139_hh164
d66,d170_hh228
d66,d170_hh273
d66,d119_hh174
d66,d163_hh44
d66,d118_hh188
d66,d18_hh91
d66,d187_hh32
d66,d146_hh88
d66,d214_hh184
d66,d174_hh97
d66,d139_hh251
d66,d128_hh180
d66,d59_hh207
d66,d7_hh240
d66,d16_hh200
d66,d155_hh206
d66,d139_hh27
d66,d161_hh238
d66,d56_hh177
d66,d174_hh97
d66,d202_hh222
d66,d99_hh38
d66,d130_hh277
d66,d187_hh30
d66,d41_hh181
d66,d32_hh151
d66,d208_hh221
d66,d4_hh212
d66,d55_hh12
d66,d175_hh239
d66,d190_hh173
d66,d44_hh170
d66,d134_hh166
d66,d187_hh16
d66,d33_hh266
d66,d96_hh8
d66,d91_hh32
d66,d44_hh65
d66,d66_hh13
d66,d208_hh221
d66,d138_hh1
d66,d99_hh38
d66,d38_hh101
d66,d56_hh89
d66,d170_hh273
d66,d187_hh32
d66,d59_hh207
d66,d202_hh111
d66,d18_hh6
d66,d4_hh212
d66,d174_hh6
d66,d36_hh69
d66,d120_hh268
d66,d41_hh181
d66,d164_hh220
d66,d43_hh67
d66,d129_hh94
d66,d205_hh73
d66,d213_hh238
d66,d77_hh40
d66,d7_hh64
d66,d124_hh223
d66,d102_hh284
d66,d44_hh35
d66,d114_hh2
d66,d32_hh60
d66,d128_hh184
d66,d130_hh273
d66,d131_hh41
d66,d38_hh172
d66,d202_hh111
d66,d170_hh63
d66,d59_hh132
d66,d4_hh212
d66,d146_hh114
d66,d111_hh206
d66,d214_hh252
d66,d69_hh209
d66,d118_hh262
d66,d126_hh184
d66,d184_hh210
d66,d78_hh234
d66,d184_hh11
d66,d102_hh228
d66,d127_hh69
d66,d120_hh118
d66,d82_hh231
d66,d170_hh273
d66,d110_hh201
d66,d208_hh221
d66,d119_hh107
d66,d88_hh118
d66,d183_hh237
d66,d214_hh184
d66,d21_hh25
d66,d147_hh167
d66,d50_hh112
d66,d15_hh188
d66,d38_hh49
d66,d83_hh67
d66,d122_hh210
d66,d170_hh63
d66,d42_hh165
d66,d160_hh211
d66,d69_hh55
d66,d191_hh275
d66,d128_hh180
d66,d149_hh30
d66,d163_hh115
d66,d66_hh154
d66,d66_hh13
d66,d48_hh119
d66,d168_hh34
d66,d82_hh256
d66,d100_hh65
d66,d124_hh223
d66,d33_hh64
d66,d147_hh167
d66,d156_hh151
d66,d106_hh24
d66,d114_hh12
d66,d30_hh44
d66,d213_hh238
d66,d32_hh60
d66,d7_hh87
d66,d160_hh97
d66,d208_hh137
d66,d122_hh271
d66,d74_hh11
d66,d152_hh187
d66,d129_hh209
d66,d41_hh254
d66,d191_hh179
d66,d73_hh7
d66,d33_hh266
d66,d160_hh38
d66,d38_hh172
d66,d56_hh166
d66,d184_hh206
d66,d55_hh131
d66,d146_hh114
d66,d18_hh80
d66,d51_hh49
d66,d55_hh232
d66,d106_hh24
d66,d43_hh67
d66,d18_hh91
d66,d11_hh240
d66,d111_hh29
d66,d87_hh32
d66,d119_hh174
d66,d41_hh74
d66,d129_hh94
d66,d80_hh6
d66,d26_hh63
d66,d99_hh230
d66,d210_hh262
d66,d112_hh177
d66,d62_hh167
d66,d168_hh34
d66,d200_hh51
d66,d123_hh83
d66,d44_hh283
d66,d38_hh101
d66,d1_hh15
d66,d141_hh194
d66,d55_hh226
d66,d158_hh34
d66,d109_hh209
d66,d91_hh32
d66,d43_hh67
d66,d158_hh85
d66,d18_hh80
d66,d174_hh85
d66,d131_hh41
d66,d137_hh201
d66,d191_hh30
d66,d150_hh168
d66,d102_hh228
d66,d124_hh223
d66,d141_hh6
d66,d204_hh173
d66,d161_hh250
d66,d41_hh181
d66,d38_hh49
d66,d141_hh209
d66,d56_hh177
d66,d125_hh236
d66,d131_hh41
d66,d184_hh11
d66,d83_hh79
d66,d101_hh182
d66,d58_hh108
d66,d81_hh87
d66,d13_hh263
d66,d11_hh244
d66,d21_hh21
d66,d126_hh184
d66,d187_hh291
d66,d91_hh32
d66,d35_hh211
d66,d139_hh27
d66,d21_hh21
d66,d119_hh174
d66,d36_hh69
d66,d191_hh179
d66,d125_hh167
d66,d81_hh87
d66,d78_hh9
d66,d56_hh175
d66,d110_hh201
d69,d73_hh197
d69,d138_hh1
d69,d205_hh73
d69,d66_hh179
d69,d205_hh73
d69,d33_hh266
d69,d15_hh97
d69,d113_hh254
d69,d20_hh48
d69,d131_hh41
d69,d61_hh79
d69,d11_hh79
d69,d93_hh80
d69,d120_hh45
d69,d11_hh240
d69,d35_hh224
d69,d109_hh168
d69,d36_hh69
d69,d169_hh148
d69,d41_hh181
d69,d88_hh191
d69,d55_hh12
d69,d91_hh32
d69,d125_hh189
d69,d7_hh148
d69,d191_hh12
d69,d85_hh214
d69,d58_hh81
d69,d202_hh17
d69,d191_hh275
d69,d56_hh166
d69,d135_hh219
d69,d113_hh254
d69,d91_hh32
d69,d183_hh237
d69,d91_hh113
d69,d55_hh229
d69,d88_hh108
d69,d11_hh240
d69,d143_hh224
d69,d112_hh177
d69,d119_hh50
d69,d143_hh224
d69,d13_hh263
d69,d44_hh35
d69,d179_hh28
d69,d1_hh15
d69,d51_hh177
d69,d106_hh24
d69,d61_hh79
d69,d58_hh108
d69,d195_hh31
d69,d210_hh87
d69,d32_hh19
d69,d77_hh156
d69,d112_hh31
d69,d124_hh167
d69,d158_hh146
d69,d124_hh167
d69,d191_hh275
d69,d11_hh240
d69,d156_hh151
d69,d18_hh6
d69,d110_hh201
d69,d21_hh16
d69,d32_hh151
d69,d184_hh11
d69,d134_hh76
d69,d69_hh99
d69,d77_hh83
d69,d150_hh8
d69,d110_hh172
d69,d179_hh242
d69,d184_hh11
d69,d78_hh123
d69,d124_hh126
d69,d69_hh274
d69,d129_hh209
d69,d38_hh49
d69,d65_hh75
d69,d44_hh170
d69,d113_hh254
d69,d11_hh240
d69,d150_hh168
d69,d73_hh153
d69,d124_hh167
d69,d118_hh262
d69,d214_hh184
d69,d149_hh30
d69,d190_hh106
d69,d138_hh10
d69,d21_hh25
d69,d11_hh214
d69,d83_hh67
d69,d55_hh246
d69,d162_hh113
d69,d119_hh174
d69,d179_hh41
d69,d42_hh263
d69,d114_hh2
d69,d59_hh98
d69,d179_hh28
d69,d149_hh237
d69,d190_hh38
d69,d134_hh166
d69,d160_hh59
d69,d100_hh164
d69,d95_hh241
d69,d131_hh212
d69,d131_hh41
d69,d210_hh267
d69,d215_hh82
d69,d48_hh176
d69,d117_hh126
d69,d62_hh167
d69,d88_hh108
d69,d207_hh28
d69,d83_hh67
d69,d91_hh98
d69,d210_hh262
d69,d73_hh197
d69,d88_hh3
d69,d51_hh285
d69,d97_hh75
d69,d46_hh57
d69,d93_hh66
d69,d161_hh229
d69,d119_hh174
d69,d1_hh234
d69,d122_hh271
d69,d104_hh7
d69,d18_hh253
d69,d99_hh38
d69,d32_hh101
d69,d130_hh177
d69,d175_hh32
d69,d122_hh210
d69,d126_hh44
d69,d168_hh265
d69,d77_hh156
d69,d210_hh87
d69,d161_hh238
d69,d77_hh83
d69,d66_hh179
d69,d130_hh273
d69,d88_hh108
d69,d190_hh173
d69,d46_hh57
d69,d99_hh38
d69,d111_hh29
d69,d160_hh97
d69,d179_hh28
d69,d82_hh41
d69,d160_hh97
d69,d59_hh207
d69,d126_hh184
d69,d190_hh176
d69,d66_hh179
d69,d129_hh94
d69,d112_hh17
d69,d85_hh218
d69,d120_hh272
d69,d139_hh164
d69,d202_hh111
d69,d91_hh100
d69,d184_hh11
d69,d140_hh260
d69,d154_hh132
d69,d32_hh151
d69,d97_hh20
d69,d161_hh229
d69,d11_hh244
d69,d128_hh43
d69,d175_hh239
d69,d134_hh31
d69,d91_hh32
d69,d126_hh44
d69,d128_hh43
d69,d160_hh211
d69,d73_hh153
d69,d205_hh73
d69,d137_hh216
d69,d7_hh240
d69,d214_hh166
d69,d59_hh162
d69,d158_hh85
d69,d125_hh189
d69,d18_hh253
d69,d69_hh274
d69,d55_hh226
d69,d69_hh274
d69,d66_hh131
d69,d110_hh172
d69,d138_hh10
d69,d198_hh78
d69,d214_hh184
d69,d124_hh125
d69,d42_hh38
d69,d96_hh8
d69,d141_hh152
d69,d156_hh153
d69,d77_hh156
d69,d55_hh12
d69,d66_hh13
d69,d51_hh37
d69,d32_hh19
d69,d175_hh181
d69,d184_hh11
d69,d174_hh97
d69,d135_hh78
d69,d32_hh60
d69,d11_hh244
d69,d112_hh155
d69,d106_hh24
d69,d158_hh85
d69,d90_hh214
d69,d77_hh83
d69,d131_hh41
d69,d66_hh193
d69,d200_hh227
d69,d149_hh61
d69,d88_hh267
d69,d120_hh272
d69,d160_hh211
d69,d210_hh267
d69,d164_hh78
d69,d93_hh80
d69,d129_hh106
d69,d215_hh157
d69,d56_hh175
d69,d163_hh115
d69,d174_hh85
d69,d193_hh61
d69,d110_hh236
d69,d55_hh12
d69,d32_hh101
d69,d34_hh166
d69,d139_hh251
d69,d125_hh167
d69,d110_hh117
d69,d135_hh226
d69,d190_hh173
d69,d131_hh41
d69,d33_hh64
d69,d104_hh7
d69,d128_hh278
d69,d36_hh69
d69,d190_hh173
d69,d179_hh28
d69,d35_hh224
d69,d69_hh222
d69,d146_hh88
d69,d118_hh262
d69,d175_hh239
d69,d128_hh43
d69,d168_hh34
d69,d21_hh16
d69,d118_hh262
d69,d51_hh49
d69,d137_hh201
d69,d141_hh6
d69,d124_hh167
d69,d125_hh236
d69,d137_hh109
d69,d112_hh17
d69,d214_hh166
d69,d125_hh248
d69,d170_hh273
d69,d150_hh8
d69,d18_hh253
d69,d59_hh132
d69,d209_hh40
d69,d120_hh268
d69,d33_hh266
d69,d134_hh118
d69,d162_hh67
d69,d137_hh216
d69,d40_hh111
d69,d77_hh40
d69,d82_hh256
d69,d102_hh228
d69,d164_hh220
d69,d161_hh250
d69,d139_hh251
d69,d209_hh40
d69,d74_hh212
d69,d43_hh67
d69,d139_hh9
d68,d28_hh40
d68,d189_hh268
d68,d92_hh161
d68,d70_hh136
d68,d37_hh159
d68,d76_hh193
d68,d148_hh58
d68,d70_hh172
d68,d9_hh183
d68,d142_hh190
d68,d107_hh103
d68,d79_hh114
d68,d14_hh75
d68,d60_hh191
d68,d76_hh6
d68,d115_hh186
d68,d71_hh146
d68,d142_hh190
d68,d9_hh170
d68,d157_hh16
d68,d64_hh137
d68,d142_hh190
d68,d71_hh245
d68,d203_hh227
d68,d8_hh106
d68,d8_hh41
d68,d8_hh105
d68,d136_hh32
d68,d157_hh16
d68,d167_hh11
d68,d196_hh126
d68,d107_hh103
d68,d70_hh76
d68,d167_hh70
d68,d192_hh68
d68,d94_hh129
d68,d9_hh289
d68,d201_hh78
d68,d121_hh170
d68,d70_hh172
d68,d47_hh300
d68,d49_hh257
d68,d63_hh160
d68,d176_hh85
d68,d167_hh70
d68,d203_hh189
d68,d180_hh254
d68,d45_hh79
d68,d14_hh75
d68,d108_hh213
d68,d176_hh85
d68,d136_hh192
d68,d8_hh106
d68,d71_hh245
d68,d47_hh135
d68,d212_hh61
d68,d203_hh227
d68,d28_hh35
d68,d76_hh187
d68,d167_hh276
d68,d157_hh215
d68,d148_hh58
d68,d22_hh190
d68,d211_hh211
d68,d63_hh69
d68,d188_hh256
d68,d37_hh160
d68,d8_hh106
d68,d201_hh119
d68,d121_hh272
d68,d196_hh215
d68,d14_hh67
d68,d45_hh79
d68,d70_hh171
d68,d176_hh85
d68,d203_hh139
d68,d84_hh161
d68,d121_hh170
d68,d148_hh244
d68,d8_hh155
d68,d194_hh189
d68,d9_hh183
d68,d176_hh125
d68,d167_hh70
d68,d203_hh139
d68,d144_hh253
d68,d28_hh35
d68,d47_hh128
d68,d201_hh119
d68,d108_hh241
d68,d28_hh40
d68,d212_hh252
d68,d196_hh139
d68,d167_hh11
d68,d115_hh124
d68,d84_hh161
d68,d148_hh117
d68,d27_hh269
d68,d203_hh227
d68,d86_hh55
d68,d203_hh189
d68,d108_hh230
d68,d211_hh211
d68,d14_hh75
d68,d9_hh197
d68,d115_hh55
d68,d153_hh96
d68,d148_hh104
d68,d6_hh77
d68,d108_hh212
d68,d28_hh253
d68,d107_hh103
d68,d49_hh257
d68,d172_hh18
d68,d194_hh40
d68,d115_hh55
d68,d3_hh97
d68,d181_hh225
d68,d136_hh32
d68,d116_hh118
d68,d3_hh35
d68,d9_hh183
d68,d188_hh256
d68,d176_hh125
d68,d136_hh32
d68,d3_hh27
d68,d189_hh268
d68,d28_hh253
d68,d71_hh245
d68,d79_hh227
d68,d76_hh6
d68,d8_hh149
d68,d60_hh107
d68,d47_hh135
d68,d167_hh276
d68,d45_hh0
d68,d201_hh119
d68,d203_hh189
d68,d176_hh220
d68,d49_hh257
d68,d108_hh241
d68,d192_hh39
d68,d203_hh189
d68,d45_hh0
d68,d84_hh161
d68,d8_hh105
d68,d196_hh126
d68,d148_hh104
d68,d49_hh219
d68,d142_hh108
d68,d148_hh104
d68,d45_hh0
d68,d108_hh212
d68,d196_hh197
d68,d115_hh55
d68,d14_hh67
d68,d28_hh253
d68,d172_hh180
d68,d151_hh203
d68,d212_hh61
d68,d8_hh155
d68,d211_hh211
d68,d115_hh55
d68,d167_hh276
d68,d14_hh75
d68,d8_hh106
d68,d25_hh157
d68,d84_hh122
d68,d8_hh106
d68,d79_hh255
d68,d45_hh79
d68,d203_hh227
d68,d185_hh57
d68,d212_hh61
d68,d151_hh203
d68,d92_hh161
d68,d108_hh230
d68,d145_hh175
d68,d92_hh115
d68,d63_hh83
d68,d28_hh253
d68,d79_hh198
d68,d167_hh276
d68,d22_hh176
d68,d25_hh80
d68,d28_hh40
d68,d70_hh110
d68,d14_hh75
d68,d157_hh16
d68,d181_hh17
d68,d142_hh190
d68,d203_hh189
d68,d64_hh137
d68,d3_hh27
d68,d157_hh16
d68,d71_hh146
d68,d192_hh68
d68,d71_hh146
d68,d86_hh55
d68,d192_hh68
d68,d196_hh139
d68,d28_hh35
d68,d176_hh220
d68,d45_hh0
d68,d47_hh300
d68,d3_hh97
d68,d94_hh129
d68,d47_hh300
d68,d203_hh227
d68,d8_hh149
d68,d94_hh129
d68,d70_hh172
d68,d79_hh227
d68,d60_hh191
d68,d47_hh135
d68,d37_hh160
d68,d201_hh135
d68,d8_hh155
d68,d136_hh32
d68,d28_hh253
d68,d8_hh149
d68,d108_hh241
d68,d28_hh35
d68,d121_hh170
d68,d121_hh272
d68,d115_hh186
d68,d203_hh189
d68,d212_hh61
d68,d84_hh161
d68,d103_hh192
d68,d49_hh103
d68,d148_hh100
d68,d189_hh268
d68,d167_hh70
d68,d14_hh75
d68,d148_hh247
d68,d211_hh211
d68,d3_hh180
d68,d94_hh129
d68,d189_hh268
d68,d107_hh23
d68,d107_hh23
d68,d157_hh16
d68,d79_hh114
d68,d108_hh162
d68,d108_hh212
d68,d142_hh190
d68,d136_hh32
d68,d8_hh106
d68,d176_hh220
d68,d63_hh160
d68,d196_hh197
d68,d86_hh55
d68,d28_hh40
d68,d201_hh78
d68,d148_hh104
d68,d196_hh190
d68,d25_hh157
d68,d194_hh114
d68,d76_hh6
d58,d104_hh7
d58,d165_hh274
d58,d175_hh239
d58,d158_hh49
d58,d149_hh61
d58,d38_hh49
d58,d130_hh273
d58,d88_hh3
d58,d162_hh67
d58,d32_hh151
d58,d128_hh273
d58,d122_hh181
d58,d112_hh177
d58,d202_hh17
d58,d130_hh273
d58,d96_hh8
d58,d158_hh34
d58,d78_hh234
d58,d117_hh126
d58,d18_hh253
d58,d82_hh256
d58,d110_hh201
d58,d69_hh99
d58,d74_hh212
d58,d40_hh7
d58,d78_hh9
d58,d168_hh34
d58,d184_hh11
d58,d152_hh175
d58,d135_hh216
d58,d69_hh55
d58,d214_hh252
d58,d33_hh266
d58,d160_hh97
d58,d191_hh30
d58,d158_hh20
d58,d193_hh67
d58,d193_hh61
d58,d73_hh153
d58,d202_hh111
d58,d208_hh2
d58,d129_hh94
d58,d97_hh75
d58,d158_hh146
d58,d78_hh123
d58,d184_hh11
d58,d44_hh35
d58,d1_hh15
d58,d13_hh263
d58,d50_hh90
d58,d129_hh106
d58,d72_hh77
d58,d132_hh233
d58,d122_hh112
d58,d7_hh64
d58,d66_hh13
d58,d174_hh6
d58,d18_hh80
d58,d109_hh168
d58,d46_hh57
d58,d205_hh54
d58,d112_hh221
d58,d13_hh263
d58,d11_hh240
d58,d140_hh260
d58,d21_hh21
d58,d16_hh200
d58,d53_hh23
d58,d123_hh83
d58,d69_hh13
d58,d69_hh99
d58,d137_hh109
d58,d209_hh40
d58,d191_hh12
d58,d82_hh115
d58,d96_hh8
d58,d184_hh206
d58,d175_hh32
d58,d210_hh267
d58,d174_hh97
d58,d78_hh123
d58,d193_hh67
d58,d140_hh260
d58,d141_hh235
d58,d168_hh30
d58,d101_hh182
d58,d214_hh184
d58,d207_hh28
d58,d11_hh132
d58,d125_hh189
d58,d140_hh260
d58,d110_hh236
d58,d124_hh125
d58,d191_hh179
d58,d41_hh181
d58,d41_hh254
d58,d160_hh59
d58,d77_hh83
d58,d117_hh126
d58,d74_hh11
d58,d30_hh44
d58,d120_hh57
d58,d85_hh104
d58,d119_hh50
d58,d112_hh17
d58,d140_hh260
d58,d51_hh285
d58,d44_hh163
d58,d34_hh166
d58,d40_hh7
d58,d125_hh167
d58,d101_hh186
d58,d91_hh100
d58,d59_hh162
d58,d110_hh172
d58,d146_hh88
d58,d135_hh78
d58,d81_hh81
d58,d93_hh184
d58,d187_hh30
d58,d106_hh24
d58,d150_hh168
d58,d135_hh57
d58,d169_hh148
d58,d1_hh15
d58,d168_hh30
d58,d160_hh59
d58,d18_hh6
d58,d83_hh79
d58,d96_hh8
d58,d55_hh131
d58,d125_hh189
d58,d143_hh82
d58,d125_hh167
d58,d126_hh156
d58,d73_hh84
d58,d72_hh77
d58,d123_hh83
d58,d155_hh206
d58,d183_hh93
d58,d156_hh153
d58,d130_hh177
d58,d170_hh63
d58,d82_hh231
d58,d122_hh112
d58,d139_hh27
d58,d58_hh108
d58,d106_hh24
d58,d59_hh98
d58,d117_hh126
d58,d75_hh15
d58,d165_hh274
d58,d150_hh8
d58,d175_hh181
d58,d38_hh172
d58,d205_hh73
d58,d53_hh23
d58,d4_hh212
d58,d168_hh265
d58,d30_hh132
d58,d88_hh235
d58,d141_hh209
d58,d114_hh12
d58,d87_hh38
d58,d129_hh94
d58,d124_hh118
d58,d124_hh118
d58,d65_hh75
d58,d174_hh6
d58,d39_hh96
d58,d164_hh78
d58,d160_hh59
d58,d122_hh271
d58,d82_hh115
d58,d78_hh234
d58,d65_hh227
d58,d100_hh65
d58,d56_hh177
d58,d174_hh6
d58,d35_hh224
d58,d174_hh97
d58,d179_hh242
d58,d58_hh81
d58,d18_hh80
d58,d85_hh104
d58,d44_hh65
d58,d41_hh254
d58,d16_hh201
d58,d48_hh119
d58,d59_hh251
d58,d154_hh132
d58,d169_hh115
d58,d146_hh114
d58,d122_hh210
d58,d34_hh12
d58,d174_hh97
d58,d117_hh126
d58,d53_hh23
d58,d62_hh167
d58,d66_hh13
d58,d128_hh297
d58,d128_hh184
d58,d73_hh153
d58,d190_hh106
d58,d21_hh21
d58,d11_hh240
d58,d214_hh252
d58,d138_hh1
d58,d208_hh221
d58,d113_hh254
d58,d175_hh181
d58,d55_hh190
d58,d74_hh109
d58,d191_hh179
d58,d178_hh263
d58,d106_hh24
d58,d91_hh113
d58,d137_hh109
d58,d129_hh106
d58,d87_hh38
d58,d175_hh181
d58,d93_hh184
d58,d66_hh179
d58,d15_hh97
d58,d125_hh167
d58,d101_hh186
d58,d204_hh173
d58,d7_hh124
d58,d88_hh235
d58,d187_hh30
d58,d120_hh118
d58,d65_hh227
d58,d69_hh209
d58,d82_hh41
d58,d16_hh177
d58,d7_hh87
d58,d56_hh89
d58,d16_hh177
d58,d160_hh211
d58,d168_hh30
d58,d179_hh41
d58,d179_hh267
d58,d74_hh212
d58,d35_hh224
d58,d190_hh106
d58,d81_hh14
d58,d82_hh256
d58,d135_hh216
d58,d134_hh76
d58,d82_hh256
d58,d78_hh234
d58,d118_hh262
d58,d56_hh175
d58,d112_hh155
d58,d106_hh24
d58,d128_hh184
d58,d88_hh118
d58,d88_hh108
d58,d135_hh226
d58,d35_hh104
d58,d65_hh67
d58,d138_hh10
d58,d132_hh233
d58,d155_hh206
d58,d56_hh63
d58,d208_hh221
d58,d91_hh98
d58,d184_hh11
d58,d215_hh157
d58,d161_hh250
d58,d120_hh272
d58,d126_hh233
d58,d73_hh7
d58,d134_hh76
d58,d77_hh156
d58,d155_hh206
d58,d150_hh168
d58,d112_hh155
d58,d120_hh118
d58,d18_hh6
d58,d26_hh63
d58,d34_hh12
d58,d207_hh28
d64,d14_hh75
d64,d10_hh167
d64,d153_hh100
d64,d181_hh17
d64,d28_hh35
d64,d49_hh170
d64,d22_hh190
d64,d3_hh35
d64,d14_hh205
d64,d103_hh205
d64,d63_hh83
d64,d153_hh100
d64,d94_hh129
d64,d167_hh11
d64,d45_hh79
d64,d14_hh75
d64,d153_hh26
d64,d60_hh191
d64,d148_hh247
d64,d84_hh161
d64,d79_hh255
d64,d3_hh180
d64,d121_hh170
d64,d63_hh69
d64,d185_hh143
d64,d116_hh196
d64,d14_hh67
d64,d92_hh91
d64,d196_hh215
d64,d84_hh122
d64,d9_hh236
d64,d70_hh76
d64,d9_hh236
d64,d6_hh77
d64,d86_hh55
d64,d70_hh136
d64,d116_hh196
d64,d37_hh159
d64,d107_hh193
d64,d196_hh139
d64,d103_hh205
d64,d176_hh92
d64,d92_hh161
d64,d116_hh196
d64,d6_hh130
d64,d172_hh18
d64,d203_hh227
d64,d10_hh167
d64,d79_hh114
d64,d3_hh35
d64,d148_hh100
d64,d37_hh160
d64,d70_hh171
d64,d116_hh196
d64,d115_hh176
d64,d9_hh289
d64,d136_hh89
d64,d9_hh183
d64,d176_hh125
d64,d9_hh289
d64,d63_hh160
d64,d192_hh58
d64,d157_hh215
d64,d167_hh70
d64,d157_hh16
d64,d49_hh219
d64,d115_hh55
d64,d60_hh191
d64,d151_hh215
d64,d172_hh180
d64,d115_hh186
d64,d49_hh103
d64,d181_hh17
d64,d70_hh171
d64,d192_hh39
d64,d8_hh41
d64,d194_hh40
d64,d60_hh108
d64,d108_hh230
d64,d148_hh100
d64,d6_hh77
d64,d9_hh170
d64,d70_hh171
d64,d167_hh11
d64,d14_hh75
d64,d92_hh115
d64,d136_hh192
d64,d25_hh80
d64,d107_hh23
d64,d212_hh61
d64,d79_hh227
d64,d212_hh61
d64,d70_hh110
d64,d25_hh157
d64,d172_hh180
d64,d167_hh70
d64,d79_hh114
d64,d86_hh55
d64,d76_hh6
d64,d6_hh155
d64,d107_hh193
d64,d37_hh159
d64,d185_hh143
d64,d9_hh197
d64,d185_hh57
d64,d211_hh86
d64,d49_hh103
d64,d142_hh106
d64,d9_hh236
d64,d28_hh35
d64,d86_hh55
d64,d203_hh189
d64,d86_hh55
d64,d192_hh58
d64,d180_hh254
d64,d172_hh180
d64,d60_hh108
d64,d151_hh203
d64,d108_hh212
d64,d142_hh106
d64,d79_hh198
d64,d79_hh198
d64,d9_hh183
d64,d9_hh197
d64,d108_hh230
d64,d148_hh117
d64,d9_hh236
d64,d79_hh255
d64,d107_hh23
d64,d136_hh192
d64,d196_hh215
d64,d9_hh289
d64,d176_hh92
d64,d206_hh279
d64,d49_hh170
d64,d176_hh125
d64,d172_hh18
d64,d45_hh0
d64,d108_hh212
d64,d192_hh68
d64,d47_hh135
d64,d107_hh246
d64,d142_hh108
d64,d71_hh163
d64,d157_hh16
d64,d71_hh245
d64,d136_hh89
d64,d176_hh125
d64,d116_hh36
d64,d92_hh161
d64,d107_hh258
d64,d116_hh118
d64,d37_hh160
d64,d142_hh108
d64,d9_hh183
d64,d206_hh279
d64,d8_hh149
d64,d86_hh55
d64,d142_hh106
d64,d49_hh219
d64,d176_hh220
d64,d211_hh86
d64,d25_hh157
d64,d9_hh289
d64,d108_hh212
d64,d10_hh167
d64,d37_hh159
d64,d8_hh155
d64,d116_hh118
d64,d196_hh229
d64,d185_hh57
d64,d192_hh58
d64,d145_hh175
d64,d107_hh246
d64,d107_hh193
d64,d151_hh203
d64,d28_hh253
d64,d211_hh211
d64,d71_hh146
d64,d142_hh108
d64,d181_hh17
d64,d206_hh279
d64,d108_hh162
d64,d108_hh212
d64,d108_hh212
d64,d94_hh137
d64,d8_hh106
d64,d201_hh78
d64,d153_hh100
d64,d79_hh227
d64,d108_hh212
d64,d153_hh100
d64,d84_hh122
d64,d116_hh36
d64,d60_hh107
d64,d176_hh125
d64,d9_hh289
d64,d203_hh189
d64,d212_hh155
d64,d136_hh89
d64,d79_hh255
d64,d76_hh6
d64,d172_hh18
d64,d92_hh161
d64,d107_hh193
d64,d167_hh70
d64,d14_hh75
d64,d10_hh167
d64,d60_hh107
d64,d3_hh180
d64,d107_hh258
d64,d3_hh180
d64,d76_hh6
d64,d71_hh163
d64,d92_hh91
d64,d172_hh18
d64,d148_hh244
d64,d148_hh100
d64,d116_hh118
d64,d37_hh159
d64,d211_hh211
d64,d76_hh6
d64,d64_hh137
d64,d115_hh176
d64,d157_hh235
d64,d22_hh190
d64,d49_hh170
d64,d116_hh6
d64,d86_hh55
d64,d22_hh176
d64,d107_hh23
d64,d172_hh180
d64,d6_hh155
d64,d144_hh196
d64,d86_hh55
d64,d103_hh192
d64,d63_hh83
d64,d92_hh91
d64,d79_hh227
d64,d196_hh190
d64,d185_hh143
d64,d121_hh272
d64,d172_hh18
d64,d79_hh255
d64,d148_hh247
d64,d64_hh137
d64,d105_hh45
d64,d192_hh58
d64,d3_hh180
d64,d196_hh229
d64,d27_hh269
d64,d153_hh96
d64,d27_hh269
d64,d9_hh183
d64,d108_hh212
d64,d70_hh172
d64,d79_hh255
d64,d116_hh36
d64,d116_hh36
d64,d79_hh114
d64,d167_hh70
d64,d176_hh92
d64,d148_hh247
d64,d103_hh205
d64,d14_hh75
d64,d157_hh215
d64,d167_hh264
d64,d79_hh227
d64,d28_hh253
d64,d28_hh40
d64,d144_hh289
d64,d6_hh130
d64,d60_hh108
d64,d136_hh32
d64,d172_hh18
d71,d181_hh17
d71,d180_hh254
d71,d45_hh79
d71,d71_hh163
d71,d172_hh180
d71,d206_hh279
d71,d71_hh163
d71,d144_hh253
d71,d148_hh247
d71,d157_hh222
d71,d172_hh18
d71,d172_hh18
d71,d211_hh86
d71,d194_hh40
d71,d144_hh289
d71,d8_hh41
d71,d108_hh212
d71,d108_hh230
d71,d6_hh130
d71,d49_hh219
d71,d196_hh190
d71,d22_hh190
d71,d79_hh227
d71,d103_hh48
d71,d45_hh79
d71,d142_hh269
d71,d167_hh264
d71,d107_hh246
d71,d185_hh57
d71,d121_hh170
d71,d136_hh32
d71,d107_hh246
d71,d203_hh189
d71,d63_hh83
d71,d79_hh255
d71,d148_hh104
d71,d103_hh48
d71,d49_hh103
d71,d148_hh247
d71,d201_hh135
d71,d64_hh137
d71,d64_hh137
d71,d203_hh227
d71,d9_hh170
d71,d148_hh117
d71,d203_hh139
d71,d211_hh211
d71,d188_hh256
d71,d153_hh100
d71,d192_hh39
d71,d25_hh80
d71,d153_hh26
d71,d45_hh79
d71,d145_hh175
d71,d108_hh162
d71,d6_hh77
d71,d60_hh191
d71,d76_hh6
d71,d196_hh215
d71,d176_hh125
d71,d196_hh215
d71,d10_hh167
d71,d180_hh254
d71,d64_hh137
d71,d144_hh289
d71,d49_hh103
d71,d157_hh222
d71,d47_hh135
d71,d212_hh155
d71,d37_hh160
d71,d25_hh157
d71,d10_hh167
d71,d196_hh229
d71,d6_hh77
d71,d142_hh190
d71,d76_hh193
d71,d153_hh100
d71,d9_hh197
d71,d37_hh160
d71,d25_hh157
d71,d103_hh205
d71,d172_hh180
d71,d206_hh279
d71,d185_hh143
d71,d136_hh89
d71,d37_hh160
d71,d71_hh245
d71,d185_hh57
d71,d167_hh70
d71,d105_hh45
d71,d194_hh101
d71,d142_hh108
d71,d196_hh190
d71,d116_hh118
d71,d103_hh192
d71,d142_hh190
d71,d196_hh229
d71,d153_hh26
d71,d3_hh35
d71,d206_hh279
d71,d116_hh196
d71,d47_hh135
d71,d167_hh264
d71,d63_hh83
d71,d196_hh139
d71,d45_hh0
d71,d142_hh108
d71,d121_hh170
d71,d86_hh55
d71,d84_hh122
d71,d8_hh41
d71,d212_hh155
d71,d167_hh264
d71,d151_hh203
d71,d176_hh125
d71,d196_hh190
d71,d14_hh75
d71,d22_hh190
d71,d176_hh125
d71,d157_hh235
d71,d70_hh172
d71,d185_hh143
d71,d49_hh257
d71,d181_hh225
d71,d71_hh146
d71,d196_hh139
d71,d71_hh146
d71,d148_hh104
d71,d63_hh69
d71,d136_hh192
d71,d176_hh92
d71,d9_hh197
d71,d107_hh246
d71,d116_hh196
d71,d206_hh279
d71,d194_hh101
d71,d116_hh196
d71,d196_hh190
d71,d8_hh105
d71,d71_hh245
d71,d192_hh68
d71,d107_hh23
d71,d176_hh85
d71,d167_hh264
d71,d151_hh215
d71,d76_hh187
d71,d107_hh246
d71,d47_hh135
d71,d145_hh175
d71,d76_hh193
d71,d107_hh258
d71,d105_hh45
d71,d212_hh155
d71,d22_hh176
d71,d116_hh6
d71,d94_hh246
d71,d103_hh192
d71,d92_hh161
d71,d9_hh170
d71,d71_hh163
d71,d144_hh196
d71,d145_hh175
d71,d142_hh108
d71,d181_hh17
d71,d136_hh192
d71,d22_hh176
d71,d9_hh183
d71,d94_hh137
d71,d76_hh6
d71,d14_hh205
d71,d76_hh6
d71,d206_hh279
d71,d63_hh69
d71,d71_hh146
d71,d79_hh255
d71,d94_hh137
d71,d142_hh190
d71,d157_hh222
d71,d136_hh89
d71,d49_hh170
d71,d151_hh203
d71,d116_hh6
d71,d9_hh289
d71,d181_hh225
d71,d86_hh55
d71,d108_hh213
d71,d107_hh246
d71,d3_hh97
d71,d108_hh230
d71,d63_hh83
d71,d76_hh193
d71,d107_hh246
d71,d63_hh83
d71,d194_hh114
d71,d176_hh125
d71,d211_hh86
d71,d60_hh108
d71,d63_hh83
d71,d203_hh189
d71,d151_hh203
d71,d148_hh104
d71,d167_hh11
d71,d108_hh230
d71,d115_hh176
d71,d107_hh23
d71,d94_hh129
d71,d116_hh196
d71,d92_hh115
d71,d203_hh139
d71,d107_hh246
d71,d76_hh6
d71,d14_hh75
d71,d60_hh107
d71,d84_hh122
d71,d60_hh191
d71,d153_hh26
d71,d103_hh63
d71,d176_hh85
d71,d9_hh197
d71,d28_hh253
d71,d47_hh300
d71,d116_hh36
d71,d108_hh212
d71,d71_hh163
d71,d37_hh160
d71,d28_hh40
d71,d144_hh289
d71,d49_hh219
d71,d9_hh289
d71,d22_hh190
d71,d172_hh18
d71,d172_hh180
d71,d176_hh194
d71,d115_hh186
d71,d3_hh27
d71,d49_hh170
d71,d94_hh246
d71,d180_hh254
d71,d63_hh83
d71,d212_hh252
d71,d176_hh125
d71,d103_hh63
d71,d157_hh16
d71,d79_hh255
d71,d71_hh163
d71,d71_hh146
d71,d153_hh100
d71,d103_hh192
d71,d148_hh117
d71,d9_hh183
d71,d115_hh176
d71,d64_hh137
d71,d196_hh215
d71,d151_hh215
d71,d3_hh180
d71,d181_hh17
d71,d188_hh256
d71,d8_hh149
d71,d142_hh269
d71,d49_hh219
d71,d49_hh257
d71,d9_hh197
d71,d176_hh92
d71,d47_hh300
d71,d157_hh222
d71,d22_hh190
d71,d92_hh161
d71,d192_hh58
d71,d92_hh91
d71,d196_hh197
d71,d148_hh247
d71,d185_hh143
d71,d25_hh80
d71,d212_hh61
d71,d194_hh40
d71,d148_hh104
d71,d167_hh11
d71,d27_hh269
d71,d79_hh227
d71,d136_hh89
d71,d60_hh107
d71,d196_hh197
d71,d22_hh190
d71,d103_hh192
d71,d84_hh122
d71,d188_hh256
d73,d128_hh43
d73,d53_hh23
d73,d85_hh218
d73,d77_hh83
d73,d190_hh38
d73,d150_hh168
d73,d69_hh99
d73,d210_hh267
d73,d204_hh231
d73,d214_hh255
d73,d214_hh166
d73,d114_hh2
d73,d117_hh126
d73,d81_hh14
d73,d91_hh79
d73,d154_hh132
d73,d152_hh175
d73,d99_hh38
d73,d77_hh83
d73,d137_hh216
d73,d146_hh88
d73,d41_hh254
d73,d41_hh72
d73,d66_hh13
d73,d65_hh115
d73,d134_hh156
d73,d179_hh242
d73,d41_hh254
d73,d5_hh117
d73,d175_hh32
d73,d162_hh113
d73,d134_hh156
d73,d213_hh238
d73,d160_hh179
d73,d110_hh201
d73,d150_hh168
d73,d26_hh63
d73,d118_hh175
d73,d127_hh69
d73,d214_hh255
d73,d55_hh229
d73,d51_hh186
d73,d114_hh12
d73,d204_hh173
d73,d11_hh79
d73,d18_hh91
d73,d91_hh98
d73,d35_hh104
d73,d41_hh181
d73,d155_hh206
d73,d210_hh267
d73,d134_hh118
d73,d44_hh283
d73,d39_hh96
d73,d174_hh97
d73,d124_hh223
d73,d118_hh175
d73,d214_hh255
d73,d73_hh33
d73,d46_hh228
d73,d110_hh117
d73,d101_hh186
d73,d7_hh124
d73,d110_hh201
d73,d91_hh79
d73,d120_hh57
d73,d190_hh38
d73,d91_hh100
d73,d156_hh151
d73,d174_hh85
d73,d18_hh91
d73,d160_hh179
d73,d152_hh175
d73,d202_hh17
d73,d21_hh25
d73,d202_hh17
d73,d97_hh20
d73,d33_hh64
d73,d208_hh221
d73,d152_hh187
d73,d128_hh43
d73,d23_hh236
d73,d184_hh210
d73,d44_hh283
d73,d24_hh177
d73,d117_hh126
d73,d214_hh184
d73,d179_hh267
d73,d51_hh49
d73,d205_hh73
d73,d125_hh167
d73,d104_hh7
d73,d179_hh242
d73,d88_hh108
d73,d78_hh123
d73,d44_hh35
d73,d101_hh182
d73,d135_hh216
d73,d91_hh32
d73,d33_hh266
d73,d131_hh14
d73,d187_hh32
d73,d135_hh216
d73,d191_hh190
d73,d200_hh51
d73,d91_hh32
d73,d35_hh224
d73,d81_hh87
d73,d135_hh78
d73,d112_hh176
d73,d74_hh212
d73,d82_hh231
d73,d112_hh176
d73,d78_hh123
d73,d66_hh193
d73,d210_hh262
d73,d69_hh274
d73,d135_hh216
d73,d213_hh238
d73,d56_hh63
d73,d191_hh179
d73,d117_hh126
d73,d35_hh224
d73,d210_hh87
d73,d134_hh118
d73,d58_hh108
d73,d44_hh283
d73,d112_hh221
d73,d41_hh74
d73,d124_hh167
d73,d132_hh233
d73,d132_hh233
d73,d73_hh151
d73,d65_hh75
d73,d129_hh106
d73,d34_hh12
d73,d128_hh43
d73,d1_hh15
d73,d210_hh262
d73,d112_hh177
d73,d4_hh212
d73,d163_hh115
d73,d124_hh167
d73,d141_hh209
d73,d73_hh33
d73,d210_hh262
d73,d200_hh51
d73,d160_hh232
d73,d187_hh291
d73,d35_hh224
d73,d55_hh12
d73,d75_hh15
d73,d215_hh157
d73,d59_hh132
d73,d11_hh244
d73,d55_hh226
d73,d101_hh182
d73,d53_hh23
d73,d135_hh57
d73,d207_hh28
d73,d97_hh20
d73,d16_hh75
d73,d56_hh166
d73,d207_hh28
d73,d140_hh260
d73,d73_hh7
d73,d190_hh176
d73,d109_hh168
d73,d32_hh101
d73,d109_hh168
d73,d129_hh94
d73,d83_hh67
d73,d183_hh93
d73,d128_hh297
d73,d174_hh97
d73,d78_hh234
d73,d97_hh20
d73,d35_hh211
d73,d106_hh24
d73,d85_hh218
d73,d158_hh85
d73,d97_hh20
d73,d59_hh98
d73,d208_hh2
d73,d111_hh29
d73,d156_hh19
d73,d20_hh44
d73,d150_hh168
d73,d32_hh151
d73,d124_hh126
d73,d74_hh212
d73,d135_hh57
d73,d160_hh104
d73,d164_hh249
d73,d215_hh82
d73,d55_hh12
d73,d99_hh44
d73,d55_hh131
d73,d44_hh170
d73,d65_hh75
d73,d78_hh9
d73,d32_hh203
d73,d97_hh75
d73,d99_hh44
d73,d82_hh256
d73,d82_hh41
d73,d88_hh267
d73,d128_hh278
d73,d41_hh72
d73,d154_hh132
d73,d81_hh81
d73,d100_hh65
d73,d120_hh45
d73,d50_hh112
d73,d125_hh167
d73,d122_hh210
d73,d141_hh6
d73,d134_hh7
d73,d55_hh246
d73,d141_hh6
d73,d190_hh176
d73,d128_hh43
d73,d141_hh152
d73,d131_hh41
d73,d175_hh32
d73,d214_hh20
d73,d69_hh209
d73,d62_hh167
d73,d124_hh125
d73,d78_hh234
d73,d128_hh180
d73,d18_hh6
d73,d16_hh177
d73,d114_hh2
d73,d128_hh180
d73,d120_hh57
d73,d7_hh64
d73,d55_hh12
d73,d125_hh248
d73,d15_hh97
d73,d175_hh239
d73,d134_hh31
d73,d128_hh43
d73,d111_hh29
d73,d88_hh118
d73,d104_hh7
d73,d41_hh74
d73,d120_hh118
d73,d34_hh12
d73,d104_hh7
d73,d11_hh79
d73,d131_hh14
d73,d162_hh113
d73,d75_hh15
d73,d35_hh224
d73,d23_hh236
d73,d165_hh274
d73,d139_hh164
d73,d179_hh242
d59,d161_hh250
d59,d34_hh12
d59,d179_hh242
d59,d119_hh107
d59,d7_hh240
d59,d214_hh252
d59,d187_hh30
d59,d50_hh112
d59,d190_hh38
d59,d7_hh64
d59,d190_hh176
d59,d15_hh97
d59,d33_hh266
d59,d69_hh99
d59,d4_hh212
d59,d41_hh72
d59,d134_hh76
d59,d44_hh127
d59,d143_hh224
d59,d38_hh49
d59,d55_hh232
d59,d82_hh256
d59,d128_hh180
d59,d106_hh24
d59,d170_hh273
d59,d24_hh177
d59,d87_hh32
d59,d99_hh38
d59,d82_hh256
d59,d33_hh266
d59,d82_hh256
d59,d42_hh38
d59,d16_hh177
d59,d207_hh28
d59,d102_hh228
d59,d26_hh63
d59,d179_hh41
d59,d65_hh67
d59,d175_hh181
d59,d156_hh153
d59,d13_hh157
d59,d102_hh284
d59,d112_hh17
d59,d112_hh221
d59,d130_hh277
d59,d210_hh87
d59,d174_hh85
d59,d21_hh21
d59,d18_hh91
d59,d82_hh256
d59,d135_hh226
d59,d82_hh41
d59,d125_hh167
d59,d184_hh11
d59,d101_hh186
d59,d40_hh111
d59,d69_hh209
d59,d58_hh108
d59,d61_hh246
d59,d156_hh153
d59,d120_hh272
d59,d122_hh271
d59,d100_hh164
d59,d15_hh97
d59,d46_hh57
d59,d112_hh221
d59,d29_hh167
d59,d50_hh90
d59,d109_hh209
d59,d160_hh38
d59,d170_hh273
d59,d96_hh8
d59,d214_hh255
d59,d59_hh98
d59,d118_hh262
d59,d174_hh85
d59,d106_hh24
d59,d48_hh176
d59,d7_hh148
d59,d141_hh152
d59,d130_hh177
d59,d72_hh77
d59,d146_hh114
d59,d138_hh10
d59,d19_hh147
d59,d62_hh18
d59,d7_hh87
d59,d34_hh166
d59,d11_hh240
d59,d66_hh131
d59,d109_hh168
d59,d35_hh224
d59,d90_hh214
d59,d35_hh104
d59,d99_hh230
d59,d156_hh218
d59,d20_hh48
d59,d99_hh44
d59,d112_hh221
d59,d73_hh33
d59,d112_hh17
d59,d69_hh55
d59,d100_hh164
d59,d56_hh89
d59,d155_hh206
d59,d156_hh181
d59,d124_hh126
d59,d65_hh75
d59,d82_hh231
d59,d26_hh63
d59,d56_hh89
d59,d93_hh66
d59,d160_hh232
d59,d152_hh187
d59,d7_hh124
d59,d69_hh55
d59,d207_hh28
d59,d124_hh223
d59,d51_hh177
d59,d11_hh26
d59,d41_hh254
d59,d210_hh267
d59,d178_hh263
d59,d160_hh104
d59,d15_hh97
d59,d81_hh87
d59,d184_hh206
d59,d55_hh246
d59,d178_hh263
d59,d44_hh65
d59,d190_hh176
d59,d91_hh241
d59,d128_hh184
d59,d130_hh177
d59,d53_hh249
d59,d124_hh125
d59,d59_hh132
d59,d126_hh156
d59,d179_hh267
d59,d97_hh75
d59,d69_hh55
d59,d53_hh249
d59,d42_hh263
d59,d44_hh163
d59,d41_hh74
d59,d13_hh239
d59,d56_hh166
d59,d195_hh97
d59,d55_hh232
d59,d128_hh297
d59,d66_hh179
d59,d106_hh24
d59,d93_hh66
d59,d93_hh80
d59,d66_hh13
d59,d114_hh12
d59,d55_hh190
d59,d13_hh263
d59,d139_hh27
d59,d18_hh80
d59,d131_hh14
d59,d41_hh181
d59,d77_hh40
d59,d46_hh57
d59,d214_hh171
d59,d16_hh177
d59,d158_hh49
d59,d132_hh233
d59,d149_hh237
d59,d137_hh109
d59,d30_hh132
d59,d183_hh237
d59,d46_hh57
d59,d56_hh89
d59,d42_hh251
d59,d16_hh201
d59,d149_hh61
d59,d55_hh226
d59,d43_hh67
d59,d195_hh52
d59,d18_hh253
d59,d214_hh171
d59,d131_hh212
d59,d146_hh88
d59,d2_hh232
d59,d162_hh67
d59,d80_hh6
d59,d88_hh108
d59,d69_hh13
d59,d16_hh201
d59,d210_hh262
d59,d7_hh155
d59,d21_hh25
d59,d55_hh232
d59,d169_hh115
d59,d198_hh40
d59,d51_hh186
d59,d55_hh226
d59,d61_hh79
d59,d66_hh179
d59,d88_hh191
d59,d110_hh236
d59,d128_hh43
d59,d7_hh124
d59,d56_hh123
d59,d141_hh194
d59,d119_hh50
d59,d168_hh34
d59,d85_hh214
d59,d149_hh61
d59,d109_hh209
d59,d202_hh17
d59,d122_hh271
d59,d184_hh206
d59,d147_hh167
d59,d97_hh20
d59,d168_hh30
d59,d110_hh236
d59,d117_hh126
d59,d93_hh66
d59,d78_hh123
d59,d81_hh14
d59,d132_hh233
d59,d122_hh112
d59,d122_hh112
d59,d97_hh75
d59,d175_hh32
d59,d73_hh197
d59,d150_hh253
d59,d73_hh197
d59,d112_hh176
d59,d204_hh173
d59,d88_hh118
d59,d106_hh24
d59,d73_hh33
d59,d88_hh108
d59,d33_hh64
d59,d55_hh190
d59,d160_hh179
d59,d16_hh75
d59,d114_hh2
d59,d91_hh32
d59,d137_hh216
d59,d59_hh207
d59,d42_hh263
d59,d117_hh126
d59,d126_hh156
d59,d134_hh76
d59,d160_hh97
d59,d128_hh43
d59,d11_hh132
d59,d187_hh291
d59,d200_hh227
d59,d135_hh226
d59,d44_hh163
d59,d59_hh251
d59,d7_hh87
d59,d205_hh217
d59,d137_hh216
d59,d208_hh137
d59,d125_hh189
d59,d58_hh108
d59,d41_hh181
d59,d82_hh256
d59,d66_hh193
d59,d44_hh187
d59,d190_hh32
d59,d11_hh240
d59,d161_hh238
d59,d175_hh239
d59,d35_hh224
d59,d81_hh81
d59,d66_hh179
d59,d43_hh67
d59,d73_hh197
d59,d73_hh84
d59,d214_hh184
d59,d117_hh245
d59,d19_hh147
d61,d113_hh254
d61,d55_hh131
d61,d51_hh186
d61,d128_hh278
d61,d62_hh167
d61,d69_hh209
d61,d193_hh67
d61,d81_hh81
d61,d138_hh10
d61,d141_hh209
d61,d208_hh137
d61,d18_hh6
d61,d202_hh111
d61,d128_hh297
d61,d162_hh113
d61,d187_hh16
d61,d56_hh175
d61,d139_hh27
d61,d205_hh54
d61,d88_hh118
d61,d100_hh65
d61,d134_hh118
d61,d30_hh44
d61,d154_hh132
d61,d32_hh19
d61,d81_hh87
d61,d140_hh195
d61,d19_hh147
d61,d16_hh201
d61,d154_hh157
d61,d11_hh240
d61,d91_hh32
d61,d186_hh175
d61,d42_hh38
d61,d204_hh158
d61,d131_hh41
d61,d7_hh124
d61,d169_hh148
d61,d56_hh123
d61,d23_hh236
d61,d33_hh64
d61,d101_hh186
d61,d1_hh234
d61,d129_hh209
d61,d88_hh235
d61,d160_hh59
d61,d73_hh153
d61,d73_hh153
d61,d168_hh30
d61,d38_hh49
d61,d207_hh28
d61,d11_hh26
d61,d193_hh61
d61,d13_hh239
d61,d135_hh191
d61,d40_hh7
d61,d59_hh207
d61,d18_hh6
d61,d82_hh115
d61,d202_hh17
d61,d143_hh224
d61,d114_hh12
d61,d56_hh175
d61,d205_hh217
d61,d81_hh81
d61,d93_hh66
d61,d191_hh190
d61,d48_hh119
d61,d134_hh166
d61,d132_hh233
d61,d56_hh166
d61,d62_hh18
d61,d91_hh79
d61,d135_hh57
d61,d66_hh131
d61,d118_hh262
d61,d114_hh2
d61,d174_hh85
d61,d7_hh240
d61,d44_hh170
d61,d55_hh12
d61,d19_hh147
d61,d164_hh78
d61,d74_hh11
d61,d13_hh263
d61,d190_hh173
d61,d102_hh228
d61,d122_hh271
d61,d66_hh131
d61,d21_hh25
d61,d40_hh7
d61,d41_hh254
d61,d193_hh61
d61,d55_hh226
d61,d42_hh165
d61,d18_hh6
d61,d137_hh201
d61,d30_hh44
d61,d164_hh220
d61,d134_hh118
d61,d36_hh69
d61,d141_hh152
d61,d169_hh247
d61,d91_hh113
d61,d110_hh117
d61,d170_hh228
d61,d214_hh255
d61,d21_hh16
d61,d80_hh6
d61,d91_hh32
d61,d191_hh275
d61,d55_hh246
d61,d138_hh10
d61,d96_hh8
d61,d184_hh210
d61,d55_hh232
d61,d124_hh126
d61,d124_hh126
d61,d109_hh209
d61,d56_hh123
d61,d7_hh124
d61,d81_hh81
d61,d164_hh220
d61,d126_hh156
d61,d93_hh80
d61,d126_hh156
d61,d13_hh157
d61,d160_hh211
d61,d20_hh48
d61,d81_hh87
d61,d35_hh104
d61,d55_hh232
d61,d204_hh158
d61,d138_hh10
d61,d74_hh212
d61,d164_hh220
d61,d7_hh64
d61,d134_hh118
d61,d78_hh234
d61,d128_hh180
d61,d5_hh117
d61,d15_hh97
d61,d32_hh203
d61,d106_hh24
d61,d210_hh262
d61,d191_hh12
d61,d67_hh63
d61,d93_hh66
d61,d51_hh186
d61,d155_hh206
d61,d126_hh156
d61,d169_hh148
d61,d112_hh31
d61,d40_hh7
d61,d120_hh118
d61,d141_hh6
d61,d210_hh262
d61,d93_hh184
d61,d120_hh45
d61,d175_hh32
d61,d46_hh57
d61,d131_hh41
d61,d51_hh285
d61,d91_hh100
d61,d162_hh113
d61,d154_hh157
d61,d131_hh14
d61,d38_hh101
d61,d46_hh228
d61,d208_hh221
d61,d5_hh117
d61,d210_hh262
d61,d53_hh249
d61,d56_hh89
d61,d175_hh181
d61,d41_hh74
d61,d158_hh49
d61,d110_hh172
d61,d16_hh200
d61,d78_hh9
d61,d174_hh97
d61,d215_hh157
d61,d135_hh57
d61,d51_hh285
d61,d88_hh235
d61,d32_hh151
d61,d51_hh49
d61,d123_hh83
d61,d155_hh206
d61,d125_hh189
d61,d183_hh237
d61,d109_hh209
d61,d77_hh40
d61,d210_hh267
d61,d82_hh256
d61,d178_hh263
d61,d44_hh170
d61,d149_hh30
d61,d124_hh223
d61,d209_hh40
d61,d87_hh38
d61,d13_hh263
d61,d150_hh253
d61,d91_hh32
d61,d125_hh189
d61,d214_hh166
d61,d124_hh126
d61,d158_hh49
d61,d38_hh95
d61,d214_hh252
d61,d125_hh236
d61,d96_hh8
d61,d135_hh219
d61,d11_hh79
d61,d191_hh190
d61,d56_hh89
d61,d119_hh50
d61,d158_hh34
d61,d21_hh16
d61,d106_hh24
d61,d184_hh11
d61,d21_hh21
d61,d214_hh255
d61,d214_hh171
d61,d149_hh30
d61,d171_hh189
d61,d73_hh151
d61,d152_hh187
d61,d39_hh55
d61,d88_hh235
d61,d179_hh41
d61,d44_hh35
d61,d110_hh201
d61,d55_hh190
d61,d51_hh186
d61,d210_hh262
d61,d56_hh63
d61,d78_hh123
d61,d91_hh241
d61,d169_hh247
d61,d97_hh20
d61,d62_hh167
d61,d56_hh177
d61,d16_hh75
d61,d82_hh115
d61,d7_hh64
d61,d74_hh108
d61,d16_hh218
d61,d40_hh111
d61,d198_hh40
d61,d58_hh108
d61,d170_hh228
d61,d32_hh203
d61,d74_hh109
d61,d131_hh204
d61,d11_hh240
d61,d141_hh6
d61,d160_hh97
d61,d191_hh30
d60,d115_hh186
d60,d115_hh186
d60,d105_hh45
d60,d103_hh48
d60,d8_hh149
d60,d192_hh68
d60,d115_hh176
d60,d70_hh171
d60,d63_hh83
d60,d107_hh246
d60,d172_hh18
d60,d212_hh252
d60,d212_hh155
d60,d201_hh119
d60,d157_hh16
d60,d79_hh114
d60,d71_hh163
d60,d3_hh180
d60,d64_hh137
d60,d144_hh289
d60,d94_hh137
d60,d203_hh172
d60,d9_hh183
d60,d76_hh193
d60,d79_hh227
d60,d115_hh186
d60,d6_hh77
d60,d176_hh125
d60,d203_hh139
d60,d192_hh58
d60,d79_hh114
d60,d9_hh289
d60,d9_hh289
d60,d194_hh40
d60,d157_hh235
d60,d9_hh236
d60,d196_hh190
d60,d49_hh103
d60,d92_hh91
d60,d157_hh235
d60,d103_hh205
d60,d180_hh254
d60,d8_hh41
d60,d153_hh100
d60,d108_hh162
d60,d108_hh213
d60,d212_hh61
d60,d151_hh203
d60,d70_hh136
d60,d144_hh253
d60,d6_hh130
d60,d108_hh212
d60,d37_hh160
d60,d107_hh193
d60,d103_hh192
d60,d148_hh58
d60,d92_hh115
d60,d9_hh289
d60,d9_hh183
d60,d27_hh269
d60,d148_hh244
d60,d9_hh289
d60,d196_hh197
d60,d64_hh137
d60,d79_hh227
d60,d45_hh79
d60,d107_hh23
d60,d84_hh122
d60,d185_hh143
d60,d9_hh197
d60,d49_hh257
d60,d157_hh16
d60,d14_hh67
d60,d167_hh264
d60,d49_hh170
d60,d3_hh35
d60,d14_hh205
d60,d192_hh39
d60,d142_hh108
d60,d47_hh300
d60,d121_hh272
d60,d185_hh143
d60,d185_hh57
d60,d8_hh149
d60,d172_hh18
d60,d8_hh149
d60,d9_hh289
d60,d116_hh6
d60,d71_hh146
d60,d37_hh160
d60,d8_hh41
d60,d203_hh227
d60,d105_hh45
d60,d47_hh300
d60,d157_hh215
d60,d45_hh79
d60,d107_hh103
d60,d25_hh80
d60,d84_hh161
d60,d92_hh91
d60,d121_hh170
d60,d28_hh253
d60,d148_hh244
d60,d49_hh170
d60,d47_hh300
d60,d8_hh41
d60,d212_hh155
d60,d107_hh23
d60,d84_hh161
d60,d71_hh146
d60,d76_hh187
d60,d79_hh198
d60,d121_hh170
d60,d105_hh45
d60,d79_hh198
d60,d8_hh105
d60,d167_hh264
d60,d6_hh77
d60,d79_hh227
d60,d6_hh77
d60,d196_hh229
d60,d167_hh276
d60,d148_hh100
d60,d157_hh235
d60,d157_hh215
d60,d63_hh69
d60,d103_hh192
d60,d9_hh236
d60,d64_hh137
d60,d9_hh183
d60,d8_hh41
d60,d153_hh100
d60,d116_hh36
d60,d63_hh83
d60,d71_hh245
d60,d79_hh227
d60,d76_hh187
d60,d108_hh230
d60,d151_hh215
d60,d148_hh100
d60,d172_hh18
d60,d108_hh213
d60,d108_hh162
d60,d203_hh227
d60,d49_hh219
d60,d181_hh225
d60,d6_hh130
d60,d76_hh6
d60,d76_hh193
d60,d203_hh227
d60,d180_hh254
d60,d3_hh97
d60,d116_hh196
d60,d71_hh163
d60,d10_hh167
d60,d79_hh255
d60,d8_hh105
d60,d116_hh196
d60,d37_hh159
d60,d92_hh161
d60,d6_hh77
d60,d142_hh269
d60,d212_hh155
d60,d103_hh63
d60,d3_hh35
d60,d25_hh80
d60,d63_hh69
d60,d6_hh77
d60,d176_hh194
d60,d94_hh137
d60,d172_hh18
d60,d196_hh229
d60,d144_hh289
d60,d206_hh279
d60,d37_hh159
d60,d192_hh39
d60,d203_hh96
d60,d70_hh76
d60,d115_hh186
d60,d181_hh17
d60,d144_hh289
d60,d107_hh103
d60,d153_hh26
d60,d176_hh194
d60,d60_hh108
d60,d79_hh255
d60,d9_hh197
d60,d116_hh6
d60,d9_hh289
d60,d121_hh170
d60,d212_hh155
d60,d167_hh264
d60,d94_hh137
d60,d60_hh107
d60,d9_hh183
d60,d14_hh75
d60,d25_hh80
d60,d14_hh67
d60,d211_hh86
d60,d121_hh170
d60,d153_hh26
d60,d107_hh103
d60,d107_hh103
d60,d167_hh264
d60,d201_hh135
d60,d49_hh219
d60,d9_hh183
d60,d151_hh215
d60,d148_hh247
d60,d108_hh212
d60,d167_hh276
d60,d49_hh103
d60,d25_hh80
d60,d196_hh139
d60,d9_hh183
d60,d47_hh128
d60,d6_hh77
d60,d47_hh135
d60,d47_hh300
d60,d8_hh149
d60,d151_hh215
d60,d70_hh171
d60,d3_hh180
d60,d9_hh197
d60,d116_hh6
d60,d176_hh220
d60,d9_hh197
d60,d63_hh83
d60,d3_hh97
d60,d60_hh108
d60,d107_hh246
d60,d185_hh143
d60,d49_hh103
d60,d153_hh100
d60,d116_hh196
d60,d115_hh176
d60,d3_hh97
d60,d115_hh176
d60,d201_hh135
d60,d115_hh199
d60,d172_hh180
d60,d70_hh172
d60,d107_hh23
d60,d47_hh135
d60,d79_hh255
d60,d121_hh170
d60,d76_hh6
d60,d107_hh103
d60,d212_hh61
d60,d76_hh187
d60,d108_hh213
d60,d185_hh57
d60,d107_hh193
d60,d92_hh115
d60,d176_hh85
d60,d108_hh230
d60,d49_hh257
d60,d103_hh192
d60,d63_hh160
d60,d71_hh245
d60,d196_hh215
d60,d103_hh48
d60,d211_hh86
d63,d212_hh252
d63,d194_hh101
d63,d107_hh103
d63,d22_hh190
d63,d105_hh45
d63,d196_hh190
d63,d6_hh77
d63,d14_hh75
d63,d185_hh143
d63,d206_hh279
d63,d94_hh137
d63,d189_hh268
d63,d116_hh36
d63,d84_hh161
d63,d121_hh170
d63,d176_hh125
d63,d3_hh180
d63,d71_hh146
d63,d194_hh101
d63,d172_hh180
d63,d76_hh6
d63,d3_hh97
d63,d8_hh155
d63,d3_hh180
d63,d206_hh279
d63,d196_hh190
d63,d153_hh96
d63,d116_hh36
d63,d3_hh180
d63,d192_hh58
d63,d189_hh268
d63,d37_hh160
d63,d116_hh36
d63,d176_hh125
d63,d6_hh130
d63,d167_hh264
d63,d142_hh108
d63,d151_hh215
d63,d185_hh57
d63,d107_hh193
d63,d189_hh268
d63,d148_hh247
d63,d76_hh187
d63,d47_hh128
d63,d71_hh163
d63,d70_hh171
d63,d142_hh106
d63,d153_hh96
d63,d63_hh83
d63,d9_hh236
d63,d9_hh236
d63,d116_hh118
d63,d107_hh193
d63,d142_hh190
d63,d45_hh79
d63,d203_hh139
d63,d63_hh83
d63,d49_hh103
d63,d27_hh269
d63,d203_hh189
d63,d6_hh130
d63,d115_hh199
d63,d9_hh183
d63,d176_hh194
d63,d64_hh137
d63,d212_hh155
d63,d192_hh39
d63,d9_hh236
d63,d76_hh6
d63,d70_hh171
d63,d76_hh187
d63,d76_hh6
d63,d144_hh196
d63,d22_hh190
d63,d64_hh137
d63,d151_hh215
d63,d144_hh289
d63,d115_hh176
d63,d157_hh16
d63,d153_hh26
d63,d136_hh89
d63,d196_hh197
d63,d189_hh268
d63,d49_hh170
d63,d192_hh58
d63,d136_hh32
d63,d144_hh289
d63,d203_hh227
d63,d107_hh193
d63,d144_hh196
d63,d153_hh100
d63,d84_hh161
d63,d157_hh235
d63,d79_hh227
d63,d8_hh149
d63,d181_hh225
d63,d116_hh118
d63,d108_hh212
d63,d181_hh17
d63,d211_hh86
d63,d203_hh139
d63,d145_hh175
d63,d121_hh170
d63,d136_hh89
d63,d148_hh117
d63,d192_hh68
d63,d142_hh108
d63,d94_hh137
d63,d116_hh6
d63,d10_hh167
d63,d22_hh190
d63,d6_hh130
d63,d136_hh32
d63,d145_hh175
d63,d116_hh196
d63,d27_hh269
d63,d145_hh175
d63,d92_hh161
d63,d103_hh205
d63,d70_hh171
d63,d107_hh246
d63,d71_hh146
d63,d157_hh215
d63,d176_hh220
d63,d196_hh229
d63,d108_hh230
d63,d148_hh117
d63,d63_hh69
d63,d79_hh255
d63,d136_hh89
d63,d185_hh143
d63,d144_hh196
d63,d49_hh170
d63,d103_hh205
d63,d172_hh180
d63,d115_hh176
d63,d49_hh219
d63,d194_hh101
d63,d144_hh196
d63,d49_hh170
d63,d79_hh114
d63,d176_hh92
d63,d121_hh170
d63,d9_hh197
d63,d6_hh130
d63,d212_hh252
d63,d64_hh137
d63,d71_hh245
d63,d107_hh23
d63,d92_hh91
d63,d47_hh128
d63,d60_hh107
d63,d60_hh191
d63,d71_hh163
d63,d176_hh194
d63,d8_hh41
d63,d47_hh300
d63,d14_hh205
d63,d196_hh197
d63,d9_hh183
d63,d49_hh103
d63,d115_hh199
d63,d172_hh180
d63,d203_hh139
d63,d9_hh197
d63,d84_hh161
d63,d176_hh92
d63,d212_hh252
d63,d49_hh170
d63,d157_hh235
d63,d157_hh222
d63,d116_hh196
d63,d14_hh205
d63,d10_hh167
d63,d115_hh124
d63,d71_hh146
d63,d181_hh17
d63,d79_hh227
d63,d108_hh241
d63,d9_hh236
d63,d37_hh159
d63,d8_hh105
d63,d108_hh212
d63,d3_hh97
d63,d45_hh79
d63,d14_hh75
d63,d203_hh189
d63,d49_hh103
d63,d196_hh190
d63,d3_hh27
d63,d167_hh276
d63,d84_hh161
d63,d194_hh40
d63,d142_hh190
d63,d203_hh189
d63,d8_hh105
d63,d27_hh269
d63,d94_hh129
d63,d116_hh36
d63,d71_hh245
d63,d79_hh114
d63,d157_hh16
d63,d49_hh170
d63,d37_hh160
d63,d176_hh85
d63,d84_hh161
d63,d192_hh58
d63,d116_hh6
d63,d10_hh167
d63,d196_hh190
d63,d63_hh160
d63,d107_hh246
d63,d107_hh103
d63,d185_hh57
d63,d47_hh135
d63,d157_hh235
d63,d8_hh105
d63,d14_hh67
d63,d192_hh58
d63,d176_hh194
d63,d196_hh229
d63,d9_hh236
d63,d94_hh137
d63,d9_hh289
d63,d153_hh96
d63,d79_hh198
d63,d22_hh176
d63,d157_hh215
d63,d176_hh85
d63,d185_hh57
d63,d76_hh193
d63,d8_hh149
d63,d84_hh122
d63,d49_hh257
d63,d79_hh114
d63,d79_hh114
d63,d172_hh180
d63,d14_hh75
d63,d3_hh180
d63,d212_hh155
d63,d148_hh117
d63,d71_hh163
d63,d47_hh135
d63,d9_hh289
d63,d196_hh215
d63,d49_hh170
d63,d145_hh175
d63,d3_hh35
d63,d136_hh89
d63,d107_hh246
d63,d103_hh205
d63,d6_hh77
d63,d79_hh227
d63,d151_hh203
d63,d107_hh246
d63,d116_hh196
d63,d148_hh247
d63,d115_hh124
d63,d3_hh97
d63,d194_hh142
d63,d10_hh167
d63,d212_hh61
d63,d107_hh258
d63,d148_hh244
d63,d181_hh225
d63,d181_hh225
d63,d103_hh63
d63,d49_hh103
d63,d142_hh108
d63,d9_hh289
d63,d148_hh104
d63,d116_hh196
d63,d212_hh61
d63,d116_hh196
d63,d94_hh129
d63,d153_hh100
d63,d176_hh125
d63,d115_hh186
d63,d60_hh191
d63,d49_hh219
d63,d49_hh170
d63,d194_hh101
d63,d194_hh142
d63,d79_hh255
d63,d27_hh269
d63,d157_hh16
d63,d107_hh193
d72,d200_hh51
d72,d56_hh177
d72,d160_hh211
d72,d124_hh118
d72,d44_hh127
d72,d11_hh26
d72,d214_hh255
d72,d56_hh177
d72,d149_hh30
d72,d42_hh263
d72,d129_hh106
d72,d214_hh184
d72,d164_hh220
d72,d168_hh30
d72,d51_hh49
d72,d91_hh113
d72,d102_hh228
d72,d39_hh96
d72,d179_hh28
d72,d69_hh274
d72,d106_hh24
d72,d119_hh50
d72,d21_hh21
d72,d195_hh31
d72,d34_hh166
d72,d81_hh14
d72,d209_hh40
d72,d120_hh57
d72,d131_hh41
d72,d130_hh177
d72,d204_hh158
d72,d55_hh12
d72,d141_hh235
d72,d62_hh18
d72,d134_hh156
d72,d202_hh111
d72,d126_hh156
d72,d190_hh106
d72,d161_hh229
d72,d120_hh272
d72,d208_hh2
d72,d149_hh237
d72,d56_hh63
d72,d56_hh63
d72,d200_hh51
d72,d102_hh284
d72,d58_hh108
d72,d72_hh77
d72,d88_hh3
d72,d152_hh175
d72,d164_hh249
d72,d51_hh285
d72,d187_hh30
d72,d213_hh238
d72,d156_hh181
d72,d124_hh126
d72,d183_hh93
d72,d131_hh204
d72,d117_hh126
d72,d138_hh1
d72,d162_hh67
d72,d59_hh162
d72,d83_hh79
d72,d88_hh267
d72,d184_hh11
d72,d99_hh44
d72,d91_hh113
d72,d174_hh6
d72,d44_hh163
d72,d88_hh3
d72,d35_hh224
d72,d109_hh168
d72,d24_hh177
d72,d42_hh251
d72,d160_hh38
d72,d128_hh180
d72,d11_hh240
d72,d53_hh23
d72,d135_hh78
d72,d40_hh111
d72,d55_hh226
d72,d93_hh80
d72,d117_hh126
d72,d124_hh167
d72,d190_hh38
d72,d1_hh15
d72,d65_hh67
d72,d40_hh111
d72,d128_hh273
d72,d137_hh216
d72,d208_hh221
d72,d18_hh253
d72,d93_hh184
d72,d16_hh201
d72,d135_hh219
d72,d65_hh227
d72,d214_hh252
d72,d87_hh32
d72,d73_hh84
d72,d119_hh107
d72,d137_hh109
d72,d160_hh211
d72,d66_hh179
d72,d59_hh162
d72,d162_hh67
d72,d141_hh6
d72,d16_hh177
d72,d11_hh26
d72,d109_hh168
d72,d56_hh89
d72,d7_hh87
d72,d160_hh38
d72,d97_hh75
d72,d130_hh273
d72,d120_hh57
d72,d158_hh20
d72,d141_hh194
d72,d165_hh274
d72,d58_hh108
d72,d15_hh188
d72,d129_hh94
d72,d26_hh63
d72,d41_hh181
d72,d56_hh177
d72,d125_hh236
d72,d75_hh15
d72,d175_hh239
d72,d82_hh41
d72,d7_hh64
d72,d39_hh55
d72,d44_hh283
d72,d104_hh7
d72,d73_hh33
d72,d50_hh195
d72,d119_hh50
d72,d109_hh209
d72,d135_hh78
d72,d168_hh34
d72,d130_hh273
d72,d48_hh119
d72,d18_hh253
d72,d135_hh78
d72,d32_hh136
d72,d128_hh273
d72,d4_hh212
d72,d174_hh97
d72,d81_hh87
d72,d77_hh83
d72,d88_hh118
d72,d161_hh110
d72,d130_hh277
d72,d99_hh44
d72,d175_hh181
d72,d141_hh152
d72,d87_hh32
d72,d104_hh7
d72,d82_hh115
d72,d141_hh209
d72,d205_hh217
d72,d2_hh232
d72,d11_hh240
d72,d141_hh6
d72,d104_hh7
d72,d93_hh66
d72,d16_hh201
d72,d126_hh44
d72,d135_hh57
d72,d18_hh253
d72,d31_hh135
d72,d205_hh73
d72,d40_hh111
d72,d7_hh124
d72,d161_hh110
d72,d124_hh118
d72,d191_hh30
d72,d2_hh232
d72,d184_hh210
d72,d135_hh226
d72,d141_hh6
d72,d150_hh253
d72,d40_hh111
d72,d141_hh6
d72,d110_hh172
d72,d33_hh266
d72,d73_hh33
d72,d88_hh3
d72,d62_hh18
d72,d53_hh23
d72,d179_hh267
d72,d187_hh16
d72,d129_hh106
d72,d137_hh201
d72,d214_hh184
d72,d160_hh59
d72,d130_hh277
d72,d110_hh201
d72,d38_hh172
d72,d78_hh9
d72,d215_hh82
d72,d13_hh263
d72,d41_hh72
d72,d184_hh210
d72,d128_hh43
d72,d33_hh64
d72,d135_hh219
d72,d128_hh180
d72,d111_hh206
d72,d78_hh234
d72,d170_hh273
d72,d160_hh38
d72,d78_hh123
d72,d91_hh100
d72,d128_hh297
d72,d164_hh220
d72,d82_hh256
d72,d97_hh20
d72,d38_hh101
d72,d72_hh77
d72,d11_hh132
d72,d158_hh49
d72,d72_hh77
d72,d112_hh177
d72,d137_hh109
d72,d87_hh38
d72,d135_hh57
d72,d146_hh88
d72,d190_hh173
d72,d210_hh262
d72,d195_hh52
d72,d44_hh35
d72,d130_hh177
d72,d11_hh214
d72,d62_hh167
d72,d55_hh190
d72,d5_hh117
d72,d129_hh209
d72,d141_hh235
d72,d55_hh190
d72,d163_hh242
d72,d160_hh59
d72,d44_hh170
d72,d16_hh177
d72,d135_hh219
d72,d191_hh179
d72,d97_hh75
d72,d190_hh38
d72,d122_hh112
d72,d207_hh28
d72,d126_hh156
d72,d2_hh232
d72,d160_hh232
d72,d42_hh38
d72,d59_hh251
d72,d82_hh231
d72,d7_hh64
d72,d34_hh12
d72,d170_hh273
d72,d124_hh223
d72,d43_hh67
d72,d51_hh49
d72,d125_hh167
d72,d104_hh7
d72,d81_hh14
d72,d48_hh119
d72,d77_hh40
d72,d139_hh9
d72,d90_hh214
d72,d205_hh54
d72,d46_hh228
d72,d184_hh11
d72,d32_hh60
d72,d117_hh126
d72,d168_hh265
d72,d32_hh136
d72,d56_hh166
d72,d165_hh274
d72,d120_hh57
d72,d50_hh195
d72,d214_hh255
d72,d83_hh67
d72,d141_hh194
d72,d200_hh51
d72,d131_hh212
d72,d129_hh94
d72,d134_hh7
d72,d20_hh44
d72,d59_hh98
d72,d112_hh17
d72,d210_hh262
d72,d56_hh123
d72,d55_hh12
d72,d204_hh173
d72,d137_hh109
d72,d40_hh7
d72,d150_hh168
d74,d147_hh167
d74,d198_hh78
d74,d18_hh91
d74,d11_hh244
d74,d48_hh119
d74,d146_hh114
d74,d163_hh115
d74,d78_hh9
d74,d149_hh30
d74,d168_hh30
d74,d74_hh212
d74,d87_hh32
d74,d187_hh16
d74,d126_hh156
d74,d126_hh233
d74,d112_hh31
d74,d11_hh244
d74,d190_hh32
d74,d214_hh184
d74,d46_hh228
d74,d126_hh44
d74,d7_hh124
d74,d93_hh66
d74,d163_hh242
d74,d62_hh18
d74,d69_hh209
d74,d122_hh112
d74,d125_hh236
d74,d95_hh241
d74,d134_hh118
d74,d126_hh156
d74,d138_hh10
d74,d214_hh20
d74,d66_hh193
d74,d154_hh157
d74,d83_hh67
d74,d204_hh231
d74,d99_hh44
d74,d131_hh212
d74,d81_hh14
d74,d127_hh69
d74,d21_hh21
d74,d120_hh57
d74,d88_hh191
d74,d78_hh9
d74,d175_hh181
d74,d69_hh209
d74,d88_hh267
d74,d202_hh222
d74,d66_hh193
d74,d82_hh231
d74,d141_hh194
d74,d88_hh191
d74,d112_hh177
d74,d124_hh125
d74,d169_hh148
d74,d18_hh80
d74,d119_hh50
d74,d41_hh254
d74,d41_hh254
d74,d126_hh156
d74,d130_hh177
d74,d113_hh254
d74,d122_hh271
d74,d38_hh101
d74,d120_hh45
d74,d82_hh231
d74,d137_hh109
d74,d56_hh63
d74,d7_hh64
d74,d138_hh1
d74,d205_hh217
d74,d46_hh228
d74,d51_hh49
d74,d93_hh80
d74,d59_hh251
d74,d32_hh136
d74,d51_hh186
d74,d131_hh14
d74,d97_hh20
d74,d184_hh210
d74,d191_hh30
d74,d165_hh274
d74,d74_hh11
d74,d15_hh97
d74,d73_hh84
d74,d204_hh231
d74,d59_hh207
d74,d135_hh57
d74,d77_hh156
d74,d44_hh35
d74,d164_hh220
d74,d128_hh184
d74,d190_hh106
d74,d59_hh132
d74,d150_hh8
d74,d21_hh25
d74,d149_hh61
d74,d42_hh165
d74,d128_hh180
d74,d66_hh131
d74,d120_hh272
d74,d78_hh123
d74,d191_hh190
d74,d88_hh191
d74,d51_hh177
d74,d46_hh57
d74,d130_hh277
d74,d184_hh11
d74,d155_hh206
d74,d124_hh125
d74,d36_hh69
d74,d36_hh69
d74,d214_hh255
d74,d65_hh67
d74,d183_hh93
d74,d119_hh107
d74,d32_hh19
d74,d154_hh157
d74,d135_hh57
d74,d126_hh156
d74,d187_hh16
d74,d101_hh182
d74,d40_hh111
d74,d140_hh260
d74,d11_hh79
d74,d141_hh152
d74,d7_hh240
d74,d154_hh132
d74,d55_hh226
d74,d11_hh240
d74,d77_hh156
d74,d18_hh253
d74,d33_hh64
d74,d4_hh212
d74,d56_hh63
d74,d88_hh235
d74,d137_hh216
d74,d50_hh195
d74,d41_hh74
d74,d178_hh263
d74,d215_hh157
d74,d1_hh234
d74,d48_hh119
d74,d7_hh148
d74,d34_hh166
d74,d41_hh181
d74,d150_hh168
d74,d51_hh186
d74,d32_hh101
d74,d143_hh224
d74,d91_hh100
d74,d56_hh123
d74,d16_hh177
d74,d66_hh179
d74,d18_hh80
d74,d127_hh69
d74,d120_hh45
d74,d137_hh201
d74,d161_hh250
d74,d160_hh179
d74,d120_hh118
d74,d114_hh2
d74,d73_hh153
d74,d20_hh44
d74,d91_hh32
d74,d61_hh79
d74,d15_hh188
d74,d122_hh271
d74,d112_hh31
d74,d11_hh79
d74,d40_hh111
d74,d96_hh8
d74,d56_hh166
d74,d5_hh117
d74,d66_hh193
d74,d160_hh97
d74,d120_hh272
d74,d29_hh167
d74,d15_hh188
d74,d193_hh67
d74,d82_hh256
d74,d169_hh148
d74,d66_hh154
d74,d77_hh40
d74,d169_hh247
d74,d2_hh232
d74,d11_hh214
d74,d120_hh268
d74,d164_hh78
d74,d131_hh212
d74,d4_hh212
d74,d7_hh148
d74,d164_hh249
d74,d16_hh200
d74,d18_hh80
d74,d207_hh28
d74,d168_hh265
d74,d88_hh3
d74,d146_hh114
d74,d131_hh204
d74,d97_hh75
d74,d168_hh265
d74,d55_hh12
d74,d161_hh110
d74,d83_hh67
d74,d21_hh21
d74,d163_hh115
d74,d99_hh230
d74,d62_hh167
d74,d74_hh109
d74,d40_hh111
d74,d207_hh28
d74,d198_hh40
d74,d73_hh153
d74,d48_hh119
d74,d131_hh204
d74,d66_hh154
d74,d150_hh168
d74,d112_hh176
d74,d69_hh13
d74,d7_hh148
d74,d190_hh173
d74,d126_hh44
d74,d208_hh221
d74,d130_hh277
d74,d210_hh267
d74,d41_hh74
d74,d112_hh17
d74,d56_hh166
d74,d183_hh93
d74,d21_hh16
d74,d122_hh210
d74,d18_hh253
d74,d7_hh148
d74,d43_hh67
d74,d73_hh153
d74,d131_hh14
d74,d101_hh186
d74,d195_hh97
d74,d100_hh65
d74,d96_hh8
d74,d82_hh256
d74,d150_hh253
d74,d113_hh254
d74,d174_hh6
d74,d104_hh7
d74,d73_hh7
d74,d31_hh135
d74,d42_hh263
d74,d42_hh38
d74,d134_hh166
d74,d160_hh97
d74,d36_hh69
d74,d82_hh115
d74,d110_hh172
d74,d40_hh111
d74,d149_hh237
d74,d183_hh237
d74,d149_hh30
d74,d42_hh38
d74,d140_hh195
d74,d81_hh81
d74,d82_hh115
d74,d7_hh124
d74,d213_hh238
d74,d77_hh40
d74,d73_hh153
d74,d44_hh170
d74,d91_hh241
d74,d30_hh44
d74,d101_hh182
d74,d73_hh151
d75,d44_hh187
d75,d161_hh229
d75,d128_hh180
d75,d208_hh2
d75,d51_hh285
d75,d135_hh191
d75,d88_hh191
d75,d44_hh163
d75,d112_hh155
d75,d150_hh8
d75,d66_hh193
d75,d59_hh251
d75,d61_hh79
d75,d104_hh7
d75,d164_hh249
d75,d141_hh6
d75,d214_hh166
d75,d65_hh115
d75,d61_hh79
d75,d32_hh19
d75,d55_hh229
d75,d7_hh124
d75,d41_hh181
d75,d154_hh157
d75,d160_hh38
d75,d59_hh251
d75,d124_hh118
d75,d187_hh30
d75,d186_hh175
d75,d134_hh76
d75,d106_hh24
d75,d99_hh44
d75,d73_hh197
d75,d74_hh212
d75,d202_hh222
d75,d44_hh187
d75,d51_hh37
d75,d214_hh255
d75,d61_hh79
d75,d112_hh31
d75,d13_hh239
d75,d41_hh53
d75,d11_hh26
d75,d77_hh156
d75,d91_hh241
d75,d35_hh104
d75,d214_hh184
d75,d73_hh33
d75,d190_hh38
d75,d30_hh44
d75,d122_hh112
d75,d61_hh79
d75,d33_hh64
d75,d202_hh111
d75,d163_hh115
d75,d7_hh64
d75,d5_hh117
d75,d202_hh17
d75,d164_hh249
d75,d124_hh125
d75,d11_hh240
d75,d147_hh167
d75,d100_hh65
d75,d90_hh214
d75,d69_hh13
d75,d15_hh188
d75,d150_hh8
d75,d118_hh88
d75,d124_hh167
d75,d16_hh201
d75,d7_hh64
d75,d83_hh79
d75,d134_hh31
d75,d110_hh172
d75,d190_hh32
d75,d122_hh112
d75,d15_hh188
d75,d61_hh246
d75,d195_hh52
d75,d161_hh238
d75,d99_hh230
d75,d120_hh272
d75,d59_hh207
d75,d171_hh189
d75,d214_hh255
d75,d113_hh254
d75,d72_hh77
d75,d69_hh209
d75,d210_hh267
d75,d126_hh156
d75,d214_hh20
d75,d202_hh17
d75,d74_hh108
d75,d74_hh108
d75,d95_hh241
d75,d114_hh2
d75,d120_hh57
d75,d139_hh164
d75,d135_hh191
d75,d44_hh163
d75,d18_hh91
d75,d139_hh251
d75,d59_hh98
d75,d124_hh167
d75,d56_hh123
d75,d149_hh61
d75,d15_hh97
d75,d42_hh38
d75,d91_hh100
d75,d174_hh85
d75,d169_hh148
d75,d73_hh151
d75,d111_hh29
d75,d129_hh106
d75,d51_hh49
d75,d73_hh153
d75,d163_hh242
d75,d81_hh81
d75,d43_hh27
d75,d120_hh268
d75,d210_hh262
d75,d175_hh32
d75,d69_hh274
d75,d124_hh118
d75,d175_hh181
d75,d146_hh88
d75,d138_hh1
d75,d20_hh48
d75,d81_hh87
d75,d88_hh235
d75,d120_hh57
d75,d96_hh8
d75,d128_hh273
d75,d117_hh126
d75,d96_hh8
d75,d91_hh113
d75,d186_hh175
d75,d34_hh12
d75,d175_hh181
d75,d117_hh126
d75,d125_hh167
d75,d15_hh97
d75,d31_hh135
d75,d160_hh104
d75,d160_hh59
d75,d74_hh11
d75,d102_hh284
d75,d74_hh109
d75,d66_hh131
d75,d118_hh88
d75,d132_hh233
d75,d119_hh174
d75,d16_hh75
d75,d109_hh168
d75,d87_hh38
d75,d158_hh85
d75,d138_hh1
d75,d205_hh73
d75,d16_hh177
d75,d74_hh109
d75,d130_hh273
d75,d111_hh206
d75,d41_hh254
d75,d195_hh97
d75,d207_hh28
d75,d7_hh240
d75,d61_hh79
d75,d110_hh236
d75,d99_hh230
d75,d213_hh238
d75,d41_hh254
d75,d41_hh74
d75,d81_hh81
d75,d150_hh168
d75,d130_hh277
d75,d135_hh219
d75,d146_hh88
d75,d82_hh41
d75,d183_hh237
d75,d48_hh119
d75,d112_hh17
d75,d18_hh6
d75,d146_hh114
d75,d190_hh173
d75,d73_hh84
d75,d65_hh227
d75,d4_hh212
d75,d91_hh113
d75,d214_hh255
d75,d72_hh77
d75,d58_hh81
d75,d72_hh77
d75,d162_hh113
d75,d44_hh170
d75,d202_hh111
d75,d56_hh175
d75,d210_hh87
d75,d56_hh63
d75,d184_hh210
d75,d111_hh206
d75,d143_hh224
d75,d11_hh244
d75,d168_hh265
d75,d93_hh66
d75,d135_hh226
d75,d102_hh284
d75,d161_hh238
d75,d134_hh166
d75,d111_hh206
d75,d7_hh87
d75,d69_hh99
d75,d158_hh49
d75,d83_hh67
d75,d139_hh164
d75,d44_hh283
d75,d210_hh267
d75,d120_hh272
d75,d118_hh175
d75,d13_hh239
d75,d43_hh27
d75,d183_hh93
d75,d95_hh241
d75,d91_hh113
d75,d205_hh217
d75,d124_hh167
d75,d140_hh260
d75,d191_hh190
d75,d160_hh211
d75,d83_hh79
d75,d85_hh104
d75,d32_hh151
d75,d179_hh28
d75,d113_hh254
d75,d41_hh74
d75,d205_hh217
d75,d200_hh227
d75,d134_hh118
d75,d66_hh179
d75,d149_hh61
d75,d146_hh88
d75,d135_hh78
d75,d160_hh97
d75,d69_hh55
d75,d214_hh184
d75,d41_hh72
d75,d138_hh10
d75,d56_hh166
d75,d95_hh241
d75,d131_hh14
d75,d160_hh38
d75,d23_hh236
d75,d82_hh41
d75,d97_hh20
d75,d127_hh69
d75,d7_hh124
d75,d150_hh8
d75,d208_hh137
d75,d53_hh249
d75,d190_hh173
d70,d45_hh79
d70,d70_hh110
d70,d49_hh257
d70,d45_hh79
d70,d181_hh17
d70,d196_hh126
d70,d45_hh0
d70,d3_hh97
d70,d115_hh124
d70,d148_hh244
d70,d9_hh236
d70,d108_hh212
d70,d86_hh55
d70,d136_hh32
d70,d63_hh83
d70,d79_hh255
d70,d107_hh258
d70,d6_hh77
d70,d108_hh230
d70,d167_hh276
d70,d148_hh104
d70,d108_hh241
d70,d167_hh70
d70,d211_hh211
d70,d70_hh110
d70,d47_hh128
d70,d157_hh235
d70,d107_hh23
d70,d8_hh155
d70,d9_hh289
d70,d203_hh96
d70,d14_hh67
d70,d71_hh146
d70,d196_hh215
d70,d63_hh131
d70,d60_hh191
d70,d116_hh36
d70,d37_hh159
d70,d211_hh211
d70,d136_hh32
d70,d142_hh190
d70,d70_hh172
d70,d70_hh172
d70,d25_hh80
d70,d63_hh131
d70,d189_hh268
d70,d108_hh241
d70,d63_hh69
d70,d108_hh162
d70,d157_hh16
d70,d212_hh155
d70,d103_hh63
d70,d108_hh162
d70,d176_hh220
d70,d153_hh100
d70,d70_hh76
d70,d203_hh189
d70,d8_hh155
d70,d60_hh107
d70,d27_hh269
d70,d49_hh257
d70,d107_hh103
d70,d70_hh172
d70,d167_hh11
d70,d176_hh194
d70,d79_hh227
d70,d185_hh57
d70,d8_hh155
d70,d108_hh241
d70,d212_hh61
d70,d3_hh27
d70,d14_hh75
d70,d211_hh86
d70,d167_hh264
d70,d76_hh6
d70,d3_hh27
d70,d201_hh78
d70,d79_hh227
d70,d203_hh139
d70,d115_hh55
d70,d94_hh129
d70,d108_hh241
d70,d108_hh241
d70,d103_hh192
d70,d28_hh35
d70,d108_hh212
d70,d60_hh107
d70,d107_hh23
d70,d211_hh86
d70,d8_hh149
d70,d196_hh139
d70,d196_hh190
d70,d203_hh189
d70,d148_hh247
d70,d108_hh230
d70,d144_hh196
d70,d116_hh118
d70,d203_hh227
d70,d70_hh110
d70,d148_hh104
d70,d196_hh126
d70,d144_hh196
d70,d194_hh142
d70,d136_hh192
d70,d22_hh176
d70,d70_hh171
d70,d79_hh114
d70,d189_hh268
d70,d189_hh268
d70,d172_hh18
d70,d60_hh107
d70,d172_hh18
d70,d194_hh114
d70,d211_hh211
d70,d70_hh136
d70,d108_hh162
d70,d47_hh128
d70,d60_hh191
d70,d28_hh40
d70,d157_hh215
d70,d79_hh227
d70,d203_hh139
d70,d3_hh97
d70,d211_hh211
d70,d142_hh190
d70,d14_hh75
d70,d212_hh61
d70,d203_hh189
d70,d142_hh190
d70,d8_hh149
d70,d189_hh268
d70,d3_hh97
d70,d108_hh230
d70,d3_hh27
d70,d108_hh213
d70,d8_hh149
d70,d157_hh215
d70,d45_hh0
d70,d121_hh170
d70,d37_hh160
d70,d70_hh76
d70,d63_hh131
d70,d79_hh255
d70,d148_hh100
d70,d167_hh276
d70,d14_hh75
d70,d60_hh191
d70,d176_hh220
d70,d176_hh92
d70,d71_hh245
d70,d28_hh253
d70,d94_hh253
d70,d70_hh171
d70,d45_hh79
d70,d45_hh0
d70,d157_hh215
d70,d76_hh6
d70,d28_hh35
d70,d211_hh211
d70,d194_hh189
d70,d148_hh104
d70,d8_hh149
d70,d212_hh61
d70,d192_hh58
d70,d212_hh252
d70,d115_hh55
d70,d8_hh149
d70,d108_hh213
d70,d115_hh176
d70,d3_hh35
d70,d115_hh186
d70,d92_hh115
d70,d192_hh58
d70,d47_hh128
d70,d201_hh135
d70,d8_hh155
d70,d212_hh61
d70,d203_hh227
d70,d201_hh78
d70,d148_hh247
d70,d203_hh139
d70,d49_hh257
d70,d71_hh245
d70,d148_hh244
d70,d201_hh119
d70,d8_hh149
d70,d70_hh110
d70,d167_hh70
d70,d194_hh114
d70,d136_hh32
d70,d116_hh118
d70,d185_hh57
d70,d8_hh155
d70,d14_hh67
d70,d92_hh161
d70,d121_hh170
d70,d92_hh161
d70,d94_hh129
d70,d167_hh70
d70,d157_hh222
d70,d142_hh190
d70,d196_hh126
d70,d201_hh119
d70,d172_hh18
d70,d142_hh106
d70,d3_hh97
d70,d103_hh63
d70,d157_hh16
d70,d142_hh269
d70,d206_hh279
d70,d167_hh11
d70,d194_hh189
d70,d107_hh7
d70,d79_hh114
d70,d189_hh268
d70,d70_hh110
d70,d8_hh106
d70,d136_hh32
d70,d76_hh193
d70,d108_hh213
d70,d70_hh136
d70,d148_hh244
d70,d28_hh253
d70,d70_hh171
d70,d203_hh96
d70,d167_hh70
d70,d167_hh11
d70,d108_hh241
d70,d28_hh253
d70,d28_hh40
d70,d37_hh159
d70,d185_hh143
d70,d153_hh26
d70,d189_hh268
d70,d157_hh16
d70,d28_hh253
d70,d115_hh176
d70,d180_hh254
d70,d203_hh139
d70,d8_hh105
d70,d144_hh196
d70,d70_hh76
d70,d136_hh89
d70,d121_hh170
d70,d196_hh126
d70,d9_hh236
d70,d45_hh79
d70,d167_hh11
d70,d136_hh192
d70,d28_hh253
d70,d107_hh193
d70,d76_hh6
d70,d108_hh241
d70,d76_hh193
d70,d47_hh128
d70,d167_hh264
d70,d8_hh155
d70,d108_hh162
d70,d70_hh171
d70,d201_hh135
d70,d94_hh129
d70,d136_hh192
d70,d188_hh256
d70,d180_hh254
d70,d108_hh230
d70,d176_hh85
d70,d8_hh106
d70,d176_hh220
d70,d201_hh78
d70,d92_hh161
d70,d107_hh193
d70,d108_hh241
d70,d60_hh107
d70,d212_hh61
d70,d70_hh171
d70,d115_hh176
d70,d176_hh220
d77,d154_hh157
d77,d171_hh189
d77,d174_hh6
d77,d124_hh125
d77,d66_hh131
d77,d38_hh172
d77,d146_hh88
d77,d112_hh31
d77,d120_hh268
d77,d88_hh108
d77,d165_hh274
d77,d91_hh32
d77,d66_hh13
d77,d117_hh126
d77,d109_hh209
d77,d85_hh104
d77,d200_hh51
d77,d161_hh229
d77,d131_hh204
d77,d24_hh177
d77,d18_hh6
d77,d160_hh97
d77,d139_hh9
d77,d1_hh234
d77,d140_hh260
d77,d13_hh263
d77,d125_hh236
d77,d99_hh38
d77,d90_hh214
d77,d7_hh87
d77,d111_hh206
d77,d39_hh96
d77,d74_hh108
d77,d195_hh52
d77,d42_hh263
d77,d158_hh34
d77,d44_hh170
d77,d161_hh250
d77,d210_hh267
d77,d65_hh67
d77,d126_hh44
d77,d128_hh273
d77,d187_hh16
d77,d160_hh211
d77,d128_hh273
d77,d7_hh148
d77,d168_hh30
d77,d155_hh206
d77,d1_hh234
d77,d208_hh221
d77,d31_hh135
d77,d69_hh13
d77,d150_hh253
d77,d150_hh8
d77,d191_hh30
d77,d72_hh77
d77,d69_hh99
d77,d170_hh63
d77,d163_hh242
d77,d124_hh125
d77,d150_hh253
d77,d129_hh209
d77,d78_hh123
d77,d7_hh240
d77,d82_hh231
d77,d120_hh57
d77,d120_hh268
d77,d31_hh135
d77,d111_hh206
d77,d131_hh204
d77,d43_hh27
d77,d135_hh226
d77,d198_hh40
d77,d193_hh61
d77,d55_hh246
d77,d88_hh191
d77,d7_hh87
d77,d139_hh9
d77,d135_hh57
d77,d129_hh94
d77,d174_hh6
d77,d135_hh57
d77,d18_hh6
d77,d56_hh166
d77,d112_hh17
d77,d130_hh273
d77,d11_hh26
d77,d193_hh61
d77,d110_hh117
d77,d15_hh97
d77,d205_hh217
d77,d88_hh118
d77,d170_hh63
d77,d131_hh204
d77,d69_hh222
d77,d99_hh38
d77,d65_hh227
d77,d112_hh221
d77,d179_hh267
d77,d174_hh6
d77,d66_hh13
d77,d169_hh148
d77,d124_hh125
d77,d184_hh11
d77,d110_hh201
d77,d38_hh101
d77,d163_hh115
d77,d208_hh221
d77,d162_hh67
d77,d44_hh170
d77,d91_hh32
d77,d149_hh61
d77,d33_hh266
d77,d91_hh113
d77,d122_hh271
d77,d38_hh101
d77,d97_hh75
d77,d77_hh40
d77,d210_hh262
d77,d190_hh182
d77,d202_hh222
d77,d137_hh201
d77,d138_hh1
d77,d93_hh80
d77,d175_hh239
d77,d150_hh168
d77,d141_hh6
d77,d95_hh241
d77,d100_hh65
d77,d128_hh278
d77,d51_hh37
d77,d137_hh216
d77,d110_hh172
d77,d7_hh124
d77,d139_hh27
d77,d41_hh254
d77,d104_hh7
d77,d55_hh12
d77,d69_hh209
d77,d156_hh218
d77,d1_hh15
d77,d160_hh179
d77,d65_hh67
d77,d155_hh206
d77,d88_hh108
d77,d111_hh206
d77,d16_hh75
d77,d126_hh156
d77,d43_hh67
d77,d75_hh15
d77,d78_hh123
d77,d31_hh135
d77,d130_hh177
d77,d88_hh118
d77,d110_hh117
d77,d1_hh234
d77,d126_hh233
d77,d214_hh171
d77,d11_hh244
d77,d29_hh167
d77,d51_hh186
d77,d31_hh135
d77,d7_hh240
d77,d58_hh81
d77,d162_hh113
d77,d162_hh113
d77,d87_hh32
d77,d69_hh274
d77,d66_hh13
d77,d138_hh10
d77,d42_hh263
d77,d43_hh27
d77,d44_hh127
d77,d91_hh100
d77,d120_hh118
d77,d131_hh41
d77,d140_hh260
d77,d91_hh32
d77,d112_hh176
d77,d7_hh64
d77,d134_hh156
d77,d32_hh136
d77,d69_hh274
d77,d33_hh266
d77,d50_hh112
d77,d65_hh227
d77,d128_hh184
d77,d128_hh297
d77,d202_hh222
d77,d11_hh240
d77,d125_hh189
d77,d190_hh106
d77,d122_hh271
d77,d50_hh90
d77,d33_hh266
d77,d191_hh12
d77,d202_hh222
d77,d160_hh59
d77,d69_hh222
d77,d32_hh151
d77,d38_hh101
d77,d59_hh132
d77,d135_hh226
d77,d130_hh177
d77,d51_hh177
d77,d134_hh7
d77,d210_hh262
d77,d19_hh147
d77,d161_hh229
d77,d102_hh228
d77,d214_hh184
d77,d124_hh125
d77,d190_hh32
d77,d90_hh214
d77,d59_hh98
d77,d215_hh157
d77,d208_hh137
d77,d191_hh179
d77,d82_hh256
d77,d139_hh27
d77,d42_hh251
d77,d214_hh255
d77,d125_hh167
d77,d205_hh217
d77,d191_hh12
d77,d61_hh246
d77,d5_hh117
d77,d124_hh125
d77,d56_hh177
d77,d198_hh78
d77,d134_hh118
d77,d113_hh254
d77,d179_hh28
d77,d72_hh77
d77,d214_hh166
d77,d122_hh271
d77,d11_hh132
d77,d88_hh108
d77,d18_hh80
d77,d69_hh222
d77,d128_hh278
d77,d56_hh175
d77,d112_hh17
d77,d122_hh271
d77,d135_hh191
d77,d208_hh221
d77,d156_hh19
d77,d38_hh95
d77,d156_hh218
d77,d137_hh216
d77,d137_hh201
d77,d124_hh125
d77,d55_hh190
d77,d85_hh218
d77,d88_hh108
d77,d74_hh109
d77,d97_hh75
d77,d202_hh17
d77,d50_hh90
d77,d156_hh218
d77,d214_hh166
d77,d44_hh170
d77,d164_hh78
d77,d7_hh87
d78,d117_hh126
d78,d163_hh115
d78,d74_hh11
d78,d7_hh155
d78,d51_hh49
d78,d32_hh60
d78,d110_hh172
d78,d15_hh188
d78,d120_hh272
d78,d184_hh206
d78,d65_hh67
d78,d55_hh226
d78,d7_hh87
d78,d11_hh244
d78,d111_hh29
d78,d80_hh6
d78,d7_hh124
d78,d44_hh170
d78,d150_hh8
d78,d137_hh201
d78,d55_hh246
d78,d139_hh164
d78,d56_hh89
d78,d56_hh177
d78,d32_hh136
d78,d35_hh211
d78,d137_hh201
d78,d135_hh78
d78,d83_hh67
d78,d93_hh80
d78,d91_hh113
d78,d7_hh155
d78,d85_hh104
d78,d58_hh108
d78,d78_hh234
d78,d7_hh64
d78,d141_hh209
d78,d62_hh18
d78,d130_hh177
d78,d26_hh63
d78,d120_hh57
d78,d140_hh260
d78,d81_hh14
d78,d120_hh118
d78,d74_hh109
d78,d5_hh117
d78,d204_hh231
d78,d65_hh115
d78,d42_hh38
d78,d58_hh108
d78,d137_hh201
d78,d190_hh176
d78,d155_hh206
d78,d112_hh221
d78,d56_hh175
d78,d75_hh15
d78,d160_hh97
d78,d21_hh21
d78,d168_hh34
d78,d130_hh277
d78,d158_hh146
d78,d202_hh17
d78,d187_hh30
d78,d40_hh111
d78,d77_hh83
d78,d58_hh81
d78,d193_hh61
d78,d2_hh232
d78,d156_hh151
d78,d183_hh237
d78,d179_hh267
d78,d131_hh14
d78,d16_hh177
d78,d210_hh267
d78,d41_hh53
d78,d127_hh69
d78,d32_hh60
d78,d209_hh40
d78,d169_hh247
d78,d44_hh127
d78,d34_hh12
d78,d21_hh16
d78,d134_hh7
d78,d138_hh10
d78,d104_hh7
d78,d137_hh201
d78,d215_hh82
d78,d69_hh209
d78,d128_hh278
d78,d118_hh88
d78,d87_hh38
d78,d7_hh155
d78,d88_hh191
d78,d69_hh55
d78,d51_hh37
d78,d91_hh100
d78,d73_hh151
d78,d65_hh227
d78,d190_hh38
d78,d75_hh15
d78,d139_hh251
d78,d38_hh49
d78,d85_hh104
d78,d214_hh184
d78,d38_hh172
d78,d200_hh51
d78,d161_hh250
d78,d160_hh97
d78,d139_hh164
d78,d190_hh173
d78,d50_hh112
d78,d32_hh101
d78,d163_hh115
d78,d162_hh113
d78,d156_hh181
d78,d38_hh101
d78,d170_hh228
d78,d69_hh99
d78,d51_hh285
d78,d119_hh174
d78,d73_hh84
d78,d162_hh113
d78,d118_hh262
d78,d131_hh212
d78,d32_hh101
d78,d35_hh104
d78,d32_hh101
d78,d129_hh209
d78,d42_hh263
d78,d160_hh232
d78,d162_hh113
d78,d132_hh233
d78,d73_hh197
d78,d19_hh147
d78,d88_hh235
d78,d110_hh201
d78,d41_hh254
d78,d162_hh113
d78,d160_hh179
d78,d139_hh9
d78,d135_hh191
d78,d91_hh100
d78,d126_hh184
d78,d59_hh251
d78,d139_hh9
d78,d191_hh275
d78,d109_hh209
d78,d155_hh206
d78,d32_hh136
d78,d164_hh249
d78,d174_hh6
d78,d99_hh38
d78,d56_hh166
d78,d191_hh12
d78,d48_hh176
d78,d191_hh179
d78,d102_hh228
d78,d128_hh180
d78,d23_hh236
d78,d161_hh238
d78,d146_hh114
d78,d210_hh87
d78,d42_hh165
d78,d179_hh242
d78,d77_hh40
d78,d43_hh27
d78,d169_hh247
d78,d175_hh32
d78,d42_hh165
d78,d169_hh247
d78,d44_hh127
d78,d32_hh19
d78,d95_hh241
d78,d21_hh25
d78,d51_hh285
d78,d44_hh170
d78,d187_hh32
d78,d21_hh16
d78,d23_hh236
d78,d55_hh246
d78,d39_hh96
d78,d158_hh85
d78,d158_hh20
d78,d195_hh52
d78,d18_hh6
d78,d38_hh95
d78,d190_hh176
d78,d150_hh8
d78,d50_hh195
d78,d109_hh168
d78,d190_hh32
d78,d128_hh273
d78,d156_hh153
d78,d106_hh24
d78,d16_hh218
d78,d88_hh3
d78,d55_hh12
d78,d55_hh226
d78,d15_hh97
d78,d42_hh38
d78,d62_hh167
d78,d69_hh13
d78,d18_hh80
d78,d134_hh7
d78,d101_hh186
d78,d125_hh248
d78,d39_hh96
d78,d143_hh224
d78,d179_hh28
d78,d122_hh181
d78,d131_hh41
d78,d126_hh184
d78,d140_hh195
d78,d137_hh201
d78,d210_hh87
d78,d125_hh236
d78,d129_hh106
d78,d128_hh180
d78,d87_hh38
d78,d23_hh236
d78,d82_hh231
d78,d120_hh45
d78,d120_hh118
d78,d74_hh108
d78,d131_hh204
d78,d65_hh67
d78,d51_hh285
d78,d150_hh253
d78,d160_hh211
d78,d134_hh7
d78,d88_hh118
d78,d44_hh170
d78,d41_hh74
d78,d210_hh262
d78,d99_hh38
d78,d112_hh17
d78,d149_hh61
d78,d66_hh193
d78,d160_hh211
d78,d208_hh2
d78,d195_hh52
d78,d42_hh165
d78,d40_hh7
d78,d44_hh283
d78,d88_hh3
d78,d122_hh112
d78,d141_hh6
d78,d137_hh201
d78,d198_hh40
d78,d208_hh2
d78,d33_hh64
d78,d168_hh34
d78,d93_hh184
d78,d32_hh19
d78,d139_hh251
d78,d191_hh12
d78,d16_hh201
d78,d56_hh123
d80,d174_hh85
d80,d135_hh57
d80,d138_hh1
d80,d160_hh104
d80,d135_hh219
d80,d146_hh114
d80,d39_hh55
d80,d187_hh291
d80,d66_hh13
d80,d184_hh11
d80,d128_hh184
d80,d65_hh75
d80,d124_hh126
d80,d122_hh112
d80,d32_hh136
d80,d16_hh177
d80,d35_hh211
d80,d214_hh166
d80,d208_hh221
d80,d114_hh2
d80,d72_hh77
d80,d134_hh76
d80,d78_hh234
d80,d125_hh167
d80,d195_hh52
d80,d41_hh72
d80,d117_hh245
d80,d1_hh15
d80,d163_hh115
d80,d78_hh9
d80,d122_hh271
d80,d38_hh49
d80,d147_hh167
d80,d46_hh57
d80,d23_hh236
d80,d191_hh30
d80,d186_hh175
d80,d53_hh249
d80,d51_hh49
d80,d62_hh167
d80,d85_hh218
d80,d162_hh67
d80,d91_hh32
d80,d131_hh14
d80,d46_hh228
d80,d31_hh135
d80,d118_hh175
d80,d73_hh197
d80,d214_hh184
d80,d93_hh184
d80,d56_hh177
d80,d128_hh43
d80,d138_hh1
d80,d124_hh125
d80,d190_hh106
d80,d113_hh254
d80,d55_hh232
d80,d193_hh61
d80,d128_hh180
d80,d95_hh241
d80,d100_hh65
d80,d93_hh80
d80,d46_hh57
d80,d124_hh125
d80,d81_hh14
d80,d72_hh77
d80,d15_hh188
d80,d55_hh229
d80,d137_hh216
d80,d56_hh166
d80,d130_hh273
d80,d44_hh127
d80,d39_hh96
d80,d124_hh126
d80,d90_hh214
d80,d77_hh83
d80,d59_hh207
d80,d55_hh246
d80,d114_hh2
d80,d202_hh222
d80,d120_hh57
d80,d122_hh181
d80,d152_hh187
d80,d126_hh44
d80,d195_hh52
d80,d78_hh9
d80,d41_hh72
d80,d55_hh246
d80,d190_hh176
d80,d156_hh151
d80,d160_hh97
d80,d51_hh186
d80,d208_hh2
d80,d18_hh80
d80,d42_hh38
d80,d213_hh238
d80,d82_hh256
d80,d174_hh97
d80,d213_hh238
d80,d67_hh63
d80,d44_hh283
d80,d51_hh49
d80,d87_hh38
d80,d44_hh163
d80,d82_hh256
d80,d16_hh75
d80,d91_hh98
d80,d163_hh242
d80,d56_hh63
d80,d32_hh101
d80,d137_hh109
d80,d16_hh75
d80,d214_hh166
d80,d186_hh175
d80,d4_hh212
d80,d147_hh167
d80,d210_hh262
d80,d74_hh109
d80,d44_hh127
d80,d53_hh249
d80,d4_hh212
d80,d110_hh117
d80,d143_hh224
d80,d44_hh163
d80,d214_hh20
d80,d44_hh127
d80,d195_hh31
d80,d16_hh177
d80,d93_hh66
d80,d122_hh210
d80,d88_hh108
d80,d155_hh206
d80,d106_hh24
d80,d138_hh1
d80,d132_hh233
d80,d179_hh41
d80,d55_hh190
d80,d126_hh184
d80,d215_hh82
d80,d174_hh85
d80,d128_hh43
d80,d11_hh240
d80,d117_hh245
d80,d16_hh218
d80,d184_hh11
d80,d11_hh214
d80,d99_hh44
d80,d155_hh206
d80,d13_hh239
d80,d191_hh30
d80,d87_hh32
d80,d46_hh57
d80,d34_hh166
d80,d214_hh252
d80,d93_hh66
d80,d118_hh175
d80,d19_hh147
d80,d152_hh187
d80,d88_hh235
d80,d150_hh8
d80,d141_hh6
d80,d135_hh191
d80,d207_hh28
d80,d125_hh189
d80,d44_hh170
d80,d62_hh18
d80,d24_hh177
d80,d11_hh79
d80,d35_hh224
d80,d129_hh94
d80,d106_hh24
d80,d16_hh177
d80,d208_hh221
d80,d55_hh131
d80,d72_hh77
d80,d140_hh260
d80,d100_hh164
d80,d129_hh209
d80,d104_hh7
d80,d150_hh168
d80,d51_hh186
d80,d146_hh114
d80,d65_hh67
d80,d118_hh88
d80,d149_hh237
d80,d55_hh12
d80,d139_hh27
d80,d117_hh245
d80,d82_hh41
d80,d124_hh126
d80,d91_hh32
d80,d91_hh100
d80,d93_hh184
d80,d214_hh184
d80,d82_hh256
d80,d156_hh218
d80,d129_hh94
d80,d124_hh125
d80,d75_hh15
d80,d55_hh246
d80,d138_hh1
d80,d139_hh9
d80,d83_hh67
d80,d59_hh251
d80,d158_hh85
d80,d91_hh100
d80,d160_hh59
d80,d16_hh218
d80,d111_hh206
d80,d44_hh283
d80,d191_hh190
d80,d55_hh246
d80,d170_hh63
d80,d214_hh166
d80,d73_hh7
d80,d32_hh151
d80,d120_hh272
d80,d110_hh172
d80,d59_hh162
d80,d110_hh236
d80,d66_hh193
d80,d13_hh263
d80,d61_hh79
d80,d137_hh216
d80,d210_hh267
d80,d155_hh206
d80,d120_hh118
d80,d35_hh211
d80,d53_hh23
d80,d155_hh206
d80,d112_hh17
d80,d109_hh168
d80,d125_hh189
d80,d183_hh93
d80,d74_hh212
d80,d178_hh263
d80,d155_hh206
d80,d207_hh28
d80,d7_hh155
d80,d137_hh109
d80,d69_hh274
d80,d97_hh75
d80,d214_hh255
d80,d35_hh224
d80,d205_hh217
d80,d55_hh232
d80,d69_hh55
d80,d69_hh55
d80,d170_hh273
d80,d146_hh88
d80,d141_hh194
d80,d198_hh40
d80,d168_hh34
d80,d155_hh206
d80,d66_hh154
d80,d214_hh252
d80,d88_hh3
d80,d48_hh119
d80,d130_hh277
d80,d174_hh97
d80,d18_hh253
d80,d207_hh28
d80,d179_hh28
d80,d156_hh153
d80,d7_hh240
d80,d174_hh6
d80,d141_hh6
d80,d164_hh78
d80,d178_hh263
d80,d110_hh117
d80,d184_hh11
d80,d88_hh235
d80,d139_hh164
d80,d75_hh15
d80,d62_hh18
d80,d195_hh31
d80,d56_hh63
d80,d42_hh263
d80,d24_hh177
d80,d56_hh89
d80,d15_hh97
d76,d76_hh193
d76,d142_hh190
d76,d167_hh11
d76,d9_hh170
d76,d14_hh75
d76,d115_hh124
d76,d157_hh16
d76,d3_hh180
d76,d45_hh79
d76,d203_hh96
d76,d3_hh35
d76,d92_hh91
d76,d22_hh176
d76,d167_hh11
d76,d196_hh190
d76,d115_hh176
d76,d153_hh96
d76,d148_hh244
d76,d47_hh300
d76,d144_hh196
d76,d196_hh190
d76,d151_hh203
d76,d108_hh241
d76,d176_hh85
d76,d8_hh155
d76,d212_hh61
d76,d157_hh222
d76,d148_hh247
d76,d6_hh77
d76,d136_hh32
d76,d206_hh279
d76,d176_hh85
d76,d142_hh190
d76,d148_hh117
d76,d192_hh58
d76,d196_hh215
d76,d196_hh190
d76,d180_hh254
d76,d49_hh219
d76,d108_hh213
d76,d115_hh186
d76,d108_hh230
d76,d79_hh114
d76,d157_hh222
d76,d94_hh246
d76,d9_hh170
d76,d144_hh253
d76,d107_hh246
d76,d79_hh227
d76,d79_hh198
d76,d181_hh17
d76,d157_hh16
d76,d176_hh85
d76,d115_hh176
d76,d105_hh45
d76,d71_hh163
d76,d14_hh67
d76,d181_hh17
d76,d84_hh122
d76,d27_hh269
d76,d76_hh193
d76,d79_hh227
d76,d60_hh108
d76,d64_hh137
d76,d108_hh230
d76,d121_hh170
d76,d188_hh256
d76,d3_hh97
d76,d60_hh107
d76,d167_hh264
d76,d201_hh135
d76,d22_hh176
d76,d71_hh163
d76,d180_hh254
d76,d60_hh191
d76,d148_hh117
d76,d3_hh35
d76,d108_hh230
d76,d107_hh258
d76,d63_hh83
d76,d94_hh246
d76,d60_hh191
d76,d25_hh80
d76,d194_hh40
d76,d194_hh40
d76,d28_hh40
d76,d181_hh17
d76,d37_hh160
d76,d92_hh115
d76,d108_hh162
d76,d142_hh106
d76,d153_hh100
d76,d3_hh27
d76,d84_hh122
d76,d116_hh118
d76,d47_hh135
d76,d27_hh269
d76,d212_hh252
d76,d196_hh139
d76,d84_hh122
d76,d196_hh139
d76,d92_hh161
d76,d9_hh197
d76,d181_hh17
d76,d192_hh39
d76,d64_hh137
d76,d115_hh186
d76,d192_hh39
d76,d192_hh58
d76,d8_hh105
d76,d49_hh103
d76,d142_hh190
d76,d181_hh225
d76,d192_hh68
d76,d203_hh227
d76,d22_hh190
d76,d142_hh190
d76,d176_hh194
d76,d79_hh198
d76,d70_hh110
d76,d192_hh58
d76,d142_hh190
d76,d194_hh101
d76,d79_hh227
d76,d105_hh45
d76,d108_hh162
d76,d60_hh107
d76,d142_hh190
d76,d71_hh163
d76,d181_hh225
d76,d71_hh146
d76,d49_hh257
d76,d211_hh86
d76,d194_hh142
d76,d157_hh215
d76,d181_hh17
d76,d116_hh196
d76,d103_hh192
d76,d63_hh83
d76,d37_hh160
d76,d185_hh143
d76,d60_hh191
d76,d148_hh100
d76,d70_hh76
d76,d25_hh157
d76,d94_hh137
d76,d25_hh80
d76,d194_hh40
d76,d14_hh205
d76,d70_hh110
d76,d14_hh205
d76,d103_hh63
d76,d116_hh6
d76,d71_hh146
d76,d94_hh137
d76,d142_hh108
d76,d6_hh130
d76,d192_hh68
d76,d8_hh155
d76,d185_hh143
d76,d194_hh114
d76,d92_hh91
d76,d192_hh68
d76,d71_hh163
d76,d116_hh118
d76,d9_hh289
d76,d107_hh193
d76,d49_hh170
d76,d203_hh139
d76,d9_hh170
d76,d144_hh289
d76,d25_hh157
d76,d71_hh163
d76,d45_hh0
d76,d196_hh126
d76,d47_hh300
d76,d37_hh159
d76,d92_hh115
d76,d142_hh106
d76,d136_hh192
d76,d79_hh227
d76,d203_hh189
d76,d194_hh101
d76,d167_hh11
d76,d45_hh79
d76,d9_hh236
d76,d196_hh139
d76,d115_hh199
d76,d14_hh67
d76,d157_hh235
d76,d92_hh91
d76,d71_hh163
d76,d107_hh246
d76,d172_hh18
d76,d136_hh32
d76,d116_hh6
d76,d9_hh197
d76,d37_hh159
d76,d103_hh205
d76,d27_hh269
d76,d47_hh135
d76,d8_hh106
d76,d153_hh26
d76,d189_hh268
d76,d49_hh170
d76,d144_hh289
d76,d185_hh57
d76,d45_hh79
d76,d116_hh118
d76,d153_hh26
d76,d84_hh161
d76,d107_hh246
d76,d196_hh197
d76,d194_hh142
d76,d136_hh192
d76,d136_hh89
d76,d153_hh96
d76,d136_hh32
d76,d115_hh199
d76,d196_hh190
d76,d27_hh269
d76,d27_hh269
d76,d108_hh162
d76,d176_hh125
d76,d8_hh149
d76,d47_hh135
d76,d49_hh219
d76,d92_hh91
d76,d142_hh108
d76,d212_hh61
d76,d60_hh108
d76,d108_hh212
d76,d76_hh187
d76,d37_hh159
d76,d142_hh106
d76,d47_hh300
d76,d192_hh68
d76,d115_hh199
d76,d49_hh170
d76,d172_hh180
d76,d60_hh191
d76,d6_hh130
d76,d92_hh115
d76,d9_hh197
d76,d105_hh45
d76,d71_hh245
d76,d79_hh255
d76,d116_hh6
d76,d153_hh100
d76,d25_hh80
d76,d94_hh129
d76,d196_hh190
d76,d167_hh264
d76,d121_hh170
d76,d211_hh211
d76,d107_hh103
d76,d115_hh55
d76,d203_hh139
d76,d148_hh100
d76,d10_hh167
d76,d22_hh190
d76,d144_hh196
d76,d92_hh161
d76,d196_hh197
d76,d47_hh300
d76,d121_hh170
d76,d8_hh41
d76,d196_hh229
d76,d192_hh58
d76,d86_hh55
d76,d79_hh198
d76,d94_hh129
d83,d161_hh238
d83,d134_hh7
d83,d140_hh260
d83,d158_hh34
d83,d50_hh90
d83,d128_hh273
d83,d124_hh118
d83,d128_hh278
d83,d168_hh30
d83,d118_hh88
d83,d43_hh67
d83,d85_hh214
d83,d78_hh234
d83,d40_hh111
d83,d81_hh14
d83,d56_hh63
d83,d32_hh151
d83,d69_hh222
d83,d99_hh38
d83,d137_hh109
d83,d35_hh224
d83,d130_hh177
d83,d128_hh43
d83,d118_hh175
d83,d156_hh218
d83,d137_hh201
d83,d69_hh99
d83,d81_hh87
d83,d134_hh7
d83,d91_hh113
d83,d20_hh48
d83,d43_hh67
d83,d74_hh109
d83,d187_hh32
d83,d195_hh31
d83,d130_hh273
d83,d59_hh132
d83,d43_hh67
d83,d202_hh222
d83,d83_hh67
d83,d134_hh166
d83,d31_hh135
d83,d163_hh115
d83,d7_hh124
d83,d32_hh19
d83,d77_hh156
d83,d53_hh249
d83,d83_hh67
d83,d7_hh64
d83,d55_hh12
d83,d135_hh226
d83,d34_hh12
d83,d198_hh78
d83,d114_hh12
d83,d88_hh235
d83,d126_hh156
d83,d21_hh25
d83,d55_hh131
d83,d164_hh220
d83,d168_hh30
d83,d187_hh16
d83,d100_hh164
d83,d198_hh40
d83,d88_hh191
d83,d131_hh41
d83,d82_hh115
d83,d215_hh82
d83,d170_hh63
d83,d126_hh156
d83,d183_hh237
d83,d43_hh27
d83,d110_hh172
d83,d134_hh76
d83,d59_hh207
d83,d160_hh179
d83,d42_hh251
d83,d175_hh32
d83,d99_hh38
d83,d7_hh148
d83,d125_hh189
d83,d183_hh93
d83,d190_hh32
d83,d11_hh244
d83,d16_hh177
d83,d99_hh38
d83,d87_hh38
d83,d7_hh240
d83,d1_hh234
d83,d35_hh104
d83,d132_hh233
d83,d146_hh88
d83,d174_hh85
d83,d175_hh32
d83,d100_hh65
d83,d34_hh166
d83,d15_hh97
d83,d31_hh135
d83,d210_hh87
d83,d65_hh67
d83,d59_hh132
d83,d155_hh206
d83,d187_hh32
d83,d131_hh212
d83,d69_hh274
d83,d208_hh137
d83,d42_hh251
d83,d88_hh3
d83,d16_hh177
d83,d168_hh30
d83,d137_hh216
d83,d83_hh67
d83,d42_hh263
d83,d154_hh132
d83,d16_hh201
d83,d143_hh82
d83,d156_hh181
d83,d74_hh109
d83,d160_hh38
d83,d39_hh96
d83,d11_hh214
d83,d56_hh123
d83,d13_hh239
d83,d187_hh16
d83,d213_hh238
d83,d72_hh77
d83,d91_hh98
d83,d125_hh167
d83,d42_hh38
d83,d56_hh166
d83,d81_hh14
d83,d16_hh177
d83,d7_hh64
d83,d150_hh168
d83,d43_hh67
d83,d175_hh32
d83,d131_hh204
d83,d124_hh125
d83,d1_hh15
d83,d112_hh31
d83,d131_hh212
d83,d214_hh184
d83,d35_hh224
d83,d184_hh210
d83,d51_hh49
d83,d130_hh277
d83,d11_hh132
d83,d50_hh195
d83,d85_hh104
d83,d50_hh195
d83,d88_hh267
d83,d138_hh1
d83,d51_hh285
d83,d129_hh209
d83,d74_hh11
d83,d106_hh24
d83,d146_hh88
d83,d210_hh267
d83,d128_hh297
d83,d154_hh157
d83,d158_hh20
d83,d214_hh171
d83,d100_hh164
d83,d174_hh6
d83,d38_hh49
d83,d99_hh38
d83,d40_hh7
d83,d51_hh49
d83,d126_hh233
d83,d82_hh115
d83,d32_hh203
d83,d160_hh179
d83,d134_hh156
d83,d158_hh146
d83,d91_hh79
d83,d205_hh54
d83,d135_hh226
d83,d154_hh157
d83,d53_hh249
d83,d141_hh194
d83,d83_hh79
d83,d162_hh113
d83,d132_hh233
d83,d16_hh201
d83,d174_hh97
d83,d104_hh7
d83,d93_hh66
d83,d179_hh242
d83,d122_hh181
d83,d97_hh75
d83,d80_hh6
d83,d129_hh94
d83,d74_hh212
d83,d120_hh118
d83,d39_hh55
d83,d91_hh32
d83,d170_hh228
d83,d88_hh3
d83,d141_hh152
d83,d11_hh214
d83,d73_hh153
d83,d69_hh274
d83,d191_hh12
d83,d16_hh218
d83,d195_hh31
d83,d20_hh44
d83,d30_hh44
d83,d61_hh246
d83,d11_hh244
d83,d130_hh273
d83,d36_hh69
d83,d187_hh32
d83,d112_hh176
d83,d110_hh236
d83,d51_hh49
d83,d43_hh27
d83,d44_hh35
d83,d156_hh19
d83,d85_hh104
d83,d127_hh69
d83,d110_hh201
d83,d128_hh297
d83,d128_hh43
d83,d134_hh31
d83,d158_hh34
d83,d38_hh101
d83,d85_hh218
d83,d56_hh177
d83,d150_hh168
d83,d140_hh195
d83,d11_hh240
d83,d85_hh104
d83,d1_hh15
d83,d80_hh6
d83,d81_hh81
d83,d24_hh177
d83,d21_hh25
d83,d204_hh173
d83,d34_hh12
d83,d165_hh274
d83,d125_hh167
d83,d44_hh163
d83,d126_hh184
d83,d58_hh108
d83,d164_hh220
d83,d77_hh156
d83,d179_hh267
d83,d131_hh212
d83,d56_hh166
d83,d112_hh17
d83,d210_hh87
d83,d66_hh179
d83,d5_hh117
d83,d171_hh189
d83,d120_hh268
d83,d15_hh188
d83,d126_hh233
d83,d109_hh209
d83,d93_hh66
d83,d163_hh242
d83,d160_hh104
d83,d65_hh115
d83,d174_hh6
d83,d191_hh275
d83,d191_hh12
d83,d160_hh179
d83,d158_hh34
d83,d112_hh221
d83,d32_hh151
d83,d214_hh255
d83,d137_hh109
d83,d124_hh126
d83,d35_hh104
d83,d97_hh75
d83,d35_hh224
d83,d42_hh165
d83,d118_hh262
d83,d102_hh228
d83,d137_hh201
d83,d118_hh175
d83,d50_hh195
d83,d161_hh238
d83,d117_hh126
d83,d80_hh6
d83,d198_hh40
d83,d146_hh88
d83,d43_hh67
d83,d39_hh55
d83,d195_hh52
d83,d91_hh98
d83,d42_hh38
d83,d175_hh239
d83,d32_hh101
d83,d125_hh248
d79,d157_hh222
d79,d9_hh170
d79,d105_hh45
d79,d28_hh253
d79,d148_hh244
d79,d203_hh227
d79,d212_hh155
d79,d94_hh137
d79,d116_hh36
d79,d79_hh227
d79,d108_hh230
d79,d47_hh135
d79,d103_hh63
d79,d71_hh163
d79,d181_hh225
d79,d144_hh196
d79,d115_hh186
d79,d196_hh229
d79,d92_hh115
d79,d92_hh115
d79,d37_hh159
d79,d181_hh17
d79,d60_hh107
d79,d116_hh36
d79,d192_hh58
d79,d8_hh105
d79,d28_hh40
d79,d192_hh68
d79,d92_hh161
d79,d79_hh114
d79,d142_hh269
d79,d71_hh146
d79,d192_hh39
d79,d71_hh163
d79,d172_hh180
d79,d142_hh269
d79,d116_hh36
d79,d71_hh245
d79,d14_hh75
d79,d108_hh212
d79,d6_hh130
d79,d3_hh97
d79,d206_hh279
d79,d148_hh100
d79,d136_hh32
d79,d79_hh227
d79,d8_hh149
d79,d107_hh193
d79,d176_hh92
d79,d60_hh108
d79,d144_hh253
d79,d185_hh57
d79,d9_hh236
d79,d145_hh175
d79,d116_hh196
d79,d153_hh100
d79,d27_hh269
d79,d203_hh139
d79,d70_hh171
d79,d92_hh115
d79,d142_hh108
d79,d71_hh146
d79,d37_hh160
d79,d10_hh167
d79,d172_hh18
d79,d144_hh196
d79,d92_hh115
d79,d176_hh125
d79,d194_hh101
d79,d76_hh193
d79,d14_hh205
d79,d116_hh6
d79,d76_hh6
d79,d76_hh187
d79,d8_hh41
d79,d79_hh198
d79,d103_hh205
d79,d107_hh193
d79,d192_hh68
d79,d115_hh199
d79,d194_hh40
d79,d116_hh196
d79,d188_hh256
d79,d49_hh170
d79,d94_hh137
d79,d144_hh196
d79,d136_hh32
d79,d157_hh235
d79,d79_hh227
d79,d49_hh103
d79,d196_hh215
d79,d157_hh222
d79,d194_hh142
d79,d157_hh222
d79,d25_hh80
d79,d194_hh40
d79,d9_hh183
d79,d105_hh45
d79,d6_hh130
d79,d37_hh159
d79,d212_hh155
d79,d28_hh253
d79,d76_hh193
d79,d76_hh6
d79,d76_hh187
d79,d107_hh246
d79,d167_hh276
d79,d192_hh68
d79,d212_hh252
d79,d136_hh192
d79,d108_hh212
d79,d6_hh77
d79,d116_hh196
d79,d211_hh211
d79,d25_hh80
d79,d70_hh171
d79,d115_hh124
d79,d14_hh67
d79,d37_hh159
d79,d8_hh149
d79,d14_hh75
d79,d148_hh247
d79,d212_hh61
d79,d94_hh129
d79,d70_hh110
d79,d92_hh115
d79,d9_hh289
d79,d157_hh235
d79,d22_hh176
d79,d185_hh57
d79,d157_hh235
d79,d63_hh160
d79,d9_hh170
d79,d47_hh300
d79,d103_hh63
d79,d8_hh105
d79,d167_hh276
d79,d47_hh135
d79,d22_hh176
d79,d92_hh115
d79,d196_hh190
d79,d79_hh198
d79,d92_hh91
d79,d76_hh193
d79,d115_hh176
d79,d70_hh110
d79,d70_hh110
d79,d9_hh236
d79,d176_hh85
d79,d136_hh89
d79,d203_hh227
d79,d212_hh252
d79,d176_hh92
d79,d8_hh41
d79,d6_hh155
d79,d181_hh17
d79,d151_hh203
d79,d142_hh106
d79,d153_hh96
d79,d148_hh117
d79,d203_hh189
d79,d22_hh176
d79,d3_hh97
d79,d107_hh103
d79,d9_hh289
d79,d142_hh106
d79,d176_hh85
d79,d116_hh6
d79,d10_hh167
d79,d92_hh115
d79,d49_hh170
d79,d116_hh36
d79,d9_hh197
d79,d176_hh92
d79,d84_hh122
d79,d79_hh198
d79,d37_hh159
d79,d108_hh212
d79,d192_hh58
d79,d194_hh114
d79,d49_hh219
d79,d194_hh101
d79,d70_hh110
d79,d151_hh203
d79,d212_hh61
d79,d71_hh146
d79,d103_hh192
d79,d60_hh107
d79,d45_hh79
d79,d144_hh253
d79,d60_hh107
d79,d201_hh119
d79,d92_hh115
d79,d167_hh11
d79,d37_hh159
d79,d3_hh97
d79,d203_hh139
d79,d201_hh78
d79,d79_hh198
d79,d206_hh279
d79,d176_hh92
d79,d9_hh289
d79,d47_hh135
d79,d151_hh215
d79,d103_hh48
d79,d27_hh269
d79,d60_hh107
d79,d107_hh103
d79,d203_hh139
d79,d151_hh215
d79,d196_hh215
d79,d172_hh180
d79,d84_hh122
d79,d189_hh268
d79,d115_hh186
d79,d185_hh57
d79,d176_hh194
d79,d192_hh58
d79,d212_hh252
d79,d71_hh163
d79,d108_hh212
d79,d8_hh155
d79,d76_hh193
d79,d103_hh48
d79,d108_hh212
d79,d153_hh26
d79,d84_hh161
d79,d196_hh126
d79,d116_hh118
d79,d148_hh247
d79,d9_hh183
d79,d116_hh6
d79,d185_hh143
d79,d9_hh236
d79,d211_hh86
d79,d63_hh83
d79,d136_hh89
d79,d76_hh193
d79,d203_hh189
d79,d49_hh257
d79,d206_hh279
d79,d94_hh137
d79,d148_hh247
d79,d94_hh137
d79,d22_hh190
d79,d47_hh128
d79,d157_hh215
d79,d60_hh191
d79,d196_hh197
d79,d121_hh170
d79,d79_hh255
d79,d203_hh96
d79,d3_hh27
d79,d45_hh79
d79,d212_hh155
d79,d103_hh192
d79,d196_hh215
d79,d94_hh246
d79,d181_hh225
d79,d70_hh110
d79,d196_hh197
d79,d176_hh92
d79,d153_hh100
d79,d28_hh40
d79,d212_hh155
d79,d60_hh107
d79,d148_hh104
d79,d172_hh180
d79,d148_hh117
d79,d63_hh69
d79,d107_hh103
d79,d103_hh48
d79,d47_hh128
d79,d108_hh162
d79,d153_hh96
d79,d148_hh100
d79,d107_hh246
d81,d38_hh101
d81,d158_hh85
d81,d44_hh170
d81,d11_hh79
d81,d141_hh6
d81,d35_hh211
d81,d150_hh253
d81,d141_hh194
d81,d69_hh13
d81,d73_hh197
d81,d44_hh163
d81,d131_hh41
d81,d187_hh291
d81,d61_hh79
d81,d135_hh57
d81,d119_hh107
d81,d15_hh188
d81,d5_hh117
d81,d210_hh262
d81,d69_hh222
d81,d81_hh14
d81,d163_hh242
d81,d67_hh63
d81,d208_hh221
d81,d50_hh195
d81,d99_hh230
d81,d44_hh65
d81,d104_hh7
d81,d146_hh88
d81,d190_hh38
d81,d139_hh27
d81,d119_hh174
d81,d208_hh2
d81,d112_hh31
d81,d128_hh180
d81,d135_hh219
d81,d126_hh156
d81,d150_hh253
d81,d128_hh297
d81,d205_hh217
d81,d83_hh79
d81,d175_hh181
d81,d183_hh93
d81,d7_hh124
d81,d213_hh238
d81,d169_hh115
d81,d160_hh97
d81,d4_hh212
d81,d205_hh217
d81,d149_hh237
d81,d42_hh38
d81,d130_hh177
d81,d210_hh262
d81,d56_hh175
d81,d195_hh97
d81,d104_hh7
d81,d187_hh32
d81,d42_hh263
d81,d11_hh132
d81,d156_hh181
d81,d95_hh241
d81,d156_hh151
d81,d21_hh16
d81,d102_hh228
d81,d190_hh173
d81,d7_hh124
d81,d119_hh174
d81,d87_hh32
d81,d204_hh231
d81,d149_hh237
d81,d134_hh118
d81,d158_hh85
d81,d111_hh206
d81,d111_hh206
d81,d170_hh273
d81,d202_hh111
d81,d59_hh207
d81,d158_hh34
d81,d93_hh66
d81,d51_hh285
d81,d114_hh12
d81,d134_hh166
d81,d174_hh97
d81,d134_hh76
d81,d150_hh168
d81,d73_hh197
d81,d7_hh240
d81,d125_hh236
d81,d24_hh177
d81,d183_hh93
d81,d130_hh273
d81,d77_hh156
d81,d124_hh167
d81,d21_hh21
d81,d15_hh97
d81,d11_hh26
d81,d134_hh118
d81,d112_hh31
d81,d56_hh63
d81,d117_hh245
d81,d33_hh266
d81,d42_hh38
d81,d183_hh93
d81,d156_hh181
d81,d149_hh61
d81,d137_hh109
d81,d16_hh201
d81,d32_hh136
d81,d51_hh285
d81,d191_hh12
d81,d38_hh49
d81,d81_hh14
d81,d18_hh80
d81,d120_hh268
d81,d169_hh247
d81,d135_hh78
d81,d88_hh3
d81,d50_hh195
d81,d156_hh218
d81,d51_hh37
d81,d200_hh227
d81,d38_hh95
d81,d77_hh83
d81,d139_hh27
d81,d171_hh189
d81,d138_hh1
d81,d16_hh218
d81,d158_hh49
d81,d120_hh45
d81,d150_hh8
d81,d139_hh164
d81,d122_hh112
d81,d112_hh221
d81,d175_hh239
d81,d208_hh137
d81,d93_hh66
d81,d141_hh6
d81,d44_hh170
d81,d127_hh69
d81,d114_hh2
d81,d53_hh23
d81,d111_hh206
d81,d168_hh30
d81,d109_hh209
d81,d75_hh15
d81,d35_hh211
d81,d66_hh193
d81,d110_hh172
d81,d73_hh153
d81,d101_hh182
d81,d127_hh69
d81,d99_hh44
d81,d190_hh173
d81,d65_hh227
d81,d125_hh189
d81,d74_hh109
d81,d187_hh291
d81,d48_hh176
d81,d149_hh30
d81,d35_hh211
d81,d214_hh166
d81,d56_hh166
d81,d46_hh57
d81,d184_hh11
d81,d85_hh214
d81,d163_hh242
d81,d69_hh274
d81,d160_hh211
d81,d210_hh267
d81,d18_hh91
d81,d169_hh115
d81,d97_hh75
d81,d102_hh228
d81,d112_hh221
d81,d73_hh84
d81,d39_hh55
d81,d59_hh207
d81,d88_hh118
d81,d204_hh158
d81,d179_hh28
d81,d2_hh232
d81,d143_hh224
d81,d35_hh211
d81,d77_hh40
d81,d106_hh24
d81,d141_hh6
d81,d191_hh275
d81,d109_hh209
d81,d7_hh87
d81,d134_hh166
d81,d82_hh231
d81,d11_hh240
d81,d24_hh177
d81,d73_hh153
d81,d69_hh55
d81,d34_hh166
d81,d112_hh221
d81,d190_hh106
d81,d31_hh135
d81,d41_hh72
d81,d44_hh187
d81,d165_hh274
d81,d88_hh235
d81,d184_hh206
d81,d132_hh233
d81,d40_hh111
d81,d124_hh223
d81,d99_hh44
d81,d134_hh31
d81,d169_hh115
d81,d137_hh201
d81,d138_hh1
d81,d126_hh233
d81,d93_hh184
d81,d205_hh217
d81,d125_hh189
d81,d110_hh172
d81,d100_hh164
d81,d99_hh38
d81,d213_hh238
d81,d165_hh274
d81,d128_hh43
d81,d208_hh221
d81,d11_hh240
d81,d46_hh57
d81,d118_hh262
d81,d33_hh266
d81,d156_hh151
d81,d55_hh246
d81,d91_hh79
d81,d214_hh171
d81,d164_hh249
d81,d48_hh176
d81,d141_hh152
d81,d24_hh177
d81,d131_hh204
d81,d193_hh67
d81,d208_hh137
d81,d51_hh37
d81,d99_hh44
d81,d69_hh274
d81,d160_hh211
d81,d130_hh177
d81,d134_hh7
d81,d82_hh41
d81,d74_hh108
d81,d88_hh3
d81,d164_hh78
d81,d125_hh189
d81,d91_hh100
d81,d26_hh63
d81,d139_hh9
d81,d214_hh184
d81,d2_hh232
d81,d32_hh101
d81,d56_hh89
d81,d150_hh8
d81,d93_hh66
d81,d77_hh156
d81,d104_hh7
d81,d39_hh96
d81,d59_hh162
d81,d85_hh218
d81,d56_hh123
d81,d141_hh194
d81,d59_hh162
d81,d102_hh228
d81,d88_hh3
d81,d161_hh250
d81,d65_hh227
d81,d210_hh267
d81,d40_hh111
d81,d134_hh156
d81,d139_hh251
d92,d108_hh230
d92,d115_hh176
d92,d94_hh137
d92,d196_hh215
d92,d6_hh130
d92,d86_hh55
d92,d116_hh6
d92,d176_hh125
d92,d10_hh167
d92,d176_hh194
d92,d84_hh122
d92,d108_hh230
d92,d121_hh170
d92,d116_hh196
d92,d71_hh163
d92,d192_hh68
d92,d103_hh48
d92,d196_hh190
d92,d49_hh170
d92,d9_hh197
d92,d25_hh157
d92,d189_hh268
d92,d71_hh146
d92,d71_hh146
d92,d63_hh131
d92,d108_hh213
d92,d203_hh189
d92,d136_hh89
d92,d206_hh279
d92,d3_hh97
d92,d121_hh170
d92,d10_hh167
d92,d9_hh289
d92,d37_hh159
d92,d105_hh45
d92,d116_hh36
d92,d79_hh255
d92,d71_hh163
d92,d64_hh137
d92,d157_hh215
d92,d176_hh92
d92,d188_hh256
d92,d92_hh115
d92,d71_hh245
d92,d9_hh289
d92,d157_hh222
d92,d22_hh176
d92,d8_hh155
d92,d212_hh61
d92,d196_hh190
d92,d108_hh241
d92,d196_hh190
d92,d3_hh27
d92,d116_hh36
d92,d172_hh180
d92,d176_hh220
d92,d157_hh222
d92,d70_hh171
d92,d60_hh191
d92,d47_hh135
d92,d196_hh229
d92,d71_hh245
d92,d103_hh63
d92,d203_hh227
d92,d115_hh55
d92,d107_hh258
d92,d181_hh17
d92,d108_hh241
d92,d63_hh69
d92,d176_hh125
d92,d142_hh108
d92,d192_hh58
d92,d148_hh117
d92,d25_hh157
d92,d212_hh155
d92,d212_hh155
d92,d196_hh190
d92,d9_hh183
d92,d115_hh176
d92,d71_hh245
d92,d157_hh16
d92,d76_hh6
d92,d167_hh276
d92,d148_hh104
d92,d136_hh89
d92,d203_hh227
d92,d107_hh23
d92,d142_hh108
d92,d108_hh212
d92,d63_hh69
d92,d142_hh190
d92,d142_hh106
d92,d148_hh104
d92,d70_hh171
d92,d25_hh157
d92,d142_hh190
d92,d9_hh236
d92,d176_hh220
d92,d6_hh130
d92,d76_hh193
d92,d192_hh68
d92,d64_hh137
d92,d49_hh257
d92,d107_hh258
d92,d92_hh115
d92,d9_hh197
d92,d142_hh108
d92,d92_hh91
d92,d3_hh180
d92,d151_hh203
d92,d47_hh300
d92,d6_hh77
d92,d8_hh149
d92,d60_hh108
d92,d203_hh227
d92,d71_hh163
d92,d116_hh196
d92,d136_hh32
d92,d22_hh176
d92,d8_hh41
d92,d167_hh264
d92,d76_hh6
d92,d211_hh86
d92,d192_hh58
d92,d8_hh41
d92,d148_hh247
d92,d196_hh190
d92,d47_hh135
d92,d136_hh192
d92,d49_hh170
d92,d107_hh103
d92,d167_hh11
d92,d71_hh146
d92,d142_hh108
d92,d25_hh80
d92,d76_hh187
d92,d181_hh225
d92,d116_hh118
d92,d136_hh192
d92,d185_hh143
d92,d142_hh108
d92,d9_hh236
d92,d103_hh205
d92,d157_hh235
d92,d47_hh300
d92,d148_hh100
d92,d71_hh163
d92,d180_hh254
d92,d63_hh83
d92,d180_hh254
d92,d49_hh170
d92,d153_hh26
d92,d9_hh289
d92,d8_hh149
d92,d60_hh108
d92,d79_hh227
d92,d37_hh160
d92,d136_hh89
d92,d121_hh170
d92,d116_hh196
d92,d192_hh39
d92,d189_hh268
d92,d194_hh189
d92,d79_hh114
d92,d47_hh135
d92,d194_hh189
d92,d14_hh205
d92,d37_hh160
d92,d148_hh58
d92,d92_hh115
d92,d142_hh269
d92,d116_hh196
d92,d176_hh92
d92,d153_hh26
d92,d153_hh100
d92,d92_hh115
d92,d136_hh32
d92,d148_hh100
d92,d8_hh149
d92,d196_hh190
d92,d148_hh117
d92,d25_hh80
d92,d192_hh39
d92,d196_hh190
d92,d49_hh219
d92,d151_hh215
d92,d167_hh276
d92,d79_hh198
d92,d37_hh159
d92,d116_hh118
d92,d151_hh203
d92,d196_hh190
d92,d153_hh96
d92,d107_hh258
d92,d196_hh190
d92,d63_hh69
d92,d167_hh264
d92,d3_hh180
d92,d76_hh6
d92,d180_hh254
d92,d212_hh155
d92,d172_hh18
d92,d180_hh254
d92,d8_hh41
d92,d148_hh104
d92,d145_hh175
d92,d148_hh100
d92,d144_hh289
d92,d180_hh254
d92,d47_hh135
d92,d107_hh103
d92,d70_hh110
d92,d203_hh139
d92,d203_hh139
d92,d211_hh211
d92,d181_hh225
d92,d84_hh161
d92,d9_hh289
d92,d116_hh196
d92,d47_hh300
d92,d176_hh85
d92,d172_hh18
d92,d185_hh143
d92,d86_hh55
d92,d153_hh100
d92,d60_hh191
d92,d172_hh180
d92,d142_hh190
d92,d153_hh96
d92,d76_hh193
d92,d14_hh75
d92,d107_hh258
d92,d107_hh103
d92,d196_hh139
d92,d84_hh122
d92,d14_hh75
d92,d49_hh170
d92,d9_hh183
d92,d142_hh108
d92,d211_hh86
d92,d9_hh183
d92,d153_hh26
d92,d60_hh107
d92,d14_hh67
d92,d22_hh190
d92,d192_hh58
d92,d22_hh176
d92,d151_hh215
d92,d107_hh23
d92,d49_hh103
d92,d71_hh146
d92,d10_hh167
d92,d92_hh161
d92,d192_hh68
d92,d201_hh135
d92,d107_hh258
d92,d8_hh149
d92,d9_hh236
d92,d206_hh279
d92,d196_hh197
d92,d211_hh211
d92,d176_hh220
d92,d176_hh92
d92,d103_hh63
d92,d151_hh203
d92,d25_hh80
d94,d148_hh58
d94,d167_hh70
d94,d148_hh117
d94,d108_hh230
d94,d148_hh244
d94,d176_hh92
d94,d203_hh189
d94,d60_hh191
d94,d201_hh119
d94,d28_hh40
d94,d157_hh222
d94,d167_hh70
d94,d203_hh189
d94,d84_hh161
d94,d194_hh40
d94,d211_hh211
d94,d142_hh106
d94,d203_hh139
d94,d107_hh23
d94,d108_hh212
d94,d9_hh236
d94,d196_hh126
d94,d157_hh215
d94,d108_hh212
d94,d142_hh106
d94,d144_hh289
d94,d115_hh55
d94,d14_hh75
d94,d181_hh225
d94,d108_hh213
d94,d22_hh176
d94,d25_hh80
d94,d86_hh55
d94,d14_hh75
d94,d196_hh215
d94,d14_hh75
d94,d70_hh171
d94,d14_hh75
d94,d142_hh106
d94,d8_hh106
d94,d6_hh77
d94,d3_hh97
d94,d84_hh161
d94,d45_hh0
d94,d70_hh136
d94,d196_hh126
d94,d142_hh190
d94,d8_hh41
d94,d84_hh161
d94,d192_hh68
d94,d14_hh67
d94,d192_hh39
d94,d6_hh77
d94,d185_hh143
d94,d103_hh192
d94,d211_hh211
d94,d167_hh70
d94,d115_hh186
d94,d148_hh58
d94,d8_hh106
d94,d49_hh219
d94,d148_hh244
d94,d70_hh172
d94,d196_hh190
d94,d153_hh100
d94,d176_hh194
d94,d47_hh128
d94,d211_hh211
d94,d148_hh100
d94,d108_hh230
d94,d181_hh17
d94,d8_hh41
d94,d194_hh114
d94,d49_hh170
d94,d60_hh108
d94,d136_hh192
d94,d8_hh105
d94,d60_hh191
d94,d203_hh139
d94,d94_hh137
d94,d157_hh16
d94,d201_hh119
d94,d8_hh155
d94,d6_hh155
d94,d196_hh215
d94,d3_hh35
d94,d203_hh189
d94,d185_hh57
d94,d92_hh91
d94,d196_hh197
d94,d121_hh170
d94,d45_hh79
d94,d14_hh75
d94,d201_hh119
d94,d94_hh253
d94,d25_hh80
d94,d27_hh269
d94,d176_hh220
d94,d47_hh128
d94,d157_hh215
d94,d105_hh45
d94,d115_hh124
d94,d108_hh212
d94,d108_hh162
d94,d28_hh35
d94,d45_hh79
d94,d103_hh192
d94,d94_hh129
d94,d116_hh6
d94,d108_hh162
d94,d167_hh70
d94,d14_hh75
d94,d63_hh160
d94,d108_hh241
d94,d172_hh18
d94,d142_hh106
d94,d76_hh6
d94,d108_hh230
d94,d181_hh225
d94,d9_hh170
d94,d196_hh215
d94,d196_hh126
d94,d108_hh162
d94,d6_hh155
d94,d70_hh172
d94,d9_hh236
d94,d49_hh257
d94,d60_hh191
d94,d151_hh215
d94,d6_hh130
d94,d108_hh213
d94,d116_hh36
d94,d144_hh253
d94,d115_hh55
d94,d70_hh110
d94,d167_hh70
d94,d107_hh7
d94,d203_hh189
d94,d181_hh17
d94,d28_hh253
d94,d8_hh149
d94,d94_hh129
d94,d148_hh247
d94,d108_hh213
d94,d70_hh110
d94,d115_hh176
d94,d76_hh193
d94,d142_hh106
d94,d194_hh101
d94,d157_hh222
d94,d76_hh193
d94,d157_hh16
d94,d212_hh155
d94,d172_hh18
d94,d201_hh135
d94,d94_hh253
d94,d108_hh241
d94,d196_hh126
d94,d180_hh254
d94,d212_hh252
d94,d121_hh272
d94,d108_hh230
d94,d121_hh272
d94,d115_hh186
d94,d63_hh160
d94,d167_hh70
d94,d153_hh100
d94,d188_hh256
d94,d206_hh279
d94,d14_hh75
d94,d211_hh211
d94,d142_hh190
d94,d28_hh40
d94,d45_hh0
d94,d167_hh11
d94,d6_hh77
d94,d84_hh122
d94,d212_hh252
d94,d22_hh190
d94,d8_hh155
d94,d188_hh256
d94,d8_hh105
d94,d3_hh180
d94,d108_hh241
d94,d212_hh61
d94,d8_hh106
d94,d203_hh227
d94,d8_hh105
d94,d203_hh227
d94,d94_hh129
d94,d76_hh6
d94,d92_hh115
d94,d70_hh171
d94,d70_hh172
d94,d28_hh35
d94,d105_hh45
d94,d71_hh245
d94,d108_hh241
d94,d176_hh194
d94,d103_hh48
d94,d103_hh48
d94,d94_hh129
d94,d153_hh100
d94,d151_hh215
d94,d70_hh76
d94,d28_hh253
d94,d203_hh139
d94,d3_hh97
d94,d49_hh170
d94,d70_hh172
d94,d121_hh170
d94,d167_hh70
d94,d70_hh110
d94,d70_hh172
d94,d8_hh106
d94,d28_hh253
d94,d92_hh91
d94,d8_hh149
d94,d136_hh89
d94,d148_hh244
d94,d194_hh189
d94,d108_hh241
d94,d86_hh55
d94,d28_hh40
d94,d196_hh139
d94,d185_hh57
d94,d70_hh171
d94,d196_hh126
d94,d76_hh6
d94,d8_hh155
d94,d176_hh125
d94,d8_hh106
d94,d108_hh212
d94,d107_hh7
d94,d172_hh18
d94,d49_hh257
d94,d148_hh104
d94,d14_hh67
d94,d172_hh18
d94,d8_hh106
d94,d108_hh241
d94,d25_hh157
d94,d136_hh192
d94,d192_hh68
d94,d76_hh6
d94,d94_hh253
d94,d142_hh106
d94,d211_hh211
d94,d49_hh219
d94,d107_hh7
d94,d70_hh136
d94,d70_hh110
d94,d8_hh106
d94,d103_hh192
d94,d144_hh253
d94,d142_hh190
d94,d3_hh97
d94,d148_hh104
d94,d84_hh122
d94,d115_hh186
d94,d76_hh6
d94,d212_hh61
d94,d8_hh149
d94,d136_hh192
d94,d176_hh125
d94,d176_hh85
d94,d47_hh128
d94,d108_hh241
d94,d22_hh190
d94,d71_hh146
d94,d94_hh129
d94,d212_hh252
d94,d45_hh0
d94,d70_hh110
d94,d45_hh79
d94,d94_hh129
d94,d153_hh100
d94,d167_hh70
d94,d189_hh268
d94,d167_hh276
d94,d76_hh6
d94,d103_hh192
d85,d191_hh179
d85,d32_hh136
d85,d112_hh155
d85,d214_hh184
d85,d154_hh157
d85,d150_hh168
d85,d110_hh236
d85,d141_hh209
d85,d55_hh12
d85,d110_hh201
d85,d213_hh238
d85,d125_hh248
d85,d32_hh136
d85,d73_hh153
d85,d193_hh61
d85,d170_hh228
d85,d77_hh156
d85,d149_hh61
d85,d44_hh65
d85,d208_hh2
d85,d118_hh188
d85,d131_hh212
d85,d190_hh38
d85,d122_hh271
d85,d109_hh209
d85,d33_hh64
d85,d31_hh135
d85,d44_hh35
d85,d191_hh179
d85,d155_hh206
d85,d125_hh167
d85,d134_hh156
d85,d165_hh274
d85,d21_hh21
d85,d184_hh210
d85,d193_hh61
d85,d11_hh244
d85,d165_hh274
d85,d66_hh179
d85,d56_hh166
d85,d7_hh87
d85,d169_hh115
d85,d32_hh136
d85,d33_hh64
d85,d164_hh249
d85,d130_hh273
d85,d204_hh173
d85,d141_hh6
d85,d150_hh8
d85,d83_hh67
d85,d114_hh12
d85,d210_hh267
d85,d118_hh262
d85,d169_hh247
d85,d131_hh14
d85,d139_hh27
d85,d120_hh268
d85,d66_hh154
d85,d139_hh9
d85,d208_hh221
d85,d112_hh176
d85,d44_hh170
d85,d126_hh156
d85,d139_hh164
d85,d149_hh237
d85,d55_hh246
d85,d184_hh210
d85,d43_hh27
d85,d160_hh59
d85,d195_hh97
d85,d128_hh184
d85,d53_hh249
d85,d146_hh88
d85,d66_hh131
d85,d120_hh268
d85,d42_hh38
d85,d210_hh87
d85,d110_hh201
d85,d56_hh177
d85,d205_hh54
d85,d130_hh273
d85,d7_hh64
d85,d150_hh253
d85,d170_hh273
d85,d141_hh6
d85,d58_hh108
d85,d16_hh177
d85,d16_hh200
d85,d124_hh118
d85,d155_hh206
d85,d43_hh67
d85,d95_hh241
d85,d114_hh2
d85,d61_hh79
d85,d129_hh94
d85,d46_hh57
d85,d93_hh80
d85,d205_hh217
d85,d7_hh64
d85,d131_hh212
d85,d53_hh249
d85,d137_hh201
d85,d207_hh28
d85,d125_hh248
d85,d56_hh63
d85,d135_hh78
d85,d214_hh184
d85,d18_hh91
d85,d96_hh8
d85,d32_hh19
d85,d56_hh123
d85,d83_hh79
d85,d20_hh44
d85,d143_hh224
d85,d44_hh187
d85,d87_hh38
d85,d87_hh32
d85,d117_hh126
d85,d127_hh69
d85,d99_hh38
d85,d150_hh253
d85,d156_hh218
d85,d160_hh232
d85,d184_hh11
d85,d127_hh69
d85,d122_hh181
d85,d51_hh186
d85,d191_hh179
d85,d128_hh184
d85,d42_hh263
d85,d59_hh162
d85,d66_hh154
d85,d154_hh132
d85,d118_hh262
d85,d128_hh43
d85,d110_hh117
d85,d59_hh162
d85,d109_hh209
d85,d135_hh191
d85,d77_hh83
d85,d154_hh132
d85,d158_hh34
d85,d66_hh193
d85,d102_hh228
d85,d11_hh240
d85,d24_hh177
d85,d127_hh69
d85,d56_hh177
d85,d44_hh170
d85,d156_hh153
d85,d156_hh218
d85,d55_hh12
d85,d35_hh224
d85,d11_hh240
d85,d72_hh77
d85,d21_hh16
d85,d169_hh115
d85,d150_hh253
d85,d161_hh110
d85,d146_hh88
d85,d91_hh32
d85,d170_hh63
d85,d134_hh31
d85,d53_hh249
d85,d131_hh212
d85,d131_hh212
d85,d135_hh191
d85,d91_hh241
d85,d73_hh7
d85,d191_hh275
d85,d56_hh63
d85,d77_hh40
d85,d120_hh57
d85,d35_hh224
d85,d122_hh112
d85,d16_hh200
d85,d11_hh132
d85,d51_hh37
d85,d114_hh12
d85,d160_hh211
d85,d152_hh175
d85,d131_hh41
d85,d73_hh153
d85,d44_hh187
d85,d59_hh132
d85,d91_hh100
d85,d40_hh7
d85,d190_hh182
d85,d141_hh235
d85,d74_hh212
d85,d40_hh111
d85,d11_hh240
d85,d88_hh118
d85,d56_hh177
d85,d59_hh132
d85,d112_hh177
d85,d85_hh214
d85,d161_hh110
d85,d138_hh10
d85,d135_hh78
d85,d127_hh69
d85,d69_hh222
d85,d120_hh45
d85,d205_hh217
d85,d88_hh3
d85,d131_hh14
d85,d5_hh117
d85,d210_hh87
d85,d130_hh273
d85,d101_hh186
d85,d191_hh179
d85,d161_hh238
d85,d16_hh200
d85,d72_hh77
d85,d137_hh109
d85,d55_hh226
d85,d134_hh156
d85,d120_hh45
d85,d42_hh251
d85,d66_hh131
d85,d82_hh256
d85,d141_hh194
d85,d101_hh186
d85,d141_hh194
d85,d187_hh32
d85,d46_hh57
d85,d59_hh98
d85,d82_hh256
d85,d137_hh216
d85,d95_hh241
d85,d118_hh88
d85,d210_hh87
d85,d129_hh209
d85,d18_hh91
d85,d130_hh277
d85,d72_hh77
d85,d51_hh186
d85,d160_hh179
d85,d179_hh41
d85,d169_hh247
d85,d20_hh48
d85,d88_hh191
d85,d101_hh186
d85,d91_hh32
d85,d122_hh271
d85,d137_hh201
d85,d43_hh67
d85,d65_hh227
d85,d82_hh231
d85,d69_hh13
d85,d141_hh6
d85,d33_hh266
d85,d73_hh151
d85,d102_hh228
d85,d100_hh65
d85,d50_hh195
d85,d24_hh177
d85,d112_hh17
d85,d88_hh108
d85,d51_hh186
d85,d66_hh13
d85,d207_hh28
d90,d134_hh166
d90,d91_hh32
d90,d69_hh55
d90,d146_hh114
d90,d73_hh33
d90,d141_hh194
d90,d112_hh17
d90,d113_hh254
d90,d191_hh275
d90,d50_hh90
d90,d134_hh166
d90,d82_hh256
d90,d20_hh48
d90,d55_hh12
d90,d161_hh238
d90,d93_hh80
d90,d13_hh239
d90,d43_hh67
d90,d106_hh24
d90,d215_hh157
d90,d135_hh78
d90,d82_hh256
d90,d202_hh17
d90,d158_hh85
d90,d16_hh177
d90,d112_hh155
d90,d202_hh111
d90,d156_hh19
d90,d137_hh109
d90,d21_hh16
d90,d132_hh233
d90,d139_hh9
d90,d214_hh184
d90,d191_hh30
d90,d51_hh49
d90,d16_hh177
d90,d72_hh77
d90,d111_hh29
d90,d156_hh181
d90,d131_hh212
d90,d87_hh38
d90,d111_hh29
d90,d129_hh209
d90,d69_hh222
d90,d51_hh186
d90,d169_hh148
d90,d124_hh167
d90,d82_hh256
d90,d126_hh44
d90,d112_hh176
d90,d109_hh168
d90,d190_hh176
d90,d202_hh17
d90,d134_hh166
d90,d91_hh79
d90,d170_hh273
d90,d51_hh186
d90,d208_hh137
d90,d51_hh37
d90,d164_hh78
d90,d210_hh262
d90,d174_hh6
d90,d44_hh127
d90,d109_hh168
d90,d150_hh168
d90,d139_hh164
d90,d207_hh28
d90,d11_hh132
d90,d101_hh186
d90,d32_hh101
d90,d74_hh109
d90,d137_hh109
d90,d135_hh78
d90,d149_hh30
d90,d127_hh69
d90,d149_hh61
d90,d24_hh177
d90,d141_hh6
d90,d13_hh263
d90,d85_hh104
d90,d179_hh267
d90,d183_hh93
d90,d73_hh151
d90,d162_hh67
d90,d146_hh114
d90,d85_hh104
d90,d19_hh147
d90,d7_hh64
d90,d120_hh45
d90,d58_hh81
d90,d11_hh214
d90,d187_hh32
d90,d32_hh101
d90,d160_hh179
d90,d20_hh44
d90,d143_hh82
d90,d170_hh228
d90,d1_hh15
d90,d53_hh23
d90,d122_hh181
d90,d109_hh209
d90,d40_hh111
d90,d83_hh67
d90,d97_hh20
d90,d38_hh49
d90,d119_hh174
d90,d56_hh63
d90,d56_hh177
d90,d44_hh170
d90,d78_hh123
d90,d74_hh108
d90,d122_hh181
d90,d16_hh201
d90,d190_hh32
d90,d131_hh204
d90,d82_hh256
d90,d39_hh55
d90,d131_hh212
d90,d193_hh61
d90,d78_hh234
d90,d128_hh180
d90,d112_hh17
d90,d154_hh132
d90,d74_hh11
d90,d137_hh201
d90,d93_hh184
d90,d44_hh163
d90,d88_hh3
d90,d125_hh236
d90,d111_hh206
d90,d132_hh233
d90,d18_hh80
d90,d93_hh184
d90,d117_hh126
d90,d137_hh216
d90,d50_hh195
d90,d32_hh101
d90,d65_hh227
d90,d130_hh177
d90,d210_hh87
d90,d110_hh117
d90,d5_hh117
d90,d190_hh173
d90,d113_hh254
d90,d126_hh156
d90,d91_hh98
d90,d104_hh7
d90,d21_hh16
d90,d119_hh50
d90,d15_hh97
d90,d122_hh271
d90,d35_hh224
d90,d69_hh13
d90,d186_hh175
d90,d161_hh229
d90,d135_hh219
d90,d170_hh273
d90,d170_hh228
d90,d141_hh6
d90,d141_hh6
d90,d190_hh106
d90,d50_hh112
d90,d38_hh172
d90,d205_hh217
d90,d124_hh126
d90,d207_hh28
d90,d100_hh65
d90,d61_hh79
d90,d184_hh206
d90,d161_hh110
d90,d120_hh57
d90,d210_hh87
d90,d91_hh32
d90,d38_hh101
d90,d39_hh96
d90,d124_hh126
d90,d111_hh206
d90,d119_hh174
d90,d1_hh15
d90,d130_hh277
d90,d119_hh50
d90,d15_hh188
d90,d169_hh148
d90,d175_hh32
d90,d141_hh6
d90,d34_hh12
d90,d214_hh255
d90,d2_hh232
d90,d55_hh229
d90,d56_hh177
d90,d50_hh90
d90,d170_hh228
d90,d152_hh187
d90,d190_hh173
d90,d160_hh38
d90,d59_hh98
d90,d150_hh168
d90,d160_hh104
d90,d193_hh61
d90,d65_hh227
d90,d72_hh77
d90,d35_hh224
d90,d210_hh267
d90,d150_hh253
d90,d77_hh156
d90,d51_hh285
d90,d128_hh43
d90,d158_hh34
d90,d69_hh209
d90,d191_hh30
d90,d208_hh221
d90,d44_hh163
d90,d58_hh108
d90,d66_hh13
d90,d38_hh172
d90,d44_hh163
d90,d81_hh87
d90,d67_hh63
d90,d112_hh31
d90,d59_hh207
d90,d74_hh109
d90,d168_hh265
d90,d143_hh82
d90,d139_hh9
d90,d24_hh177
d90,d152_hh175
d90,d204_hh173
d90,d128_hh43
d90,d73_hh33
d90,d193_hh61
d90,d168_hh30
d90,d7_hh240
d90,d141_hh152
d90,d104_hh7
d90,d67_hh63
d90,d100_hh164
d90,d87_hh38
d90,d78_hh234
d90,d214_hh184
d90,d102_hh228
d90,d129_hh94
d90,d36_hh69
d90,d128_hh180
d90,d135_hh78
d90,d40_hh7
d90,d128_hh43
d90,d16_hh218
d90,d91_hh241
d90,d210_hh267
d90,d204_hh158
d90,d44_hh283
d90,d81_hh14
d90,d30_hh44
d90,d190_hh176
d90,d24_hh177
d90,d51_hh37
d90,d77_hh40
d90,d29_hh167
d90,d82_hh41
d90,d73_hh151
d90,d56_hh177
d90,d46_hh57
d90,d141_hh6
d90,d174_hh97
d90,d195_hh97
d90,d124_hh167
d90,d38_hh101
d90,d58_hh81
d90,d190_hh106
d87,d120_hh118
d87,d69_hh55
d87,d11_hh79
d87,d58_hh108
d87,d137_hh201
d87,d140_hh195
d87,d20_hh48
d87,d122_hh112
d87,d74_hh11
d87,d109_hh168
d87,d7_hh124
d87,d88_hh235
d87,d156_hh218
d87,d95_hh241
d87,d141_hh152
d87,d143_hh224
d87,d205_hh54
d87,d41_hh72
d87,d87_hh32
d87,d190_hh176
d87,d74_hh108
d87,d131_hh212
d87,d127_hh69
d87,d106_hh24
d87,d191_hh275
d87,d44_hh163
d87,d51_hh177
d87,d69_hh274
d87,d55_hh229
d87,d44_hh187
d87,d7_hh87
d87,d51_hh186
d87,d40_hh111
d87,d152_hh187
d87,d56_hh63
d87,d50_hh90
d87,d208_hh221
d87,d141_hh194
d87,d126_hh44
d87,d118_hh262
d87,d205_hh54
d87,d128_hh43
d87,d48_hh176
d87,d20_hh44
d87,d175_hh239
d87,d158_hh34
d87,d109_hh168
d87,d214_hh166
d87,d38_hh95
d87,d61_hh79
d87,d83_hh67
d87,d160_hh179
d87,d179_hh41
d87,d187_hh32
d87,d183_hh237
d87,d35_hh211
d87,d210_hh262
d87,d210_hh262
d87,d214_hh255
d87,d120_hh272
d87,d90_hh214
d87,d161_hh238
d87,d200_hh227
d87,d66_hh131
d87,d126_hh156
d87,d82_hh256
d87,d214_hh20
d87,d55_hh229
d87,d41_hh254
d87,d73_hh153
d87,d88_hh191
d87,d129_hh106
d87,d88_hh267
d87,d69_hh55
d87,d44_hh187
d87,d35_hh211
d87,d191_hh190
d87,d195_hh31
d87,d154_hh157
d87,d112_hh221
d87,d1_hh234
d87,d51_hh177
d87,d198_hh40
d87,d137_hh216
d87,d137_hh201
d87,d131_hh41
d87,d69_hh274
d87,d77_hh83
d87,d18_hh80
d87,d91_hh32
d87,d170_hh273
d87,d208_hh221
d87,d150_hh253
d87,d61_hh79
d87,d152_hh187
d87,d34_hh12
d87,d118_hh175
d87,d35_hh224
d87,d134_hh76
d87,d141_hh209
d87,d124_hh167
d87,d66_hh131
d87,d202_hh17
d87,d93_hh184
d87,d118_hh188
d87,d67_hh63
d87,d65_hh115
d87,d66_hh193
d87,d169_hh148
d87,d73_hh153
d87,d168_hh265
d87,d11_hh132
d87,d191_hh30
d87,d102_hh284
d87,d11_hh26
d87,d135_hh57
d87,d111_hh29
d87,d214_hh184
d87,d41_hh72
d87,d112_hh17
d87,d18_hh6
d87,d137_hh201
d87,d59_hh207
d87,d99_hh38
d87,d83_hh67
d87,d208_hh2
d87,d33_hh64
d87,d33_hh64
d87,d78_hh234
d87,d170_hh228
d87,d44_hh163
d87,d152_hh187
d87,d184_hh210
d87,d169_hh115
d87,d174_hh85
d87,d32_hh60
d87,d158_hh49
d87,d141_hh235
d87,d18_hh80
d87,d152_hh187
d87,d131_hh41
d87,d59_hh162
d87,d7_hh148
d87,d131_hh41
d87,d139_hh251
d87,d33_hh266
d87,d66_hh13
d87,d73_hh7
d87,d190_hh38
d87,d210_hh262
d87,d7_hh124
d87,d73_hh153
d87,d190_hh38
d87,d11_hh240
d87,d187_hh30
d87,d137_hh201
d87,d5_hh117
d87,d104_hh7
d87,d134_hh166
d87,d55_hh12
d87,d23_hh236
d87,d109_hh168
d87,d91_hh79
d87,d73_hh197
d87,d204_hh173
d87,d164_hh78
d87,d82_hh231
d87,d69_hh274
d87,d35_hh224
d87,d55_hh232
d87,d174_hh85
d87,d43_hh27
d87,d38_hh172
d87,d214_hh166
d87,d96_hh8
d87,d154_hh132
d87,d170_hh228
d87,d139_hh27
d87,d111_hh29
d87,d41_hh181
d87,d179_hh28
d87,d66_hh13
d87,d85_hh214
d87,d32_hh101
d87,d66_hh154
d87,d35_hh211
d87,d111_hh29
d87,d56_hh166
d87,d43_hh67
d87,d91_hh79
d87,d210_hh262
d87,d114_hh2
d87,d66_hh179
d87,d66_hh193
d87,d59_hh162
d87,d187_hh30
d87,d122_hh210
d87,d130_hh177
d87,d33_hh266
d87,d202_hh111
d87,d41_hh181
d87,d50_hh195
d87,d210_hh262
d87,d122_hh112
d87,d55_hh226
d87,d137_hh201
d87,d114_hh2
d87,d140_hh260
d87,d69_hh99
d87,d11_hh132
d87,d48_hh176
d87,d33_hh64
d87,d179_hh242
d87,d190_hh32
d87,d91_hh241
d87,d141_hh235
d87,d100_hh164
d87,d130_hh277
d87,d207_hh28
d87,d55_hh229
d87,d130_hh277
d87,d205_hh217
d87,d61_hh79
d87,d195_hh52
d87,d73_hh7
d87,d97_hh75
d87,d88_hh118
d87,d128_hh184
d87,d183_hh93
d87,d41_hh72
d87,d81_hh87
d87,d42_hh38
d87,d208_hh137
d87,d58_hh81
d87,d118_hh262
d87,d91_hh241
d87,d111_hh206
d87,d168_hh30
d87,d141_hh194
d87,d131_hh41
d87,d184_hh206
d87,d129_hh94
d87,d36_hh69
d87,d18_hh91
d87,d55_hh232
d87,d130_hh177
d87,d120_hh272
d87,d66_hh13
d87,d204_hh158
d87,d82_hh256
d87,d156_hh218
d87,d112_hh177
d87,d38_hh172
d87,d88_hh3
d87,d42_hh251
d87,d111_hh206
d87,d110_hh201
d87,d125_hh189
d87,d138_hh1
d87,d195_hh31
d87,d141_hh235
d87,d214_hh252
d87,d33_hh64
d87,d152_hh175
d87,d83_hh67
d87,d102_hh228
d87,d120_hh118
d87,d1_hh234
d87,d16_hh75
d87,d88_hh235
d87,d88_hh235
d87,d126_hh156
d86,d8_hh105
d86,d201_hh135
d86,d181_hh225
d86,d185_hh57
d86,d108_hh212
d86,d94_hh253
d86,d86_hh55
d86,d70_hh171
d86,d45_hh0
d86,d151_hh215
d86,d3_hh97
d86,d211_hh211
d86,d63_hh83
d86,d108_hh213
d86,d9_hh289
d86,d107_hh258
d86,d201_hh135
d86,d70_hh136
d86,d108_hh213
d86,d121_hh272
d86,d176_hh220
d86,d9_hh170
d86,d79_hh227
d86,d151_hh215
d86,d211_hh211
d86,d108_hh162
d86,d203_hh139
d86,d60_hh191
d86,d196_hh126
d86,d84_hh161
d86,d121_hh272
d86,d167_hh70
d86,d8_hh155
d86,d136_hh192
d86,d103_hh48
d86,d79_hh198
d86,d71_hh163
d86,d105_hh45
d86,d45_hh0
d86,d151_hh215
d86,d108_hh230
d86,d70_hh171
d86,d14_hh75
d86,d188_hh256
d86,d211_hh211
d86,d181_hh225
d86,d63_hh160
d86,d176_hh220
d86,d25_hh157
d86,d70_hh171
d86,d142_hh269
d86,d172_hh18
d86,d136_hh32
d86,d25_hh157
d86,d103_hh48
d86,d167_hh70
d86,d185_hh57
d86,d79_hh114
d86,d9_hh236
d86,d167_hh11
d86,d63_hh160
d86,d167_hh11
d86,d144_hh289
d86,d167_hh70
d86,d14_hh75
d86,d103_hh205
d86,d167_hh276
d86,d148_hh58
d86,d8_hh41
d86,d108_hh241
d86,d180_hh254
d86,d9_hh236
d86,d10_hh167
d86,d76_hh6
d86,d148_hh244
d86,d94_hh246
d86,d144_hh253
d86,d148_hh58
d86,d63_hh160
d86,d196_hh229
d86,d70_hh172
d86,d176_hh220
d86,d37_hh160
d86,d188_hh256
d86,d148_hh58
d86,d8_hh105
d86,d25_hh80
d86,d203_hh139
d86,d45_hh0
d86,d71_hh245
d86,d136_hh32
d86,d28_hh253
d86,d172_hh18
d86,d25_hh157
d86,d176_hh220
d86,d8_hh41
d86,d70_hh172
d86,d25_hh80
d86,d84_hh122
d86,d148_hh58
d86,d116_hh196
d86,d136_hh192
d86,d108_hh162
d86,d194_hh189
d86,d79_hh227
d86,d189_hh268
d86,d8_hh106
d86,d167_hh11
d86,d79_hh227
d86,d70_hh136
d86,d157_hh215
d86,d63_hh160
d86,d212_hh61
d86,d196_hh197
d86,d103_hh192
d86,d6_hh155
d86,d94_hh129
d86,d79_hh227
d86,d94_hh129
d86,d71_hh146
d86,d9_hh236
d86,d108_hh162
d86,d22_hh176
d86,d172_hh18
d86,d45_hh0
d86,d108_hh162
d86,d115_hh55
d86,d203_hh139
d86,d176_hh125
d86,d148_hh244
d86,d70_hh110
d86,d63_hh160
d86,d108_hh162
d86,d194_hh40
d86,d103_hh63
d86,d70_hh171
d86,d115_hh124
d86,d49_hh103
d86,d76_hh193
d86,d148_hh100
d86,d107_hh7
d86,d196_hh139
d86,d153_hh100
d86,d136_hh89
d86,d8_hh149
d86,d142_hh190
d86,d115_hh186
d86,d28_hh253
d86,d212_hh155
d86,d196_hh229
d86,d176_hh220
d86,d148_hh58
d86,d192_hh68
d86,d25_hh80
d86,d107_hh23
d86,d194_hh114
d86,d3_hh180
d86,d189_hh268
d86,d189_hh268
d86,d70_hh76
d86,d142_hh269
d86,d76_hh193
d86,d121_hh272
d86,d47_hh128
d86,d70_hh110
d86,d9_hh170
d86,d148_hh100
d86,d28_hh40
d86,d148_hh244
d86,d14_hh205
d86,d8_hh106
d86,d148_hh58
d86,d79_hh114
d86,d107_hh7
d86,d9_hh236
d86,d176_hh194
d86,d196_hh215
d86,d8_hh106
d86,d27_hh269
d86,d142_hh190
d86,d196_hh126
d86,d103_hh48
d86,d108_hh241
d86,d153_hh26
d86,d103_hh48
d86,d28_hh253
d86,d148_hh244
d86,d28_hh253
d86,d45_hh0
d86,d22_hh190
d86,d94_hh129
d86,d148_hh100
d86,d86_hh55
d86,d108_hh230
d86,d188_hh256
d86,d157_hh235
d86,d194_hh189
d86,d196_hh215
d86,d107_hh7
d86,d14_hh205
d86,d148_hh58
d86,d212_hh61
d86,d3_hh35
d86,d45_hh79
d86,d60_hh191
d86,d107_hh103
d86,d60_hh191
d86,d192_hh39
d86,d185_hh143
d86,d63_hh131
d86,d3_hh180
d86,d8_hh155
d86,d142_hh106
d86,d167_hh70
d86,d9_hh170
d86,d196_hh215
d86,d25_hh80
d86,d203_hh172
d86,d94_hh129
d86,d47_hh300
d86,d70_hh171
d86,d194_hh114
d86,d45_hh79
d86,d142_hh190
d86,d176_hh194
d86,d70_hh172
d86,d49_hh257
d86,d176_hh220
d86,d79_hh227
d86,d108_hh241
d86,d167_hh276
d86,d136_hh89
d86,d107_hh23
d86,d157_hh222
d86,d167_hh11
d86,d108_hh230
d86,d167_hh70
d86,d63_hh131
d86,d70_hh136
d86,d189_hh268
d86,d8_hh41
d86,d92_hh91
d86,d136_hh192
d86,d172_hh18
d86,d151_hh215
d86,d194_hh142
d86,d157_hh235
d86,d79_hh227
d86,d194_hh114
d86,d60_hh108
d86,d45_hh79
d86,d196_hh197
d86,d176_hh194
d86,d206_hh279
d86,d3_hh180
d86,d201_hh135
d86,d63_hh131
d86,d115_hh124
d86,d108_hh241
d86,d108_hh230
d86,d136_hh192
d86,d136_hh32
d86,d194_hh142
d86,d196_hh215
d86,d28_hh253
d86,d203_hh139
d86,d45_hh79
d86,d108_hh212
d86,d8_hh106
d86,d189_hh268
d86,d212_hh252
d86,d194_hh101
d86,d103_hh63
d86,d14_hh75
d86,d115_hh186
d86,d201_hh135
d86,d115_hh186
d86,d189_hh268
d84,d60_hh107
d84,d136_hh192
d84,d196_hh190
d84,d49_hh257
d84,d14_hh75
d84,d10_hh167
d84,d172_hh18
d84,d201_hh135
d84,d22_hh176
d84,d6_hh130
d84,d212_hh155
d84,d194_hh101
d84,d79_hh227
d84,d194_hh142
d84,d201_hh78
d84,d86_hh55
d84,d6_hh77
d84,d49_hh170
d84,d49_hh257
d84,d192_hh68
d84,d157_hh215
d84,d192_hh68
d84,d60_hh191
d84,d76_hh193
d84,d22_hh190
d84,d9_hh183
d84,d142_hh108
d84,d76_hh193
d84,d167_hh276
d84,d60_hh108
d84,d176_hh125
d84,d181_hh17
d84,d6_hh77
d84,d196_hh126
d84,d8_hh106
d84,d84_hh122
d84,d157_hh222
d84,d63_hh69
d84,d108_hh212
d84,d70_hh136
d84,d94_hh246
d84,d181_hh17
d84,d6_hh130
d84,d116_hh196
d84,d84_hh122
d84,d157_hh235
d84,d151_hh215
d84,d142_hh190
d84,d70_hh171
d84,d27_hh269
d84,d196_hh197
d84,d167_hh264
d84,d148_hh58
d84,d185_hh143
d84,d153_hh96
d84,d157_hh235
d84,d28_hh40
d84,d22_hh176
d84,d6_hh155
d84,d196_hh139
d84,d136_hh89
d84,d107_hh258
d84,d8_hh105
d84,d176_hh194
d84,d157_hh16
d84,d212_hh252
d84,d63_hh69
d84,d71_hh163
d84,d108_hh212
d84,d157_hh16
d84,d144_hh253
d84,d9_hh197
d84,d49_hh257
d84,d167_hh276
d84,d185_hh57
d84,d142_hh108
d84,d148_hh247
d84,d157_hh235
d84,d22_hh176
d84,d8_hh155
d84,d181_hh225
d84,d103_hh63
d84,d192_hh39
d84,d203_hh172
d84,d71_hh163
d84,d157_hh16
d84,d107_hh246
d84,d9_hh183
d84,d153_hh100
d84,d206_hh279
d84,d71_hh146
d84,d211_hh211
d84,d196_hh190
d84,d121_hh170
d84,d63_hh69
d84,d9_hh170
d84,d49_hh170
d84,d9_hh183
d84,d144_hh289
d84,d107_hh258
d84,d9_hh170
d84,d70_hh172
d84,d153_hh96
d84,d76_hh193
d84,d148_hh247
d84,d148_hh104
d84,d79_hh114
d84,d176_hh85
d84,d71_hh163
d84,d49_hh103
d84,d22_hh176
d84,d194_hh40
d84,d84_hh122
d84,d148_hh247
d84,d6_hh130
d84,d172_hh180
d84,d60_hh108
d84,d136_hh32
d84,d115_hh176
d84,d79_hh114
d84,d196_hh139
d84,d144_hh289
d84,d10_hh167
d84,d64_hh137
d84,d180_hh254
d84,d144_hh196
d84,d142_hh108
d84,d188_hh256
d84,d6_hh130
d84,d47_hh135
d84,d107_hh23
d84,d148_hh100
d84,d3_hh97
d84,d79_hh255
d84,d196_hh197
d84,d148_hh247
d84,d176_hh220
d84,d212_hh155
d84,d47_hh300
d84,d76_hh187
d84,d8_hh155
d84,d6_hh77
d84,d192_hh58
d84,d203_hh227
d84,d157_hh235
d84,d8_hh155
d84,d167_hh264
d84,d6_hh130
d84,d157_hh16
d84,d136_hh192
d84,d172_hh18
d84,d153_hh100
d84,d14_hh75
d84,d211_hh86
d84,d153_hh96
d84,d189_hh268
d84,d10_hh167
d84,d142_hh190
d84,d70_hh76
d84,d71_hh146
d84,d71_hh146
d84,d3_hh180
d84,d148_hh244
d84,d196_hh229
d84,d188_hh256
d84,d9_hh197
d84,d121_hh272
d84,d22_hh176
d84,d79_hh255
d84,d28_hh40
d84,d203_hh189
d84,d176_hh125
d84,d196_hh190
d84,d108_hh212
d84,d167_hh276
d84,d142_hh106
d84,d8_hh105
d84,d10_hh167
d84,d45_hh0
d84,d76_hh193
d84,d45_hh79
d84,d27_hh269
d84,d105_hh45
d84,d144_hh289
d84,d148_hh104
d84,d76_hh193
d84,d142_hh190
d84,d6_hh155
d84,d203_hh139
d84,d92_hh161
d84,d116_hh196
d84,d196_hh190
d84,d192_hh39
d84,d206_hh279
d84,d196_hh139
d84,d49_hh219
d84,d28_hh40
d84,d142_hh108
d84,d14_hh67
d84,d47_hh300
d84,d153_hh100
d84,d206_hh279
d84,d103_hh192
d84,d108_hh162
d84,d153_hh100
d84,d185_hh57
d84,d172_hh180
d84,d9_hh197
d84,d176_hh92
d84,d14_hh75
d84,d79_hh114
d84,d60_hh108
d84,d76_hh6
d84,d28_hh35
d84,d37_hh159
d84,d148_hh58
d84,d49_hh103
d84,d107_hh193
d84,d194_hh189
d84,d3_hh97
d84,d176_hh125
d84,d79_hh227
d84,d206_hh279
d84,d49_hh103
d84,d196_hh190
d84,d49_hh257
d84,d151_hh203
d84,d116_hh6
d84,d60_hh108
d84,d176_hh85
d84,d153_hh96
d84,d196_hh197
d84,d144_hh253
d84,d196_hh126
d84,d14_hh205
d84,d142_hh190
d84,d79_hh255
d84,d3_hh180
d84,d107_hh103
d84,d148_hh104
d84,d107_hh23
d84,d203_hh139
d84,d103_hh63
d84,d37_hh159
d84,d144_hh289
d84,d79_hh114
d84,d206_hh279
d84,d3_hh97
d84,d157_hh215
d84,d136_hh192
d84,d153_hh96
d84,d203_hh96
d84,d70_hh172
d84,d71_hh146
d84,d144_hh196
d84,d10_hh167
d84,d63_hh83
d84,d6_hh77
d84,d76_hh193
d84,d212_hh155
d84,d3_hh180
d84,d71_hh146
d84,d14_hh205
d84,d79_hh227
d84,d94_hh137
d84,d142_hh108
d84,d157_hh16
d84,d105_hh45
d84,d194_hh142
d84,d94_hh137
d84,d212_hh155
d84,d116_hh36
d84,d60_hh108
d84,d76_hh193
d84,d157_hh215
d84,d148_hh100
d84,d47_hh128
d84,d181_hh225
d84,d103_hh192
d84,d22_hh176
d84,d167_hh70
d84,d45_hh79
d84,d116_hh196
d84,d194_hh40
d84,d108_hh230
d95,d55_hh232
d95,d56_hh177
d95,d20_hh48
d95,d168_hh34
d95,d62_hh167
d95,d73_hh197
d95,d190_hh32
d95,d73_hh151
d95,d158_hh20
d95,d134_hh166
d95,d106_hh24
d95,d214_hh166
d95,d187_hh16
d95,d208_hh137
d95,d193_hh61
d95,d149_hh30
d95,d141_hh194
d95,d117_hh245
d95,d134_hh76
d95,d11_hh240
d95,d109_hh168
d95,d7_hh148
d95,d137_hh201
d95,d193_hh61
d95,d190_hh176
d95,d137_hh109
d95,d210_hh262
d95,d51_hh285
d95,d132_hh233
d95,d55_hh12
d95,d134_hh31
d95,d214_hh20
d95,d143_hh82
d95,d184_hh11
d95,d85_hh214
d95,d190_hh176
d95,d55_hh226
d95,d139_hh164
d95,d87_hh32
d95,d160_hh232
d95,d117_hh126
d95,d202_hh222
d95,d51_hh37
d95,d51_hh285
d95,d34_hh12
d95,d81_hh87
d95,d131_hh41
d95,d170_hh63
d95,d168_hh265
d95,d135_hh78
d95,d18_hh91
d95,d135_hh57
d95,d99_hh230
d95,d114_hh12
d95,d58_hh108
d95,d120_hh57
d95,d88_hh235
d95,d200_hh51
d95,d170_hh273
d95,d59_hh251
d95,d135_hh226
d95,d179_hh28
d95,d53_hh23
d95,d16_hh201
d95,d51_hh186
d95,d111_hh29
d95,d44_hh127
d95,d40_hh7
d95,d7_hh240
d95,d87_hh32
d95,d178_hh263
d95,d170_hh228
d95,d118_hh175
d95,d78_hh123
d95,d56_hh63
d95,d205_hh54
d95,d88_hh3
d95,d56_hh166
d95,d23_hh236
d95,d191_hh190
d95,d69_hh99
d95,d119_hh50
d95,d190_hh176
d95,d156_hh218
d95,d170_hh63
d95,d50_hh195
d95,d23_hh236
d95,d42_hh38
d95,d160_hh179
d95,d143_hh224
d95,d78_hh123
d95,d141_hh6
d95,d35_hh211
d95,d73_hh153
d95,d208_hh137
d95,d5_hh117
d95,d168_hh30
d95,d32_hh60
d95,d198_hh78
d95,d56_hh63
d95,d69_hh55
d95,d44_hh127
d95,d55_hh226
d95,d67_hh63
d95,d32_hh101
d95,d7_hh240
d95,d36_hh69
d95,d75_hh15
d95,d198_hh40
d95,d122_hh271
d95,d44_hh170
d95,d7_hh148
d95,d184_hh11
d95,d113_hh254
d95,d124_hh125
d95,d146_hh88
d95,d130_hh273
d95,d210_hh267
d95,d87_hh32
d95,d131_hh212
d95,d128_hh180
d95,d91_hh98
d95,d102_hh284
d95,d35_hh224
d95,d42_hh165
d95,d138_hh1
d95,d140_hh195
d95,d24_hh177
d95,d77_hh40
d95,d85_hh218
d95,d160_hh232
d95,d44_hh283
d95,d44_hh283
d95,d13_hh263
d95,d208_hh2
d95,d50_hh112
d95,d88_hh108
d95,d161_hh110
d95,d162_hh67
d95,d131_hh204
d95,d56_hh166
d95,d32_hh136
d95,d95_hh241
d95,d135_hh226
d95,d204_hh231
d95,d214_hh252
d95,d187_hh32
d95,d88_hh191
d95,d55_hh12
d95,d30_hh44
d95,d69_hh222
d95,d190_hh106
d95,d73_hh7
d95,d7_hh64
d95,d35_hh224
d95,d31_hh135
d95,d11_hh244
d95,d127_hh69
d95,d183_hh93
d95,d97_hh75
d95,d118_hh175
d95,d7_hh124
d95,d77_hh40
d95,d90_hh214
d95,d215_hh157
d95,d204_hh173
d95,d44_hh187
d95,d61_hh79
d95,d126_hh44
d95,d59_hh251
d95,d124_hh125
d95,d161_hh250
d95,d82_hh41
d95,d168_hh34
d95,d125_hh236
d95,d19_hh147
d95,d91_hh100
d95,d93_hh80
d95,d50_hh195
d95,d183_hh93
d95,d101_hh186
d95,d91_hh98
d95,d56_hh166
d95,d7_hh155
d95,d191_hh275
d95,d41_hh53
d95,d81_hh87
d95,d175_hh181
d95,d33_hh64
d95,d190_hh38
d95,d156_hh218
d95,d160_hh104
d95,d204_hh231
d95,d215_hh157
d95,d11_hh132
d95,d81_hh81
d95,d81_hh87
d95,d146_hh114
d95,d110_hh172
d95,d4_hh212
d95,d88_hh235
d95,d101_hh182
d95,d46_hh228
d95,d82_hh231
d95,d200_hh227
d95,d73_hh33
d95,d16_hh201
d95,d11_hh214
d95,d149_hh30
d95,d170_hh228
d95,d51_hh285
d95,d134_hh166
d95,d32_hh101
d95,d77_hh156
d95,d61_hh79
d95,d161_hh250
d95,d93_hh80
d95,d11_hh26
d95,d44_hh170
d95,d16_hh218
d95,d134_hh76
d95,d18_hh253
d95,d129_hh209
d95,d48_hh176
d95,d215_hh82
d95,d205_hh54
d95,d134_hh31
d95,d97_hh75
d95,d110_hh236
d95,d131_hh41
d95,d39_hh96
d95,d126_hh44
d95,d104_hh7
d95,d138_hh1
d95,d125_hh167
d95,d175_hh181
d95,d125_hh236
d95,d213_hh238
d95,d134_hh118
d95,d110_hh172
d95,d204_hh158
d95,d137_hh201
d95,d42_hh263
d95,d59_hh251
d95,d168_hh30
d95,d141_hh6
d95,d40_hh7
d95,d36_hh69
d95,d128_hh180
d95,d124_hh167
d95,d120_hh272
d95,d161_hh229
d95,d187_hh16
d95,d55_hh226
d95,d150_hh168
d95,d13_hh157
d95,d150_hh168
d95,d93_hh80
d95,d65_hh75
d95,d41_hh74
d95,d106_hh24
d95,d101_hh182
d95,d56_hh166
d95,d82_hh115
d95,d38_hh101
d95,d36_hh69
d95,d161_hh229
d95,d88_hh191
d95,d102_hh228
d95,d41_hh254
d95,d120_hh118
d95,d135_hh226
d95,d99_hh230
d95,d134_hh156
d95,d187_hh16
d95,d59_hh251
d95,d48_hh119
d95,d13_hh157
d95,d66_hh154
d95,d88_hh3
d95,d72_hh77
d95,d137_hh201
d95,d149_hh237
d95,d56_hh166
d91,d191_hh12
d91,d141_hh194
d91,d77_hh40
d91,d61_hh246
d91,d191_hh179
d91,d128_hh278
d91,d65_hh75
d91,d99_hh230
d91,d38_hh101
d91,d100_hh65
d91,d44_hh170
d91,d214_hh184
d91,d112_hh177
d91,d213_hh238
d91,d214_hh166
d91,d139_hh164
d91,d162_hh113
d91,d110_hh172
d91,d88_hh108
d91,d190_hh38
d91,d110_hh236
d91,d141_hh209
d91,d88_hh3
d91,d149_hh30
d91,d214_hh171
d91,d135_hh57
d91,d32_hh19
d91,d38_hh49
d91,d32_hh101
d91,d73_hh7
d91,d118_hh175
d91,d160_hh179
d91,d59_hh162
d91,d32_hh19
d91,d7_hh240
d91,d110_hh236
d91,d150_hh253
d91,d11_hh244
d91,d32_hh101
d91,d154_hh132
d91,d59_hh207
d91,d18_hh91
d91,d146_hh88
d91,d214_hh255
d91,d78_hh123
d91,d184_hh206
d91,d158_hh34
d91,d146_hh88
d91,d155_hh206
d91,d164_hh78
d91,d156_hh181
d91,d160_hh179
d91,d179_hh267
d91,d99_hh44
d91,d59_hh98
d91,d131_hh41
d91,d56_hh89
d91,d175_hh181
d91,d82_hh115
d91,d41_hh74
d91,d2_hh232
d91,d72_hh77
d91,d183_hh93
d91,d110_hh172
d91,d111_hh206
d91,d138_hh1
d91,d87_hh32
d91,d65_hh227
d91,d161_hh110
d91,d7_hh87
d91,d13_hh239
d91,d91_hh79
d91,d126_hh233
d91,d48_hh119
d91,d130_hh277
d91,d59_hh207
d91,d69_hh55
d91,d122_hh271
d91,d110_hh236
d91,d81_hh81
d91,d130_hh277
d91,d128_hh180
d91,d88_hh3
d91,d128_hh43
d91,d41_hh74
d91,d7_hh148
d91,d1_hh15
d91,d83_hh67
d91,d55_hh131
d91,d155_hh206
d91,d175_hh239
d91,d175_hh181
d91,d134_hh31
d91,d137_hh201
d91,d114_hh2
d91,d214_hh252
d91,d126_hh156
d91,d137_hh201
d91,d152_hh187
d91,d135_hh57
d91,d88_hh3
d91,d7_hh148
d91,d135_hh226
d91,d156_hh181
d91,d20_hh44
d91,d91_hh241
d91,d117_hh245
d91,d152_hh175
d91,d210_hh267
d91,d128_hh297
d91,d156_hh151
d91,d11_hh244
d91,d97_hh20
d91,d124_hh125
d91,d58_hh81
d91,d93_hh66
d91,d81_hh14
d91,d171_hh189
d91,d11_hh240
d91,d82_hh231
d91,d16_hh200
d91,d146_hh114
d91,d184_hh11
d91,d137_hh109
d91,d56_hh63
d91,d190_hh38
d91,d30_hh132
d91,d205_hh217
d91,d18_hh91
d91,d18_hh253
d91,d18_hh80
d91,d43_hh27
d91,d56_hh89
d91,d91_hh100
d91,d33_hh64
d91,d33_hh64
d91,d149_hh237
d91,d44_hh35
d91,d82_hh256
d91,d138_hh1
d91,d33_hh64
d91,d161_hh110
d91,d155_hh206
d91,d18_hh253
d91,d169_hh247
d91,d149_hh237
d91,d128_hh273
d91,d73_hh151
d91,d7_hh148
d91,d163_hh44
d91,d100_hh164
d91,d168_hh265
d91,d127_hh69
d91,d102_hh228
d91,d135_hh191
d91,d88_hh235
d91,d39_hh55
d91,d74_hh212
d91,d141_hh194
d91,d208_hh137
d91,d129_hh94
d91,d143_hh82
d91,d163_hh115
d91,d73_hh84
d91,d114_hh12
d91,d97_hh20
d91,d35_hh224
d91,d114_hh2
d91,d170_hh228
d91,d112_hh176
d91,d137_hh201
d91,d73_hh151
d91,d137_hh216
d91,d59_hh251
d91,d106_hh24
d91,d141_hh6
d91,d30_hh44
d91,d73_hh7
d91,d83_hh79
d91,d132_hh233
d91,d161_hh250
d91,d139_hh9
d91,d21_hh16
d91,d131_hh204
d91,d87_hh32
d91,d46_hh57
d91,d16_hh200
d91,d152_hh187
d91,d104_hh7
d91,d111_hh29
d91,d183_hh93
d91,d66_hh193
d91,d190_hh38
d91,d110_hh201
d91,d200_hh51
d91,d163_hh44
d91,d191_hh30
d91,d204_hh231
d91,d110_hh201
d91,d35_hh211
d91,d158_hh20
d91,d15_hh97
d91,d42_hh165
d91,d200_hh227
d91,d73_hh197
d91,d41_hh181
d91,d32_hh60
d91,d135_hh57
d91,d119_hh107
d91,d135_hh191
d91,d158_hh34
d91,d160_hh104
d91,d183_hh93
d91,d38_hh95
d91,d150_hh8
d91,d202_hh222
d91,d39_hh55
d91,d77_hh83
d91,d95_hh241
d91,d187_hh16
d91,d39_hh96
d91,d90_hh214
d91,d141_hh194
d91,d120_hh57
d91,d122_hh210
d91,d42_hh165
d91,d40_hh7
d91,d135_hh216
d91,d88_hh118
d91,d114_hh2
d91,d126_hh184
d91,d125_hh236
d91,d69_hh274
d91,d118_hh88
d91,d65_hh115
d91,d58_hh108
d91,d74_hh212
d91,d11_hh26
d91,d208_hh137
d91,d215_hh157
d91,d190_hh38
d91,d160_hh211
d91,d164_hh220
d91,d78_hh9
d91,d74_hh11
d91,d7_hh124
d91,d85_hh214
d91,d91_hh32
d91,d130_hh277
d91,d7_hh64
d91,d128_hh278
d91,d155_hh206
d91,d214_hh171
d91,d11_hh26
d91,d73_hh153
d91,d82_hh231
d91,d1_hh15
d91,d129_hh94
d91,d33_hh64
d91,d126_hh156
d91,d190_hh176
d91,d66_hh193
d91,d81_hh14
d91,d81_hh14
d91,d65_hh115
d91,d170_hh273
d91,d140_hh260
d91,d85_hh104
d91,d147_hh167
d91,d120_hh272
d91,d109_hh209
d91,d56_hh63
d91,d59_hh132
d91,d91_hh113
d91,d135_hh216
d91,d56_hh123
d91,d41_hh74
d91,d78_hh234
d91,d65_hh75
d91,d141_hh194
d91,d42_hh263
d91,d149_hh237
d91,d51_hh285
d91,d78_hh123
d91,d42_hh263
d91,d80_hh6
d91,d161_hh250
d91,d141_hh152
d91,d190_hh176
d91,d16_hh201
d91,d195_hh31
d91,d69_hh209
d93,d109_hh209
d93,d55_hh226
d93,d78_hh234
d93,d41_hh181
d93,d139_hh251
d93,d41_hh254
d93,d175_hh181
d93,d118_hh188
d93,d7_hh155
d93,d88_hh191
d93,d127_hh69
d93,d137_hh216
d93,d149_hh237
d93,d59_hh207
d93,d59_hh207
d93,d74_hh109
d93,d91_hh100
d93,d40_hh111
d93,d62_hh167
d93,d100_hh65
d93,d44_hh35
d93,d128_hh273
d93,d215_hh157
d93,d131_hh14
d93,d18_hh80
d93,d141_hh194
d93,d193_hh61
d93,d127_hh69
d93,d120_hh57
d93,d55_hh131
d93,d43_hh27
d93,d125_hh248
d93,d202_hh17
d93,d125_hh248
d93,d11_hh244
d93,d168_hh265
d93,d59_hh251
d93,d113_hh254
d93,d56_hh177
d93,d58_hh108
d93,d205_hh217
d93,d208_hh2
d93,d132_hh233
d93,d152_hh175
d93,d46_hh57
d93,d160_hh104
d93,d124_hh167
d93,d85_hh214
d93,d168_hh30
d93,d58_hh108
d93,d168_hh30
d93,d102_hh228
d93,d74_hh11
d93,d99_hh38
d93,d208_hh221
d93,d215_hh157
d93,d139_hh9
d93,d118_hh188
d93,d137_hh216
d93,d23_hh236
d93,d51_hh49
d93,d214_hh184
d93,d100_hh65
d93,d1_hh15
d93,d55_hh226
d93,d72_hh77
d93,d140_hh195
d93,d187_hh291
d93,d139_hh164
d93,d210_hh87
d93,d128_hh273
d93,d42_hh165
d93,d32_hh136
d93,d44_hh35
d93,d50_hh112
d93,d114_hh2
d93,d39_hh55
d93,d162_hh113
d93,d13_hh239
d93,d16_hh201
d93,d56_hh175
d93,d156_hh151
d93,d95_hh241
d93,d32_hh60
d93,d195_hh97
d93,d205_hh73
d93,d141_hh194
d93,d31_hh135
d93,d55_hh229
d93,d44_hh35
d93,d205_hh217
d93,d128_hh43
d93,d55_hh232
d93,d140_hh195
d93,d73_hh33
d93,d44_hh187
d93,d163_hh44
d93,d128_hh180
d93,d7_hh87
d93,d158_hh146
d93,d132_hh233
d93,d138_hh1
d93,d150_hh253
d93,d149_hh61
d93,d114_hh12
d93,d31_hh135
d93,d32_hh203
d93,d139_hh164
d93,d18_hh253
d93,d32_hh203
d93,d155_hh206
d93,d33_hh64
d93,d193_hh67
d93,d210_hh262
d93,d143_hh82
d93,d195_hh97
d93,d205_hh217
d93,d124_hh118
d93,d48_hh119
d93,d91_hh113
d93,d55_hh131
d93,d30_hh44
d93,d186_hh175
d93,d77_hh83
d93,d130_hh277
d93,d141_hh209
d93,d208_hh221
d93,d88_hh108
d93,d154_hh157
d93,d213_hh238
d93,d184_hh11
d93,d69_hh13
d93,d50_hh90
d93,d75_hh15
d93,d109_hh168
d93,d109_hh209
d93,d66_hh193
d93,d130_hh277
d93,d114_hh2
d93,d124_hh167
d93,d88_hh108
d93,d62_hh167
d93,d50_hh112
d93,d15_hh188
d93,d5_hh117
d93,d44_hh35
d93,d46_hh57
d93,d21_hh25
d93,d124_hh118
d93,d7_hh64
d93,d16_hh218
d93,d149_hh237
d93,d97_hh75
d93,d50_hh112
d93,d41_hh254
d93,d104_hh7
d93,d50_hh112
d93,d131_hh14
d93,d174_hh85
d93,d93_hh184
d93,d141_hh152
d93,d66_hh193
d93,d34_hh166
d93,d171_hh189
d93,d31_hh135
d93,d50_hh195
d93,d69_hh55
d93,d202_hh17
d93,d1_hh15
d93,d118_hh175
d93,d210_hh262
d93,d205_hh217
d93,d184_hh11
d93,d162_hh67
d93,d210_hh267
d93,d50_hh90
d93,d55_hh12
d93,d125_hh167
d93,d50_hh195
d93,d21_hh16
d93,d160_hh104
d93,d126_hh233
d93,d205_hh217
d93,d88_hh108
d93,d202_hh111
d93,d130_hh177
d93,d213_hh238
d93,d162_hh113
d93,d112_hh176
d93,d11_hh26
d93,d193_hh67
d93,d132_hh233
d93,d93_hh184
d93,d29_hh167
d93,d134_hh118
d93,d62_hh167
d93,d69_hh13
d93,d160_hh97
d93,d112_hh221
d93,d11_hh79
d93,d163_hh242
d93,d160_hh97
d93,d141_hh235
d93,d135_hh226
d93,d50_hh90
d93,d135_hh57
d93,d33_hh64
d93,d53_hh23
d93,d88_hh108
d93,d91_hh32
d93,d41_hh53
d93,d120_hh272
d93,d208_hh221
d93,d135_hh191
d93,d191_hh275
d93,d160_hh97
d93,d82_hh115
d93,d170_hh228
d93,d44_hh35
d93,d143_hh82
d93,d53_hh23
d93,d30_hh44
d93,d88_hh118
d93,d204_hh173
d93,d158_hh20
d93,d126_hh44
d93,d99_hh38
d93,d59_hh162
d93,d101_hh186
d93,d195_hh31
d93,d124_hh118
d93,d39_hh96
d93,d61_hh79
d93,d73_hh197
d93,d110_hh201
d93,d55_hh232
d93,d170_hh63
d93,d106_hh24
d93,d191_hh190
d93,d111_hh29
d93,d152_hh187
d93,d42_hh251
d93,d73_hh197
d93,d20_hh48
d93,d124_hh125
d93,d160_hh38
d93,d50_hh195
d93,d149_hh237
d93,d61_hh79
d93,d73_hh153
d93,d82_hh41
d93,d23_hh236
d93,d59_hh162
d93,d39_hh96
d93,d214_hh171
d93,d215_hh157
d93,d175_hh181
d93,d155_hh206
d93,d69_hh209
d93,d128_hh278
d93,d88_hh191
d93,d117_hh126
d93,d74_hh108
d93,d128_hh273
d97,d99_hh230
d97,d120_hh118
d97,d100_hh164
d97,d150_hh8
d97,d55_hh229
d97,d202_hh111
d97,d119_hh107
d97,d164_hh78
d97,d56_hh123
d97,d134_hh156
d97,d81_hh14
d97,d122_hh210
d97,d32_hh203
d97,d82_hh115
d97,d120_hh118
d97,d13_hh239
d97,d190_hh176
d97,d85_hh218
d97,d195_hh52
d97,d152_hh187
d97,d149_hh61
d97,d214_hh184
d97,d13_hh263
d97,d202_hh222
d97,d32_hh203
d97,d190_hh32
d97,d90_hh214
d97,d132_hh233
d97,d147_hh167
d97,d214_hh166
d97,d137_hh216
d97,d128_hh278
d97,d143_hh82
d97,d32_hh203
d97,d139_hh27
d97,d205_hh54
d97,d51_hh285
d97,d66_hh154
d97,d11_hh26
d97,d161_hh110
d97,d162_hh113
d97,d78_hh123
d97,d208_hh221
d97,d204_hh231
d97,d164_hh220
d97,d7_hh124
d97,d5_hh117
d97,d202_hh222
d97,d190_hh38
d97,d38_hh95
d97,d38_hh95
d97,d69_hh274
d97,d41_hh72
d97,d77_hh40
d97,d74_hh108
d97,d73_hh151
d97,d61_hh79
d97,d41_hh254
d97,d114_hh2
d97,d141_hh209
d97,d77_hh156
d97,d137_hh109
d97,d11_hh214
d97,d168_hh30
d97,d117_hh126
d97,d170_hh63
d97,d190_hh173
d97,d69_hh274
d97,d163_hh115
d97,d41_hh74
d97,d134_hh31
d97,d202_hh17
d97,d85_hh214
d97,d170_hh63
d97,d156_hh153
d97,d5_hh117
d97,d179_hh267
d97,d139_hh27
d97,d32_hh203
d97,d125_hh167
d97,d56_hh123
d97,d59_hh251
d97,d51_hh285
d97,d44_hh65
d97,d51_hh186
d97,d114_hh2
d97,d208_hh221
d97,d106_hh24
d97,d55_hh232
d97,d190_hh38
d97,d179_hh267
d97,d55_hh226
d97,d205_hh217
d97,d190_hh173
d97,d51_hh37
d97,d170_hh273
d97,d112_hh155
d97,d112_hh31
d97,d171_hh189
d97,d80_hh6
d97,d18_hh80
d97,d202_hh111
d97,d122_hh181
d97,d65_hh75
d97,d168_hh34
d97,d73_hh153
d97,d149_hh61
d97,d195_hh52
d97,d118_hh262
d97,d149_hh237
d97,d101_hh186
d97,d208_hh221
d97,d160_hh59
d97,d18_hh253
d97,d158_hh85
d97,d48_hh119
d97,d73_hh33
d97,d56_hh166
d97,d44_hh283
d97,d15_hh97
d97,d59_hh98
d97,d73_hh197
d97,d95_hh241
d97,d174_hh6
d97,d129_hh209
d97,d175_hh181
d97,d43_hh67
d97,d141_hh6
d97,d16_hh201
d97,d50_hh90
d97,d56_hh175
d97,d112_hh176
d97,d205_hh217
d97,d7_hh155
d97,d215_hh82
d97,d44_hh187
d97,d43_hh27
d97,d72_hh77
d97,d35_hh224
d97,d187_hh16
d97,d77_hh40
d97,d170_hh273
d97,d118_hh188
d97,d122_hh112
d97,d11_hh240
d97,d135_hh226
d97,d42_hh263
d97,d55_hh232
d97,d91_hh98
d97,d114_hh2
d97,d7_hh148
d97,d120_hh268
d97,d91_hh113
d97,d59_hh251
d97,d161_hh110
d97,d19_hh147
d97,d41_hh74
d97,d135_hh226
d97,d208_hh2
d97,d90_hh214
d97,d174_hh97
d97,d102_hh284
d97,d187_hh291
d97,d53_hh23
d97,d42_hh38
d97,d83_hh67
d97,d42_hh251
d97,d69_hh209
d97,d162_hh67
d97,d102_hh284
d97,d58_hh108
d97,d81_hh81
d97,d187_hh291
d97,d191_hh12
d97,d128_hh43
d97,d62_hh18
d97,d61_hh79
d97,d55_hh229
d97,d193_hh67
d97,d44_hh65
d97,d160_hh59
d97,d32_hh19
d97,d82_hh41
d97,d169_hh115
d97,d42_hh263
d97,d174_hh6
d97,d109_hh209
d97,d149_hh30
d97,d164_hh249
d97,d138_hh1
d97,d125_hh189
d97,d11_hh26
d97,d39_hh55
d97,d124_hh125
d97,d114_hh2
d97,d5_hh117
d97,d128_hh278
d97,d7_hh124
d97,d96_hh8
d97,d51_hh177
d97,d78_hh123
d97,d122_hh271
d97,d65_hh75
d97,d214_hh252
d97,d112_hh31
d97,d31_hh135
d97,d139_hh164
d97,d175_hh181
d97,d179_hh41
d97,d51_hh186
d97,d186_hh175
d97,d77_hh156
d97,d59_hh251
d97,d170_hh273
d97,d184_hh210
d97,d210_hh267
d97,d20_hh48
d97,d56_hh177
d97,d147_hh167
d97,d210_hh267
d97,d18_hh6
d97,d110_hh172
d97,d113_hh254
d97,d19_hh147
d97,d66_hh131
d97,d150_hh253
d97,d109_hh209
d97,d140_hh260
d97,d111_hh206
d97,d21_hh21
d97,d85_hh104
d97,d88_hh235
d97,d135_hh78
d97,d184_hh11
d97,d55_hh229
d97,d193_hh61
d97,d134_hh118
d97,d18_hh253
d97,d2_hh232
d97,d72_hh77
d97,d130_hh177
d97,d190_hh38
d97,d82_hh256
d97,d101_hh182
d88,d184_hh11
d88,d58_hh108
d88,d160_hh97
d88,d104_hh7
d88,d85_hh104
d88,d61_hh79
d88,d168_hh30
d88,d146_hh88
d88,d110_hh236
d88,d55_hh226
d88,d183_hh237
d88,d170_hh228
d88,d100_hh65
d88,d11_hh214
d88,d62_hh167
d88,d31_hh135
d88,d202_hh17
d88,d160_hh97
d88,d131_hh204
d88,d41_hh254
d88,d139_hh27
d88,d85_hh218
d88,d109_hh209
d88,d87_hh38
d88,d207_hh28
d88,d93_hh66
d88,d88_hh235
d88,d33_hh266
d88,d85_hh104
d88,d7_hh124
d88,d82_hh41
d88,d55_hh12
d88,d38_hh95
d88,d69_hh274
d88,d91_hh113
d88,d149_hh237
d88,d106_hh24
d88,d175_hh32
d88,d127_hh69
d88,d91_hh100
d88,d16_hh177
d88,d154_hh132
d88,d13_hh263
d88,d141_hh194
d88,d118_hh175
d88,d156_hh19
d88,d81_hh81
d88,d44_hh163
d88,d152_hh175
d88,d110_hh117
d88,d20_hh48
d88,d190_hh106
d88,d82_hh231
d88,d140_hh260
d88,d13_hh157
d88,d149_hh30
d88,d131_hh41
d88,d88_hh108
d88,d61_hh79
d88,d46_hh228
d88,d152_hh175
d88,d96_hh8
d88,d69_hh99
d88,d112_hh17
d88,d147_hh167
d88,d85_hh104
d88,d164_hh78
d88,d91_hh98
d88,d61_hh79
d88,d35_hh224
d88,d5_hh117
d88,d138_hh1
d88,d175_hh32
d88,d11_hh240
d88,d69_hh55
d88,d55_hh190
d88,d16_hh200
d88,d109_hh209
d88,d51_hh49
d88,d55_hh232
d88,d50_hh195
d88,d91_hh32
d88,d35_hh211
d88,d100_hh164
d88,d135_hh78
d88,d35_hh224
d88,d99_hh38
d88,d55_hh232
d88,d139_hh27
d88,d66_hh179
d88,d140_hh260
d88,d127_hh69
d88,d170_hh228
d88,d190_hh106
d88,d33_hh64
d88,d88_hh191
d88,d125_hh248
d88,d168_hh265
d88,d38_hh95
d88,d41_hh72
d88,d124_hh125
d88,d140_hh260
d88,d174_hh97
d88,d91_hh98
d88,d38_hh49
d88,d44_hh35
d88,d208_hh137
d88,d96_hh8
d88,d44_hh163
d88,d112_hh177
d88,d161_hh238
d88,d11_hh244
d88,d183_hh93
d88,d190_hh32
d88,d99_hh44
d88,d128_hh43
d88,d109_hh209
d88,d149_hh237
d88,d58_hh108
d88,d77_hh156
d88,d104_hh7
d88,d19_hh147
d88,d36_hh69
d88,d152_hh175
d88,d91_hh241
d88,d112_hh221
d88,d74_hh109
d88,d195_hh97
d88,d149_hh30
d88,d143_hh224
d88,d210_hh87
d88,d48_hh176
d88,d99_hh44
d88,d69_hh274
d88,d208_hh137
d88,d207_hh28
d88,d74_hh11
d88,d100_hh164
d88,d55_hh12
d88,d126_hh44
d88,d135_hh191
d88,d101_hh182
d88,d140_hh260
d88,d32_hh151
d88,d122_hh112
d88,d154_hh157
d88,d129_hh94
d88,d138_hh1
d88,d78_hh9
d88,d141_hh194
d88,d38_hh101
d88,d150_hh253
d88,d56_hh166
d88,d35_hh224
d88,d139_hh164
d88,d85_hh214
d88,d164_hh220
d88,d18_hh253
d88,d65_hh75
d88,d137_hh216
d88,d156_hh153
d88,d34_hh166
d88,d190_hh173
d88,d174_hh97
d88,d66_hh179
d88,d56_hh166
d88,d66_hh13
d88,d129_hh106
d88,d102_hh228
d88,d149_hh237
d88,d55_hh246
d88,d35_hh211
d88,d61_hh79
d88,d11_hh244
d88,d175_hh32
d88,d160_hh38
d88,d163_hh44
d88,d126_hh233
d88,d48_hh176
d88,d187_hh16
d88,d140_hh260
d88,d131_hh212
d88,d128_hh278
d88,d56_hh63
d88,d163_hh115
d88,d163_hh242
d88,d170_hh63
d88,d51_hh49
d88,d128_hh278
d88,d204_hh173
d88,d214_hh184
d88,d96_hh8
d88,d146_hh88
d88,d170_hh63
d88,d44_hh35
d88,d82_hh256
d88,d18_hh91
d88,d110_hh236
d88,d114_hh12
d88,d55_hh226
d88,d120_hh118
d88,d122_hh181
d88,d97_hh20
d88,d59_hh251
d88,d74_hh11
d88,d178_hh263
d88,d174_hh6
d88,d150_hh168
d88,d160_hh179
d88,d7_hh148
d88,d175_hh181
d88,d191_hh179
d88,d35_hh224
d88,d16_hh75
d88,d101_hh186
d88,d99_hh44
d88,d134_hh31
d88,d158_hh85
d88,d78_hh123
d88,d42_hh165
d88,d1_hh15
d88,d59_hh162
d88,d36_hh69
d88,d69_hh222
d88,d110_hh201
d88,d85_hh104
d88,d38_hh49
d88,d87_hh38
d88,d162_hh113
d88,d5_hh117
d88,d156_hh19
d88,d137_hh216
d88,d138_hh10
d88,d21_hh21
d88,d55_hh226
d88,d42_hh38
d88,d111_hh29
d88,d69_hh222
d88,d135_hh78
d88,d30_hh132
d88,d46_hh57
d88,d50_hh112
d88,d160_hh59
d88,d110_hh236
d88,d11_hh240
d88,d13_hh239
d88,d66_hh131
d88,d85_hh218
d88,d30_hh44
d88,d46_hh57
d88,d41_hh254
d88,d96_hh8
d88,d112_hh31
d88,d154_hh132
d88,d51_hh37
d88,d170_hh63
d88,d88_hh3
d88,d99_hh38
d88,d143_hh224
d88,d130_hh277
d88,d146_hh88
d88,d20_hh44
d88,d35_hh211
d88,d55_hh131
d88,d124_hh223
d88,d110_hh201
d88,d187_hh30
d88,d81_hh14
d88,d7_hh148
d88,d2_hh232
d88,d73_hh197
d88,d146_hh114
d88,d56_hh123
d88,d56_hh89
d88,d168_hh34
d88,d139_hh251
d88,d168_hh30
d88,d100_hh164
d88,d141_hh235
d88,d119_hh50
d88,d132_hh233
d88,d200_hh227
d102,d35_hh104
d102,d141_hh194
d102,d129_hh94
d102,d66_hh131
d102,d43_hh67
d102,d205_hh54
d102,d190_hh182
d102,d124_hh126
d102,d33_hh64
d102,d78_hh123
d102,d112_hh176
d102,d102_hh284
d102,d124_hh167
d102,d81_hh87
d102,d124_hh223
d102,d97_hh20
d102,d73_hh197
d102,d61_hh79
d102,d112_hh31
d102,d85_hh104
d102,d150_hh253
d102,d208_hh137
d102,d141_hh194
d102,d204_hh173
d102,d119_hh107
d102,d164_hh78
d102,d158_hh146
d102,d46_hh57
d102,d198_hh40
d102,d55_hh12
d102,d82_hh256
d102,d42_hh263
d102,d165_hh274
d102,d156_hh19
d102,d39_hh55
d102,d161_hh238
d102,d34_hh12
d102,d160_hh211
d102,d140_hh260
d102,d91_hh79
d102,d126_hh156
d102,d34_hh12
d102,d132_hh233
d102,d112_hh17
d102,d128_hh184
d102,d50_hh112
d102,d123_hh83
d102,d146_hh114
d102,d29_hh167
d102,d207_hh28
d102,d59_hh98
d102,d44_hh163
d102,d109_hh168
d102,d141_hh6
d102,d150_hh253
d102,d88_hh267
d102,d33_hh64
d102,d134_hh7
d102,d122_hh210
d102,d29_hh167
d102,d83_hh79
d102,d59_hh207
d102,d73_hh153
d102,d183_hh237
d102,d73_hh153
d102,d11_hh26
d102,d139_hh251
d102,d38_hh101
d102,d137_hh201
d102,d184_hh206
d102,d50_hh195
d102,d55_hh246
d102,d184_hh206
d102,d208_hh137
d102,d7_hh124
d102,d96_hh8
d102,d7_hh148
d102,d113_hh254
d102,d59_hh132
d102,d69_hh99
d102,d161_hh229
d102,d11_hh244
d102,d129_hh94
d102,d187_hh30
d102,d158_hh146
d102,d214_hh184
d102,d134_hh7
d102,d56_hh89
d102,d191_hh275
d102,d69_hh274
d102,d163_hh115
d102,d138_hh1
d102,d215_hh82
d102,d160_hh38
d102,d58_hh81
d102,d74_hh108
d102,d134_hh7
d102,d161_hh110
d102,d77_hh40
d102,d38_hh101
d102,d51_hh186
d102,d110_hh236
d102,d130_hh277
d102,d44_hh283
d102,d130_hh277
d102,d83_hh79
d102,d190_hh32
d102,d11_hh240
d102,d164_hh78
d102,d88_hh108
d102,d195_hh52
d102,d55_hh226
d102,d85_hh214
d102,d51_hh177
d102,d93_hh80
d102,d158_hh34
d102,d171_hh189
d102,d208_hh137
d102,d160_hh38
d102,d40_hh111
d102,d51_hh177
d102,d195_hh97
d102,d149_hh61
d102,d214_hh166
d102,d18_hh253
d102,d204_hh231
d102,d74_hh109
d102,d16_hh201
d102,d158_hh85
d102,d42_hh263
d102,d34_hh12
d102,d165_hh274
d102,d48_hh119
d102,d21_hh25
d102,d126_hh233
d102,d137_hh109
d102,d58_hh108
d102,d72_hh77
d102,d44_hh170
d102,d120_hh45
d102,d50_hh112
d102,d42_hh165
d102,d38_hh101
d102,d205_hh73
d102,d91_hh100
d102,d163_hh44
d102,d88_hh3
d102,d130_hh177
d102,d85_hh218
d102,d46_hh228
d102,d114_hh2
d102,d44_hh163
d102,d44_hh163
d102,d38_hh101
d102,d118_hh262
d102,d160_hh211
d102,d74_hh212
d102,d42_hh38
d102,d112_hh31
d102,d88_hh235
d102,d73_hh33
d102,d51_hh285
d102,d124_hh118
d102,d193_hh67
d102,d69_hh209
d102,d210_hh87
d102,d128_hh43
d102,d214_hh252
d102,d207_hh28
d102,d150_hh8
d102,d40_hh7
d102,d32_hh19
d102,d91_hh32
d102,d195_hh97
d102,d42_hh251
d102,d129_hh209
d102,d152_hh175
d102,d120_hh118
d102,d65_hh75
d102,d59_hh207
d102,d141_hh152
d102,d123_hh83
d102,d140_hh195
d102,d213_hh238
d102,d58_hh108
d102,d51_hh37
d102,d7_hh124
d102,d73_hh197
d102,d91_hh100
d102,d88_hh3
d102,d209_hh40
d102,d77_hh40
d102,d102_hh284
d102,d2_hh232
d102,d66_hh193
d102,d117_hh126
d102,d119_hh174
d102,d59_hh207
d102,d135_hh57
d102,d175_hh32
d102,d85_hh104
d102,d124_hh167
d102,d146_hh114
d102,d214_hh184
d102,d83_hh79
d102,d35_hh224
d102,d209_hh40
d102,d74_hh109
d102,d66_hh154
d102,d149_hh237
d102,d66_hh154
d102,d51_hh186
d102,d168_hh265
d102,d21_hh21
d102,d131_hh204
d102,d112_hh31
d102,d48_hh119
d102,d56_hh166
d102,d113_hh254
d102,d128_hh297
d102,d55_hh12
d102,d32_hh101
d102,d18_hh6
d102,d44_hh170
d102,d74_hh212
d102,d82_hh231
d102,d16_hh177
d102,d42_hh263
d102,d160_hh104
d102,d85_hh214
d102,d170_hh63
d102,d42_hh263
d102,d160_hh97
d102,d41_hh72
d102,d137_hh201
d102,d16_hh201
d102,d214_hh171
d102,d187_hh30
d102,d205_hh217
d102,d81_hh81
d102,d114_hh12
d102,d168_hh265
d102,d26_hh63
d102,d139_hh164
d102,d187_hh32
d102,d16_hh177
d102,d88_hh108
d102,d15_hh97
d102,d91_hh113
d102,d214_hh171
d102,d193_hh67
d102,d44_hh65
d102,d34_hh12
d102,d38_hh49
d102,d114_hh12
d102,d90_hh214
d102,d90_hh214
d102,d104_hh7
d102,d44_hh35
d102,d32_hh101
d102,d135_hh219
d102,d137_hh216
d102,d66_hh179
d102,d190_hh173
d102,d41_hh181
d102,d126_hh156
d102,d66_hh13
d102,d134_hh166
d102,d158_hh49
d102,d169_hh148
d102,d101_hh186
d102,d46_hh228
d102,d112_hh17
d102,d214_hh171
d102,d51_hh285
d102,d81_hh87
d102,d131_hh14
d102,d13_hh157
d102,d120_hh118
d102,d87_hh32
d102,d69_hh274
d102,d96_hh8
d102,d191_hh179
d102,d50_hh195
d102,d149_hh61
d96,d99_hh44
d96,d48_hh176
d96,d66_hh13
d96,d179_hh28
d96,d150_hh168
d96,d161_hh229
d96,d125_hh167
d96,d141_hh194
d96,d161_hh238
d96,d74_hh11
d96,d124_hh125
d96,d53_hh249
d96,d62_hh167
d96,d119_hh107
d96,d16_hh177
d96,d214_hh184
d96,d120_hh268
d96,d128_hh180
d96,d56_hh166
d96,d73_hh153
d96,d152_hh187
d96,d170_hh63
d96,d100_hh164
d96,d65_hh115
d96,d33_hh266
d96,d214_hh171
d96,d125_hh167
d96,d33_hh64
d96,d119_hh174
d96,d134_hh118
d96,d169_hh247
d96,d174_hh85
d96,d134_hh31
d96,d69_hh222
d96,d126_hh184
d96,d2_hh232
d96,d125_hh236
d96,d74_hh212
d96,d187_hh291
d96,d160_hh232
d96,d158_hh49
d96,d178_hh263
d96,d164_hh220
d96,d99_hh38
d96,d44_hh35
d96,d59_hh98
d96,d139_hh251
d96,d118_hh188
d96,d169_hh115
d96,d99_hh230
d96,d7_hh124
d96,d205_hh217
d96,d91_hh98
d96,d88_hh108
d96,d124_hh125
d96,d114_hh12
d96,d205_hh217
d96,d1_hh15
d96,d202_hh222
d96,d160_hh232
d96,d43_hh67
d96,d58_hh108
d96,d56_hh63
d96,d100_hh65
d96,d190_hh173
d96,d150_hh168
d96,d65_hh67
d96,d152_hh187
d96,d124_hh125
d96,d42_hh165
d96,d141_hh209
d96,d126_hh156
d96,d18_hh253
d96,d32_hh19
d96,d171_hh189
d96,d74_hh108
d96,d156_hh19
d96,d215_hh157
d96,d51_hh37
d96,d122_hh112
d96,d118_hh262
d96,d110_hh117
d96,d156_hh181
d96,d126_hh44
d96,d132_hh233
d96,d21_hh21
d96,d209_hh40
d96,d184_hh11
d96,d200_hh51
d96,d100_hh65
d96,d191_hh12
d96,d4_hh212
d96,d126_hh156
d96,d200_hh227
d96,d143_hh82
d96,d141_hh235
d96,d202_hh17
d96,d135_hh216
d96,d118_hh175
d96,d190_hh32
d96,d215_hh82
d96,d77_hh83
d96,d59_hh162
d96,d114_hh2
d96,d131_hh204
d96,d101_hh186
d96,d46_hh57
d96,d110_hh172
d96,d51_hh186
d96,d112_hh176
d96,d32_hh60
d96,d55_hh131
d96,d118_hh188
d96,d65_hh75
d96,d18_hh253
d96,d122_hh210
d96,d24_hh177
d96,d69_hh55
d96,d164_hh220
d96,d168_hh265
d96,d56_hh123
d96,d59_hh251
d96,d44_hh127
d96,d158_hh20
d96,d48_hh176
d96,d53_hh23
d96,d208_hh221
d96,d114_hh12
d96,d141_hh194
d96,d112_hh176
d96,d118_hh188
d96,d82_hh231
d96,d30_hh44
d96,d200_hh51
d96,d91_hh100
d96,d43_hh27
d96,d95_hh241
d96,d122_hh181
d96,d147_hh167
d96,d1_hh15
d96,d34_hh12
d96,d7_hh64
d96,d128_hh278
d96,d179_hh267
d96,d170_hh273
d96,d85_hh214
d96,d110_hh201
d96,d102_hh284
d96,d191_hh30
d96,d32_hh203
d96,d7_hh124
d96,d109_hh168
d96,d56_hh123
d96,d55_hh229
d96,d156_hh153
d96,d155_hh206
d96,d74_hh11
d96,d137_hh201
d96,d69_hh13
d96,d91_hh113
d96,d41_hh254
d96,d134_hh166
d96,d124_hh223
d96,d112_hh31
d96,d175_hh32
d96,d141_hh6
d96,d39_hh55
d96,d190_hh173
d96,d11_hh244
d96,d163_hh115
d96,d158_hh34
d96,d128_hh278
d96,d155_hh206
d96,d91_hh100
d96,d33_hh266
d96,d61_hh79
d96,d131_hh41
d96,d74_hh108
d96,d112_hh155
d96,d122_hh181
d96,d175_hh239
d96,d128_hh184
d96,d33_hh266
d96,d7_hh148
d96,d208_hh221
d96,d155_hh206
d96,d102_hh284
d96,d69_hh274
d96,d184_hh11
d96,d20_hh48
d96,d191_hh179
d96,d205_hh217
d96,d208_hh221
d96,d128_hh43
d96,d1_hh234
d96,d65_hh75
d96,d168_hh30
d96,d190_hh38
d96,d44_hh170
d96,d33_hh266
d96,d44_hh163
d96,d113_hh254
d96,d109_hh168
d96,d179_hh28
d96,d165_hh274
d96,d55_hh226
d96,d32_hh136
d96,d102_hh284
d96,d91_hh241
d96,d120_hh45
d96,d123_hh83
d96,d135_hh226
d96,d214_hh255
d96,d7_hh124
d96,d158_hh20
d96,d11_hh244
d96,d32_hh203
d96,d162_hh113
d96,d61_hh246
d96,d74_hh11
d96,d119_hh174
d96,d74_hh108
d96,d35_hh104
d96,d32_hh151
d96,d33_hh266
d96,d128_hh297
d96,d126_hh233
d96,d51_hh49
d96,d7_hh240
d96,d156_hh153
d96,d91_hh100
d96,d51_hh177
d96,d160_hh211
d96,d114_hh12
d96,d59_hh251
d96,d119_hh50
d96,d109_hh168
d96,d118_hh88
d96,d112_hh155
d96,d134_hh118
d96,d109_hh209
d96,d139_hh9
d96,d7_hh240
d96,d35_hh224
d96,d160_hh232
d96,d88_hh191
d96,d91_hh113
d96,d32_hh101
d96,d15_hh97
d96,d102_hh284
d96,d122_hh181
d96,d74_hh108
d96,d48_hh119
d96,d51_hh177
d96,d215_hh82
d96,d97_hh75
d96,d15_hh97
d96,d69_hh13
d96,d124_hh223
d104,d135_hh216
d104,d53_hh249
d104,d204_hh173
d104,d59_hh132
d104,d104_hh7
d104,d87_hh38
d104,d112_hh177
d104,d55_hh246
d104,d149_hh237
d104,d135_hh191
d104,d58_hh108
d104,d161_hh110
d104,d44_hh65
d104,d42_hh263
d104,d43_hh67
d104,d168_hh30
d104,d120_hh57
d104,d99_hh230
d104,d140_hh260
d104,d55_hh246
d104,d124_hh167
d104,d109_hh209
d104,d82_hh256
d104,d175_hh181
d104,d168_hh34
d104,d150_hh253
d104,d134_hh166
d104,d179_hh242
d104,d163_hh242
d104,d137_hh201
d104,d5_hh117
d104,d83_hh79
d104,d112_hh176
d104,d125_hh248
d104,d147_hh167
d104,d35_hh224
d104,d88_hh191
d104,d195_hh97
d104,d134_hh76
d104,d169_hh247
d104,d56_hh63
d104,d119_hh174
d104,d7_hh64
d104,d88_hh108
d104,d168_hh30
d104,d169_hh247
d104,d126_hh156
d104,d74_hh11
d104,d170_hh273
d104,d4_hh212
d104,d117_hh245
d104,d137_hh201
d104,d55_hh246
d104,d205_hh217
d104,d204_hh231
d104,d214_hh252
d104,d61_hh79
d104,d34_hh166
d104,d210_hh262
d104,d156_hh218
d104,d152_hh187
d104,d160_hh104
d104,d56_hh177
d104,d179_hh267
d104,d193_hh61
d104,d190_hh176
d104,d160_hh211
d104,d134_hh76
d104,d134_hh31
d104,d51_hh285
d104,d112_hh17
d104,d78_hh9
d104,d130_hh177
d104,d42_hh38
d104,d214_hh184
d104,d110_hh117
d104,d83_hh67
d104,d119_hh174
d104,d33_hh64
d104,d141_hh194
d104,d97_hh75
d104,d73_hh153
d104,d38_hh172
d104,d75_hh15
d104,d32_hh203
d104,d55_hh232
d104,d55_hh232
d104,d21_hh25
d104,d100_hh164
d104,d74_hh212
d104,d146_hh114
d104,d15_hh188
d104,d40_hh111
d104,d91_hh100
d104,d135_hh226
d104,d59_hh207
d104,d124_hh118
d104,d43_hh67
d104,d152_hh187
d104,d46_hh57
d104,d140_hh260
d104,d160_hh211
d104,d104_hh7
d104,d118_hh262
d104,d91_hh98
d104,d214_hh20
d104,d112_hh17
d104,d214_hh184
d104,d11_hh240
d104,d82_hh41
d104,d51_hh49
d104,d48_hh119
d104,d32_hh151
d104,d179_hh242
d104,d99_hh230
d104,d88_hh235
d104,d125_hh189
d104,d187_hh291
d104,d97_hh20
d104,d41_hh254
d104,d51_hh285
d104,d110_hh117
d104,d34_hh166
d104,d131_hh204
d104,d141_hh6
d104,d124_hh223
d104,d38_hh95
d104,d11_hh240
d104,d59_hh207
d104,d149_hh237
d104,d139_hh251
d104,d179_hh28
d104,d125_hh189
d104,d135_hh219
d104,d72_hh77
d104,d174_hh85
d104,d118_hh175
d104,d21_hh16
d104,d13_hh157
d104,d58_hh108
d104,d55_hh12
d104,d135_hh78
d104,d75_hh15
d104,d44_hh65
d104,d112_hh177
d104,d128_hh180
d104,d73_hh84
d104,d124_hh118
d104,d120_hh268
d104,d59_hh251
d104,d174_hh97
d104,d149_hh30
d104,d95_hh241
d104,d120_hh118
d104,d87_hh38
d104,d18_hh91
d104,d191_hh30
d104,d139_hh27
d104,d69_hh209
d104,d131_hh41
d104,d160_hh59
d104,d91_hh100
d104,d82_hh231
d104,d168_hh265
d104,d73_hh153
d104,d135_hh216
d104,d152_hh187
d104,d90_hh214
d104,d44_hh65
d104,d69_hh209
d104,d120_hh118
d104,d55_hh246
d104,d56_hh63
d104,d65_hh227
d104,d128_hh278
d104,d61_hh246
d104,d91_hh100
d104,d7_hh64
d104,d42_hh263
d104,d191_hh275
d104,d77_hh156
d104,d156_hh218
d104,d34_hh166
d104,d32_hh60
d104,d169_hh115
d104,d120_hh272
d104,d191_hh30
d104,d214_hh171
d104,d135_hh191
d104,d50_hh195
d104,d111_hh206
d104,d114_hh12
d104,d160_hh179
d104,d170_hh63
d104,d137_hh201
d104,d190_hh173
d104,d109_hh168
d104,d88_hh235
d104,d160_hh97
d104,d66_hh131
d104,d46_hh57
d104,d168_hh30
d104,d200_hh227
d104,d134_hh118
d104,d48_hh119
d104,d135_hh57
d104,d149_hh61
d104,d39_hh55
d104,d56_hh166
d104,d202_hh111
d104,d140_hh260
d104,d170_hh273
d104,d7_hh87
d104,d164_hh78
d104,d160_hh211
d104,d75_hh15
d104,d130_hh277
d104,d11_hh132
d104,d7_hh155
d104,d16_hh75
d104,d32_hh101
d104,d97_hh20
d104,d62_hh18
d104,d61_hh79
d104,d119_hh174
d104,d33_hh266
d104,d51_hh285
d104,d158_hh49
d104,d214_hh184
d104,d48_hh119
d104,d42_hh263
d104,d154_hh132
d104,d1_hh15
d104,d134_hh166
d104,d87_hh32
d104,d134_hh166
d104,d146_hh114
d104,d110_hh236
d104,d155_hh206
d104,d81_hh87
d104,d117_hh245
d104,d35_hh224
d104,d42_hh165
d104,d51_hh37
d104,d93_hh184
d104,d50_hh90
d104,d184_hh210
d104,d51_hh285
d104,d7_hh148
d104,d119_hh107
d104,d31_hh135
d104,d88_hh3
d104,d128_hh297
d104,d41_hh74
d104,d93_hh66
d104,d44_hh127
d104,d141_hh209
d104,d39_hh96
d104,d51_hh37
d104,d141_hh194
d104,d90_hh214
d104,d111_hh206
d104,d18_hh91
d104,d119_hh50
d104,d44_hh170
d104,d175_hh181
d104,d128_hh297
d104,d137_hh201
d104,d174_hh97
d104,d184_hh11
d104,d124_hh126
d104,d35_hh224
d104,d41_hh254
d104,d13_hh239
d98,d125_hh189
d98,d202_hh111
d98,d42_hh251
d98,d208_hh2
d98,d204_hh173
d98,d139_hh9
d98,d132_hh233
d98,d137_hh109
d98,d135_hh191
d98,d127_hh69
d98,d85_hh104
d98,d124_hh223
d98,d202_hh17
d98,d66_hh13
d98,d16_hh177
d98,d42_hh165
d98,d16_hh177
d98,d174_hh6
d98,d160_hh179
d98,d175_hh32
d98,d179_hh242
d98,d190_hh182
d98,d149_hh237
d98,d190_hh38
d98,d42_hh165
d98,d69_hh222
d98,d42_hh38
d98,d66_hh154
d98,d42_hh263
d98,d73_hh84
d98,d191_hh12
d98,d163_hh115
d98,d44_hh283
d98,d32_hh203
d98,d67_hh63
d98,d15_hh188
d98,d150_hh168
d98,d130_hh177
d98,d93_hh184
d98,d135_hh78
d98,d77_hh40
d98,d100_hh164
d98,d155_hh206
d98,d137_hh109
d98,d73_hh84
d98,d50_hh90
d98,d110_hh236
d98,d112_hh31
d98,d210_hh87
d98,d158_hh20
d98,d174_hh85
d98,d184_hh210
d98,d135_hh57
d98,d32_hh60
d98,d51_hh186
d98,d214_hh184
d98,d72_hh77
d98,d69_hh13
d98,d160_hh232
d98,d100_hh65
d98,d44_hh127
d98,d32_hh101
d98,d137_hh201
d98,d93_hh66
d98,d191_hh12
d98,d190_hh32
d98,d99_hh38
d98,d135_hh216
d98,d83_hh79
d98,d53_hh23
d98,d155_hh206
d98,d160_hh97
d98,d91_hh241
d98,d35_hh104
d98,d99_hh230
d98,d190_hh106
d98,d24_hh177
d98,d44_hh170
d98,d16_hh75
d98,d51_hh49
d98,d184_hh210
d98,d7_hh124
d98,d150_hh168
d98,d141_hh6
d98,d174_hh97
d98,d39_hh96
d98,d44_hh163
d98,d202_hh17
d98,d183_hh237
d98,d213_hh238
d98,d21_hh25
d98,d5_hh117
d98,d78_hh123
d98,d202_hh111
d98,d38_hh49
d98,d11_hh26
d98,d11_hh214
d98,d38_hh172
d98,d208_hh137
d98,d111_hh29
d98,d149_hh237
d98,d179_hh41
d98,d42_hh165
d98,d26_hh63
d98,d170_hh228
d98,d44_hh187
d98,d175_hh181
d98,d50_hh112
d98,d112_hh17
d98,d118_hh88
d98,d109_hh168
d98,d198_hh78
d98,d59_hh251
d98,d190_hh182
d98,d91_hh98
d98,d7_hh148
d98,d51_hh285
d98,d128_hh278
d98,d210_hh267
d98,d42_hh38
d98,d191_hh190
d98,d85_hh104
d98,d75_hh15
d98,d7_hh124
d98,d55_hh12
d98,d168_hh34
d98,d41_hh254
d98,d190_hh38
d98,d214_hh184
d98,d125_hh248
d98,d7_hh124
d98,d124_hh125
d98,d69_hh222
d98,d164_hh220
d98,d19_hh147
d98,d118_hh262
d98,d213_hh238
d98,d66_hh131
d98,d164_hh78
d98,d120_hh118
d98,d56_hh89
d98,d97_hh20
d98,d149_hh61
d98,d214_hh255
d98,d125_hh189
d98,d24_hh177
d98,d163_hh242
d98,d82_hh256
d98,d42_hh251
d98,d174_hh85
d98,d143_hh82
d98,d11_hh132
d98,d174_hh85
d98,d100_hh164
d98,d193_hh67
d98,d137_hh109
d98,d174_hh97
d98,d55_hh190
d98,d125_hh248
d98,d73_hh153
d98,d140_hh260
d98,d97_hh20
d98,d179_hh41
d98,d155_hh206
d98,d135_hh78
d98,d55_hh232
d98,d119_hh107
d98,d80_hh6
d98,d154_hh132
d98,d50_hh112
d98,d174_hh85
d98,d190_hh106
d98,d15_hh188
d98,d214_hh252
d98,d40_hh111
d98,d170_hh63
d98,d35_hh224
d98,d191_hh190
d98,d74_hh108
d98,d120_hh118
d98,d140_hh260
d98,d202_hh222
d98,d15_hh188
d98,d62_hh167
d98,d26_hh63
d98,d137_hh201
d98,d120_hh118
d98,d102_hh228
d98,d44_hh187
d98,d202_hh111
d98,d43_hh67
d98,d78_hh123
d98,d210_hh262
d98,d56_hh175
d98,d56_hh89
d98,d44_hh163
d98,d56_hh63
d98,d69_hh222
d98,d7_hh64
d98,d11_hh244
d98,d111_hh29
d98,d171_hh189
d98,d119_hh174
d98,d147_hh167
d98,d101_hh182
d98,d41_hh53
d98,d44_hh283
d98,d7_hh240
d98,d138_hh10
d98,d184_hh206
d98,d139_hh251
d98,d73_hh84
d98,d160_hh59
d98,d91_hh113
d98,d74_hh109
d98,d130_hh277
d98,d11_hh79
d98,d124_hh167
d98,d191_hh179
d98,d120_hh45
d98,d125_hh236
d98,d78_hh234
d98,d38_hh101
d98,d106_hh24
d98,d128_hh184
d98,d75_hh15
d98,d73_hh151
d98,d40_hh111
d98,d138_hh1
d98,d44_hh283
d98,d20_hh44
d98,d78_hh234
d98,d40_hh7
d98,d156_hh151
d98,d97_hh20
d98,d140_hh260
d98,d44_hh35
d98,d67_hh63
d98,d150_hh168
d98,d83_hh67
d98,d65_hh75
d98,d109_hh209
d98,d158_hh20
d98,d114_hh12
d98,d161_hh250
d98,d139_hh27
d98,d65_hh67
d98,d38_hh101
d98,d55_hh131
d98,d198_hh78
d98,d204_hh173
d98,d161_hh250
d98,d202_hh222
d98,d141_hh6
d98,d61_hh79
d98,d122_hh210
d98,d152_hh175
d98,d214_hh171
d98,d18_hh6
d98,d7_hh148
d98,d204_hh231
d98,d95_hh241
d98,d161_hh229
d98,d81_hh14
d98,d41_hh254
d98,d190_hh38
d98,d91_hh79
d98,d85_hh218
d98,d190_hh38
d98,d190_hh38
d98,d50_hh90
d98,d15_hh188
d98,d16_hh201
d98,d74_hh108
d98,d100_hh164
d98,d7_hh124
d98,d50_hh112
d99,d34_hh12
d99,d39_hh55
d99,d204_hh173
d99,d161_hh110
d99,d120_hh272
d99,d21_hh21
d99,d118_hh188
d99,d184_hh11
d99,d202_hh17
d99,d16_hh218
d99,d69_hh274
d99,d128_hh180
d99,d174_hh85
d99,d51_hh186
d99,d135_hh191
d99,d160_hh179
d99,d179_hh28
d99,d13_hh263
d99,d170_hh273
d99,d128_hh180
d99,d119_hh174
d99,d162_hh113
d99,d120_hh45
d99,d178_hh263
d99,d59_hh162
d99,d141_hh152
d99,d214_hh255
d99,d110_hh172
d99,d160_hh211
d99,d118_hh175
d99,d38_hh95
d99,d80_hh6
d99,d168_hh265
d99,d97_hh75
d99,d158_hh85
d99,d112_hh31
d99,d174_hh97
d99,d141_hh194
d99,d190_hh106
d99,d122_hh112
d99,d215_hh82
d99,d160_hh59
d99,d65_hh115
d99,d146_hh88
d99,d175_hh239
d99,d120_hh268
d99,d158_hh34
d99,d169_hh247
d99,d56_hh166
d99,d56_hh175
d99,d88_hh235
d99,d126_hh44
d99,d11_hh132
d99,d112_hh177
d99,d135_hh78
d99,d88_hh3
d99,d43_hh67
d99,d161_hh250
d99,d163_hh242
d99,d160_hh97
d99,d164_hh249
d99,d214_hh20
d99,d129_hh209
d99,d24_hh177
d99,d134_hh118
d99,d120_hh45
d99,d91_hh79
d99,d88_hh108
d99,d160_hh211
d99,d56_hh177
d99,d161_hh110
d99,d135_hh78
d99,d90_hh214
d99,d163_hh242
d99,d210_hh262
d99,d129_hh106
d99,d69_hh222
d99,d65_hh75
d99,d73_hh153
d99,d87_hh38
d99,d18_hh253
d99,d55_hh12
d99,d118_hh175
d99,d42_hh263
d99,d138_hh1
d99,d95_hh241
d99,d141_hh152
d99,d129_hh209
d99,d139_hh251
d99,d77_hh156
d99,d112_hh221
d99,d77_hh156
d99,d7_hh64
d99,d202_hh222
d99,d208_hh221
d99,d18_hh6
d99,d59_hh251
d99,d131_hh14
d99,d56_hh177
d99,d210_hh267
d99,d21_hh25
d99,d53_hh249
d99,d114_hh12
d99,d215_hh82
d99,d50_hh112
d99,d131_hh14
d99,d146_hh114
d99,d13_hh263
d99,d202_hh17
d99,d114_hh2
d99,d204_hh158
d99,d67_hh63
d99,d141_hh6
d99,d198_hh40
d99,d171_hh189
d99,d160_hh59
d99,d88_hh235
d99,d42_hh263
d99,d150_hh253
d99,d43_hh67
d99,d178_hh263
d99,d44_hh127
d99,d187_hh30
d99,d56_hh123
d99,d44_hh127
d99,d93_hh184
d99,d204_hh231
d99,d127_hh69
d99,d122_hh112
d99,d56_hh177
d99,d141_hh194
d99,d168_hh30
d99,d184_hh210
d99,d62_hh167
d99,d44_hh35
d99,d82_hh115
d99,d120_hh118
d99,d210_hh87
d99,d175_hh32
d99,d56_hh177
d99,d44_hh283
d99,d11_hh132
d99,d120_hh57
d99,d74_hh108
d99,d15_hh97
d99,d214_hh184
d99,d163_hh115
d99,d150_hh168
d99,d213_hh238
d99,d32_hh151
d99,d55_hh190
d99,d11_hh244
d99,d137_hh109
d99,d135_hh216
d99,d77_hh40
d99,d78_hh234
d99,d135_hh78
d99,d147_hh167
d99,d11_hh214
d99,d124_hh167
d99,d69_hh99
d99,d35_hh211
d99,d160_hh211
d99,d162_hh67
d99,d69_hh55
d99,d55_hh12
d99,d78_hh123
d99,d214_hh252
d99,d62_hh18
d99,d66_hh131
d99,d56_hh166
d99,d78_hh123
d99,d42_hh251
d99,d163_hh115
d99,d214_hh184
d99,d168_hh34
d99,d175_hh239
d99,d33_hh266
d99,d160_hh97
d99,d91_hh32
d99,d198_hh78
d99,d122_hh112
d99,d112_hh31
d99,d99_hh38
d99,d21_hh25
d99,d164_hh78
d99,d26_hh63
d99,d141_hh194
d99,d213_hh238
d99,d117_hh126
d99,d170_hh228
d99,d169_hh247
d99,d78_hh123
d99,d120_hh268
d99,d59_hh207
d99,d56_hh177
d99,d126_hh44
d99,d130_hh177
d99,d62_hh18
d99,d174_hh6
d99,d11_hh79
d99,d128_hh273
d99,d51_hh285
d99,d160_hh179
d99,d213_hh238
d99,d91_hh32
d99,d122_hh112
d99,d125_hh189
d99,d190_hh38
d99,d72_hh77
d99,d125_hh236
d99,d46_hh228
d99,d73_hh84
d99,d73_hh153
d99,d73_hh197
d99,d174_hh97
d99,d7_hh124
d99,d56_hh166
d99,d20_hh48
d99,d112_hh176
d99,d179_hh28
d99,d41_hh53
d99,d66_hh193
d99,d106_hh24
d99,d134_hh166
d99,d16_hh218
d99,d140_hh260
d99,d96_hh8
d99,d74_hh212
d99,d208_hh221
d99,d214_hh255
d99,d46_hh228
d99,d161_hh110
d99,d44_hh170
d99,d66_hh179
d99,d31_hh135
d99,d184_hh210
d99,d208_hh2
d99,d118_hh262
d99,d1_hh234
d99,d169_hh115
d99,d132_hh233
d99,d126_hh156
d99,d198_hh78
d99,d82_hh41
d99,d88_hh118
d99,d91_hh241
d99,d120_hh268
d99,d138_hh10
d99,d100_hh164
d99,d119_hh50
d99,d18_hh6
d99,d191_hh12
d99,d204_hh158
d99,d120_hh272
d99,d134_hh166
d99,d141_hh152
d99,d149_hh237
d99,d162_hh67
d99,d55_hh131
d99,d88_hh3
d99,d69_hh13
d99,d66_hh131
d99,d88_hh235
d99,d78_hh9
d99,d42_hh165
d89,d108_hh162
d89,d79_hh198
d89,d136_hh192
d89,d45_hh0
d89,d153_hh26
d89,d70_hh171
d89,d25_hh80
d89,d136_hh192
d89,d172_hh180
d89,d9_hh236
d89,d63_hh83
d89,d28_hh253
d89,d108_hh230
d89,d103_hh63
d89,d3_hh97
d89,d8_hh105
d89,d194_hh114
d89,d45_hh79
d89,d142_hh269
d89,d167_hh70
d89,d136_hh192
d89,d148_hh104
d89,d28_hh253
d89,d121_hh170
d89,d194_hh101
d89,d203_hh227
d89,d203_hh139
d89,d153_hh26
d89,d203_hh189
d89,d194_hh189
d89,d108_hh230
d89,d136_hh192
d89,d103_hh192
d89,d196_hh126
d89,d108_hh162
d89,d108_hh230
d89,d79_hh255
d89,d14_hh205
d89,d151_hh203
d89,d79_hh198
d89,d103_hh48
d89,d196_hh190
d89,d148_hh117
d89,d107_hh7
d89,d108_hh241
d89,d76_hh6
d89,d108_hh230
d89,d70_hh136
d89,d211_hh211
d89,d70_hh171
d89,d148_hh117
d89,d70_hh136
d89,d148_hh244
d89,d28_hh253
d89,d14_hh75
d89,d94_hh129
d89,d8_hh149
d89,d70_hh171
d89,d176_hh220
d89,d194_hh114
d89,d176_hh194
d89,d71_hh245
d89,d115_hh55
d89,d144_hh289
d89,d8_hh105
d89,d103_hh192
d89,d28_hh253
d89,d180_hh254
d89,d9_hh170
d89,d37_hh160
d89,d70_hh171
d89,d70_hh172
d89,d142_hh190
d89,d121_hh170
d89,d94_hh137
d89,d194_hh101
d89,d84_hh161
d89,d115_hh176
d89,d92_hh91
d89,d167_hh264
d89,d9_hh170
d89,d212_hh61
d89,d70_hh136
d89,d94_hh129
d89,d148_hh244
d89,d84_hh161
d89,d14_hh67
d89,d45_hh0
d89,d212_hh252
d89,d103_hh192
d89,d212_hh61
d89,d203_hh139
d89,d25_hh157
d89,d142_hh190
d89,d60_hh191
d89,d47_hh128
d89,d107_hh258
d89,d9_hh197
d89,d115_hh199
d89,d103_hh48
d89,d172_hh18
d89,d107_hh193
d89,d176_hh220
d89,d28_hh253
d89,d201_hh78
d89,d192_hh58
d89,d212_hh61
d89,d63_hh83
d89,d79_hh114
d89,d196_hh215
d89,d157_hh222
d89,d70_hh171
d89,d60_hh191
d89,d185_hh143
d89,d3_hh35
d89,d107_hh23
d89,d212_hh61
d89,d176_hh125
d89,d107_hh7
d89,d142_hh190
d89,d70_hh172
d89,d176_hh85
d89,d28_hh40
d89,d79_hh114
d89,d142_hh106
d89,d45_hh0
d89,d3_hh35
d89,d176_hh85
d89,d70_hh171
d89,d71_hh245
d89,d108_hh230
d89,d28_hh253
d89,d185_hh143
d89,d9_hh170
d89,d6_hh130
d89,d180_hh254
d89,d92_hh115
d89,d92_hh115
d89,d92_hh161
d89,d47_hh128
d89,d167_hh70
d89,d28_hh253
d89,d70_hh172
d89,d63_hh69
d89,d194_hh40
d89,d22_hh190
d89,d201_hh78
d89,d25_hh80
d89,d45_hh0
d89,d203_hh227
d89,d180_hh254
d89,d115_hh176
d89,d167_hh70
d89,d14_hh75
d89,d192_hh58
d89,d116_hh36
d89,d70_hh136
d89,d63_hh160
d89,d8_hh105
d89,d8_hh105
d89,d103_hh205
d89,d63_hh160
d89,d157_hh215
d89,d70_hh76
d89,d136_hh32
d89,d94_hh253
d89,d194_hh114
d89,d47_hh300
d89,d3_hh27
d89,d212_hh61
d89,d172_hh18
d89,d201_hh135
d89,d92_hh115
d89,d70_hh172
d89,d3_hh97
d89,d194_hh114
d89,d8_hh155
d89,d28_hh40
d89,d212_hh61
d89,d63_hh160
d89,d103_hh205
d89,d176_hh85
d89,d211_hh211
d89,d25_hh157
d89,d192_hh58
d89,d194_hh40
d89,d121_hh272
d89,d167_hh11
d89,d145_hh175
d89,d211_hh211
d89,d79_hh227
d89,d108_hh212
d89,d49_hh103
d89,d136_hh192
d89,d107_hh103
d89,d115_hh55
d89,d76_hh6
d89,d84_hh161
d89,d142_hh190
d89,d9_hh197
d89,d176_hh220
d89,d108_hh212
d89,d115_hh55
d89,d63_hh160
d89,d103_hh48
d89,d145_hh175
d89,d181_hh225
d89,d192_hh39
d89,d8_hh105
d89,d103_hh192
d89,d201_hh135
d89,d49_hh170
d89,d196_hh126
d89,d201_hh119
d89,d211_hh86
d89,d189_hh268
d89,d63_hh69
d89,d176_hh220
d89,d105_hh45
d89,d189_hh268
d89,d148_hh104
d89,d167_hh70
d89,d108_hh162
d89,d70_hh172
d89,d8_hh106
d89,d108_hh212
d89,d76_hh187
d89,d45_hh79
d89,d71_hh245
d89,d203_hh189
d89,d25_hh157
d89,d108_hh213
d89,d192_hh68
d89,d8_hh155
d89,d103_hh48
d89,d108_hh241
d89,d108_hh162
d89,d167_hh70
d89,d153_hh96
d89,d22_hh176
d89,d105_hh45
d89,d121_hh272
d89,d148_hh58
d89,d8_hh155
d89,d188_hh256
d89,d3_hh180
d89,d148_hh58
d89,d79_hh114
d89,d60_hh191
d89,d8_hh41
d89,d47_hh135
d89,d63_hh83
d89,d92_hh161
d89,d172_hh18
d89,d9_hh183
d89,d108_hh241
d89,d148_hh58
d89,d196_hh197
d89,d167_hh70
d89,d45_hh0
d89,d167_hh264
d89,d203_hh227
d89,d3_hh27
d89,d37_hh160
d89,d145_hh175
d89,d94_hh129
d89,d194_hh101
d89,d107_hh7
d89,d194_hh114
d89,d8_hh155
d89,d172_hh18
d89,d47_hh300
d89,d136_hh192
d89,d192_hh39
d89,d176_hh220
d89,d45_hh0
d89,d14_hh75
d89,d108_hh230
d89,d107_hh7
d89,d92_hh115
d89,d153_hh100
d89,d206_hh279
d89,d212_hh252
d89,d28_hh35
d100,d168_hh265
d100,d55_hh226
d100,d88_hh3
d100,d215_hh157
d100,d195_hh31
d100,d32_hh101
d100,d214_hh252
d100,d16_hh177
d100,d155_hh206
d100,d202_hh17
d100,d205_hh73
d100,d93_hh184
d100,d83_hh67
d100,d59_hh98
d100,d32_hh60
d100,d175_hh239
d100,d16_hh177
d100,d187_hh16
d100,d190_hh173
d100,d130_hh273
d100,d187_hh32
d100,d132_hh233
d100,d214_hh255
d100,d44_hh283
d100,d61_hh246
d100,d186_hh175
d100,d124_hh126
d100,d156_hh218
d100,d102_hh228
d100,d132_hh233
d100,d191_hh30
d100,d112_hh177
d100,d55_hh226
d100,d162_hh67
d100,d156_hh151
d100,d160_hh179
d100,d40_hh111
d100,d16_hh218
d100,d85_hh104
d100,d43_hh67
d100,d50_hh112
d100,d110_hh201
d100,d134_hh76
d100,d146_hh88
d100,d23_hh236
d100,d66_hh193
d100,d78_hh123
d100,d135_hh57
d100,d200_hh227
d100,d1_hh15
d100,d96_hh8
d100,d131_hh41
d100,d120_hh45
d100,d112_hh17
d100,d164_hh249
d100,d11_hh244
d100,d56_hh177
d100,d110_hh236
d100,d205_hh73
d100,d106_hh24
d100,d210_hh262
d100,d51_hh177
d100,d50_hh90
d100,d32_hh203
d100,d77_hh40
d100,d61_hh79
d100,d155_hh206
d100,d85_hh218
d100,d163_hh115
d100,d139_hh164
d100,d32_hh19
d100,d75_hh15
d100,d41_hh74
d100,d34_hh166
d100,d112_hh31
d100,d82_hh115
d100,d36_hh69
d100,d126_hh44
d100,d163_hh242
d100,d20_hh48
d100,d139_hh164
d100,d179_hh28
d100,d170_hh228
d100,d125_hh248
d100,d85_hh104
d100,d140_hh260
d100,d134_hh7
d100,d48_hh119
d100,d126_hh156
d100,d129_hh209
d100,d95_hh241
d100,d97_hh20
d100,d186_hh175
d100,d91_hh98
d100,d42_hh251
d100,d53_hh23
d100,d13_hh263
d100,d56_hh177
d100,d51_hh186
d100,d156_hh153
d100,d125_hh189
d100,d39_hh96
d100,d135_hh191
d100,d82_hh256
d100,d88_hh118
d100,d175_hh239
d100,d156_hh151
d100,d82_hh41
d100,d44_hh65
d100,d97_hh20
d100,d44_hh163
d100,d56_hh123
d100,d210_hh262
d100,d40_hh111
d100,d163_hh115
d100,d56_hh63
d100,d66_hh179
d100,d4_hh212
d100,d109_hh209
d100,d170_hh228
d100,d88_hh108
d100,d50_hh90
d100,d127_hh69
d100,d83_hh67
d100,d85_hh214
d100,d135_hh191
d100,d34_hh166
d100,d120_hh272
d100,d205_hh217
d100,d44_hh127
d100,d55_hh131
d100,d193_hh67
d100,d100_hh164
d100,d18_hh80
d100,d66_hh154
d100,d33_hh266
d100,d69_hh13
d100,d165_hh274
d100,d141_hh235
d100,d109_hh209
d100,d140_hh260
d100,d114_hh2
d100,d117_hh245
d100,d43_hh67
d100,d130_hh273
d100,d16_hh200
d100,d44_hh187
d100,d187_hh16
d100,d11_hh214
d100,d50_hh90
d100,d56_hh175
d100,d146_hh114
d100,d120_hh118
d100,d124_hh167
d100,d5_hh117
d100,d202_hh222
d100,d7_hh64
d100,d112_hh17
d100,d88_hh3
d100,d135_hh216
d100,d128_hh273
d100,d62_hh167
d100,d205_hh217
d100,d214_hh255
d100,d62_hh18
d100,d74_hh11
d100,d161_hh229
d100,d88_hh108
d100,d112_hh176
d100,d168_hh265
d100,d190_hh106
d100,d208_hh221
d100,d137_hh216
d100,d137_hh109
d100,d72_hh77
d100,d175_hh181
d100,d112_hh17
d100,d44_hh283
d100,d65_hh67
d100,d207_hh28
d100,d56_hh166
d100,d191_hh179
d100,d38_hh101
d100,d32_hh19
d100,d95_hh241
d100,d74_hh109
d100,d55_hh246
d100,d150_hh168
d100,d152_hh187
d100,d190_hh173
d100,d69_hh209
d100,d128_hh43
d100,d114_hh2
d100,d191_hh179
d100,d34_hh166
d100,d33_hh64
d100,d58_hh81
d100,d41_hh53
d100,d56_hh89
d100,d1_hh15
d100,d72_hh77
d100,d118_hh175
d100,d83_hh67
d100,d56_hh123
d100,d161_hh250
d100,d127_hh69
d100,d168_hh265
d100,d141_hh194
d100,d165_hh274
d100,d141_hh6
d100,d160_hh59
d100,d42_hh251
d100,d42_hh38
d100,d152_hh187
d100,d61_hh246
d100,d44_hh163
d100,d80_hh6
d100,d2_hh232
d100,d141_hh152
d100,d91_hh100
d100,d100_hh65
d100,d128_hh180
d100,d88_hh108
d100,d202_hh222
d100,d112_hh155
d100,d190_hh32
d100,d141_hh194
d100,d179_hh41
d100,d162_hh113
d100,d7_hh148
d100,d160_hh59
d100,d215_hh82
d100,d158_hh49
d100,d135_hh219
d100,d58_hh81
d100,d171_hh189
d100,d117_hh245
d100,d69_hh209
d100,d191_hh30
d100,d137_hh109
d100,d74_hh108
d100,d32_hh203
d100,d214_hh255
d100,d32_hh136
d100,d58_hh108
d100,d122_hh210
d100,d16_hh177
d100,d158_hh146
d100,d198_hh40
d100,d85_hh104
d100,d191_hh190
d100,d74_hh109
d100,d42_hh38
d100,d61_hh79
d100,d190_hh176
d100,d102_hh228
d100,d7_hh124
d100,d51_hh186
d100,d127_hh69
d100,d53_hh249
d100,d156_hh218
d100,d214_hh20
d100,d18_hh6
d100,d30_hh44
d100,d114_hh12
d100,d190_hh182
d100,d209_hh40
d100,d88_hh191
d100,d120_hh45
d100,d158_hh146
d100,d50_hh112
d100,d207_hh28
d100,d55_hh12
d100,d120_hh272
d100,d191_hh179
d100,d51_hh186
d100,d41_hh254
d100,d215_hh157
d100,d204_hh231
d100,d141_hh152
d100,d35_hh211
d100,d210_hh267
d100,d135_hh78
d100,d100_hh65
d100,d46_hh57
d101,d187_hh30
d101,d140_hh260
d101,d38_hh95
d101,d158_hh146
d101,d129_hh106
d101,d16_hh200
d101,d88_hh191
d101,d208_hh137
d101,d138_hh1
d101,d38_hh101
d101,d97_hh20
d101,d35_hh104
d101,d11_hh244
d101,d138_hh10
d101,d146_hh88
d101,d187_hh16
d101,d175_hh181
d101,d126_hh44
d101,d110_hh117
d101,d163_hh115
d101,d168_hh265
d101,d190_hh38
d101,d35_hh224
d101,d11_hh214
d101,d66_hh154
d101,d130_hh177
d101,d39_hh55
d101,d97_hh20
d101,d125_hh189
d101,d117_hh126
d101,d118_hh88
d101,d146_hh114
d101,d198_hh40
d101,d91_hh100
d101,d156_hh181
d101,d30_hh132
d101,d97_hh75
d101,d174_hh97
d101,d81_hh87
d101,d150_hh168
d101,d31_hh135
d101,d23_hh236
d101,d124_hh126
d101,d125_hh189
d101,d38_hh49
d101,d126_hh233
d101,d99_hh38
d101,d99_hh44
d101,d85_hh104
d101,d135_hh57
d101,d149_hh30
d101,d208_hh137
d101,d179_hh28
d101,d13_hh239
d101,d13_hh263
d101,d2_hh232
d101,d120_hh272
d101,d161_hh250
d101,d190_hh106
d101,d120_hh45
d101,d161_hh229
d101,d190_hh32
d101,d88_hh235
d101,d138_hh1
d101,d139_hh164
d101,d190_hh38
d101,d146_hh88
d101,d93_hh80
d101,d161_hh229
d101,d128_hh184
d101,d30_hh132
d101,d83_hh67
d101,d41_hh181
d101,d73_hh84
d101,d65_hh227
d101,d111_hh29
d101,d110_hh117
d101,d139_hh164
d101,d215_hh82
d101,d87_hh38
d101,d34_hh12
d101,d73_hh153
d101,d44_hh163
d101,d21_hh16
d101,d44_hh170
d101,d62_hh18
d101,d24_hh177
d101,d183_hh93
d101,d41_hh254
d101,d208_hh221
d101,d114_hh2
d101,d158_hh146
d101,d164_hh78
d101,d179_hh242
d101,d150_hh8
d101,d202_hh222
d101,d16_hh177
d101,d42_hh251
d101,d118_hh262
d101,d174_hh97
d101,d170_hh273
d101,d156_hh153
d101,d11_hh26
d101,d135_hh216
d101,d208_hh2
d101,d168_hh34
d101,d205_hh73
d101,d131_hh41
d101,d140_hh260
d101,d65_hh67
d101,d160_hh97
d101,d110_hh236
d101,d39_hh55
d101,d150_hh253
d101,d44_hh170
d101,d190_hh106
d101,d59_hh251
d101,d69_hh55
d101,d124_hh118
d101,d152_hh187
d101,d19_hh147
d101,d141_hh209
d101,d36_hh69
d101,d200_hh227
d101,d202_hh111
d101,d134_hh166
d101,d118_hh175
d101,d137_hh109
d101,d5_hh117
d101,d187_hh16
d101,d74_hh11
d101,d35_hh104
d101,d141_hh235
d101,d18_hh253
d101,d137_hh216
d101,d55_hh12
d101,d179_hh28
d101,d137_hh201
d101,d165_hh274
d101,d33_hh266
d101,d175_hh32
d101,d126_hh184
d101,d74_hh109
d101,d139_hh251
d101,d190_hh38
d101,d168_hh30
d101,d164_hh220
d101,d93_hh184
d101,d78_hh123
d101,d110_hh236
d101,d114_hh2
d101,d143_hh224
d101,d31_hh135
d101,d44_hh170
d101,d104_hh7
d101,d152_hh187
d101,d59_hh162
d101,d128_hh43
d101,d18_hh80
d101,d85_hh214
d101,d42_hh251
d101,d143_hh82
d101,d198_hh78
d101,d33_hh266
d101,d110_hh201
d101,d91_hh100
d101,d20_hh48
d101,d73_hh84
d101,d213_hh238
d101,d88_hh235
d101,d66_hh179
d101,d154_hh157
d101,d130_hh273
d101,d91_hh32
d101,d127_hh69
d101,d179_hh267
d101,d131_hh14
d101,d39_hh96
d101,d124_hh125
d101,d175_hh181
d101,d11_hh26
d101,d195_hh31
d101,d179_hh267
d101,d42_hh165
d101,d41_hh254
d101,d149_hh61
d101,d163_hh242
d101,d65_hh75
d101,d202_hh17
d101,d190_hh106
d101,d149_hh30
d101,d18_hh91
d101,d111_hh29
d101,d134_hh31
d101,d18_hh80
d101,d35_hh104
d101,d160_hh211
d101,d18_hh91
d101,d7_hh240
d101,d69_hh55
d101,d146_hh88
d101,d143_hh224
d101,d91_hh113
d101,d88_hh235
d101,d164_hh78
d101,d73_hh33
d101,d26_hh63
d101,d191_hh190
d101,d141_hh235
d101,d114_hh12
d101,d200_hh227
d101,d208_hh137
d101,d20_hh44
d101,d88_hh267
d101,d110_hh117
d101,d77_hh156
d101,d202_hh17
d101,d163_hh44
d101,d156_hh151
d101,d55_hh131
d101,d81_hh14
d101,d11_hh79
d101,d179_hh41
d101,d152_hh187
d101,d190_hh176
d101,d160_hh38
d101,d66_hh13
d101,d160_hh59
d101,d155_hh206
d101,d168_hh34
d101,d187_hh291
d101,d119_hh107
d101,d123_hh83
d101,d77_hh156
d101,d174_hh85
d101,d147_hh167
d101,d161_hh238
d101,d69_hh274
d101,d158_hh20
d101,d164_hh249
d101,d20_hh44
d101,d7_hh64
d101,d213_hh238
d101,d56_hh89
d101,d62_hh167
d101,d113_hh254
d101,d65_hh75
d101,d128_hh43
d101,d44_hh65
d101,d87_hh32
d101,d11_hh132
d101,d23_hh236
d101,d42_hh263
d101,d134_hh118
d101,d42_hh251
d101,d112_hh17
d101,d126_hh233
d101,d106_hh24
d101,d150_hh253
d101,d56_hh63
d101,d139_hh27
d101,d113_hh254
d101,d24_hh177
d113,d80_hh6
d113,d209_hh40
d113,d31_hh135
d113,d32_hh60
d113,d141_hh152
d113,d50_hh195
d113,d135_hh191
d113,d32_hh151
d113,d204_hh231
d113,d112_hh221
d113,d139_hh9
d113,d139_hh164
d113,d184_hh11
d113,d137_hh109
d113,d111_hh29
d113,d161_hh110
d113,d202_hh111
d113,d120_hh57
d113,d141_hh6
d113,d20_hh48
d113,d120_hh272
d113,d164_hh78
d113,d152_hh187
d113,d111_hh206
d113,d200_hh227
d113,d43_hh67
d113,d134_hh166
d113,d5_hh117
d113,d66_hh131
d113,d202_hh17
d113,d141_hh235
d113,d202_hh111
d113,d191_hh179
d113,d50_hh195
d113,d143_hh82
d113,d81_hh81
d113,d61_hh246
d113,d126_hh44
d113,d125_hh248
d113,d141_hh235
d113,d50_hh195
d113,d140_hh195
d113,d131_hh204
d113,d139_hh251
d113,d208_hh221
d113,d214_hh252
d113,d207_hh28
d113,d7_hh87
d113,d110_hh117
d113,d190_hh182
d113,d46_hh228
d113,d18_hh91
d113,d59_hh132
d113,d156_hh181
d113,d200_hh51
d113,d146_hh88
d113,d155_hh206
d113,d81_hh14
d113,d179_hh28
d113,d41_hh74
d113,d160_hh232
d113,d67_hh63
d113,d130_hh177
d113,d126_hh44
d113,d40_hh7
d113,d120_hh272
d113,d69_hh209
d113,d77_hh40
d113,d164_hh249
d113,d38_hh95
d113,d164_hh78
d113,d168_hh265
d113,d131_hh41
d113,d134_hh118
d113,d163_hh44
d113,d156_hh153
d113,d118_hh262
d113,d147_hh167
d113,d134_hh76
d113,d32_hh136
d113,d32_hh151
d113,d55_hh12
d113,d124_hh167
d113,d44_hh283
d113,d69_hh13
d113,d195_hh97
d113,d147_hh167
d113,d65_hh227
d113,d53_hh23
d113,d186_hh175
d113,d66_hh13
d113,d62_hh18
d113,d171_hh189
d113,d160_hh211
d113,d141_hh235
d113,d11_hh132
d113,d74_hh108
d113,d139_hh27
d113,d174_hh97
d113,d179_hh267
d113,d161_hh229
d113,d204_hh231
d113,d81_hh14
d113,d91_hh98
d113,d156_hh153
d113,d11_hh214
d113,d210_hh262
d113,d87_hh38
d113,d117_hh126
d113,d200_hh227
d113,d168_hh34
d113,d78_hh234
d113,d128_hh43
d113,d202_hh222
d113,d21_hh25
d113,d59_hh251
d113,d193_hh67
d113,d156_hh153
d113,d124_hh125
d113,d158_hh20
d113,d214_hh171
d113,d21_hh21
d113,d187_hh32
d113,d42_hh165
d113,d168_hh34
d113,d93_hh80
d113,d23_hh236
d113,d149_hh61
d113,d56_hh177
d113,d202_hh17
d113,d205_hh54
d113,d95_hh241
d113,d168_hh34
d113,d130_hh177
d113,d16_hh75
d113,d93_hh80
d113,d87_hh32
d113,d44_hh283
d113,d81_hh14
d113,d193_hh67
d113,d18_hh80
d113,d190_hh106
d113,d82_hh115
d113,d161_hh229
d113,d58_hh81
d113,d1_hh15
d113,d208_hh137
d113,d146_hh114
d113,d61_hh79
d113,d140_hh195
d113,d35_hh224
d113,d56_hh89
d113,d128_hh180
d113,d82_hh256
d113,d82_hh231
d113,d137_hh201
d113,d109_hh209
d113,d55_hh12
d113,d78_hh9
d113,d128_hh278
d113,d131_hh204
d113,d119_hh107
d113,d82_hh41
d113,d41_hh53
d113,d205_hh54
d113,d61_hh246
d113,d164_hh220
d113,d31_hh135
d113,d77_hh156
d113,d187_hh16
d113,d205_hh54
d113,d56_hh166
d113,d66_hh13
d113,d99_hh38
d113,d191_hh275
d113,d156_hh19
d113,d162_hh67
d113,d106_hh24
d113,d179_hh267
d113,d65_hh227
d113,d88_hh108
d113,d124_hh223
d113,d184_hh11
d113,d207_hh28
d113,d101_hh186
d113,d42_hh165
d113,d82_hh256
d113,d40_hh7
d113,d215_hh82
d113,d152_hh187
d113,d178_hh263
d113,d88_hh108
d113,d41_hh72
d113,d61_hh246
d113,d32_hh151
d113,d112_hh177
d113,d175_hh181
d113,d44_hh163
d113,d100_hh164
d113,d186_hh175
d113,d202_hh222
d113,d198_hh40
d113,d198_hh40
d113,d38_hh49
d113,d162_hh67
d113,d126_hh44
d113,d138_hh1
d113,d134_hh118
d113,d91_hh241
d113,d88_hh191
d113,d213_hh238
d113,d97_hh20
d113,d7_hh64
d113,d120_hh272
d113,d125_hh167
d113,d100_hh164
d113,d56_hh123
d113,d130_hh177
d113,d30_hh132
d113,d130_hh273
d113,d65_hh67
d113,d207_hh28
d113,d66_hh179
d113,d99_hh44
d113,d161_hh250
d113,d69_hh13
d113,d150_hh168
d113,d55_hh12
d113,d88_hh235
d113,d190_hh106
d113,d190_hh173
d113,d154_hh132
d113,d135_hh226
d113,d135_hh226
d113,d91_hh100
d113,d117_hh126
d113,d120_hh272
d113,d44_hh187
d113,d162_hh67
d113,d118_hh88
d113,d88_hh235
d113,d156_hh153
d113,d74_hh108
d113,d59_hh251
d113,d73_hh197
d113,d214_hh171
d113,d4_hh212
d113,d21_hh16
d113,d204_hh158
d113,d78_hh9
d113,d208_hh221
d113,d69_hh274
d113,d35_hh224
d113,d82_hh256
d113,d26_hh63
d113,d44_hh163
d113,d7_hh64
d103,d116_hh36
d103,d153_hh26
d103,d192_hh58
d103,d116_hh36
d103,d14_hh67
d103,d192_hh68
d103,d9_hh289
d103,d76_hh6
d103,d47_hh128
d103,d6_hh130
d103,d14_hh205
d103,d196_hh229
d103,d60_hh107
d103,d107_hh7
d103,d9_hh197
d103,d148_hh247
d103,d196_hh139
d103,d192_hh68
d103,d71_hh163
d103,d148_hh100
d103,d196_hh126
d103,d103_hh63
d103,d153_hh26
d103,d136_hh192
d103,d194_hh142
d103,d212_hh155
d103,d107_hh103
d103,d76_hh193
d103,d121_hh170
d103,d94_hh137
d103,d144_hh196
d103,d196_hh190
d103,d79_hh255
d103,d70_hh172
d103,d64_hh137
d103,d167_hh11
d103,d45_hh79
d103,d212_hh252
d103,d64_hh137
d103,d167_hh11
d103,d151_hh203
d103,d115_hh55
d103,d37_hh159
d103,d157_hh222
d103,d181_hh17
d103,d185_hh143
d103,d167_hh11
d103,d176_hh220
d103,d64_hh137
d103,d3_hh35
d103,d76_hh187
d103,d70_hh110
d103,d92_hh115
d103,d157_hh16
d103,d103_hh192
d103,d181_hh17
d103,d25_hh157
d103,d115_hh176
d103,d92_hh91
d103,d6_hh77
d103,d8_hh149
d103,d60_hh191
d103,d22_hh176
d103,d92_hh161
d103,d64_hh137
d103,d151_hh203
d103,d3_hh35
d103,d8_hh155
d103,d167_hh11
d103,d145_hh175
d103,d47_hh300
d103,d10_hh167
d103,d9_hh289
d103,d84_hh122
d103,d157_hh16
d103,d151_hh203
d103,d8_hh155
d103,d47_hh300
d103,d45_hh79
d103,d25_hh80
d103,d148_hh104
d103,d49_hh219
d103,d116_hh196
d103,d172_hh180
d103,d63_hh83
d103,d9_hh197
d103,d153_hh96
d103,d148_hh100
d103,d192_hh68
d103,d115_hh176
d103,d107_hh193
d103,d103_hh63
d103,d116_hh6
d103,d94_hh137
d103,d3_hh97
d103,d116_hh36
d103,d6_hh130
d103,d49_hh103
d103,d3_hh97
d103,d116_hh36
d103,d71_hh163
d103,d185_hh143
d103,d153_hh100
d103,d49_hh170
d103,d167_hh11
d103,d70_hh110
d103,d63_hh69
d103,d79_hh198
d103,d196_hh190
d103,d47_hh300
d103,d6_hh77
d103,d148_hh104
d103,d212_hh155
d103,d45_hh0
d103,d115_hh199
d103,d196_hh190
d103,d70_hh171
d103,d37_hh159
d103,d37_hh159
d103,d37_hh160
d103,d121_hh272
d103,d84_hh161
d103,d92_hh91
d103,d167_hh11
d103,d45_hh79
d103,d71_hh245
d103,d172_hh180
d103,d45_hh79
d103,d180_hh254
d103,d203_hh139
d103,d148_hh247
d103,d8_hh105
d103,d151_hh203
d103,d116_hh118
d103,d103_hh192
d103,d196_hh229
d103,d136_hh32
d103,d148_hh58
d103,d136_hh32
d103,d151_hh203
d103,d45_hh79
d103,d71_hh146
d103,d153_hh96
d103,d192_hh58
d103,d8_hh41
d103,d60_hh108
d103,d3_hh35
d103,d136_hh192
d103,d9_hh183
d103,d167_hh276
d103,d144_hh253
d103,d116_hh36
d103,d8_hh41
d103,d180_hh254
d103,d3_hh180
d103,d153_hh100
d103,d8_hh149
d103,d79_hh114
d103,d70_hh171
d103,d206_hh279
d103,d144_hh289
d103,d194_hh142
d103,d70_hh76
d103,d185_hh57
d103,d9_hh183
d103,d63_hh69
d103,d196_hh190
d103,d70_hh110
d103,d157_hh215
d103,d107_hh103
d103,d185_hh57
d103,d22_hh190
d103,d27_hh269
d103,d172_hh180
d103,d60_hh107
d103,d185_hh143
d103,d79_hh255
d103,d94_hh129
d103,d136_hh32
d103,d92_hh115
d103,d94_hh137
d103,d108_hh212
d103,d172_hh180
d103,d121_hh170
d103,d167_hh264
d103,d148_hh100
d103,d206_hh279
d103,d108_hh212
d103,d107_hh23
d103,d167_hh276
d103,d9_hh183
d103,d192_hh39
d103,d86_hh55
d103,d157_hh235
d103,d79_hh255
d103,d79_hh227
d103,d25_hh80
d103,d49_hh170
d103,d172_hh180
d103,d27_hh269
d103,d151_hh215
d103,d63_hh83
d103,d116_hh196
d103,d116_hh6
d103,d8_hh149
d103,d144_hh253
d103,d103_hh205
d103,d71_hh245
d103,d144_hh196
d103,d115_hh55
d103,d211_hh86
d103,d157_hh16
d103,d37_hh160
d103,d212_hh155
d103,d157_hh222
d103,d136_hh89
d103,d115_hh199
d103,d70_hh110
d103,d94_hh129
d103,d196_hh215
d103,d136_hh192
d103,d136_hh32
d103,d49_hh170
d103,d176_hh194
d103,d64_hh137
d103,d37_hh159
d103,d194_hh40
d103,d144_hh289
d103,d203_hh227
d103,d142_hh269
d103,d79_hh255
d103,d9_hh289
d103,d194_hh40
d103,d176_hh194
d103,d153_hh26
d103,d8_hh41
d103,d181_hh17
d103,d63_hh83
d103,d194_hh40
d103,d142_hh106
d103,d107_hh246
d103,d6_hh77
d103,d49_hh257
d103,d192_hh58
d103,d63_hh69
d103,d105_hh45
d103,d115_hh199
d103,d92_hh115
d103,d45_hh79
d103,d203_hh189
d103,d22_hh176
d103,d136_hh192
d103,d192_hh39
d103,d201_hh119
d103,d116_hh118
d103,d60_hh108
d103,d167_hh70
d103,d92_hh161
d103,d60_hh107
d103,d157_hh215
d103,d142_hh108
d103,d107_hh103
d103,d153_hh26
d103,d203_hh189
d103,d47_hh300
d103,d107_hh258
d103,d142_hh190
d103,d115_hh186
d103,d79_hh114
d103,d14_hh75
d103,d70_hh110
d103,d181_hh17
d103,d203_hh139
d103,d203_hh227
d103,d49_hh257
d103,d116_hh196
d103,d144_hh253
d103,d180_hh254
d103,d180_hh254
d103,d63_hh160
d103,d180_hh254
d103,d71_hh163
d103,d116_hh196
d103,d3_hh180
d103,d185_hh143
d103,d49_hh257
d103,d144_hh253
d103,d49_hh257
d103,d196_hh190
d103,d79_hh255
d103,d144_hh196
d103,d116_hh6
d103,d172_hh18
d103,d107_hh23
d103,d144_hh289
d103,d47_hh128
d103,d108_hh241
d103,d116_hh6
d103,d22_hh190
d103,d71_hh146
d103,d10_hh167
d103,d136_hh32
d106,d42_hh165
d106,d90_hh214
d106,d40_hh111
d106,d152_hh187
d106,d55_hh12
d106,d155_hh206
d106,d127_hh69
d106,d106_hh24
d106,d4_hh212
d106,d109_hh168
d106,d16_hh201
d106,d29_hh167
d106,d138_hh1
d106,d13_hh157
d106,d150_hh168
d106,d156_hh151
d106,d81_hh14
d106,d74_hh109
d106,d156_hh151
d106,d55_hh229
d106,d169_hh247
d106,d158_hh85
d106,d18_hh91
d106,d26_hh63
d106,d210_hh262
d106,d55_hh246
d106,d66_hh154
d106,d187_hh16
d106,d118_hh188
d106,d109_hh168
d106,d7_hh148
d106,d7_hh240
d106,d178_hh263
d106,d126_hh156
d106,d112_hh176
d106,d208_hh137
d106,d1_hh234
d106,d135_hh78
d106,d56_hh123
d106,d39_hh55
d106,d66_hh154
d106,d200_hh227
d106,d161_hh238
d106,d135_hh226
d106,d163_hh44
d106,d125_hh248
d106,d160_hh104
d106,d81_hh81
d106,d156_hh181
d106,d134_hh118
d106,d170_hh228
d106,d5_hh117
d106,d1_hh15
d106,d78_hh9
d106,d44_hh163
d106,d204_hh158
d106,d21_hh25
d106,d46_hh228
d106,d82_hh41
d106,d11_hh79
d106,d40_hh111
d106,d50_hh90
d106,d91_hh100
d106,d99_hh230
d106,d118_hh88
d106,d59_hh132
d106,d155_hh206
d106,d175_hh239
d106,d174_hh85
d106,d34_hh166
d106,d112_hh176
d106,d171_hh189
d106,d195_hh52
d106,d208_hh221
d106,d30_hh44
d106,d44_hh187
d106,d187_hh291
d106,d134_hh118
d106,d46_hh228
d106,d137_hh109
d106,d149_hh237
d106,d91_hh98
d106,d69_hh209
d106,d93_hh184
d106,d122_hh271
d106,d48_hh119
d106,d154_hh132
d106,d44_hh170
d106,d118_hh175
d106,d61_hh246
d106,d124_hh167
d106,d158_hh49
d106,d55_hh12
d106,d158_hh20
d106,d59_hh98
d106,d73_hh153
d106,d152_hh187
d106,d21_hh21
d106,d33_hh64
d106,d15_hh188
d106,d150_hh253
d106,d214_hh20
d106,d178_hh263
d106,d119_hh50
d106,d202_hh222
d106,d160_hh59
d106,d50_hh90
d106,d187_hh30
d106,d128_hh297
d106,d51_hh177
d106,d119_hh107
d106,d46_hh228
d106,d112_hh155
d106,d41_hh53
d106,d36_hh69
d106,d16_hh201
d106,d122_hh181
d106,d41_hh74
d106,d51_hh186
d106,d138_hh1
d106,d99_hh38
d106,d131_hh204
d106,d91_hh241
d106,d32_hh151
d106,d112_hh177
d106,d78_hh9
d106,d56_hh63
d106,d11_hh244
d106,d130_hh273
d106,d66_hh154
d106,d101_hh186
d106,d208_hh221
d106,d11_hh240
d106,d210_hh262
d106,d99_hh38
d106,d56_hh166
d106,d139_hh164
d106,d156_hh218
d106,d66_hh179
d106,d50_hh90
d106,d205_hh54
d106,d126_hh233
d106,d29_hh167
d106,d156_hh218
d106,d73_hh153
d106,d130_hh177
d106,d35_hh211
d106,d163_hh242
d106,d33_hh64
d106,d66_hh193
d106,d170_hh228
d106,d33_hh64
d106,d96_hh8
d106,d65_hh227
d106,d42_hh38
d106,d91_hh32
d106,d112_hh177
d106,d110_hh236
d106,d65_hh75
d106,d191_hh30
d106,d51_hh49
d106,d191_hh179
d106,d190_hh176
d106,d91_hh79
d106,d73_hh153
d106,d42_hh165
d106,d175_hh32
d106,d210_hh262
d106,d146_hh88
d106,d135_hh191
d106,d55_hh229
d106,d74_hh109
d106,d16_hh177
d106,d191_hh30
d106,d61_hh246
d106,d158_hh85
d106,d210_hh262
d106,d39_hh55
d106,d156_hh19
d106,d11_hh26
d106,d190_hh32
d106,d59_hh251
d106,d150_hh8
d106,d208_hh137
d106,d109_hh168
d106,d51_hh37
d106,d33_hh64
d106,d119_hh107
d106,d125_hh189
d106,d174_hh6
d106,d36_hh69
d106,d112_hh17
d106,d91_hh32
d106,d39_hh96
d106,d34_hh12
d106,d88_hh108
d106,d164_hh78
d106,d210_hh267
d106,d99_hh38
d106,d16_hh177
d106,d65_hh75
d106,d191_hh30
d106,d75_hh15
d106,d41_hh72
d106,d55_hh246
d106,d175_hh181
d106,d141_hh235
d106,d85_hh214
d106,d66_hh154
d106,d110_hh236
d106,d215_hh82
d106,d69_hh222
d106,d59_hh207
d106,d147_hh167
d106,d41_hh72
d106,d7_hh148
d106,d161_hh229
d106,d160_hh97
d106,d62_hh18
d106,d131_hh14
d106,d210_hh87
d106,d132_hh233
d106,d85_hh104
d106,d158_hh20
d106,d191_hh179
d106,d32_hh101
d106,d30_hh44
d106,d91_hh241
d106,d20_hh48
d106,d129_hh106
d106,d66_hh13
d106,d134_hh166
d106,d160_hh232
d106,d74_hh108
d106,d61_hh79
d106,d141_hh209
d106,d135_hh216
d106,d55_hh246
d106,d169_hh247
d106,d61_hh246
d106,d124_hh126
d106,d126_hh233
d106,d170_hh228
d106,d120_hh272
d106,d41_hh181
d106,d59_hh207
d106,d112_hh177
d106,d179_hh242
d106,d187_hh291
d106,d190_hh182
d106,d158_hh85
d106,d38_hh95
d106,d50_hh195
d106,d183_hh237
d106,d46_hh57
d106,d135_hh216
d106,d7_hh148
d106,d150_hh168
d106,d46_hh228
d106,d18_hh91
d106,d139_hh164
d109,d128_hh180
d109,d66_hh179
d109,d74_hh11
d109,d102_hh284
d109,d88_hh267
d109,d85_hh218
d109,d74_hh212
d109,d55_hh229
d109,d208_hh221
d109,d118_hh262
d109,d69_hh209
d109,d215_hh82
d109,d111_hh29
d109,d88_hh108
d109,d93_hh80
d109,d156_hh153
d109,d56_hh63
d109,d88_hh267
d109,d160_hh97
d109,d7_hh64
d109,d120_hh45
d109,d82_hh115
d109,d126_hh233
d109,d36_hh69
d109,d73_hh7
d109,d100_hh65
d109,d13_hh263
d109,d11_hh79
d109,d58_hh81
d109,d40_hh7
d109,d138_hh10
d109,d168_hh34
d109,d170_hh273
d109,d156_hh151
d109,d195_hh97
d109,d112_hh177
d109,d187_hh30
d109,d35_hh104
d109,d91_hh79
d109,d91_hh32
d109,d168_hh265
d109,d36_hh69
d109,d24_hh177
d109,d55_hh232
d109,d141_hh235
d109,d210_hh87
d109,d62_hh18
d109,d83_hh79
d109,d112_hh155
d109,d146_hh88
d109,d135_hh226
d109,d122_hh271
d109,d7_hh64
d109,d20_hh48
d109,d205_hh217
d109,d195_hh31
d109,d214_hh171
d109,d56_hh177
d109,d38_hh101
d109,d170_hh273
d109,d91_hh100
d109,d18_hh91
d109,d135_hh219
d109,d114_hh12
d109,d18_hh91
d109,d69_hh209
d109,d99_hh44
d109,d179_hh28
d109,d139_hh27
d109,d200_hh227
d109,d78_hh9
d109,d110_hh201
d109,d156_hh181
d109,d51_hh49
d109,d7_hh155
d109,d210_hh87
d109,d128_hh180
d109,d110_hh236
d109,d55_hh131
d109,d139_hh9
d109,d187_hh291
d109,d125_hh189
d109,d127_hh69
d109,d65_hh67
d109,d168_hh34
d109,d183_hh93
d109,d174_hh85
d109,d11_hh244
d109,d101_hh182
d109,d149_hh30
d109,d78_hh123
d109,d21_hh21
d109,d137_hh109
d109,d88_hh118
d109,d179_hh28
d109,d187_hh32
d109,d215_hh157
d109,d137_hh109
d109,d112_hh17
d109,d101_hh182
d109,d41_hh53
d109,d160_hh232
d109,d38_hh101
d109,d168_hh34
d109,d160_hh179
d109,d171_hh189
d109,d143_hh82
d109,d56_hh63
d109,d210_hh262
d109,d1_hh15
d109,d150_hh253
d109,d51_hh177
d109,d69_hh13
d109,d179_hh28
d109,d91_hh241
d109,d183_hh93
d109,d179_hh28
d109,d117_hh245
d109,d11_hh79
d109,d42_hh251
d109,d59_hh132
d109,d160_hh211
d109,d41_hh181
d109,d134_hh76
d109,d106_hh24
d109,d120_hh118
d109,d7_hh64
d109,d65_hh115
d109,d170_hh228
d109,d91_hh98
d109,d30_hh44
d109,d50_hh90
d109,d204_hh231
d109,d91_hh79
d109,d110_hh117
d109,d82_hh115
d109,d135_hh191
d109,d1_hh15
d109,d191_hh275
d109,d33_hh64
d109,d208_hh221
d109,d83_hh79
d109,d15_hh188
d109,d97_hh20
d109,d112_hh31
d109,d215_hh157
d109,d208_hh221
d109,d191_hh12
d109,d164_hh220
d109,d215_hh82
d109,d210_hh262
d109,d112_hh31
d109,d99_hh38
d109,d91_hh100
d109,d55_hh229
d109,d81_hh81
d109,d117_hh126
d109,d111_hh206
d109,d19_hh147
d109,d134_hh118
d109,d91_hh98
d109,d62_hh18
d109,d33_hh64
d109,d134_hh118
d109,d205_hh73
d109,d51_hh285
d109,d160_hh97
d109,d131_hh14
d109,d81_hh87
d109,d168_hh34
d109,d160_hh179
d109,d91_hh241
d109,d160_hh97
d109,d18_hh80
d109,d156_hh19
d109,d20_hh48
d109,d67_hh63
d109,d7_hh64
d109,d165_hh274
d109,d134_hh76
d109,d158_hh146
d109,d131_hh212
d109,d210_hh267
d109,d50_hh112
d109,d18_hh253
d109,d187_hh291
d109,d154_hh157
d109,d40_hh111
d109,d120_hh57
d109,d164_hh220
d109,d44_hh65
d109,d15_hh188
d109,d119_hh174
d109,d62_hh167
d109,d33_hh64
d109,d73_hh153
d109,d51_hh177
d109,d53_hh23
d109,d82_hh256
d109,d160_hh59
d109,d155_hh206
d109,d35_hh104
d109,d128_hh180
d109,d41_hh254
d109,d164_hh220
d109,d214_hh252
d109,d16_hh177
d109,d88_hh191
d109,d38_hh101
d109,d160_hh38
d109,d65_hh115
d109,d18_hh91
d109,d214_hh184
d109,d69_hh13
d109,d93_hh80
d109,d32_hh19
d109,d82_hh256
d109,d119_hh174
d109,d210_hh262
d109,d147_hh167
d109,d4_hh212
d109,d32_hh19
d109,d164_hh78
d109,d7_hh64
d109,d41_hh72
d109,d139_hh164
d109,d132_hh233
d109,d18_hh6
d109,d13_hh263
d109,d190_hh32
d109,d56_hh63
d109,d140_hh260
d109,d129_hh106
d109,d62_hh18
d109,d134_hh156
d109,d34_hh12
d109,d158_hh146
d109,d147_hh167
d109,d61_hh246
d109,d141_hh152
d109,d109_hh209
d109,d110_hh117
d109,d139_hh251
d109,d128_hh180
d109,d44_hh65
d109,d7_hh87
d109,d75_hh15
d109,d130_hh273
d109,d34_hh166
d109,d53_hh249
d109,d69_hh274
d109,d69_hh209
d109,d91_hh32
d109,d146_hh114
d109,d160_hh97
d109,d123_hh83
d109,d127_hh69
d109,d81_hh87
d109,d42_hh263
d109,d75_hh15
d109,d161_hh110
d109,d74_hh11
d109,d19_hh147
d109,d73_hh153
d109,d215_hh82
d109,d88_hh3
d105,d92_hh115
d105,d144_hh289
d105,d157_hh215
d105,d144_hh253
d105,d136_hh89
d105,d212_hh252
d105,d22_hh190
d105,d167_hh276
d105,d3_hh180
d105,d94_hh246
d105,d103_hh63
d105,d115_hh186
d105,d76_hh6
d105,d3_hh180
d105,d63_hh83
d105,d153_hh100
d105,d157_hh235
d105,d181_hh225
d105,d157_hh215
d105,d116_hh6
d105,d92_hh161
d105,d9_hh289
d105,d181_hh225
d105,d8_hh155
d105,d188_hh256
d105,d92_hh91
d105,d9_hh183
d105,d107_hh246
d105,d107_hh246
d105,d196_hh197
d105,d144_hh253
d105,d28_hh253
d105,d107_hh103
d105,d151_hh203
d105,d116_hh6
d105,d192_hh68
d105,d108_hh230
d105,d37_hh160
d105,d22_hh190
d105,d157_hh215
d105,d60_hh108
d105,d6_hh130
d105,d192_hh39
d105,d206_hh279
d105,d181_hh225
d105,d167_hh264
d105,d196_hh190
d105,d6_hh77
d105,d196_hh197
d105,d105_hh45
d105,d8_hh155
d105,d107_hh258
d105,d9_hh289
d105,d116_hh118
d105,d9_hh236
d105,d153_hh100
d105,d70_hh171
d105,d107_hh7
d105,d25_hh157
d105,d37_hh160
d105,d176_hh92
d105,d9_hh170
d105,d71_hh245
d105,d14_hh205
d105,d86_hh55
d105,d49_hh103
d105,d212_hh155
d105,d192_hh58
d105,d108_hh212
d105,d9_hh183
d105,d76_hh193
d105,d47_hh135
d105,d189_hh268
d105,d116_hh36
d105,d157_hh222
d105,d194_hh142
d105,d8_hh149
d105,d148_hh104
d105,d151_hh203
d105,d185_hh143
d105,d28_hh253
d105,d9_hh170
d105,d151_hh215
d105,d47_hh128
d105,d9_hh197
d105,d192_hh39
d105,d107_hh23
d105,d8_hh149
d105,d144_hh289
d105,d71_hh163
d105,d14_hh75
d105,d49_hh170
d105,d115_hh176
d105,d212_hh155
d105,d84_hh161
d105,d70_hh171
d105,d9_hh197
d105,d196_hh190
d105,d3_hh97
d105,d167_hh11
d105,d151_hh215
d105,d194_hh101
d105,d211_hh211
d105,d107_hh193
d105,d144_hh196
d105,d153_hh100
d105,d63_hh83
d105,d196_hh190
d105,d107_hh193
d105,d14_hh205
d105,d180_hh254
d105,d71_hh163
d105,d70_hh172
d105,d8_hh106
d105,d176_hh85
d105,d189_hh268
d105,d196_hh190
d105,d148_hh104
d105,d176_hh85
d105,d28_hh40
d105,d151_hh215
d105,d212_hh61
d105,d63_hh83
d105,d153_hh100
d105,d151_hh203
d105,d148_hh100
d105,d107_hh193
d105,d27_hh269
d105,d103_hh205
d105,d203_hh96
d105,d188_hh256
d105,d151_hh203
d105,d136_hh192
d105,d136_hh89
d105,d22_hh190
d105,d203_hh189
d105,d9_hh197
d105,d63_hh83
d105,d49_hh103
d105,d153_hh96
d105,d181_hh17
d105,d196_hh229
d105,d172_hh18
d105,d157_hh215
d105,d206_hh279
d105,d196_hh197
d105,d84_hh161
d105,d203_hh227
d105,d196_hh190
d105,d60_hh107
d105,d8_hh149
d105,d211_hh86
d105,d3_hh97
d105,d8_hh105
d105,d136_hh89
d105,d176_hh125
d105,d148_hh117
d105,d60_hh108
d105,d79_hh227
d105,d172_hh180
d105,d144_hh289
d105,d196_hh197
d105,d14_hh67
d105,d192_hh68
d105,d194_hh101
d105,d60_hh108
d105,d189_hh268
d105,d107_hh103
d105,d8_hh155
d105,d47_hh300
d105,d176_hh194
d105,d84_hh161
d105,d79_hh198
d105,d148_hh117
d105,d176_hh194
d105,d70_hh136
d105,d196_hh139
d105,d157_hh235
d105,d181_hh17
d105,d181_hh225
d105,d103_hh48
d105,d157_hh215
d105,d116_hh6
d105,d116_hh6
d105,d167_hh276
d105,d86_hh55
d105,d136_hh192
d105,d47_hh300
d105,d105_hh45
d105,d116_hh36
d105,d108_hh212
d105,d6_hh77
d105,d108_hh212
d105,d8_hh105
d105,d47_hh135
d105,d212_hh61
d105,d157_hh16
d105,d47_hh135
d105,d71_hh245
d105,d148_hh100
d105,d47_hh300
d105,d79_hh198
d105,d157_hh215
d105,d167_hh276
d105,d8_hh149
d105,d196_hh197
d105,d63_hh83
d105,d28_hh253
d105,d64_hh137
d105,d47_hh135
d105,d107_hh258
d105,d153_hh100
d105,d103_hh48
d105,d192_hh39
d105,d144_hh289
d105,d71_hh245
d105,d194_hh101
d105,d6_hh77
d105,d47_hh128
d105,d6_hh130
d105,d151_hh203
d105,d192_hh39
d105,d212_hh61
d105,d108_hh162
d105,d157_hh215
d105,d116_hh6
d105,d10_hh167
d105,d25_hh80
d105,d188_hh256
d105,d64_hh137
d105,d70_hh171
d105,d107_hh23
d105,d180_hh254
d105,d211_hh211
d105,d196_hh229
d105,d153_hh100
d105,d194_hh40
d105,d76_hh6
d105,d9_hh289
d105,d185_hh57
d105,d47_hh300
d105,d176_hh125
d105,d181_hh225
d105,d157_hh222
d105,d157_hh235
d105,d71_hh146
d105,d64_hh137
d105,d181_hh225
d105,d136_hh89
d105,d79_hh255
d105,d10_hh167
d105,d94_hh137
d105,d9_hh289
d105,d176_hh125
d105,d84_hh122
d105,d181_hh17
d105,d92_hh91
d105,d103_hh205
d105,d167_hh70
d105,d107_hh258
d105,d144_hh196
d105,d148_hh104
d105,d84_hh122
d105,d28_hh253
d105,d14_hh67
d105,d151_hh203
d105,d8_hh41
d105,d103_hh192
d105,d8_hh149
d105,d153_hh100
d105,d116_hh36
d105,d142_hh269
d105,d142_hh106
d105,d144_hh253
d105,d212_hh61
d110,d73_hh33
d110,d1_hh15
d110,d135_hh191
d110,d13_hh239
d110,d81_hh87
d110,d32_hh136
d110,d118_hh262
d110,d146_hh88
d110,d74_hh109
d110,d120_hh45
d110,d164_hh220
d110,d190_hh173
d110,d48_hh176
d110,d124_hh167
d110,d160_hh211
d110,d128_hh180
d110,d126_hh156
d110,d202_hh17
d110,d130_hh277
d110,d66_hh131
d110,d130_hh177
d110,d112_hh17
d110,d120_hh57
d110,d114_hh12
d110,d187_hh30
d110,d91_hh241
d110,d32_hh136
d110,d41_hh53
d110,d90_hh214
d110,d191_hh190
d110,d87_hh38
d110,d158_hh49
d110,d139_hh251
d110,d91_hh100
d110,d214_hh171
d110,d88_hh191
d110,d179_hh267
d110,d16_hh201
d110,d46_hh228
d110,d125_hh248
d110,d112_hh31
d110,d122_hh210
d110,d36_hh69
d110,d134_hh166
d110,d59_hh162
d110,d161_hh110
d110,d65_hh67
d110,d112_hh17
d110,d23_hh236
d110,d29_hh167
d110,d55_hh190
d110,d112_hh177
d110,d99_hh230
d110,d214_hh171
d110,d50_hh112
d110,d131_hh212
d110,d44_hh65
d110,d69_hh209
d110,d140_hh260
d110,d152_hh175
d110,d191_hh12
d110,d140_hh195
d110,d78_hh9
d110,d110_hh201
d110,d155_hh206
d110,d204_hh158
d110,d93_hh80
d110,d7_hh148
d110,d160_hh179
d110,d32_hh151
d110,d191_hh30
d110,d66_hh193
d110,d126_hh156
d110,d110_hh201
d110,d15_hh188
d110,d141_hh209
d110,d124_hh125
d110,d193_hh61
d110,d146_hh88
d110,d124_hh167
d110,d38_hh95
d110,d66_hh131
d110,d44_hh35
d110,d164_hh78
d110,d119_hh50
d110,d138_hh1
d110,d193_hh61
d110,d128_hh278
d110,d147_hh167
d110,d78_hh123
d110,d193_hh67
d110,d156_hh218
d110,d164_hh249
d110,d82_hh231
d110,d119_hh107
d110,d124_hh223
d110,d44_hh127
d110,d44_hh283
d110,d204_hh231
d110,d21_hh25
d110,d34_hh166
d110,d67_hh63
d110,d110_hh201
d110,d11_hh240
d110,d202_hh222
d110,d215_hh157
d110,d56_hh63
d110,d41_hh254
d110,d138_hh10
d110,d82_hh256
d110,d155_hh206
d110,d100_hh164
d110,d78_hh123
d110,d7_hh124
d110,d38_hh172
d110,d155_hh206
d110,d128_hh43
d110,d168_hh34
d110,d58_hh108
d110,d164_hh78
d110,d119_hh50
d110,d183_hh93
d110,d174_hh97
d110,d18_hh253
d110,d44_hh127
d110,d139_hh251
d110,d135_hh226
d110,d21_hh16
d110,d193_hh61
d110,d50_hh195
d110,d110_hh172
d110,d179_hh28
d110,d91_hh79
d110,d126_hh156
d110,d154_hh132
d110,d110_hh201
d110,d113_hh254
d110,d156_hh181
d110,d93_hh66
d110,d20_hh48
d110,d215_hh82
d110,d48_hh119
d110,d112_hh155
d110,d13_hh263
d110,d191_hh275
d110,d131_hh14
d110,d139_hh27
d110,d214_hh184
d110,d65_hh75
d110,d99_hh38
d110,d129_hh209
d110,d11_hh240
d110,d139_hh164
d110,d190_hh173
d110,d135_hh191
d110,d118_hh175
d110,d4_hh212
d110,d42_hh263
d110,d198_hh40
d110,d207_hh28
d110,d35_hh211
d110,d18_hh253
d110,d125_hh189
d110,d1_hh15
d110,d161_hh238
d110,d99_hh44
d110,d130_hh273
d110,d111_hh29
d110,d88_hh191
d110,d200_hh51
d110,d91_hh241
d110,d204_hh231
d110,d48_hh176
d110,d169_hh115
d110,d122_hh181
d110,d134_hh156
d110,d7_hh87
d110,d150_hh8
d110,d126_hh156
d110,d65_hh75
d110,d112_hh31
d110,d55_hh232
d110,d82_hh256
d110,d74_hh109
d110,d135_hh78
d110,d100_hh164
d110,d13_hh239
d110,d146_hh88
d110,d106_hh24
d110,d41_hh254
d110,d168_hh265
d110,d85_hh218
d110,d56_hh175
d110,d134_hh76
d110,d15_hh97
d110,d19_hh147
d110,d169_hh148
d110,d91_hh241
d110,d179_hh267
d110,d214_hh252
d110,d190_hh32
d110,d51_hh37
d110,d11_hh79
d110,d109_hh209
d110,d164_hh249
d110,d93_hh80
d110,d58_hh108
d110,d39_hh55
d110,d152_hh187
d110,d141_hh235
d110,d38_hh95
d110,d191_hh179
d110,d150_hh253
d110,d164_hh220
d110,d41_hh53
d110,d56_hh63
d110,d187_hh291
d110,d11_hh244
d110,d163_hh115
d110,d74_hh109
d110,d110_hh201
d110,d11_hh214
d110,d32_hh19
d110,d131_hh212
d110,d129_hh106
d110,d13_hh263
d110,d109_hh209
d110,d119_hh50
d110,d128_hh297
d110,d117_hh126
d110,d13_hh239
d110,d21_hh25
d110,d191_hh190
d110,d50_hh112
d110,d190_hh32
d110,d93_hh184
d110,d209_hh40
d110,d91_hh32
d110,d50_hh112
d110,d87_hh38
d110,d50_hh195
d110,d77_hh40
d110,d117_hh126
d110,d30_hh132
d110,d210_hh262
d110,d110_hh117
d110,d164_hh78
d110,d88_hh108
d110,d43_hh27
d110,d163_hh44
d110,d124_hh167
d110,d69_hh222
d110,d114_hh2
d110,d11_hh79
d110,d65_hh67
d110,d119_hh174
d110,d161_hh110
d110,d55_hh229
d110,d18_hh6
d110,d126_hh156
d110,d112_hh31
d110,d61_hh79
d110,d73_hh33
d110,d156_hh218
d110,d120_hh57
d107,d79_hh227
d107,d151_hh203
d107,d115_hh176
d107,d92_hh91
d107,d92_hh115
d107,d192_hh39
d107,d181_hh17
d107,d206_hh279
d107,d10_hh167
d107,d196_hh139
d107,d63_hh83
d107,d157_hh16
d107,d176_hh194
d107,d22_hh190
d107,d176_hh85
d107,d142_hh108
d107,d157_hh222
d107,d84_hh161
d107,d64_hh137
d107,d167_hh264
d107,d70_hh172
d107,d145_hh175
d107,d108_hh241
d107,d115_hh199
d107,d60_hh107
d107,d201_hh119
d107,d6_hh77
d107,d49_hh103
d107,d27_hh269
d107,d64_hh137
d107,d181_hh17
d107,d212_hh155
d107,d116_hh36
d107,d22_hh176
d107,d45_hh0
d107,d14_hh75
d107,d92_hh161
d107,d203_hh96
d107,d212_hh61
d107,d212_hh252
d107,d192_hh58
d107,d71_hh163
d107,d86_hh55
d107,d14_hh75
d107,d167_hh264
d107,d115_hh124
d107,d49_hh170
d107,d37_hh160
d107,d172_hh180
d107,d47_hh300
d107,d108_hh212
d107,d10_hh167
d107,d181_hh17
d107,d8_hh41
d107,d107_hh246
d107,d148_hh100
d107,d92_hh115
d107,d14_hh67
d107,d148_hh100
d107,d28_hh35
d107,d94_hh137
d107,d76_hh193
d107,d185_hh143
d107,d116_hh118
d107,d194_hh40
d107,d3_hh35
d107,d167_hh264
d107,d167_hh264
d107,d84_hh122
d107,d103_hh63
d107,d107_hh246
d107,d144_hh289
d107,d196_hh215
d107,d60_hh107
d107,d203_hh139
d107,d144_hh289
d107,d136_hh89
d107,d86_hh55
d107,d148_hh247
d107,d49_hh103
d107,d108_hh212
d107,d79_hh255
d107,d153_hh96
d107,d108_hh213
d107,d9_hh236
d107,d196_hh139
d107,d22_hh190
d107,d212_hh155
d107,d22_hh190
d107,d194_hh101
d107,d49_hh170
d107,d8_hh106
d107,d176_hh194
d107,d116_hh196
d107,d196_hh139
d107,d192_hh68
d107,d22_hh190
d107,d185_hh57
d107,d142_hh269
d107,d60_hh108
d107,d94_hh246
d107,d203_hh139
d107,d192_hh58
d107,d196_hh190
d107,d14_hh205
d107,d107_hh258
d107,d28_hh253
d107,d3_hh97
d107,d201_hh135
d107,d107_hh23
d107,d142_hh108
d107,d188_hh256
d107,d94_hh129
d107,d3_hh35
d107,d151_hh215
d107,d107_hh103
d107,d79_hh255
d107,d63_hh160
d107,d70_hh171
d107,d211_hh86
d107,d8_hh155
d107,d107_hh23
d107,d185_hh57
d107,d60_hh107
d107,d167_hh11
d107,d157_hh235
d107,d47_hh135
d107,d60_hh108
d107,d14_hh75
d107,d172_hh180
d107,d212_hh155
d107,d115_hh176
d107,d148_hh244
d107,d196_hh139
d107,d6_hh77
d107,d203_hh96
d107,d144_hh253
d107,d172_hh180
d107,d136_hh89
d107,d201_hh119
d107,d25_hh80
d107,d172_hh18
d107,d153_hh100
d107,d103_hh63
d107,d151_hh215
d107,d153_hh96
d107,d60_hh107
d107,d108_hh212
d107,d3_hh180
d107,d49_hh170
d107,d10_hh167
d107,d151_hh215
d107,d148_hh244
d107,d196_hh190
d107,d176_hh125
d107,d157_hh235
d107,d148_hh117
d107,d3_hh180
d107,d6_hh155
d107,d142_hh108
d107,d79_hh255
d107,d108_hh162
d107,d144_hh196
d107,d47_hh135
d107,d27_hh269
d107,d71_hh245
d107,d63_hh83
d107,d153_hh96
d107,d3_hh180
d107,d172_hh180
d107,d6_hh130
d107,d115_hh176
d107,d136_hh192
d107,d136_hh32
d107,d136_hh89
d107,d22_hh190
d107,d172_hh180
d107,d84_hh122
d107,d142_hh190
d107,d116_hh6
d107,d172_hh18
d107,d14_hh75
d107,d194_hh101
d107,d6_hh155
d107,d212_hh155
d107,d76_hh193
d107,d92_hh115
d107,d6_hh77
d107,d25_hh80
d107,d60_hh108
d107,d185_hh143
d107,d142_hh108
d107,d157_hh16
d107,d49_hh257
d107,d3_hh35
d107,d211_hh211
d107,d151_hh215
d107,d172_hh180
d107,d212_hh252
d107,d8_hh155
d107,d107_hh193
d107,d176_hh92
d107,d84_hh122
d107,d103_hh48
d107,d107_hh193
d107,d206_hh279
d107,d107_hh7
d107,d172_hh180
d107,d176_hh194
d107,d151_hh203
d107,d115_hh176
d107,d167_hh11
d107,d148_hh117
d107,d206_hh279
d107,d136_hh32
d107,d49_hh103
d107,d192_hh39
d107,d49_hh219
d107,d8_hh105
d107,d148_hh117
d107,d196_hh229
d107,d153_hh100
d107,d153_hh100
d107,d142_hh190
d107,d14_hh67
d107,d47_hh128
d107,d181_hh17
d107,d194_hh142
d107,d108_hh230
d107,d153_hh100
d107,d9_hh170
d107,d142_hh106
d107,d148_hh117
d107,d105_hh45
d107,d181_hh225
d107,d108_hh213
d107,d47_hh300
d107,d196_hh190
d107,d115_hh176
d107,d28_hh253
d107,d49_hh170
d107,d116_hh6
d107,d71_hh163
d107,d176_hh92
d107,d196_hh197
d107,d94_hh246
d107,d63_hh69
d107,d148_hh247
d107,d212_hh252
d107,d71_hh245
d107,d115_hh176
d107,d181_hh225
d107,d212_hh155
d107,d196_hh139
d107,d148_hh244
d107,d176_hh85
d107,d153_hh100
d107,d25_hh80
d107,d25_hh80
d107,d172_hh18
d107,d108_hh230
d107,d192_hh68
d107,d192_hh58
d107,d153_hh100
d107,d107_hh23
d107,d9_hh170
d107,d181_hh17
d107,d28_hh40
d107,d22_hh176
d107,d107_hh258
d107,d64_hh137
d107,d196_hh190
d107,d107_hh258
d107,d116_hh36
d107,d37_hh159
d107,d63_hh83
d107,d107_hh193
d107,d148_hh117
d107,d103_hh63
d107,d212_hh155
d107,d94_hh137
d107,d3_hh27
d107,d9_hh183
d107,d9_hh236
d107,d9_hh197
d107,d9_hh197
d107,d60_hh108
d107,d47_hh300
d107,d212_hh155
d107,d70_hh76
d107,d108_hh212
d107,d176_hh194
d107,d92_hh91
d107,d6_hh155
d82,d125_hh167
d82,d20_hh48
d82,d160_hh104
d82,d23_hh236
d82,d51_hh37
d82,d56_hh123
d82,d59_hh207
d82,d56_hh123
d82,d152_hh175
d82,d85_hh104
d82,d131_hh41
d82,d26_hh63
d82,d44_hh170
d82,d11_hh244
d82,d83_hh79
d82,d18_hh253
d82,d42_hh263
d82,d35_hh104
d82,d44_hh65
d82,d61_hh79
d82,d7_hh148
d82,d32_hh101
d82,d109_hh209
d82,d208_hh221
d82,d160_hh97
d82,d55_hh12
d82,d139_hh164
d82,d50_hh112
d82,d110_hh172
d82,d135_hh191
d82,d141_hh152
d82,d56_hh177
d82,d77_hh156
d82,d131_hh14
d82,d42_hh38
d82,d69_hh13
d82,d51_hh186
d82,d184_hh206
d82,d95_hh241
d82,d114_hh12
d82,d102_hh228
d82,d110_hh117
d82,d66_hh13
d82,d114_hh12
d82,d147_hh167
d82,d81_hh14
d82,d18_hh253
d82,d195_hh52
d82,d125_hh167
d82,d48_hh176
d82,d87_hh32
d82,d85_hh218
d82,d110_hh201
d82,d127_hh69
d82,d140_hh260
d82,d120_hh268
d82,d131_hh14
d82,d161_hh250
d82,d109_hh209
d82,d169_hh247
d82,d190_hh173
d82,d44_hh187
d82,d209_hh40
d82,d88_hh191
d82,d38_hh49
d82,d15_hh188
d82,d13_hh263
d82,d186_hh175
d82,d155_hh206
d82,d23_hh236
d82,d184_hh11
d82,d41_hh254
d82,d141_hh235
d82,d96_hh8
d82,d122_hh210
d82,d154_hh132
d82,d161_hh110
d82,d56_hh123
d82,d42_hh251
d82,d21_hh16
d82,d44_hh127
d82,d179_hh267
d82,d65_hh227
d82,d66_hh193
d82,d46_hh57
d82,d16_hh200
d82,d210_hh87
d82,d33_hh64
d82,d141_hh152
d82,d208_hh2
d82,d112_hh177
d82,d200_hh51
d82,d51_hh37
d82,d51_hh37
d82,d15_hh188
d82,d214_hh184
d82,d163_hh242
d82,d69_hh274
d82,d152_hh175
d82,d48_hh119
d82,d141_hh194
d82,d11_hh79
d82,d141_hh209
d82,d149_hh30
d82,d33_hh64
d82,d125_hh189
d82,d114_hh2
d82,d82_hh115
d82,d120_hh118
d82,d134_hh118
d82,d11_hh79
d82,d44_hh163
d82,d88_hh108
d82,d156_hh181
d82,d152_hh187
d82,d183_hh93
d82,d208_hh137
d82,d135_hh78
d82,d149_hh237
d82,d143_hh224
d82,d190_hh106
d82,d132_hh233
d82,d46_hh57
d82,d143_hh82
d82,d46_hh228
d82,d161_hh110
d82,d179_hh242
d82,d41_hh181
d82,d81_hh87
d82,d91_hh100
d82,d187_hh16
d82,d126_hh156
d82,d117_hh126
d82,d101_hh182
d82,d129_hh209
d82,d129_hh94
d82,d129_hh209
d82,d7_hh64
d82,d120_hh57
d82,d120_hh272
d82,d42_hh38
d82,d210_hh87
d82,d40_hh111
d82,d112_hh17
d82,d215_hh157
d82,d205_hh54
d82,d73_hh153
d82,d202_hh17
d82,d190_hh32
d82,d40_hh111
d82,d43_hh67
d82,d131_hh204
d82,d4_hh212
d82,d46_hh57
d82,d55_hh246
d82,d33_hh64
d82,d205_hh54
d82,d119_hh50
d82,d179_hh242
d82,d214_hh255
d82,d135_hh57
d82,d141_hh6
d82,d1_hh15
d82,d132_hh233
d82,d129_hh94
d82,d80_hh6
d82,d202_hh111
d82,d13_hh157
d82,d128_hh184
d82,d56_hh166
d82,d73_hh197
d82,d24_hh177
d82,d202_hh222
d82,d154_hh157
d82,d158_hh49
d82,d101_hh182
d82,d126_hh156
d82,d97_hh20
d82,d88_hh3
d82,d149_hh61
d82,d20_hh44
d82,d198_hh40
d82,d131_hh41
d82,d154_hh132
d82,d81_hh14
d82,d55_hh12
d82,d83_hh67
d82,d16_hh200
d82,d55_hh246
d82,d131_hh212
d82,d124_hh126
d82,d184_hh206
d82,d85_hh104
d82,d208_hh221
d82,d56_hh175
d82,d195_hh52
d82,d88_hh108
d82,d35_hh211
d82,d123_hh83
d82,d51_hh285
d82,d110_hh117
d82,d74_hh11
d82,d210_hh262
d82,d156_hh151
d82,d74_hh11
d82,d34_hh166
d82,d150_hh168
d82,d56_hh166
d82,d123_hh83
d82,d183_hh93
d82,d163_hh242
d82,d140_hh195
d82,d139_hh9
d82,d39_hh55
d82,d110_hh117
d82,d187_hh291
d82,d99_hh230
d82,d135_hh191
d82,d126_hh233
d82,d175_hh239
d82,d96_hh8
d82,d187_hh16
d82,d38_hh95
d82,d187_hh32
d82,d120_hh57
d82,d1_hh15
d82,d100_hh65
d82,d131_hh212
d82,d7_hh64
d82,d128_hh180
d82,d187_hh16
d82,d99_hh44
d82,d114_hh12
d82,d141_hh209
d82,d40_hh7
d82,d55_hh232
d82,d104_hh7
d82,d168_hh30
d82,d85_hh218
d82,d112_hh177
d82,d163_hh115
d82,d2_hh232
d82,d135_hh219
d82,d24_hh177
d82,d187_hh16
d82,d24_hh177
d82,d97_hh75
d82,d100_hh164
d82,d124_hh125
d82,d7_hh124
d82,d93_hh184
d82,d135_hh191
d82,d109_hh168
d82,d209_hh40
d82,d56_hh63
d82,d128_hh180
d82,d125_hh236
d82,d44_hh35
d82,d38_hh101
d82,d156_hh218
d82,d147_hh167
d82,d67_hh63
d82,d65_hh67
d82,d91_hh241
d82,d174_hh97
d82,d42_hh38
d82,d209_hh40
d82,d38_hh95
d82,d125_hh189
d82,d156_hh151
d82,d135_hh219
d82,d134_hh7
d82,d16_hh201
d82,d16_hh201
d82,d7_hh64
d82,d59_hh251
d82,d75_hh15
d82,d16_hh177
d82,d135_hh57
d82,d18_hh80
d82,d7_hh87
d82,d195_hh52
d82,d152_hh187
d82,d150_hh168
d82,d44_hh127
d82,d35_hh224
d82,d80_hh6
d82,d117_hh126
d82,d175_hh239
d82,d137_hh109
d82,d13_hh239
d82,d120_hh268
d82,d125_hh189
d82,d135_hh57
d82,d139_hh251
d82,d205_hh217
d82,d18_hh253
d82,d190_hh182
d82,d72_hh77
d82,d156_hh19
d82,d99_hh230
d82,d30_hh44
d82,d120_hh268
d82,d128_hh43
d108,d211_hh86
d108,d115_hh55
d108,d157_hh235
d108,d176_hh85
d108,d176_hh220
d108,d196_hh215
d108,d47_hh300
d108,d92_hh115
d108,d167_hh276
d108,d3_hh97
d108,d108_hh241
d108,d157_hh222
d108,d79_hh255
d108,d107_hh7
d108,d107_hh103
d108,d70_hh110
d108,d103_hh192
d108,d9_hh170
d108,d211_hh86
d108,d194_hh189
d108,d157_hh235
d108,d76_hh6
d108,d142_hh190
d108,d181_hh225
d108,d196_hh126
d108,d64_hh137
d108,d121_hh272
d108,d176_hh220
d108,d151_hh203
d108,d203_hh139
d108,d3_hh180
d108,d79_hh227
d108,d94_hh253
d108,d8_hh106
d108,d103_hh63
d108,d108_hh241
d108,d63_hh160
d108,d70_hh136
d108,d176_hh85
d108,d145_hh175
d108,d107_hh258
d108,d70_hh110
d108,d49_hh257
d108,d14_hh205
d108,d70_hh171
d108,d103_hh48
d108,d194_hh114
d108,d108_hh212
d108,d47_hh135
d108,d148_hh100
d108,d79_hh198
d108,d115_hh55
d108,d25_hh157
d108,d194_hh101
d108,d103_hh48
d108,d121_hh272
d108,d108_hh213
d108,d70_hh136
d108,d196_hh126
d108,d8_hh106
d108,d6_hh155
d108,d28_hh35
d108,d201_hh135
d108,d92_hh161
d108,d157_hh222
d108,d45_hh0
d108,d203_hh139
d108,d63_hh83
d108,d108_hh162
d108,d108_hh212
d108,d192_hh68
d108,d148_hh58
d108,d9_hh236
d108,d157_hh222
d108,d194_hh114
d108,d60_hh108
d108,d79_hh198
d108,d172_hh18
d108,d8_hh105
d108,d148_hh104
d108,d167_hh11
d108,d108_hh230
d108,d194_hh114
d108,d167_hh11
d108,d212_hh61
d108,d176_hh85
d108,d192_hh39
d108,d70_hh136
d108,d167_hh70
d108,d167_hh276
d108,d9_hh236
d108,d194_hh101
d108,d116_hh6
d108,d148_hh244
d108,d115_hh124
d108,d167_hh276
d108,d142_hh108
d108,d94_hh129
d108,d172_hh180
d108,d196_hh126
d108,d201_hh119
d108,d8_hh41
d108,d203_hh227
d108,d3_hh97
d108,d70_hh110
d108,d86_hh55
d108,d192_hh58
d108,d103_hh63
d108,d176_hh194
d108,d108_hh241
d108,d8_hh106
d108,d136_hh192
d108,d176_hh194
d108,d115_hh124
d108,d79_hh114
d108,d185_hh57
d108,d103_hh192
d108,d92_hh91
d108,d136_hh32
d108,d212_hh61
d108,d201_hh78
d108,d8_hh155
d108,d70_hh110
d108,d196_hh139
d108,d142_hh190
d108,d45_hh0
d108,d194_hh189
d108,d107_hh7
d108,d63_hh160
d108,d194_hh40
d108,d142_hh106
d108,d157_hh235
d108,d108_hh241
d108,d70_hh172
d108,d94_hh129
d108,d148_hh104
d108,d94_hh246
d108,d148_hh58
d108,d108_hh241
d108,d148_hh104
d108,d70_hh136
d108,d194_hh114
d108,d176_hh194
d108,d63_hh160
d108,d176_hh92
d108,d3_hh97
d108,d60_hh191
d108,d63_hh131
d108,d189_hh268
d108,d60_hh108
d108,d148_hh100
d108,d28_hh253
d108,d167_hh70
d108,d47_hh128
d108,d176_hh92
d108,d9_hh289
d108,d76_hh193
d108,d103_hh192
d108,d9_hh236
d108,d70_hh171
d108,d145_hh175
d108,d107_hh7
d108,d189_hh268
d108,d121_hh272
d108,d8_hh41
d108,d45_hh0
d108,d76_hh6
d108,d70_hh171
d108,d167_hh70
d108,d212_hh61
d108,d192_hh58
d108,d148_hh100
d108,d108_hh241
d108,d167_hh276
d108,d63_hh160
d108,d8_hh41
d108,d70_hh172
d108,d108_hh213
d108,d8_hh105
d108,d63_hh131
d108,d25_hh80
d108,d70_hh76
d108,d108_hh241
d108,d176_hh85
d108,d194_hh40
d108,d70_hh136
d108,d142_hh106
d108,d145_hh175
d108,d176_hh125
d108,d45_hh79
d108,d63_hh69
d108,d157_hh235
d108,d86_hh55
d108,d79_hh114
d108,d3_hh180
d108,d37_hh159
d108,d188_hh256
d108,d185_hh143
d108,d76_hh6
d108,d194_hh40
d108,d94_hh137
d108,d28_hh253
d108,d107_hh7
d108,d189_hh268
d108,d142_hh108
d108,d22_hh190
d108,d176_hh125
d108,d196_hh197
d108,d176_hh220
d108,d107_hh7
d108,d212_hh252
d108,d176_hh220
d108,d115_hh186
d108,d172_hh18
d108,d181_hh17
d108,d103_hh48
d108,d76_hh187
d108,d157_hh16
d108,d115_hh124
d108,d3_hh180
d108,d201_hh135
d108,d196_hh126
d108,d94_hh253
d108,d14_hh75
d108,d70_hh172
d108,d70_hh110
d108,d63_hh160
d108,d115_hh55
d108,d9_hh289
d108,d192_hh58
d108,d144_hh289
d108,d157_hh222
d108,d203_hh227
d108,d3_hh97
d108,d49_hh219
d108,d108_hh212
d108,d172_hh18
d108,d153_hh96
d108,d14_hh205
d108,d167_hh11
d108,d153_hh100
d108,d201_hh119
d108,d8_hh106
d108,d70_hh171
d108,d196_hh190
d108,d211_hh211
d108,d148_hh244
d108,d108_hh213
d108,d201_hh78
d108,d212_hh61
d108,d70_hh172
d108,d28_hh35
d108,d108_hh213
d108,d76_hh193
d108,d116_hh36
d108,d3_hh35
d108,d70_hh171
d108,d192_hh68
d108,d108_hh212
d108,d211_hh86
d108,d203_hh139
d108,d196_hh126
d108,d70_hh171
d108,d103_hh205
d108,d9_hh236
d108,d181_hh17
d108,d115_hh186
d108,d70_hh110
d108,d14_hh67
d108,d107_hh23
d108,d63_hh69
d108,d167_hh70
d108,d79_hh255
d108,d116_hh196
d108,d47_hh128
d108,d151_hh215
d108,d203_hh139
d108,d148_hh100
d108,d201_hh119
d108,d47_hh300
d108,d108_hh162
d108,d94_hh137
d108,d194_hh101
d108,d167_hh276
d108,d14_hh75
d108,d176_hh194
d108,d201_hh78
d111,d200_hh51
d111,d191_hh190
d111,d56_hh166
d111,d13_hh263
d111,d72_hh77
d111,d61_hh79
d111,d134_hh7
d111,d190_hh173
d111,d88_hh3
d111,d149_hh61
d111,d83_hh79
d111,d191_hh30
d111,d44_hh283
d111,d32_hh60
d111,d158_hh146
d111,d61_hh246
d111,d102_hh284
d111,d82_hh256
d111,d208_hh137
d111,d204_hh158
d111,d73_hh84
d111,d132_hh233
d111,d125_hh236
d111,d77_hh40
d111,d119_hh50
d111,d170_hh273
d111,d51_hh186
d111,d138_hh10
d111,d113_hh254
d111,d149_hh61
d111,d141_hh6
d111,d11_hh132
d111,d78_hh9
d111,d83_hh67
d111,d99_hh230
d111,d55_hh226
d111,d125_hh248
d111,d130_hh177
d111,d104_hh7
d111,d179_hh242
d111,d126_hh233
d111,d110_hh236
d111,d134_hh76
d111,d118_hh188
d111,d210_hh87
d111,d119_hh107
d111,d126_hh44
d111,d205_hh217
d111,d82_hh231
d111,d101_hh182
d111,d190_hh106
d111,d162_hh113
d111,d150_hh168
d111,d16_hh75
d111,d77_hh83
d111,d141_hh235
d111,d44_hh163
d111,d149_hh237
d111,d198_hh78
d111,d170_hh273
d111,d18_hh91
d111,d21_hh25
d111,d123_hh83
d111,d41_hh181
d111,d99_hh44
d111,d214_hh184
d111,d131_hh14
d111,d77_hh83
d111,d122_hh271
d111,d112_hh17
d111,d87_hh38
d111,d202_hh111
d111,d88_hh235
d111,d191_hh12
d111,d160_hh104
d111,d129_hh106
d111,d32_hh136
d111,d42_hh251
d111,d69_hh55
d111,d150_hh253
d111,d124_hh118
d111,d88_hh108
d111,d134_hh31
d111,d85_hh214
d111,d131_hh212
d111,d174_hh6
d111,d150_hh253
d111,d214_hh171
d111,d35_hh211
d111,d69_hh222
d111,d16_hh218
d111,d32_hh151
d111,d184_hh206
d111,d191_hh179
d111,d134_hh31
d111,d110_hh201
d111,d35_hh211
d111,d51_hh49
d111,d55_hh246
d111,d128_hh43
d111,d113_hh254
d111,d91_hh113
d111,d46_hh228
d111,d160_hh59
d111,d124_hh125
d111,d85_hh218
d111,d99_hh38
d111,d66_hh179
d111,d48_hh176
d111,d33_hh64
d111,d112_hh177
d111,d134_hh76
d111,d160_hh232
d111,d130_hh273
d111,d130_hh273
d111,d106_hh24
d111,d11_hh26
d111,d131_hh212
d111,d130_hh177
d111,d124_hh223
d111,d69_hh55
d111,d99_hh44
d111,d111_hh29
d111,d83_hh79
d111,d135_hh57
d111,d95_hh241
d111,d110_hh172
d111,d190_hh38
d111,d56_hh123
d111,d99_hh230
d111,d20_hh48
d111,d56_hh166
d111,d66_hh179
d111,d104_hh7
d111,d73_hh197
d111,d29_hh167
d111,d191_hh275
d111,d137_hh201
d111,d42_hh251
d111,d59_hh207
d111,d56_hh166
d111,d137_hh109
d111,d132_hh233
d111,d78_hh123
d111,d119_hh107
d111,d187_hh291
d111,d81_hh87
d111,d195_hh52
d111,d69_hh222
d111,d178_hh263
d111,d169_hh148
d111,d53_hh249
d111,d130_hh277
d111,d161_hh238
d111,d118_hh262
d111,d101_hh182
d111,d164_hh78
d111,d125_hh189
d111,d204_hh158
d111,d128_hh180
d111,d164_hh78
d111,d74_hh109
d111,d156_hh181
d111,d78_hh234
d111,d35_hh104
d111,d69_hh222
d111,d88_hh267
d111,d195_hh52
d111,d93_hh66
d111,d83_hh67
d111,d56_hh166
d111,d179_hh242
d111,d95_hh241
d111,d150_hh8
d111,d208_hh2
d111,d91_hh113
d111,d56_hh63
d111,d129_hh94
d111,d23_hh236
d111,d77_hh156
d111,d158_hh20
d111,d128_hh184
d111,d114_hh2
d111,d4_hh212
d111,d16_hh75
d111,d59_hh251
d111,d207_hh28
d111,d74_hh108
d111,d66_hh179
d111,d56_hh63
d111,d140_hh260
d111,d191_hh179
d111,d88_hh118
d111,d39_hh55
d111,d75_hh15
d111,d73_hh7
d111,d35_hh224
d111,d18_hh253
d111,d102_hh284
d111,d33_hh266
d111,d114_hh12
d111,d139_hh164
d111,d126_hh156
d111,d97_hh75
d111,d174_hh6
d111,d82_hh41
d111,d42_hh251
d111,d40_hh111
d111,d101_hh182
d111,d198_hh78
d111,d158_hh85
d111,d208_hh221
d111,d200_hh227
d111,d91_hh98
d111,d160_hh211
d111,d126_hh44
d111,d20_hh44
d111,d160_hh232
d111,d131_hh204
d111,d69_hh99
d111,d146_hh114
d111,d112_hh155
d111,d32_hh203
d111,d56_hh177
d111,d164_hh78
d111,d20_hh44
d111,d55_hh190
d111,d135_hh57
d111,d50_hh90
d111,d29_hh167
d111,d42_hh263
d111,d210_hh267
d111,d91_hh113
d111,d109_hh209
d111,d18_hh253
d111,d35_hh224
d111,d152_hh187
d111,d42_hh263
d111,d15_hh188
d111,d91_hh32
d111,d128_hh184
d111,d32_hh101
d111,d214_hh166
d111,d213_hh238
d111,d150_hh253
d111,d48_hh176
d111,d82_hh115
d111,d44_hh65
d111,d78_hh234
d111,d80_hh6
d111,d87_hh38
d111,d44_hh65
d111,d191_hh190
d111,d96_hh8
d111,d59_hh132
d111,d41_hh74
d111,d32_hh136
d111,d125_hh189
d111,d58_hh81
d111,d139_hh164
d111,d42_hh263
d111,d73_hh84
d111,d137_hh216
d111,d135_hh57
d111,d100_hh65
d111,d88_hh3
d111,d110_hh236
d111,d135_hh226
d111,d18_hh253
d111,d78_hh234
d111,d156_hh153
d111,d118_hh88
d111,d162_hh67
d111,d120_hh118
d111,d66_hh154
d111,d97_hh20
d111,d170_hh228
d111,d41_hh72
d111,d87_hh38
d111,d112_hh17
d124,d30_hh44
d124,d11_hh244
d124,d20_hh44
d124,d191_hh179
d124,d135_hh191
d124,d18_hh253
d124,d137_hh109
d124,d183_hh93
d124,d41_hh53
d124,d150_hh253
d124,d11_hh244
d124,d187_hh32
d124,d127_hh69
d124,d73_hh153
d124,d81_hh87
d124,d81_hh87
d124,d205_hh217
d124,d38_hh172
d124,d131_hh41
d124,d11_hh244
d124,d128_hh184
d124,d73_hh197
d124,d5_hh117
d124,d53_hh23
d124,d41_hh74
d124,d158_hh146
d124,d204_hh173
d124,d184_hh210
d124,d16_hh177
d124,d66_hh179
d124,d30_hh132
d124,d134_hh31
d124,d124_hh118
d124,d174_hh97
d124,d129_hh94
d124,d56_hh177
d124,d32_hh136
d124,d88_hh3
d124,d156_hh153
d124,d124_hh118
d124,d184_hh206
d124,d32_hh19
d124,d214_hh20
d124,d50_hh90
d124,d46_hh57
d124,d150_hh8
d124,d150_hh8
d124,d51_hh37
d124,d82_hh41
d124,d50_hh195
d124,d7_hh124
d124,d19_hh147
d124,d149_hh237
d124,d32_hh101
d124,d119_hh107
d124,d100_hh65
d124,d130_hh277
d124,d78_hh123
d124,d190_hh173
d124,d72_hh77
d124,d135_hh57
d124,d141_hh194
d124,d118_hh88
d124,d41_hh181
d124,d104_hh7
d124,d20_hh44
d124,d38_hh95
d124,d11_hh214
d124,d208_hh137
d124,d34_hh12
d124,d124_hh125
d124,d205_hh73
d124,d95_hh241
d124,d154_hh157
d124,d112_hh17
d124,d186_hh175
d124,d88_hh118
d124,d42_hh38
d124,d44_hh35
d124,d112_hh155
d124,d11_hh132
d124,d11_hh26
d124,d207_hh28
d124,d96_hh8
d124,d161_hh238
d124,d81_hh81
d124,d35_hh224
d124,d191_hh190
d124,d160_hh211
d124,d191_hh30
d124,d152_hh187
d124,d13_hh239
d124,d73_hh33
d124,d202_hh17
d124,d160_hh38
d124,d171_hh189
d124,d18_hh91
d124,d20_hh48
d124,d208_hh221
d124,d134_hh76
d124,d156_hh218
d124,d74_hh109
d124,d149_hh30
d124,d169_hh115
d124,d175_hh32
d124,d33_hh266
d124,d51_hh177
d124,d18_hh253
d124,d7_hh240
d124,d35_hh104
d124,d51_hh186
d124,d156_hh218
d124,d88_hh3
d124,d78_hh234
d124,d137_hh109
d124,d35_hh104
d124,d190_hh106
d124,d41_hh53
d124,d208_hh137
d124,d202_hh222
d124,d163_hh115
d124,d141_hh6
d124,d164_hh78
d124,d104_hh7
d124,d175_hh32
d124,d191_hh12
d124,d40_hh111
d124,d168_hh265
d124,d85_hh218
d124,d215_hh157
d124,d126_hh156
d124,d7_hh240
d124,d110_hh201
d124,d128_hh184
d124,d15_hh188
d124,d163_hh242
d124,d129_hh106
d124,d122_hh271
d124,d112_hh177
d124,d198_hh78
d124,d88_hh3
d124,d112_hh31
d124,d55_hh190
d124,d191_hh179
d124,d56_hh89
d124,d204_hh173
d124,d112_hh31
d124,d112_hh17
d124,d126_hh233
d124,d137_hh216
d124,d214_hh166
d124,d137_hh109
d124,d19_hh147
d124,d59_hh207
d124,d111_hh29
d124,d4_hh212
d124,d163_hh242
d124,d122_hh181
d124,d112_hh31
d124,d127_hh69
d124,d146_hh114
d124,d15_hh188
d124,d184_hh210
d124,d160_hh38
d124,d213_hh238
d124,d101_hh186
d124,d191_hh179
d124,d128_hh184
d124,d48_hh119
d124,d124_hh125
d124,d160_hh104
d124,d55_hh246
d124,d154_hh132
d124,d97_hh75
d124,d77_hh83
d124,d55_hh12
d124,d40_hh111
d124,d29_hh167
d124,d88_hh191
d124,d93_hh66
d124,d183_hh93
d124,d93_hh66
d124,d134_hh7
d124,d81_hh14
d124,d130_hh177
d124,d56_hh166
d124,d51_hh49
d124,d56_hh166
d124,d135_hh226
d124,d32_hh136
d124,d101_hh182
d124,d65_hh67
d124,d124_hh223
d124,d143_hh224
d124,d97_hh75
d124,d187_hh16
d124,d40_hh7
d124,d200_hh51
d124,d1_hh15
d124,d149_hh30
d124,d56_hh63
d124,d175_hh32
d124,d7_hh87
d124,d11_hh79
d124,d83_hh67
d124,d149_hh61
d124,d208_hh2
d124,d41_hh181
d124,d7_hh87
d124,d141_hh235
d124,d65_hh67
d124,d141_hh152
d124,d29_hh167
d124,d187_hh32
d124,d18_hh6
d124,d135_hh191
d124,d138_hh1
d124,d35_hh211
d124,d80_hh6
d124,d41_hh72
d124,d42_hh38
d124,d134_hh166
d124,d168_hh30
d124,d91_hh32
d124,d164_hh220
d124,d83_hh67
d124,d73_hh7
d124,d104_hh7
d124,d205_hh73
d124,d207_hh28
d124,d198_hh78
d124,d135_hh57
d124,d141_hh194
d124,d66_hh154
d124,d81_hh14
d124,d214_hh255
d124,d18_hh91
d124,d207_hh28
d124,d20_hh48
d124,d112_hh221
d124,d85_hh104
d124,d7_hh64
d124,d56_hh166
d124,d178_hh263
d124,d143_hh224
d124,d150_hh253
d124,d156_hh19
d124,d82_hh231
d124,d170_hh228
d124,d15_hh97
d124,d174_hh85
d124,d119_hh107
d124,d74_hh109
d124,d99_hh38
d124,d139_hh251
d124,d55_hh232
d124,d42_hh263
d124,d120_hh272
d124,d124_hh125
d124,d11_hh132
d124,d208_hh221
d124,d46_hh57
d124,d96_hh8
d124,d72_hh77
d124,d41_hh72
d124,d139_hh9
d124,d24_hh177
d124,d91_hh113
d124,d158_hh20
d124,d128_hh278
d124,d61_hh79
d124,d32_hh19
d124,d147_hh167
d114,d66_hh193
d114,d93_hh66
d114,d191_hh30
d114,d191_hh275
d114,d118_hh262
d114,d112_hh17
d114,d190_hh176
d114,d202_hh17
d114,d41_hh53
d114,d191_hh179
d114,d7_hh240
d114,d161_hh110
d114,d141_hh194
d114,d120_hh272
d114,d106_hh24
d114,d119_hh107
d114,d65_hh227
d114,d130_hh273
d114,d114_hh2
d114,d69_hh222
d114,d191_hh179
d114,d97_hh75
d114,d125_hh189
d114,d158_hh85
d114,d174_hh97
d114,d161_hh250
d114,d24_hh177
d114,d50_hh195
d114,d130_hh273
d114,d66_hh179
d114,d141_hh194
d114,d7_hh124
d114,d127_hh69
d114,d130_hh277
d114,d122_hh112
d114,d160_hh211
d114,d131_hh212
d114,d99_hh44
d114,d11_hh244
d114,d91_hh100
d114,d125_hh167
d114,d118_hh262
d114,d51_hh285
d114,d51_hh186
d114,d58_hh108
d114,d168_hh265
d114,d1_hh234
d114,d160_hh232
d114,d50_hh195
d114,d117_hh126
d114,d120_hh272
d114,d113_hh254
d114,d191_hh179
d114,d65_hh227
d114,d55_hh190
d114,d51_hh186
d114,d170_hh228
d114,d207_hh28
d114,d11_hh244
d114,d81_hh81
d114,d135_hh219
d114,d56_hh63
d114,d15_hh188
d114,d83_hh67
d114,d41_hh74
d114,d200_hh51
d114,d126_hh156
d114,d163_hh115
d114,d102_hh228
d114,d31_hh135
d114,d141_hh235
d114,d69_hh55
d114,d124_hh167
d114,d73_hh153
d114,d81_hh87
d114,d38_hh101
d114,d209_hh40
d114,d135_hh78
d114,d168_hh265
d114,d128_hh278
d114,d131_hh212
d114,d111_hh29
d114,d69_hh55
d114,d135_hh226
d114,d193_hh61
d114,d160_hh232
d114,d56_hh166
d114,d59_hh251
d114,d83_hh67
d114,d93_hh80
d114,d124_hh125
d114,d125_hh248
d114,d73_hh197
d114,d120_hh45
d114,d156_hh218
d114,d38_hh95
d114,d119_hh107
d114,d65_hh115
d114,d39_hh55
d114,d29_hh167
d114,d101_hh182
d114,d208_hh2
d114,d158_hh49
d114,d170_hh273
d114,d170_hh273
d114,d164_hh78
d114,d129_hh209
d114,d164_hh78
d114,d141_hh194
d114,d170_hh228
d114,d122_hh112
d114,d158_hh49
d114,d118_hh88
d114,d99_hh38
d114,d74_hh212
d114,d32_hh101
d114,d111_hh29
d114,d73_hh153
d114,d131_hh212
d114,d134_hh118
d114,d135_hh226
d114,d73_hh33
d114,d131_hh212
d114,d183_hh237
d114,d126_hh184
d114,d139_hh251
d114,d132_hh233
d114,d190_hh182
d114,d124_hh118
d114,d175_hh181
d114,d61_hh79
d114,d15_hh188
d114,d91_hh79
d114,d48_hh119
d114,d198_hh40
d114,d128_hh278
d114,d205_hh217
d114,d135_hh226
d114,d131_hh204
d114,d135_hh226
d114,d91_hh32
d114,d150_hh168
d114,d91_hh100
d114,d35_hh104
d114,d178_hh263
d114,d91_hh100
d114,d118_hh175
d114,d141_hh194
d114,d147_hh167
d114,d34_hh12
d114,d137_hh216
d114,d131_hh14
d114,d110_hh172
d114,d18_hh6
d114,d59_hh251
d114,d44_hh35
d114,d91_hh98
d114,d134_hh31
d114,d77_hh40
d114,d162_hh67
d114,d41_hh254
d114,d18_hh91
d114,d168_hh30
d114,d122_hh271
d114,d134_hh166
d114,d20_hh48
d114,d198_hh78
d114,d11_hh132
d114,d55_hh229
d114,d88_hh3
d114,d122_hh181
d114,d123_hh83
d114,d156_hh19
d114,d44_hh170
d114,d32_hh136
d114,d141_hh235
d114,d179_hh28
d114,d119_hh107
d114,d158_hh85
d114,d183_hh237
d114,d128_hh273
d114,d39_hh96
d114,d162_hh67
d114,d150_hh8
d114,d51_hh186
d114,d168_hh30
d114,d7_hh240
d114,d156_hh218
d114,d99_hh44
d114,d179_hh242
d114,d38_hh101
d114,d41_hh74
d114,d154_hh132
d114,d42_hh251
d114,d82_hh231
d114,d179_hh267
d114,d134_hh156
d114,d50_hh112
d114,d131_hh212
d114,d175_hh32
d114,d55_hh226
d114,d135_hh78
d114,d83_hh67
d114,d1_hh15
d114,d24_hh177
d114,d20_hh48
d114,d150_hh8
d114,d41_hh74
d114,d154_hh157
d114,d69_hh222
d114,d32_hh101
d114,d59_hh132
d114,d78_hh9
d114,d132_hh233
d114,d42_hh165
d114,d66_hh193
d114,d179_hh242
d114,d160_hh179
d114,d202_hh111
d114,d82_hh115
d114,d56_hh177
d114,d163_hh242
d114,d190_hh32
d114,d16_hh200
d114,d191_hh190
d114,d160_hh59
d114,d149_hh30
d114,d117_hh126
d114,d66_hh179
d114,d65_hh67
d114,d55_hh246
d114,d124_hh167
d114,d82_hh115
d114,d65_hh67
d114,d26_hh63
d114,d129_hh94
d114,d65_hh115
d114,d13_hh263
d114,d130_hh277
d114,d74_hh108
d114,d124_hh125
d114,d191_hh179
d114,d50_hh112
d114,d112_hh31
d114,d104_hh7
d114,d193_hh61
d114,d91_hh100
d114,d110_hh172
d114,d207_hh28
d114,d82_hh41
d114,d112_hh177
d114,d40_hh7
d114,d170_hh63
d114,d191_hh190
d114,d202_hh111
d114,d124_hh167
d114,d131_hh204
d114,d38_hh101
d114,d15_hh188
d114,d111_hh206
d114,d139_hh27
d114,d132_hh233
d114,d131_hh41
d115,d63_hh160
d115,d28_hh253
d115,d194_hh142
d115,d3_hh97
d115,d76_hh187
d115,d45_hh79
d115,d203_hh139
d115,d181_hh17
d115,d25_hh80
d115,d148_hh117
d115,d107_hh7
d115,d201_hh135
d115,d136_hh192
d115,d70_hh172
d115,d192_hh58
d115,d212_hh252
d115,d211_hh211
d115,d176_hh85
d115,d45_hh79
d115,d70_hh171
d115,d103_hh48
d115,d70_hh110
d115,d212_hh252
d115,d185_hh57
d115,d136_hh192
d115,d84_hh122
d115,d176_hh85
d115,d79_hh198
d115,d105_hh45
d115,d212_hh252
d115,d151_hh215
d115,d115_hh124
d115,d76_hh187
d115,d28_hh35
d115,d196_hh139
d115,d8_hh41
d115,d116_hh6
d115,d70_hh110
d115,d116_hh36
d115,d194_hh142
d115,d142_hh190
d115,d71_hh245
d115,d70_hh110
d115,d142_hh106
d115,d185_hh143
d115,d3_hh35
d115,d115_hh55
d115,d94_hh253
d115,d121_hh272
d115,d136_hh192
d115,d167_hh276
d115,d212_hh252
d115,d103_hh48
d115,d9_hh170
d115,d203_hh189
d115,d9_hh197
d115,d108_hh230
d115,d70_hh110
d115,d108_hh212
d115,d8_hh155
d115,d107_hh258
d115,d189_hh268
d115,d157_hh222
d115,d45_hh0
d115,d10_hh167
d115,d92_hh115
d115,d14_hh67
d115,d181_hh17
d115,d115_hh55
d115,d212_hh155
d115,d115_hh199
d115,d94_hh129
d115,d211_hh211
d115,d107_hh7
d115,d107_hh103
d115,d148_hh244
d115,d108_hh162
d115,d115_hh186
d115,d79_hh255
d115,d115_hh199
d115,d63_hh131
d115,d79_hh198
d115,d142_hh190
d115,d203_hh139
d115,d79_hh227
d115,d70_hh172
d115,d157_hh222
d115,d8_hh106
d115,d115_hh176
d115,d9_hh236
d115,d176_hh220
d115,d49_hh103
d115,d167_hh70
d115,d201_hh78
d115,d115_hh186
d115,d211_hh211
d115,d157_hh222
d115,d142_hh106
d115,d176_hh85
d115,d108_hh162
d115,d176_hh220
d115,d71_hh245
d115,d14_hh75
d115,d70_hh172
d115,d103_hh192
d115,d63_hh160
d115,d8_hh106
d115,d27_hh269
d115,d148_hh247
d115,d148_hh117
d115,d192_hh68
d115,d108_hh241
d115,d121_hh272
d115,d108_hh213
d115,d115_hh124
d115,d196_hh139
d115,d201_hh78
d115,d8_hh149
d115,d203_hh139
d115,d45_hh0
d115,d92_hh91
d115,d148_hh244
d115,d8_hh105
d115,d194_hh114
d115,d8_hh149
d115,d108_hh212
d115,d71_hh245
d115,d9_hh170
d115,d172_hh180
d115,d60_hh191
d115,d28_hh40
d115,d8_hh155
d115,d176_hh125
d115,d49_hh257
d115,d176_hh220
d115,d136_hh89
d115,d212_hh61
d115,d157_hh215
d115,d206_hh279
d115,d3_hh97
d115,d45_hh79
d115,d25_hh80
d115,d194_hh189
d115,d172_hh180
d115,d105_hh45
d115,d103_hh192
d115,d9_hh183
d115,d14_hh67
d115,d196_hh126
d115,d212_hh61
d115,d70_hh110
d115,d108_hh230
d115,d203_hh189
d115,d108_hh241
d115,d185_hh57
d115,d203_hh172
d115,d181_hh225
d115,d14_hh75
d115,d157_hh222
d115,d9_hh236
d115,d115_hh186
d115,d9_hh183
d115,d212_hh252
d115,d211_hh211
d115,d92_hh115
d115,d8_hh106
d115,d115_hh55
d115,d3_hh35
d115,d63_hh160
d115,d107_hh7
d115,d167_hh276
d115,d22_hh190
d115,d116_hh118
d115,d107_hh193
d115,d49_hh257
d115,d70_hh76
d115,d45_hh0
d115,d47_hh128
d115,d103_hh63
d115,d203_hh189
d115,d3_hh97
d115,d115_hh176
d115,d9_hh170
d115,d3_hh35
d115,d8_hh106
d115,d70_hh171
d115,d115_hh199
d115,d188_hh256
d115,d153_hh100
d115,d142_hh190
d115,d94_hh253
d115,d8_hh105
d115,d212_hh61
d115,d108_hh162
d115,d70_hh171
d115,d196_hh126
d115,d176_hh194
d115,d45_hh79
d115,d84_hh161
d115,d194_hh101
d115,d8_hh155
d115,d108_hh241
d115,d148_hh58
d115,d108_hh212
d115,d180_hh254
d115,d212_hh61
d115,d86_hh55
d115,d115_hh199
d115,d203_hh189
d115,d108_hh162
d115,d60_hh191
d115,d107_hh103
d115,d196_hh126
d115,d28_hh253
d115,d194_hh114
d115,d49_hh219
d115,d8_hh155
d115,d201_hh78
d115,d115_hh55
d115,d3_hh35
d115,d76_hh6
d115,d3_hh35
d115,d157_hh222
d115,d6_hh130
d115,d115_hh55
d115,d189_hh268
d115,d70_hh136
d115,d84_hh122
d115,d60_hh191
d115,d201_hh78
d115,d167_hh276
d115,d70_hh136
d115,d6_hh130
d115,d27_hh269
d115,d108_hh241
d115,d121_hh272
d115,d70_hh171
d115,d9_hh170
d115,d71_hh163
d115,d212_hh61
d115,d107_hh23
d115,d70_hh171
d115,d63_hh83
d115,d86_hh55
d115,d3_hh35
d115,d70_hh171
d115,d194_hh114
d115,d70_hh136
d115,d148_hh58
d115,d116_hh196
d115,d70_hh76
d115,d189_hh268
d115,d203_hh139
d115,d37_hh160
d115,d148_hh58
d115,d9_hh183
d115,d167_hh70
d115,d63_hh83
d115,d194_hh40
d115,d153_hh100
d115,d79_hh227
d115,d14_hh67
d115,d25_hh80
d115,d8_hh106
d115,d189_hh268
d115,d115_hh186
d115,d70_hh136
d115,d196_hh126
d115,d211_hh211
d122,d66_hh193
d122,d97_hh75
d122,d102_hh228
d122,d210_hh262
d122,d65_hh227
d122,d128_hh180
d122,d183_hh237
d122,d7_hh64
d122,d183_hh93
d122,d83_hh67
d122,d41_hh72
d122,d96_hh8
d122,d74_hh11
d122,d179_hh28
d122,d190_hh38
d122,d170_hh273
d122,d67_hh63
d122,d208_hh137
d122,d152_hh187
d122,d21_hh25
d122,d32_hh136
d122,d42_hh251
d122,d73_hh7
d122,d122_hh210
d122,d118_hh262
d122,d16_hh177
d122,d18_hh253
d122,d21_hh25
d122,d18_hh253
d122,d33_hh64
d122,d32_hh151
d122,d33_hh64
d122,d168_hh30
d122,d190_hh176
d122,d214_hh255
d122,d214_hh255
d122,d124_hh125
d122,d158_hh34
d122,d111_hh29
d122,d77_hh40
d122,d160_hh104
d122,d149_hh237
d122,d126_hh156
d122,d214_hh166
d122,d15_hh97
d122,d78_hh234
d122,d110_hh117
d122,d41_hh74
d122,d44_hh163
d122,d110_hh236
d122,d210_hh87
d122,d73_hh84
d122,d141_hh235
d122,d112_hh176
d122,d154_hh132
d122,d169_hh148
d122,d13_hh239
d122,d7_hh155
d122,d126_hh184
d122,d73_hh151
d122,d30_hh44
d122,d149_hh30
d122,d65_hh227
d122,d40_hh111
d122,d141_hh152
d122,d2_hh232
d122,d29_hh167
d122,d15_hh97
d122,d58_hh108
d122,d160_hh104
d122,d175_hh239
d122,d135_hh57
d122,d170_hh63
d122,d55_hh232
d122,d135_hh57
d122,d41_hh72
d122,d160_hh179
d122,d33_hh64
d122,d99_hh38
d122,d81_hh14
d122,d141_hh194
d122,d73_hh153
d122,d170_hh63
d122,d205_hh54
d122,d155_hh206
d122,d77_hh156
d122,d81_hh81
d122,d56_hh177
d122,d74_hh212
d122,d150_hh253
d122,d174_hh97
d122,d78_hh123
d122,d91_hh32
d122,d16_hh201
d122,d158_hh146
d122,d74_hh212
d122,d210_hh262
d122,d62_hh167
d122,d178_hh263
d122,d73_hh153
d122,d11_hh244
d122,d168_hh30
d122,d160_hh59
d122,d82_hh256
d122,d149_hh237
d122,d85_hh218
d122,d73_hh197
d122,d93_hh184
d122,d99_hh44
d122,d184_hh11
d122,d205_hh73
d122,d135_hh57
d122,d128_hh43
d122,d46_hh57
d122,d51_hh186
d122,d43_hh67
d122,d202_hh111
d122,d55_hh12
d122,d13_hh263
d122,d77_hh156
d122,d41_hh254
d122,d169_hh115
d122,d16_hh75
d122,d55_hh12
d122,d131_hh41
d122,d39_hh96
d122,d41_hh181
d122,d97_hh75
d122,d161_hh229
d122,d5_hh117
d122,d174_hh97
d122,d56_hh123
d122,d5_hh117
d122,d88_hh191
d122,d120_hh118
d122,d158_hh34
d122,d62_hh18
d122,d202_hh111
d122,d55_hh131
d122,d134_hh31
d122,d101_hh182
d122,d152_hh175
d122,d139_hh251
d122,d101_hh182
d122,d128_hh273
d122,d41_hh181
d122,d33_hh64
d122,d73_hh7
d122,d88_hh267
d122,d114_hh12
d122,d170_hh273
d122,d32_hh60
d122,d210_hh262
d122,d160_hh97
d122,d55_hh190
d122,d7_hh148
d122,d35_hh224
d122,d135_hh219
d122,d42_hh263
d122,d50_hh112
d122,d82_hh115
d122,d31_hh135
d122,d190_hh176
d122,d160_hh97
d122,d59_hh98
d122,d122_hh112
d122,d33_hh64
d122,d174_hh97
d122,d187_hh291
d122,d138_hh1
d122,d184_hh11
d122,d111_hh29
d122,d59_hh251
d122,d124_hh125
d122,d74_hh109
d122,d154_hh157
d122,d125_hh189
d122,d69_hh274
d122,d69_hh55
d122,d135_hh57
d122,d81_hh87
d122,d50_hh112
d122,d128_hh180
d122,d122_hh181
d122,d111_hh29
d122,d174_hh97
d122,d88_hh191
d122,d112_hh17
d122,d44_hh65
d122,d7_hh64
d122,d93_hh80
d122,d205_hh217
d122,d15_hh97
d122,d190_hh32
d122,d141_hh235
d122,d81_hh87
d122,d205_hh73
d122,d73_hh151
d122,d30_hh44
d122,d82_hh41
d122,d161_hh238
d122,d110_hh172
d122,d210_hh262
d122,d41_hh72
d122,d149_hh237
d122,d53_hh249
d122,d34_hh166
d122,d35_hh211
d122,d67_hh63
d122,d146_hh88
d122,d4_hh212
d122,d156_hh181
d122,d16_hh75
d122,d202_hh17
d122,d155_hh206
d122,d85_hh218
d122,d11_hh214
d122,d193_hh67
d122,d215_hh157
d122,d11_hh240
d122,d208_hh221
d122,d160_hh211
d122,d50_hh195
d122,d82_hh256
d122,d208_hh2
d122,d77_hh40
d122,d158_hh34
d122,d109_hh209
d122,d88_hh191
d122,d152_hh187
d122,d53_hh249
d122,d110_hh201
d122,d35_hh224
d122,d210_hh262
d122,d53_hh23
d122,d190_hh176
d122,d69_hh55
d122,d186_hh175
d122,d41_hh254
d122,d66_hh179
d122,d93_hh184
d122,d11_hh132
d122,d143_hh224
d122,d26_hh63
d122,d58_hh108
d122,d88_hh3
d122,d65_hh227
d122,d34_hh166
d122,d66_hh13
d122,d101_hh182
d122,d179_hh242
d122,d118_hh175
d122,d112_hh155
d122,d23_hh236
d122,d11_hh132
d122,d51_hh186
d122,d44_hh163
d122,d125_hh189
d122,d143_hh82
d122,d195_hh97
d122,d51_hh186
d122,d51_hh186
d122,d58_hh108
d122,d44_hh283
d122,d213_hh238
d122,d100_hh164
d122,d53_hh249
d122,d73_hh7
d122,d175_hh239
d122,d29_hh167
d122,d69_hh274
d122,d33_hh266
d122,d51_hh37
d122,d209_hh40
d122,d43_hh67
d122,d91_hh98
d122,d158_hh34
d122,d214_hh166
d122,d11_hh26
d123,d122_hh112
d123,d46_hh57
d123,d156_hh218
d123,d18_hh80
d123,d99_hh38
d123,d62_hh18
d123,d16_hh177
d123,d38_hh101
d123,d73_hh153
d123,d112_hh31
d123,d131_hh204
d123,d191_hh30
d123,d69_hh209
d123,d214_hh252
d123,d16_hh200
d123,d1_hh15
d123,d214_hh255
d123,d11_hh244
d123,d1_hh15
d123,d152_hh175
d123,d198_hh40
d123,d150_hh168
d123,d174_hh6
d123,d149_hh30
d123,d208_hh2
d123,d117_hh126
d123,d146_hh88
d123,d126_hh233
d123,d48_hh176
d123,d110_hh201
d123,d155_hh206
d123,d69_hh222
d123,d5_hh117
d123,d114_hh12
d123,d114_hh12
d123,d11_hh79
d123,d215_hh82
d123,d44_hh187
d123,d204_hh158
d123,d140_hh260
d123,d134_hh31
d123,d11_hh26
d123,d46_hh57
d123,d125_hh236
d123,d210_hh267
d123,d126_hh156
d123,d147_hh167
d123,d191_hh30
d123,d162_hh67
d123,d73_hh7
d123,d61_hh246
d123,d109_hh168
d123,d88_hh3
d123,d190_hh173
d123,d74_hh109
d123,d163_hh115
d123,d88_hh267
d123,d33_hh64
d123,d58_hh81
d123,d88_hh235
d123,d190_hh32
d123,d119_hh50
d123,d214_hh255
d123,d191_hh30
d123,d128_hh43
d123,d160_hh38
d123,d190_hh32
d123,d33_hh266
d123,d156_hh218
d123,d34_hh12
d123,d149_hh237
d123,d75_hh15
d123,d125_hh248
d123,d13_hh239
d123,d2_hh232
d123,d69_hh55
d123,d18_hh80
d123,d35_hh224
d123,d139_hh27
d123,d141_hh194
d123,d11_hh132
d123,d120_hh57
d123,d78_hh9
d123,d124_hh126
d123,d66_hh13
d123,d150_hh168
d123,d125_hh236
d123,d18_hh91
d123,d13_hh157
d123,d104_hh7
d123,d156_hh218
d123,d120_hh118
d123,d161_hh238
d123,d127_hh69
d123,d204_hh231
d123,d102_hh284
d123,d7_hh240
d123,d110_hh236
d123,d131_hh212
d123,d112_hh17
d123,d99_hh38
d123,d77_hh40
d123,d11_hh214
d123,d102_hh228
d123,d164_hh78
d123,d198_hh78
d123,d195_hh52
d123,d56_hh63
d123,d162_hh113
d123,d170_hh63
d123,d93_hh66
d123,d112_hh17
d123,d134_hh31
d123,d131_hh14
d123,d95_hh241
d123,d38_hh172
d123,d16_hh201
d123,d128_hh180
d123,d120_hh268
d123,d207_hh28
d123,d179_hh28
d123,d82_hh115
d123,d129_hh94
d123,d16_hh177
d123,d150_hh253
d123,d141_hh194
d123,d214_hh184
d123,d139_hh9
d123,d160_hh232
d123,d127_hh69
d123,d65_hh75
d123,d124_hh118
d123,d55_hh12
d123,d7_hh240
d123,d156_hh153
d123,d186_hh175
d123,d190_hh176
d123,d147_hh167
d123,d31_hh135
d123,d95_hh241
d123,d137_hh201
d123,d21_hh25
d123,d16_hh218
d123,d190_hh38
d123,d129_hh94
d123,d69_hh13
d123,d155_hh206
d123,d56_hh177
d123,d104_hh7
d123,d190_hh38
d123,d41_hh254
d123,d82_hh256
d123,d77_hh156
d123,d191_hh30
d123,d16_hh201
d123,d202_hh111
d123,d111_hh29
d123,d48_hh176
d123,d186_hh175
d123,d204_hh231
d123,d78_hh234
d123,d134_hh31
d123,d58_hh108
d123,d66_hh131
d123,d190_hh106
d123,d51_hh186
d123,d129_hh94
d123,d149_hh61
d123,d30_hh132
d123,d140_hh260
d123,d97_hh75
d123,d73_hh7
d123,d41_hh181
d123,d150_hh253
d123,d110_hh172
d123,d135_hh57
d123,d131_hh204
d123,d69_hh209
d123,d62_hh18
d123,d53_hh249
d123,d204_hh158
d123,d200_hh227
d123,d109_hh209
d123,d160_hh232
d123,d110_hh236
d123,d169_hh148
d123,d44_hh163
d123,d139_hh251
d123,d83_hh79
d123,d193_hh61
d123,d162_hh113
d123,d33_hh266
d123,d93_hh66
d123,d65_hh67
d123,d5_hh117
d123,d41_hh53
d123,d160_hh104
d123,d95_hh241
d123,d50_hh195
d123,d198_hh78
d123,d59_hh207
d123,d51_hh285
d123,d134_hh156
d123,d198_hh40
d123,d48_hh176
d123,d44_hh163
d123,d56_hh123
d123,d29_hh167
d123,d83_hh79
d123,d16_hh177
d123,d61_hh79
d123,d39_hh55
d123,d169_hh148
d123,d78_hh234
d123,d170_hh228
d123,d81_hh87
d123,d75_hh15
d123,d65_hh75
d123,d191_hh12
d123,d55_hh190
d123,d141_hh152
d123,d170_hh228
d123,d110_hh117
d123,d42_hh251
d123,d34_hh12
d123,d65_hh67
d123,d43_hh67
d123,d139_hh251
d123,d77_hh156
d123,d46_hh57
d123,d113_hh254
d123,d183_hh93
d123,d214_hh171
d123,d73_hh153
d123,d135_hh57
d123,d111_hh29
d123,d120_hh118
d123,d41_hh181
d123,d1_hh15
d123,d41_hh181
d123,d135_hh219
d123,d11_hh244
d123,d149_hh237
d123,d164_hh78
d123,d73_hh153
d123,d184_hh11
d123,d11_hh240
d123,d66_hh131
d123,d210_hh267
d123,d184_hh11
d123,d38_hh172
d123,d77_hh156
d123,d191_hh275
d123,d179_hh242
d123,d210_hh267
d123,d41_hh53
d123,d191_hh30
d123,d55_hh232
d123,d210_hh267
d123,d44_hh35
d123,d161_hh110
d123,d51_hh285
d123,d102_hh284
d123,d11_hh26
d123,d51_hh49
d123,d156_hh19
d125,d122_hh112
d125,d119_hh50
d125,d81_hh87
d125,d124_hh223
d125,d141_hh194
d125,d160_hh232
d125,d48_hh176
d125,d156_hh151
d125,d179_hh28
d125,d213_hh238
d125,d21_hh21
d125,d77_hh83
d125,d122_hh271
d125,d128_hh43
d125,d210_hh262
d125,d215_hh157
d125,d207_hh28
d125,d20_hh44
d125,d83_hh79
d125,d120_hh57
d125,d44_hh127
d125,d204_hh173
d125,d11_hh240
d125,d69_hh99
d125,d5_hh117
d125,d126_hh156
d125,d55_hh12
d125,d118_hh175
d125,d59_hh162
d125,d174_hh85
d125,d120_hh118
d125,d69_hh222
d125,d129_hh94
d125,d41_hh72
d125,d87_hh32
d125,d93_hh66
d125,d43_hh27
d125,d215_hh82
d125,d163_hh115
d125,d149_hh30
d125,d93_hh80
d125,d127_hh69
d125,d135_hh57
d125,d202_hh17
d125,d81_hh14
d125,d124_hh167
d125,d205_hh217
d125,d16_hh218
d125,d91_hh113
d125,d126_hh156
d125,d126_hh233
d125,d74_hh212
d125,d191_hh30
d125,d55_hh229
d125,d160_hh211
d125,d50_hh90
d125,d110_hh201
d125,d113_hh254
d125,d73_hh84
d125,d164_hh78
d125,d208_hh221
d125,d40_hh7
d125,d184_hh206
d125,d112_hh31
d125,d137_hh216
d125,d69_hh209
d125,d88_hh108
d125,d175_hh32
d125,d156_hh19
d125,d149_hh30
d125,d30_hh44
d125,d160_hh179
d125,d158_hh49
d125,d134_hh118
d125,d73_hh7
d125,d44_hh163
d125,d35_hh211
d125,d214_hh255
d125,d82_hh115
d125,d134_hh118
d125,d11_hh26
d125,d139_hh251
d125,d186_hh175
d125,d141_hh194
d125,d51_hh177
d125,d213_hh238
d125,d126_hh156
d125,d91_hh100
d125,d88_hh3
d125,d59_hh162
d125,d163_hh242
d125,d169_hh247
d125,d213_hh238
d125,d55_hh246
d125,d117_hh126
d125,d56_hh166
d125,d111_hh29
d125,d147_hh167
d125,d139_hh164
d125,d73_hh84
d125,d88_hh267
d125,d62_hh18
d125,d18_hh91
d125,d175_hh32
d125,d24_hh177
d125,d138_hh10
d125,d38_hh101
d125,d80_hh6
d125,d41_hh72
d125,d134_hh7
d125,d198_hh78
d125,d138_hh10
d125,d160_hh38
d125,d139_hh251
d125,d74_hh11
d125,d171_hh189
d125,d161_hh110
d125,d146_hh114
d125,d43_hh67
d125,d190_hh182
d125,d53_hh249
d125,d13_hh157
d125,d61_hh79
d125,d77_hh83
d125,d55_hh229
d125,d131_hh204
d125,d77_hh83
d125,d137_hh216
d125,d179_hh41
d125,d164_hh78
d125,d101_hh186
d125,d122_hh271
d125,d130_hh273
d125,d11_hh244
d125,d191_hh190
d125,d82_hh256
d125,d137_hh216
d125,d4_hh212
d125,d7_hh155
d125,d42_hh251
d125,d93_hh80
d125,d131_hh41
d125,d131_hh212
d125,d88_hh3
d125,d88_hh3
d125,d82_hh115
d125,d51_hh177
d125,d43_hh67
d125,d170_hh273
d125,d122_hh112
d125,d120_hh57
d125,d210_hh267
d125,d21_hh25
d125,d134_hh166
d125,d38_hh95
d125,d104_hh7
d125,d163_hh44
d125,d42_hh38
d125,d41_hh72
d125,d32_hh203
d125,d169_hh148
d125,d55_hh232
d125,d209_hh40
d125,d214_hh171
d125,d96_hh8
d125,d124_hh118
d125,d74_hh108
d125,d56_hh166
d125,d48_hh119
d125,d118_hh88
d125,d91_hh241
d125,d141_hh209
d125,d93_hh80
d125,d62_hh18
d125,d112_hh17
d125,d170_hh273
d125,d205_hh217
d125,d73_hh153
d125,d156_hh181
d125,d119_hh50
d125,d93_hh80
d125,d175_hh32
d125,d42_hh165
d125,d51_hh285
d125,d128_hh273
d125,d55_hh232
d125,d131_hh41
d125,d7_hh124
d125,d93_hh184
d125,d85_hh218
d125,d190_hh182
d125,d149_hh237
d125,d200_hh227
d125,d175_hh181
d125,d160_hh38
d125,d32_hh136
d125,d141_hh6
d125,d7_hh240
d125,d55_hh12
d125,d5_hh117
d125,d93_hh184
d125,d162_hh113
d125,d168_hh265
d125,d69_hh55
d125,d114_hh2
d125,d208_hh221
d125,d34_hh166
d125,d109_hh209
d125,d184_hh11
d125,d73_hh153
d125,d51_hh186
d125,d69_hh222
d125,d130_hh277
d125,d72_hh77
d125,d44_hh283
d125,d91_hh79
d125,d50_hh112
d125,d48_hh119
d125,d168_hh34
d125,d128_hh180
d125,d11_hh214
d125,d198_hh78
d125,d82_hh115
d125,d78_hh123
d125,d35_hh224
d125,d186_hh175
d125,d128_hh43
d125,d15_hh97
d125,d198_hh40
d125,d191_hh275
d125,d40_hh7
d125,d214_hh184
d125,d41_hh181
d125,d183_hh93
d125,d152_hh187
d125,d29_hh167
d125,d134_hh7
d125,d163_hh242
d125,d1_hh15
d125,d140_hh260
d125,d48_hh119
d125,d21_hh21
d125,d85_hh218
d125,d195_hh52
d125,d102_hh228
d125,d62_hh167
d125,d214_hh166
d125,d126_hh233
d125,d120_hh268
d125,d15_hh188
d125,d66_hh13
d125,d66_hh193
d125,d128_hh43
d125,d1_hh234
d125,d87_hh32
d125,d32_hh203
d125,d129_hh106
d125,d11_hh244
d125,d80_hh6
d125,d16_hh177
d125,d13_hh239
d125,d35_hh211
d125,d128_hh180
d125,d33_hh64
d125,d122_hh181
d125,d183_hh93
d121,d115_hh176
d121,d211_hh211
d121,d201_hh135
d121,d189_hh268
d121,d172_hh18
d121,d47_hh128
d121,d115_hh199
d121,d121_hh272
d121,d71_hh146
d121,d167_hh70
d121,d94_hh137
d121,d108_hh213
d121,d115_hh176
d121,d37_hh160
d121,d167_hh70
d121,d8_hh155
d121,d194_hh142
d121,d92_hh115
d121,d92_hh91
d121,d211_hh211
d121,d167_hh264
d121,d181_hh225
d121,d14_hh67
d121,d84_hh161
d121,d176_hh194
d121,d121_hh272
d121,d79_hh114
d121,d196_hh126
d121,d176_hh194
d121,d167_hh11
d121,d192_hh68
d121,d115_hh176
d121,d167_hh70
d121,d94_hh129
d121,d144_hh253
d121,d180_hh254
d121,d3_hh97
d121,d188_hh256
d121,d189_hh268
d121,d201_hh78
d121,d103_hh48
d121,d172_hh180
d121,d108_hh241
d121,d25_hh80
d121,d25_hh157
d121,d45_hh79
d121,d148_hh244
d121,d115_hh176
d121,d212_hh61
d121,d167_hh70
d121,d70_hh172
d121,d121_hh272
d121,d79_hh114
d121,d144_hh196
d121,d203_hh189
d121,d176_hh125
d121,d25_hh80
d121,d188_hh256
d121,d142_hh106
d121,d151_hh203
d121,d167_hh70
d121,d60_hh108
d121,d70_hh172
d121,d25_hh157
d121,d8_hh105
d121,d45_hh79
d121,d201_hh135
d121,d121_hh272
d121,d25_hh157
d121,d211_hh211
d121,d6_hh130
d121,d64_hh137
d121,d167_hh264
d121,d211_hh211
d121,d148_hh58
d121,d144_hh196
d121,d14_hh75
d121,d6_hh155
d121,d25_hh157
d121,d37_hh160
d121,d28_hh35
d121,d107_hh103
d121,d201_hh135
d121,d107_hh103
d121,d181_hh17
d121,d196_hh139
d121,d203_hh139
d121,d212_hh61
d121,d76_hh187
d121,d70_hh172
d121,d196_hh139
d121,d3_hh180
d121,d60_hh107
d121,d8_hh105
d121,d103_hh48
d121,d212_hh61
d121,d49_hh257
d121,d25_hh157
d121,d144_hh253
d121,d25_hh157
d121,d103_hh192
d121,d79_hh114
d121,d108_hh230
d121,d157_hh235
d121,d196_hh197
d121,d145_hh175
d121,d194_hh101
d121,d203_hh139
d121,d9_hh197
d121,d3_hh180
d121,d145_hh175
d121,d167_hh264
d121,d8_hh41
d121,d108_hh162
d121,d167_hh70
d121,d142_hh106
d121,d3_hh27
d121,d203_hh96
d121,d103_hh205
d121,d176_hh220
d121,d9_hh236
d121,d167_hh11
d121,d28_hh253
d121,d94_hh129
d121,d153_hh100
d121,d194_hh101
d121,d60_hh191
d121,d121_hh170
d121,d70_hh171
d121,d172_hh180
d121,d211_hh86
d121,d9_hh183
d121,d108_hh230
d121,d70_hh110
d121,d196_hh190
d121,d196_hh215
d121,d121_hh272
d121,d94_hh253
d121,d70_hh136
d121,d108_hh212
d121,d142_hh106
d121,d108_hh162
d121,d212_hh61
d121,d28_hh40
d121,d8_hh155
d121,d185_hh143
d121,d49_hh103
d121,d6_hh155
d121,d70_hh110
d121,d211_hh211
d121,d8_hh105
d121,d8_hh106
d121,d76_hh193
d121,d28_hh253
d121,d8_hh105
d121,d94_hh253
d121,d167_hh11
d121,d153_hh100
d121,d167_hh11
d121,d196_hh126
d121,d107_hh103
d121,d37_hh160
d121,d167_hh70
d121,d79_hh227
d121,d142_hh190
d121,d167_hh276
d121,d148_hh247
d121,d116_hh36
d121,d3_hh97
d121,d84_hh161
d121,d8_hh155
d121,d203_hh139
d121,d94_hh253
d121,d194_hh142
d121,d192_hh39
d121,d28_hh40
d121,d14_hh75
d121,d14_hh75
d121,d28_hh35
d121,d9_hh170
d121,d176_hh220
d121,d103_hh48
d121,d107_hh7
d121,d196_hh215
d121,d45_hh79
d121,d108_hh162
d121,d196_hh126
d121,d76_hh187
d121,d196_hh229
d121,d3_hh180
d121,d108_hh162
d121,d108_hh241
d121,d142_hh190
d121,d142_hh108
d121,d121_hh170
d121,d107_hh258
d121,d194_hh101
d121,d76_hh6
d121,d157_hh222
d121,d172_hh18
d121,d148_hh117
d121,d92_hh91
d121,d28_hh253
d121,d153_hh96
d121,d107_hh23
d121,d79_hh114
d121,d167_hh276
d121,d84_hh161
d121,d157_hh222
d121,d148_hh247
d121,d79_hh227
d121,d157_hh235
d121,d176_hh220
d121,d107_hh7
d121,d28_hh35
d121,d107_hh258
d121,d14_hh75
d121,d79_hh227
d121,d157_hh222
d121,d148_hh244
d121,d196_hh126
d121,d108_hh230
d121,d8_hh105
d121,d212_hh61
d121,d192_hh68
d121,d3_hh27
d121,d28_hh35
d121,d63_hh160
d121,d211_hh211
d121,d25_hh157
d121,d203_hh189
d121,d157_hh16
d121,d136_hh32
d121,d144_hh289
d121,d9_hh289
d121,d9_hh197
d121,d151_hh215
d121,d107_hh7
d121,d144_hh289
d121,d212_hh61
d121,d25_hh157
d121,d194_hh114
d121,d107_hh258
d121,d25_hh157
d121,d70_hh172
d121,d151_hh203
d121,d115_hh55
d121,d153_hh96
d121,d8_hh149
d121,d60_hh108
d121,d94_hh246
d121,d108_hh213
d121,d28_hh253
d121,d181_hh225
d121,d196_hh215
d121,d151_hh215
d121,d121_hh272
d121,d79_hh255
d121,d203_hh96
d121,d76_hh193
d121,d153_hh100
d121,d196_hh215
d121,d167_hh70
d121,d70_hh172
d121,d167_hh11
d121,d108_hh241
d121,d148_hh247
d121,d84_hh161
d121,d148_hh117
d121,d76_hh187
d121,d70_hh110
d121,d196_hh139
d121,d121_hh272
d121,d167_hh276
d121,d92_hh115
d121,d63_hh131
d121,d8_hh106
d121,d108_hh230
d121,d45_hh0
d126,d190_hh176
d126,d58_hh81
d126,d164_hh220
d126,d126_hh156
d126,d119_hh174
d126,d214_hh255
d126,d58_hh108
d126,d24_hh177
d126,d132_hh233
d126,d44_hh127
d126,d139_hh164
d126,d66_hh193
d126,d208_hh2
d126,d127_hh69
d126,d187_hh291
d126,d149_hh61
d126,d11_hh244
d126,d125_hh248
d126,d190_hh176
d126,d46_hh57
d126,d82_hh231
d126,d129_hh209
d126,d149_hh30
d126,d174_hh97
d126,d18_hh253
d126,d120_hh45
d126,d73_hh7
d126,d125_hh189
d126,d171_hh189
d126,d73_hh7
d126,d65_hh115
d126,d35_hh224
d126,d118_hh175
d126,d210_hh267
d126,d4_hh212
d126,d135_hh216
d126,d93_hh184
d126,d146_hh114
d126,d110_hh201
d126,d1_hh15
d126,d41_hh181
d126,d150_hh8
d126,d158_hh146
d126,d128_hh297
d126,d46_hh57
d126,d7_hh87
d126,d210_hh262
d126,d55_hh232
d126,d210_hh87
d126,d195_hh31
d126,d210_hh262
d126,d42_hh38
d126,d130_hh177
d126,d152_hh175
d126,d184_hh11
d126,d137_hh201
d126,d100_hh164
d126,d135_hh216
d126,d168_hh30
d126,d101_hh186
d126,d91_hh32
d126,d120_hh118
d126,d119_hh174
d126,d66_hh154
d126,d174_hh6
d126,d190_hh176
d126,d88_hh235
d126,d46_hh228
d126,d131_hh41
d126,d135_hh191
d126,d183_hh93
d126,d163_hh115
d126,d122_hh181
d126,d190_hh173
d126,d214_hh255
d126,d214_hh171
d126,d42_hh263
d126,d16_hh218
d126,d46_hh228
d126,d187_hh291
d126,d150_hh8
d126,d156_hh19
d126,d214_hh20
d126,d156_hh151
d126,d160_hh38
d126,d191_hh179
d126,d120_hh272
d126,d82_hh115
d126,d88_hh235
d126,d110_hh201
d126,d128_hh278
d126,d160_hh97
d126,d11_hh214
d126,d126_hh233
d126,d126_hh156
d126,d40_hh111
d126,d131_hh41
d126,d48_hh176
d126,d160_hh38
d126,d44_hh163
d126,d74_hh108
d126,d69_hh222
d126,d106_hh24
d126,d126_hh184
d126,d134_hh118
d126,d38_hh101
d126,d56_hh177
d126,d208_hh221
d126,d38_hh95
d126,d16_hh201
d126,d160_hh97
d126,d88_hh191
d126,d179_hh28
d126,d78_hh123
d126,d187_hh32
d126,d7_hh240
d126,d13_hh239
d126,d66_hh13
d126,d141_hh194
d126,d77_hh40
d126,d106_hh24
d126,d135_hh191
d126,d29_hh167
d126,d44_hh283
d126,d7_hh124
d126,d131_hh14
d126,d51_hh285
d126,d204_hh173
d126,d187_hh30
d126,d18_hh253
d126,d149_hh30
d126,d112_hh177
d126,d88_hh3
d126,d213_hh238
d126,d15_hh97
d126,d169_hh148
d126,d198_hh40
d126,d55_hh229
d126,d13_hh239
d126,d134_hh31
d126,d11_hh79
d126,d56_hh63
d126,d160_hh59
d126,d131_hh41
d126,d38_hh172
d126,d40_hh7
d126,d160_hh179
d126,d112_hh155
d126,d163_hh44
d126,d1_hh15
d126,d42_hh165
d126,d21_hh21
d126,d146_hh114
d126,d56_hh123
d126,d88_hh267
d126,d99_hh44
d126,d139_hh9
d126,d127_hh69
d126,d200_hh227
d126,d150_hh8
d126,d99_hh230
d126,d104_hh7
d126,d21_hh21
d126,d56_hh63
d126,d69_hh55
d126,d111_hh206
d126,d16_hh218
d126,d149_hh61
d126,d91_hh79
d126,d124_hh167
d126,d131_hh41
d126,d149_hh30
d126,d65_hh115
d126,d143_hh82
d126,d135_hh57
d126,d30_hh132
d126,d195_hh52
d126,d109_hh209
d126,d137_hh216
d126,d42_hh38
d126,d131_hh204
d126,d183_hh237
d126,d187_hh16
d126,d149_hh237
d126,d117_hh245
d126,d141_hh235
d126,d73_hh153
d126,d123_hh83
d126,d87_hh38
d126,d213_hh238
d126,d56_hh166
d126,d150_hh168
d126,d11_hh244
d126,d208_hh137
d126,d165_hh274
d126,d162_hh113
d126,d169_hh115
d126,d69_hh13
d126,d131_hh14
d126,d30_hh132
d126,d131_hh14
d126,d74_hh11
d126,d164_hh220
d126,d150_hh8
d126,d56_hh166
d126,d58_hh81
d126,d178_hh263
d126,d140_hh260
d126,d2_hh232
d126,d171_hh189
d126,d67_hh63
d126,d140_hh260
d126,d16_hh218
d126,d91_hh100
d126,d32_hh101
d126,d38_hh95
d126,d141_hh6
d126,d35_hh211
d126,d82_hh231
d126,d135_hh78
d126,d150_hh8
d126,d190_hh176
d126,d160_hh232
d126,d130_hh277
d126,d126_hh184
d126,d124_hh126
d126,d106_hh24
d126,d100_hh164
d126,d50_hh112
d126,d156_hh153
d126,d104_hh7
d126,d19_hh147
d126,d78_hh123
d126,d62_hh18
d126,d56_hh177
d126,d114_hh2
d126,d208_hh221
d126,d101_hh186
d126,d91_hh79
d126,d111_hh29
d126,d149_hh30
d126,d162_hh67
d126,d130_hh177
d126,d24_hh177
d126,d195_hh52
d126,d66_hh179
d126,d155_hh206
d126,d131_hh204
d126,d128_hh180
d126,d125_hh189
d126,d191_hh30
d126,d61_hh79
d126,d74_hh109
d126,d162_hh67
d126,d5_hh117
d126,d93_hh66
d126,d42_hh165
d126,d15_hh97
d126,d40_hh111
d126,d43_hh67
d126,d128_hh180
d126,d33_hh64
d126,d112_hh17
d126,d208_hh221
d126,d82_hh256
d126,d138_hh1
d126,d124_hh223
d126,d56_hh89
d126,d141_hh194
d128,d179_hh28
d128,d120_hh118
d128,d32_hh60
d128,d190_hh106
d128,d110_hh236
d128,d73_hh84
d128,d156_hh181
d128,d190_hh176
d128,d214_hh184
d128,d16_hh218
d128,d7_hh124
d128,d118_hh262
d128,d91_hh32
d128,d128_hh297
d128,d149_hh30
d128,d141_hh235
d128,d74_hh109
d128,d102_hh284
d128,d125_hh167
d128,d138_hh1
d128,d198_hh40
d128,d7_hh124
d128,d91_hh32
d128,d158_hh34
d128,d48_hh176
d128,d100_hh65
d128,d187_hh291
d128,d190_hh32
d128,d139_hh27
d128,d16_hh201
d128,d124_hh118
d128,d164_hh220
d128,d214_hh184
d128,d141_hh209
d128,d184_hh11
d128,d11_hh240
d128,d38_hh95
d128,d110_hh117
d128,d111_hh29
d128,d191_hh179
d128,d149_hh30
d128,d5_hh117
d128,d74_hh109
d128,d56_hh63
d128,d102_hh284
d128,d7_hh64
d128,d33_hh266
d128,d56_hh89
d128,d35_hh104
d128,d44_hh35
d128,d114_hh2
d128,d56_hh177
d128,d43_hh67
d128,d135_hh191
d128,d16_hh218
d128,d161_hh229
d128,d150_hh8
d128,d156_hh19
d128,d55_hh229
d128,d120_hh57
d128,d143_hh82
d128,d56_hh123
d128,d141_hh152
d128,d55_hh131
d128,d55_hh246
d128,d149_hh237
d128,d111_hh206
d128,d110_hh172
d128,d16_hh75
d128,d59_hh162
d128,d67_hh63
d128,d7_hh87
d128,d158_hh34
d128,d128_hh180
d128,d187_hh16
d128,d91_hh32
d128,d120_hh268
d128,d112_hh176
d128,d161_hh250
d128,d129_hh209
d128,d141_hh194
d128,d81_hh87
d128,d141_hh194
d128,d82_hh256
d128,d150_hh253
d128,d110_hh117
d128,d104_hh7
d128,d160_hh38
d128,d46_hh57
d128,d139_hh27
d128,d32_hh101
d128,d113_hh254
d128,d33_hh266
d128,d139_hh164
d128,d190_hh173
d128,d88_hh235
d128,d149_hh61
d128,d124_hh118
d128,d131_hh204
d128,d62_hh167
d128,d7_hh64
d128,d35_hh104
d128,d69_hh209
d128,d112_hh176
d128,d74_hh108
d128,d150_hh253
d128,d138_hh10
d128,d74_hh212
d128,d91_hh113
d128,d134_hh76
d128,d208_hh2
d128,d11_hh244
d128,d43_hh67
d128,d138_hh1
d128,d34_hh12
d128,d35_hh224
d128,d65_hh227
d128,d137_hh216
d128,d168_hh30
d128,d51_hh37
d128,d65_hh115
d128,d73_hh197
d128,d50_hh112
d128,d112_hh17
d128,d69_hh222
d128,d61_hh79
d128,d91_hh32
d128,d38_hh172
d128,d155_hh206
d128,d204_hh173
d128,d160_hh97
d128,d155_hh206
d128,d21_hh21
d128,d141_hh209
d128,d208_hh137
d128,d141_hh235
d128,d190_hh32
d128,d42_hh38
d128,d29_hh167
d128,d214_hh166
d128,d11_hh240
d128,d141_hh194
d128,d11_hh214
d128,d44_hh65
d128,d129_hh106
d128,d18_hh80
d128,d191_hh30
d128,d112_hh17
d128,d158_hh20
d128,d109_hh209
d128,d77_hh156
d128,d149_hh237
d128,d100_hh65
d128,d156_hh153
d128,d99_hh38
d128,d118_hh262
d128,d1_hh234
d128,d7_hh155
d128,d73_hh153
d128,d149_hh61
d128,d158_hh49
d128,d128_hh43
d128,d137_hh201
d128,d210_hh267
d128,d42_hh263
d128,d40_hh111
d128,d85_hh104
d128,d208_hh221
d128,d33_hh266
d128,d161_hh238
d128,d208_hh221
d128,d122_hh271
d128,d40_hh111
d128,d56_hh123
d128,d32_hh101
d128,d97_hh20
d128,d171_hh189
d128,d73_hh7
d128,d46_hh57
d128,d114_hh12
d128,d183_hh93
d128,d11_hh79
d128,d156_hh19
d128,d170_hh228
d128,d158_hh146
d128,d112_hh177
d128,d88_hh108
d128,d32_hh203
d128,d97_hh75
d128,d16_hh218
d128,d124_hh118
d128,d44_hh163
d128,d23_hh236
d128,d113_hh254
d128,d155_hh206
d128,d208_hh137
d128,d125_hh236
d128,d73_hh7
d128,d30_hh132
d128,d154_hh157
d128,d155_hh206
d128,d205_hh217
d128,d175_hh239
d128,d11_hh26
d128,d158_hh49
d128,d190_hh38
d128,d179_hh41
d128,d38_hh95
d128,d202_hh17
d128,d44_hh35
d128,d39_hh55
d128,d138_hh1
d128,d5_hh117
d128,d43_hh27
d128,d26_hh63
d128,d102_hh228
d128,d126_hh44
d128,d135_hh78
d128,d160_hh232
d128,d156_hh151
d128,d190_hh173
d128,d20_hh44
d128,d158_hh34
d128,d179_hh28
d128,d21_hh16
d128,d87_hh32
d128,d120_hh268
d128,d118_hh262
d128,d44_hh35
d128,d83_hh79
d128,d65_hh67
d128,d55_hh12
d128,d163_hh115
d128,d83_hh67
d128,d41_hh53
d128,d82_hh41
d128,d73_hh84
d128,d21_hh25
d128,d193_hh61
d128,d88_hh3
d128,d210_hh267
d128,d184_hh11
d128,d128_hh180
d128,d85_hh104
d128,d29_hh167
d128,d34_hh166
d128,d125_hh167
d128,d56_hh175
d128,d114_hh2
d128,d55_hh232
d128,d51_hh186
d128,d120_hh272
d128,d130_hh273
d128,d187_hh32
d128,d11_hh214
d128,d69_hh222
d128,d123_hh83
d128,d91_hh98
d128,d111_hh29
d128,d112_hh176
d128,d179_hh28
d128,d53_hh249
d128,d124_hh125
d128,d36_hh69
d128,d78_hh234
d128,d119_hh107
d128,d126_hh44
d128,d93_hh66
d128,d2_hh232
d128,d81_hh87
d128,d171_hh189
d128,d126_hh156
d128,d15_hh97
d128,d38_hh49
d128,d183_hh93
d128,d140_hh260
d128,d163_hh44
d128,d11_hh26
d128,d77_hh40
d128,d191_hh179
d128,d120_hh118
d128,d168_hh30
d128,d215_hh157
d128,d154_hh132
d128,d184_hh206
d128,d44_hh283
d128,d139_hh164
d128,d179_hh41
d128,d55_hh246
d128,d56_hh175
d128,d21_hh16
d128,d16_hh218
d128,d99_hh38
d128,d112_hh221
d128,d55_hh229
d128,d66_hh179
d128,d139_hh251
d128,d18_hh91
d128,d112_hh31
d128,d74_hh108
d128,d78_hh9
d128,d77_hh83
d128,d101_hh186
d127,d44_hh283
d127,d43_hh27
d127,d208_hh221
d127,d2_hh232
d127,d170_hh63
d127,d160_hh38
d127,d88_hh118
d127,d30_hh44
d127,d82_hh256
d127,d112_hh17
d127,d174_hh97
d127,d41_hh74
d127,d18_hh6
d127,d127_hh69
d127,d210_hh87
d127,d160_hh38
d127,d13_hh239
d127,d32_hh151
d127,d51_hh49
d127,d55_hh12
d127,d209_hh40
d127,d69_hh99
d127,d141_hh152
d127,d164_hh78
d127,d72_hh77
d127,d160_hh232
d127,d69_hh274
d127,d175_hh32
d127,d40_hh111
d127,d160_hh232
d127,d124_hh126
d127,d11_hh244
d127,d61_hh79
d127,d210_hh262
d127,d160_hh232
d127,d137_hh109
d127,d161_hh238
d127,d161_hh250
d127,d132_hh233
d127,d129_hh106
d127,d90_hh214
d127,d16_hh218
d127,d7_hh124
d127,d156_hh153
d127,d53_hh249
d127,d93_hh80
d127,d174_hh85
d127,d73_hh7
d127,d101_hh186
d127,d171_hh189
d127,d117_hh245
d127,d18_hh6
d127,d111_hh29
d127,d187_hh30
d127,d160_hh232
d127,d33_hh266
d127,d44_hh127
d127,d127_hh69
d127,d126_hh156
d127,d135_hh78
d127,d11_hh79
d127,d55_hh131
d127,d114_hh12
d127,d59_hh251
d127,d61_hh79
d127,d130_hh277
d127,d143_hh224
d127,d65_hh67
d127,d117_hh126
d127,d38_hh95
d127,d33_hh266
d127,d122_hh181
d127,d18_hh80
d127,d160_hh97
d127,d138_hh10
d127,d111_hh29
d127,d174_hh6
d127,d150_hh168
d127,d42_hh263
d127,d141_hh152
d127,d91_hh113
d127,d39_hh55
d127,d161_hh238
d127,d214_hh166
d127,d128_hh184
d127,d11_hh244
d127,d35_hh104
d127,d131_hh204
d127,d81_hh87
d127,d74_hh11
d127,d19_hh147
d127,d109_hh209
d127,d128_hh184
d127,d51_hh285
d127,d190_hh38
d127,d149_hh61
d127,d214_hh184
d127,d82_hh115
d127,d102_hh228
d127,d118_hh262
d127,d44_hh283
d127,d175_hh32
d127,d112_hh221
d127,d132_hh233
d127,d156_hh181
d127,d7_hh64
d127,d190_hh32
d127,d155_hh206
d127,d134_hh156
d127,d85_hh214
d127,d169_hh148
d127,d109_hh168
d127,d81_hh14
d127,d101_hh182
d127,d123_hh83
d127,d126_hh156
d127,d16_hh177
d127,d35_hh224
d127,d82_hh231
d127,d202_hh17
d127,d11_hh240
d127,d69_hh99
d127,d74_hh109
d127,d16_hh201
d127,d178_hh263
d127,d117_hh245
d127,d183_hh93
d127,d56_hh89
d127,d163_hh115
d127,d7_hh124
d127,d66_hh193
d127,d58_hh108
d127,d48_hh176
d127,d178_hh263
d127,d129_hh209
d127,d170_hh273
d127,d138_hh1
d127,d208_hh137
d127,d125_hh189
d127,d120_hh268
d127,d85_hh104
d127,d137_hh216
d127,d214_hh184
d127,d44_hh127
d127,d16_hh200
d127,d66_hh131
d127,d91_hh241
d127,d30_hh44
d127,d67_hh63
d127,d179_hh41
d127,d81_hh14
d127,d120_hh57
d127,d175_hh181
d127,d32_hh203
d127,d34_hh166
d127,d56_hh166
d127,d20_hh48
d127,d101_hh186
d127,d33_hh64
d127,d44_hh127
d127,d155_hh206
d127,d125_hh248
d127,d50_hh195
d127,d87_hh38
d127,d82_hh256
d127,d62_hh167
d127,d198_hh40
d127,d7_hh155
d127,d83_hh79
d127,d156_hh218
d127,d13_hh157
d127,d118_hh175
d127,d83_hh67
d127,d91_hh32
d127,d126_hh156
d127,d78_hh9
d127,d124_hh223
d127,d124_hh118
d127,d97_hh20
d127,d112_hh177
d127,d88_hh235
d127,d88_hh235
d127,d214_hh252
d127,d7_hh148
d127,d118_hh175
d127,d41_hh181
d127,d132_hh233
d127,d131_hh14
d127,d122_hh210
d127,d35_hh211
d127,d91_hh98
d127,d43_hh27
d127,d16_hh75
d127,d78_hh9
d127,d112_hh177
d127,d55_hh246
d127,d214_hh252
d127,d117_hh245
d127,d123_hh83
d127,d137_hh109
d127,d215_hh157
d127,d139_hh251
d127,d112_hh155
d127,d174_hh97
d127,d129_hh106
d127,d158_hh146
d127,d51_hh186
d127,d15_hh97
d127,d160_hh179
d127,d210_hh87
d127,d87_hh38
d127,d85_hh214
d127,d112_hh155
d127,d99_hh38
d127,d104_hh7
d127,d124_hh126
d127,d174_hh6
d127,d23_hh236
d127,d135_hh57
d127,d44_hh170
d127,d38_hh49
d127,d59_hh132
d127,d69_hh99
d127,d124_hh126
d127,d55_hh131
d127,d179_hh267
d127,d127_hh69
d127,d158_hh20
d127,d160_hh179
d127,d150_hh168
d127,d69_hh274
d127,d111_hh206
d127,d36_hh69
d127,d55_hh229
d127,d33_hh266
d127,d44_hh187
d127,d46_hh228
d127,d11_hh244
d127,d112_hh221
d127,d143_hh82
d127,d128_hh43
d127,d125_hh248
d127,d38_hh49
d127,d91_hh32
d127,d55_hh229
d127,d214_hh184
d127,d33_hh64
d127,d110_hh172
d127,d77_hh40
d127,d126_hh156
d127,d139_hh9
d127,d124_hh125
d127,d24_hh177
d127,d190_hh106
d127,d30_hh44
d127,d118_hh188
d127,d82_hh256
d127,d207_hh28
d127,d55_hh12
d127,d93_hh184
d127,d155_hh206
d127,d169_hh247
d127,d214_hh166
d127,d93_hh80
d127,d101_hh182
d127,d7_hh124
d130,d190_hh176
d130,d137_hh109
d130,d56_hh177
d130,d15_hh188
d130,d126_hh44
d130,d214_hh184
d130,d110_hh201
d130,d61_hh246
d130,d106_hh24
d130,d72_hh77
d130,d106_hh24
d130,d88_hh235
d130,d44_hh170
d130,d169_hh115
d130,d163_hh242
d130,d99_hh38
d130,d141_hh194
d130,d158_hh20
d130,d42_hh251
d130,d184_hh210
d130,d18_hh80
d130,d195_hh97
d130,d139_hh9
d130,d129_hh94
d130,d56_hh175
d130,d78_hh234
d130,d135_hh57
d130,d161_hh250
d130,d82_hh41
d130,d161_hh110
d130,d190_hh182
d130,d32_hh101
d130,d113_hh254
d130,d141_hh194
d130,d7_hh148
d130,d126_hh156
d130,d35_hh211
d130,d69_hh222
d130,d48_hh119
d130,d99_hh38
d130,d161_hh110
d130,d191_hh30
d130,d141_hh6
d130,d99_hh38
d130,d112_hh31
d130,d5_hh117
d130,d102_hh228
d130,d88_hh118
d130,d112_hh31
d130,d19_hh147
d130,d134_hh76
d130,d134_hh7
d130,d158_hh85
d130,d125_hh236
d130,d131_hh41
d130,d140_hh195
d130,d59_hh132
d130,d32_hh101
d130,d58_hh108
d130,d97_hh20
d130,d191_hh30
d130,d132_hh233
d130,d16_hh75
d130,d190_hh176
d130,d160_hh232
d130,d175_hh32
d130,d195_hh31
d130,d191_hh12
d130,d175_hh32
d130,d91_hh32
d130,d113_hh254
d130,d87_hh32
d130,d21_hh16
d130,d11_hh79
d130,d78_hh234
d130,d11_hh244
d130,d11_hh79
d130,d208_hh221
d130,d113_hh254
d130,d149_hh30
d130,d59_hh251
d130,d125_hh167
d130,d88_hh3
d130,d154_hh132
d130,d147_hh167
d130,d42_hh251
d130,d88_hh108
d130,d137_hh109
d130,d124_hh167
d130,d175_hh32
d130,d16_hh200
d130,d154_hh132
d130,d137_hh201
d130,d42_hh263
d130,d11_hh240
d130,d208_hh221
d130,d124_hh223
d130,d214_hh166
d130,d131_hh204
d130,d41_hh53
d130,d129_hh209
d130,d190_hh182
d130,d16_hh177
d130,d208_hh137
d130,d126_hh156
d130,d160_hh211
d130,d150_hh253
d130,d61_hh246
d130,d88_hh191
d130,d122_hh112
d130,d50_hh112
d130,d125_hh167
d130,d38_hh101
d130,d44_hh65
d130,d82_hh256
d130,d124_hh126
d130,d96_hh8
d130,d205_hh54
d130,d65_hh75
d130,d48_hh119
d130,d109_hh168
d130,d66_hh13
d130,d174_hh6
d130,d41_hh254
d130,d38_hh49
d130,d193_hh67
d130,d34_hh12
d130,d141_hh209
d130,d83_hh79
d130,d168_hh30
d130,d146_hh114
d130,d128_hh273
d130,d207_hh28
d130,d125_hh236
d130,d141_hh209
d130,d160_hh97
d130,d140_hh260
d130,d135_hh191
d130,d18_hh80
d130,d210_hh262
d130,d2_hh232
d130,d134_hh166
d130,d175_hh32
d130,d26_hh63
d130,d128_hh184
d130,d156_hh218
d130,d55_hh229
d130,d186_hh175
d130,d31_hh135
d130,d44_hh163
d130,d174_hh85
d130,d190_hh182
d130,d190_hh38
d130,d141_hh235
d130,d51_hh186
d130,d178_hh263
d130,d160_hh97
d130,d175_hh239
d130,d140_hh260
d130,d110_hh236
d130,d13_hh263
d130,d169_hh115
d130,d99_hh38
d130,d56_hh89
d130,d131_hh212
d130,d198_hh78
d130,d158_hh20
d130,d78_hh234
d130,d130_hh177
d130,d210_hh262
d130,d65_hh227
d130,d77_hh156
d130,d41_hh53
d130,d131_hh41
d130,d191_hh30
d130,d164_hh78
d130,d184_hh206
d130,d178_hh263
d130,d11_hh244
d130,d56_hh123
d130,d174_hh6
d130,d77_hh40
d130,d18_hh253
d130,d190_hh38
d130,d128_hh273
d130,d135_hh57
d130,d16_hh218
d130,d81_hh14
d130,d131_hh204
d130,d113_hh254
d130,d91_hh100
d130,d119_hh174
d130,d69_hh55
d130,d195_hh31
d130,d168_hh30
d130,d114_hh12
d130,d164_hh249
d130,d91_hh32
d130,d21_hh25
d130,d193_hh67
d130,d128_hh297
d130,d69_hh274
d130,d208_hh137
d130,d214_hh184
d130,d111_hh206
d130,d65_hh115
d130,d18_hh80
d130,d81_hh14
d130,d91_hh98
d130,d69_hh222
d130,d170_hh228
d130,d73_hh7
d130,d55_hh232
d130,d139_hh9
d130,d120_hh272
d130,d73_hh84
d130,d88_hh267
d130,d117_hh245
d130,d53_hh23
d130,d93_hh184
d130,d160_hh97
d130,d73_hh197
d130,d193_hh67
d130,d129_hh106
d130,d210_hh267
d130,d149_hh61
d130,d147_hh167
d130,d190_hh176
d130,d161_hh238
d130,d65_hh67
d130,d140_hh260
d130,d130_hh277
d130,d99_hh230
d130,d214_hh252
d130,d208_hh221
d130,d184_hh11
d130,d43_hh27
d130,d35_hh224
d130,d82_hh115
d130,d183_hh93
d130,d59_hh98
d130,d193_hh67
d130,d77_hh156
d130,d147_hh167
d130,d155_hh206
d130,d170_hh273
d130,d202_hh222
d130,d41_hh181
d130,d143_hh82
d130,d114_hh2
d130,d65_hh115
d130,d119_hh174
d130,d156_hh181
d130,d141_hh209
d130,d163_hh242
d130,d171_hh189
d130,d174_hh97
d130,d51_hh37
d130,d150_hh8
d130,d24_hh177
d130,d66_hh193
d130,d114_hh2
d130,d93_hh80
d130,d110_hh201
d130,d190_hh38
d130,d51_hh186
d130,d56_hh166
d130,d118_hh262
d130,d96_hh8
d130,d69_hh209
d130,d69_hh55
d130,d106_hh24
d130,d99_hh230
d130,d66_hh179
d130,d11_hh214
d130,d143_hh82
d130,d55_hh246
d130,d91_hh98
d130,d215_hh82
d130,d190_hh38
d130,d190_hh106
d130,d11_hh240
d120,d124_hh125
d120,d179_hh267
d120,d32_hh101
d120,d91_hh32
d120,d112_hh31
d120,d150_hh168
d120,d126_hh156
d120,d214_hh166
d120,d178_hh263
d120,d30_hh132
d120,d11_hh79
d120,d77_hh156
d120,d73_hh153
d120,d200_hh51
d120,d175_hh181
d120,d163_hh44
d120,d213_hh238
d120,d41_hh181
d120,d97_hh20
d120,d59_hh251
d120,d187_hh30
d120,d88_hh191
d120,d77_hh83
d120,d114_hh2
d120,d200_hh51
d120,d204_hh158
d120,d44_hh283
d120,d131_hh14
d120,d97_hh75
d120,d18_hh253
d120,d168_hh34
d120,d195_hh97
d120,d160_hh97
d120,d141_hh209
d120,d190_hh176
d120,d73_hh153
d120,d11_hh240
d120,d122_hh112
d120,d141_hh209
d120,d160_hh232
d120,d120_hh118
d120,d137_hh201
d120,d73_hh153
d120,d18_hh6
d120,d120_hh268
d120,d99_hh44
d120,d55_hh12
d120,d44_hh187
d120,d134_hh76
d120,d23_hh236
d120,d44_hh170
d120,d122_hh112
d120,d195_hh31
d120,d46_hh57
d120,d156_hh151
d120,d124_hh167
d120,d193_hh61
d120,d135_hh219
d120,d16_hh200
d120,d124_hh223
d120,d125_hh167
d120,d59_hh162
d120,d215_hh82
d120,d48_hh119
d120,d7_hh155
d120,d74_hh212
d120,d40_hh111
d120,d191_hh30
d120,d175_hh239
d120,d135_hh219
d120,d39_hh55
d120,d1_hh15
d120,d109_hh168
d120,d160_hh104
d120,d38_hh101
d120,d82_hh256
d120,d120_hh268
d120,d134_hh118
d120,d55_hh232
d120,d128_hh184
d120,d99_hh230
d120,d195_hh31
d120,d205_hh217
d120,d112_hh17
d120,d91_hh241
d120,d149_hh61
d120,d77_hh156
d120,d146_hh114
d120,d88_hh3
d120,d210_hh262
d120,d55_hh12
d120,d55_hh190
d120,d87_hh32
d120,d56_hh63
d120,d139_hh27
d120,d109_hh168
d120,d46_hh228
d120,d11_hh26
d120,d160_hh211
d120,d205_hh217
d120,d190_hh182
d120,d161_hh229
d120,d131_hh41
d120,d111_hh206
d120,d160_hh211
d120,d59_hh132
d120,d168_hh30
d120,d82_hh231
d120,d125_hh248
d120,d155_hh206
d120,d55_hh190
d120,d141_hh209
d120,d16_hh75
d120,d88_hh191
d120,d55_hh232
d120,d7_hh124
d120,d7_hh64
d120,d69_hh274
d120,d207_hh28
d120,d78_hh9
d120,d7_hh64
d120,d38_hh95
d120,d88_hh235
d120,d215_hh82
d120,d155_hh206
d120,d58_hh108
d120,d18_hh253
d120,d130_hh277
d120,d134_hh76
d120,d59_hh251
d120,d118_hh262
d120,d187_hh30
d120,d195_hh97
d120,d175_hh181
d120,d215_hh157
d120,d73_hh153
d120,d69_hh209
d120,d11_hh79
d120,d141_hh235
d120,d21_hh25
d120,d69_hh209
d120,d51_hh177
d120,d156_hh151
d120,d66_hh13
d120,d88_hh235
d120,d11_hh240
d120,d118_hh262
d120,d65_hh227
d120,d130_hh177
d120,d18_hh253
d120,d129_hh94
d120,d215_hh157
d120,d191_hh179
d120,d75_hh15
d120,d93_hh184
d120,d58_hh108
d120,d134_hh156
d120,d59_hh98
d120,d112_hh221
d120,d214_hh166
d120,d77_hh83
d120,d90_hh214
d120,d178_hh263
d120,d40_hh111
d120,d91_hh100
d120,d101_hh182
d120,d44_hh163
d120,d163_hh44
d120,d139_hh27
d120,d210_hh267
d120,d160_hh38
d120,d163_hh115
d120,d214_hh252
d120,d161_hh238
d120,d120_hh118
d120,d131_hh212
d120,d160_hh97
d120,d160_hh104
d120,d213_hh238
d120,d59_hh132
d120,d97_hh75
d120,d152_hh187
d120,d20_hh48
d120,d134_hh76
d120,d35_hh224
d120,d154_hh132
d120,d134_hh118
d120,d113_hh254
d120,d19_hh147
d120,d126_hh184
d120,d155_hh206
d120,d200_hh227
d120,d137_hh216
d120,d62_hh167
d120,d120_hh272
d120,d202_hh111
d120,d155_hh206
d120,d42_hh165
d120,d56_hh123
d120,d141_hh152
d120,d208_hh137
d120,d16_hh201
d120,d77_hh156
d120,d74_hh212
d120,d87_hh32
d120,d126_hh156
d120,d156_hh153
d120,d102_hh284
d120,d96_hh8
d120,d190_hh32
d120,d21_hh16
d120,d21_hh16
d120,d16_hh177
d120,d56_hh177
d120,d205_hh54
d120,d100_hh164
d120,d164_hh78
d120,d160_hh211
d120,d111_hh206
d120,d146_hh114
d120,d139_hh164
d120,d55_hh229
d120,d171_hh189
d120,d118_hh262
d120,d168_hh265
d120,d150_hh168
d120,d88_hh108
d120,d42_hh263
d120,d109_hh209
d120,d58_hh81
d120,d161_hh238
d120,d99_hh44
d120,d202_hh222
d120,d131_hh14
d120,d118_hh262
d120,d91_hh32
d120,d158_hh85
d120,d11_hh244
d120,d4_hh212
d120,d119_hh107
d120,d88_hh108
d120,d164_hh78
d120,d51_hh177
d120,d66_hh13
d120,d168_hh34
d120,d125_hh189
d120,d119_hh174
d120,d160_hh104
d120,d20_hh48
d120,d139_hh27
d120,d214_hh20
d120,d150_hh8
d120,d41_hh254
d120,d11_hh214
d120,d56_hh123
d120,d102_hh284
d120,d88_hh267
d120,d161_hh238
d120,d11_hh240
d120,d146_hh114
d120,d191_hh30
d120,d110_hh172
d120,d93_hh184
d120,d32_hh203
d120,d169_hh148
d120,d163_hh242
d120,d38_hh172
d120,d138_hh1
d120,d175_hh32
d120,d137_hh201
d120,d129_hh94
d120,d146_hh88
d120,d208_hh2
d120,d24_hh177
d120,d208_hh2
d120,d35_hh211
d120,d111_hh29
d120,d190_hh38
d120,d195_hh97
d120,d51_hh186
d120,d73_hh151
d120,d66_hh179
d120,d168_hh34
d120,d39_hh96
d120,d128_hh180
d120,d112_hh17
d120,d66_hh131
d118,d146_hh88
d118,d147_hh167
d118,d66_hh13
d118,d91_hh241
d118,d127_hh69
d118,d122_hh271
d118,d154_hh157
d118,d170_hh273
d118,d174_hh85
d118,d82_hh231
d118,d112_hh17
d118,d56_hh63
d118,d169_hh247
d118,d91_hh79
d118,d124_hh167
d118,d91_hh113
d118,d158_hh146
d118,d20_hh48
d118,d42_hh263
d118,d78_hh9
d118,d1_hh234
d118,d38_hh101
d118,d120_hh118
d118,d87_hh32
d118,d41_hh72
d118,d55_hh12
d118,d87_hh32
d118,d53_hh249
d118,d120_hh118
d118,d42_hh263
d118,d56_hh63
d118,d19_hh147
d118,d88_hh235
d118,d1_hh234
d118,d11_hh79
d118,d66_hh193
d118,d7_hh64
d118,d208_hh2
d118,d24_hh177
d118,d20_hh44
d118,d101_hh182
d118,d93_hh66
d118,d55_hh246
d118,d110_hh236
d118,d154_hh132
d118,d55_hh232
d118,d122_hh271
d118,d48_hh119
d118,d81_hh87
d118,d82_hh256
d118,d171_hh189
d118,d56_hh166
d118,d183_hh93
d118,d210_hh262
d118,d26_hh63
d118,d161_hh110
d118,d175_hh181
d118,d119_hh50
d118,d59_hh251
d118,d164_hh220
d118,d46_hh57
d118,d73_hh197
d118,d170_hh273
d118,d85_hh104
d118,d11_hh79
d118,d97_hh20
d118,d33_hh266
d118,d110_hh201
d118,d168_hh30
d118,d21_hh21
d118,d128_hh180
d118,d13_hh263
d118,d38_hh101
d118,d124_hh118
d118,d175_hh181
d118,d184_hh206
d118,d101_hh182
d118,d11_hh240
d118,d38_hh101
d118,d99_hh38
d118,d38_hh101
d118,d87_hh32
d118,d190_hh38
d118,d174_hh6
d118,d202_hh17
d118,d156_hh218
d118,d18_hh80
d118,d65_hh75
d118,d65_hh227
d118,d141_hh6
d118,d38_hh95
d118,d208_hh221
d118,d168_hh265
d118,d21_hh25
d118,d124_hh167
d118,d81_hh81
d118,d44_hh35
d118,d208_hh137
d118,d65_hh227
d118,d191_hh30
d118,d214_hh184
d118,d15_hh188
d118,d55_hh232
d118,d131_hh212
d118,d55_hh246
d118,d139_hh164
d118,d130_hh277
d118,d77_hh156
d118,d141_hh152
d118,d214_hh166
d118,d205_hh54
d118,d34_hh12
d118,d29_hh167
d118,d7_hh148
d118,d129_hh106
d118,d31_hh135
d118,d120_hh118
d118,d187_hh30
d118,d50_hh195
d118,d178_hh263
d118,d110_hh172
d118,d42_hh263
d118,d191_hh275
d118,d31_hh135
d118,d207_hh28
d118,d91_hh32
d118,d131_hh204
d118,d16_hh177
d118,d134_hh166
d118,d16_hh201
d118,d82_hh256
d118,d113_hh254
d118,d91_hh79
d118,d44_hh65
d118,d55_hh229
d118,d78_hh234
d118,d55_hh190
d118,d169_hh247
d118,d42_hh263
d118,d1_hh15
d118,d191_hh179
d118,d132_hh233
d118,d48_hh119
d118,d204_hh173
d118,d30_hh132
d118,d11_hh240
d118,d146_hh114
d118,d187_hh30
d118,d91_hh113
d118,d112_hh31
d118,d11_hh132
d118,d66_hh131
d118,d120_hh272
d118,d208_hh221
d118,d141_hh235
d118,d15_hh97
d118,d82_hh115
d118,d119_hh107
d118,d16_hh75
d118,d126_hh233
d118,d41_hh72
d118,d214_hh20
d118,d1_hh15
d118,d46_hh228
d118,d102_hh284
d118,d4_hh212
d118,d210_hh262
d118,d163_hh44
d118,d66_hh193
d118,d134_hh118
d118,d97_hh75
d118,d73_hh197
d118,d55_hh12
d118,d171_hh189
d118,d30_hh132
d118,d73_hh153
d118,d7_hh240
d118,d21_hh21
d118,d128_hh278
d118,d56_hh177
d118,d112_hh17
d118,d88_hh235
d118,d202_hh222
d118,d205_hh217
d118,d44_hh187
d118,d122_hh112
d118,d42_hh38
d118,d50_hh112
d118,d81_hh81
d118,d214_hh252
d118,d42_hh263
d118,d202_hh17
d118,d210_hh262
d118,d170_hh63
d118,d120_hh118
d118,d69_hh222
d118,d59_hh207
d118,d134_hh118
d118,d152_hh175
d118,d87_hh32
d118,d100_hh65
d118,d124_hh126
d118,d112_hh221
d118,d100_hh65
d118,d175_hh181
d118,d59_hh251
d118,d184_hh210
d118,d24_hh177
d118,d59_hh98
d118,d174_hh97
d118,d165_hh274
d118,d141_hh6
d118,d43_hh27
d118,d137_hh201
d118,d33_hh266
d118,d198_hh78
d118,d44_hh283
d118,d42_hh251
d118,d208_hh137
d118,d81_hh87
d118,d91_hh241
d118,d18_hh253
d118,d18_hh91
d118,d117_hh126
d118,d65_hh115
d118,d114_hh12
d118,d122_hh271
d118,d190_hh32
d118,d87_hh38
d118,d102_hh228
d118,d99_hh230
d118,d11_hh240
d118,d4_hh212
d118,d61_hh79
d118,d128_hh180
d118,d160_hh104
d118,d66_hh154
d118,d204_hh231
d118,d123_hh83
d118,d160_hh97
d118,d42_hh263
d118,d186_hh175
d118,d156_hh19
d118,d117_hh245
d118,d38_hh101
d118,d137_hh216
d118,d16_hh75
d118,d110_hh172
d118,d19_hh147
d118,d156_hh218
d118,d74_hh108
d118,d127_hh69
d118,d73_hh153
d118,d135_hh219
d118,d7_hh155
d118,d77_hh40
d118,d137_hh216
d118,d61_hh246
d118,d114_hh12
d118,d18_hh80
d118,d112_hh31
d118,d11_hh26
d118,d141_hh6
d118,d56_hh63
d118,d33_hh266
d118,d7_hh124
d118,d130_hh273
d118,d183_hh93
d118,d32_hh101
d118,d41_hh72
d118,d81_hh81
d118,d214_hh184
d118,d91_hh98
d118,d158_hh49
d118,d33_hh266
d118,d33_hh266
d118,d73_hh151
d118,d128_hh180
d118,d11_hh214
d118,d88_hh267
d118,d119_hh107
d118,d73_hh197
d118,d198_hh78
d118,d193_hh67
d129,d195_hh52
d129,d110_hh201
d129,d77_hh40
d129,d35_hh224
d129,d38_hh172
d129,d111_hh29
d129,d15_hh188
d129,d114_hh2
d129,d158_hh146
d129,d139_hh164
d129,d31_hh135
d129,d39_hh55
d129,d7_hh240
d129,d102_hh284
d129,d78_hh123
d129,d184_hh11
d129,d100_hh164
d129,d62_hh18
d129,d165_hh274
d129,d168_hh30
d129,d130_hh273
d129,d33_hh64
d129,d21_hh16
d129,d69_hh209
d129,d91_hh79
d129,d32_hh151
d129,d65_hh115
d129,d114_hh12
d129,d85_hh104
d129,d195_hh31
d129,d7_hh87
d129,d187_hh32
d129,d58_hh108
d129,d65_hh67
d129,d190_hh182
d129,d128_hh180
d129,d24_hh177
d129,d110_hh236
d129,d13_hh239
d129,d128_hh184
d129,d85_hh104
d129,d13_hh157
d129,d102_hh228
d129,d101_hh186
d129,d140_hh195
d129,d29_hh167
d129,d78_hh234
d129,d162_hh113
d129,d44_hh283
d129,d160_hh211
d129,d158_hh146
d129,d134_hh118
d129,d129_hh209
d129,d7_hh87
d129,d42_hh251
d129,d16_hh75
d129,d21_hh25
d129,d99_hh230
d129,d51_hh285
d129,d137_hh216
d129,d204_hh173
d129,d112_hh221
d129,d149_hh61
d129,d204_hh173
d129,d73_hh197
d129,d62_hh18
d129,d168_hh30
d129,d135_hh78
d129,d179_hh267
d129,d161_hh110
d129,d110_hh236
d129,d214_hh166
d129,d7_hh87
d129,d53_hh23
d129,d50_hh195
d129,d178_hh263
d129,d132_hh233
d129,d158_hh49
d129,d80_hh6
d129,d91_hh100
d129,d126_hh156
d129,d187_hh30
d129,d168_hh265
d129,d155_hh206
d129,d130_hh273
d129,d156_hh218
d129,d1_hh15
d129,d126_hh233
d129,d124_hh125
d129,d187_hh32
d129,d210_hh262
d129,d46_hh57
d129,d204_hh231
d129,d26_hh63
d129,d32_hh19
d129,d134_hh118
d129,d117_hh126
d129,d156_hh218
d129,d139_hh164
d129,d158_hh20
d129,d48_hh119
d129,d110_hh201
d129,d73_hh153
d129,d83_hh67
d129,d204_hh231
d129,d69_hh55
d129,d207_hh28
d129,d135_hh216
d129,d146_hh114
d129,d135_hh216
d129,d7_hh87
d129,d26_hh63
d129,d56_hh63
d129,d208_hh221
d129,d161_hh110
d129,d32_hh203
d129,d7_hh64
d129,d81_hh14
d129,d129_hh106
d129,d200_hh51
d129,d204_hh158
d129,d134_hh7
d129,d174_hh97
d129,d43_hh27
d129,d112_hh31
d129,d135_hh226
d129,d204_hh158
d129,d129_hh106
d129,d43_hh67
d129,d91_hh79
d129,d44_hh187
d129,d137_hh201
d129,d126_hh44
d129,d74_hh108
d129,d39_hh55
d129,d200_hh227
d129,d129_hh209
d129,d88_hh3
d129,d73_hh84
d129,d55_hh226
d129,d140_hh260
d129,d11_hh244
d129,d146_hh114
d129,d123_hh83
d129,d66_hh193
d129,d214_hh255
d129,d18_hh253
d129,d158_hh146
d129,d13_hh157
d129,d55_hh12
d129,d125_hh248
d129,d55_hh229
d129,d187_hh32
d129,d191_hh190
d129,d156_hh19
d129,d123_hh83
d129,d95_hh241
d129,d205_hh54
d129,d24_hh177
d129,d118_hh188
d129,d65_hh115
d129,d109_hh209
d129,d73_hh197
d129,d74_hh109
d129,d155_hh206
d129,d160_hh179
d129,d184_hh210
d129,d170_hh273
d129,d61_hh79
d129,d74_hh11
d129,d44_hh163
d129,d131_hh14
d129,d179_hh41
d129,d110_hh236
d129,d135_hh226
d129,d59_hh132
d129,d97_hh20
d129,d193_hh67
d129,d42_hh251
d129,d184_hh210
d129,d134_hh166
d129,d187_hh30
d129,d43_hh27
d129,d137_hh109
d129,d99_hh44
d129,d126_hh233
d129,d88_hh3
d129,d134_hh166
d129,d160_hh38
d129,d44_hh35
d129,d175_hh32
d129,d156_hh181
d129,d88_hh118
d129,d73_hh151
d129,d65_hh67
d129,d160_hh38
d129,d32_hh151
d129,d168_hh30
d129,d114_hh12
d129,d190_hh173
d129,d190_hh32
d129,d126_hh156
d129,d195_hh31
d129,d111_hh206
d129,d34_hh12
d129,d44_hh283
d129,d137_hh201
d129,d164_hh249
d129,d43_hh27
d129,d134_hh118
d129,d99_hh38
d129,d99_hh230
d129,d33_hh64
d129,d42_hh165
d129,d59_hh162
d129,d155_hh206
d129,d210_hh87
d129,d208_hh137
d129,d80_hh6
d129,d43_hh67
d129,d44_hh163
d129,d73_hh33
d129,d16_hh201
d129,d214_hh171
d129,d130_hh273
d129,d119_hh50
d129,d147_hh167
d129,d35_hh211
d129,d48_hh176
d129,d110_hh236
d129,d11_hh244
d129,d73_hh84
d129,d139_hh164
d129,d13_hh239
d129,d131_hh204
d129,d125_hh236
d129,d135_hh191
d129,d137_hh109
d129,d210_hh262
d129,d99_hh44
d129,d129_hh209
d129,d135_hh219
d129,d139_hh251
d129,d130_hh273
d129,d78_hh123
d129,d110_hh117
d129,d120_hh45
d129,d81_hh81
d129,d77_hh156
d129,d213_hh238
d129,d198_hh78
d129,d119_hh107
d129,d7_hh124
d129,d81_hh81
d129,d56_hh175
d129,d187_hh291
d129,d55_hh246
d129,d163_hh115
d129,d186_hh175
d129,d208_hh221
d129,d11_hh244
d129,d160_hh97
d129,d214_hh255
d129,d187_hh16
d129,d160_hh211
d129,d42_hh263
d129,d66_hh193
d129,d2_hh232
d129,d120_hh57
d129,d55_hh226
d129,d44_hh127
d129,d77_hh83
d129,d56_hh175
d129,d97_hh75
d129,d87_hh38
d129,d29_hh167
d129,d73_hh151
d129,d74_hh109
d129,d93_hh80
d117,d56_hh89
d117,d88_hh118
d117,d170_hh228
d117,d11_hh79
d117,d186_hh175
d117,d56_hh175
d117,d210_hh87
d117,d190_hh176
d117,d128_hh180
d117,d111_hh206
d117,d135_hh57
d117,d40_hh111
d117,d32_hh101
d117,d78_hh123
d117,d118_hh188
d117,d51_hh186
d117,d114_hh12
d117,d134_hh7
d117,d113_hh254
d117,d191_hh30
d117,d11_hh79
d117,d32_hh151
d117,d163_hh115
d117,d138_hh10
d117,d56_hh177
d117,d16_hh75
d117,d118_hh188
d117,d124_hh167
d117,d104_hh7
d117,d160_hh97
d117,d91_hh32
d117,d156_hh151
d117,d155_hh206
d117,d40_hh111
d117,d61_hh79
d117,d46_hh228
d117,d143_hh224
d117,d155_hh206
d117,d169_hh115
d117,d174_hh97
d117,d210_hh87
d117,d61_hh246
d117,d178_hh263
d117,d44_hh35
d117,d50_hh195
d117,d131_hh14
d117,d149_hh237
d117,d56_hh166
d117,d46_hh57
d117,d91_hh113
d117,d140_hh260
d117,d82_hh115
d117,d208_hh137
d117,d83_hh79
d117,d160_hh38
d117,d141_hh6
d117,d7_hh124
d117,d19_hh147
d117,d158_hh34
d117,d126_hh156
d117,d74_hh108
d117,d51_hh49
d117,d184_hh11
d117,d129_hh94
d117,d118_hh262
d117,d73_hh84
d117,d73_hh151
d117,d69_hh99
d117,d99_hh230
d117,d190_hh173
d117,d48_hh119
d117,d131_hh14
d117,d44_hh65
d117,d205_hh73
d117,d46_hh57
d117,d158_hh85
d117,d149_hh61
d117,d20_hh48
d117,d202_hh222
d117,d155_hh206
d117,d69_hh274
d117,d193_hh61
d117,d7_hh240
d117,d38_hh101
d117,d149_hh30
d117,d184_hh11
d117,d160_hh232
d117,d7_hh240
d117,d179_hh267
d117,d128_hh184
d117,d150_hh253
d117,d56_hh89
d117,d155_hh206
d117,d82_hh231
d117,d21_hh25
d117,d39_hh96
d117,d141_hh152
d117,d42_hh263
d117,d59_hh207
d117,d88_hh191
d117,d131_hh41
d117,d82_hh231
d117,d154_hh157
d117,d7_hh124
d117,d149_hh237
d117,d156_hh181
d117,d72_hh77
d117,d155_hh206
d117,d126_hh156
d117,d66_hh179
d117,d11_hh240
d117,d58_hh108
d117,d175_hh181
d117,d130_hh273
d117,d87_hh38
d117,d138_hh1
d117,d117_hh126
d117,d214_hh252
d117,d59_hh132
d117,d117_hh245
d117,d124_hh223
d117,d50_hh112
d117,d163_hh242
d117,d204_hh173
d117,d74_hh108
d117,d146_hh88
d117,d202_hh222
d117,d46_hh57
d117,d179_hh267
d117,d155_hh206
d117,d200_hh227
d117,d132_hh233
d117,d140_hh195
d117,d193_hh61
d117,d88_hh267
d117,d119_hh50
d117,d179_hh41
d117,d111_hh29
d117,d48_hh119
d117,d135_hh226
d117,d141_hh152
d117,d191_hh179
d117,d131_hh212
d117,d169_hh247
d117,d50_hh195
d117,d200_hh227
d117,d122_hh181
d117,d56_hh89
d117,d158_hh85
d117,d106_hh24
d117,d134_hh156
d117,d32_hh151
d117,d32_hh151
d117,d214_hh171
d117,d179_hh242
d117,d51_hh177
d117,d110_hh117
d117,d135_hh226
d117,d118_hh188
d117,d66_hh13
d117,d141_hh6
d117,d191_hh179
d117,d174_hh6
d117,d91_hh98
d117,d33_hh64
d117,d88_hh235
d117,d140_hh195
d117,d183_hh93
d117,d120_hh57
d117,d100_hh65
d117,d205_hh54
d117,d190_hh176
d117,d32_hh136
d117,d93_hh66
d117,d191_hh179
d117,d74_hh109
d117,d110_hh201
d117,d128_hh273
d117,d191_hh179
d117,d33_hh266
d117,d214_hh171
d117,d82_hh115
d117,d74_hh212
d117,d42_hh165
d117,d11_hh79
d117,d55_hh190
d117,d205_hh217
d117,d69_hh55
d117,d7_hh124
d117,d210_hh262
d117,d46_hh57
d117,d59_hh132
d117,d73_hh7
d117,d160_hh179
d117,d124_hh223
d117,d96_hh8
d117,d131_hh212
d117,d100_hh164
d117,d106_hh24
d117,d69_hh274
d117,d118_hh88
d117,d190_hh176
d117,d160_hh211
d117,d40_hh111
d117,d130_hh273
d117,d1_hh15
d117,d210_hh262
d117,d130_hh277
d117,d114_hh12
d117,d39_hh55
d117,d119_hh50
d117,d44_hh163
d117,d48_hh119
d117,d119_hh174
d117,d38_hh49
d117,d140_hh260
d117,d2_hh232
d117,d91_hh113
d117,d184_hh210
d117,d193_hh67
d117,d156_hh218
d117,d31_hh135
d117,d56_hh89
d117,d5_hh117
d117,d51_hh186
d117,d65_hh115
d117,d34_hh12
d117,d59_hh207
d117,d149_hh30
d117,d134_hh31
d117,d66_hh193
d117,d130_hh273
d117,d128_hh43
d117,d32_hh203
d117,d124_hh125
d117,d184_hh210
d117,d184_hh11
d117,d21_hh25
d117,d99_hh38
d117,d210_hh262
d117,d87_hh32
d117,d154_hh132
d117,d191_hh179
d117,d40_hh111
d117,d190_hh38
d117,d39_hh55
d117,d110_hh236
d117,d191_hh30
d117,d18_hh253
d117,d174_hh85
d117,d75_hh15
d117,d55_hh131
d117,d156_hh151
d117,d170_hh228
d117,d162_hh113
d117,d16_hh218
d117,d110_hh117
d117,d195_hh52
d117,d59_hh207
d117,d112_hh155
d117,d202_hh111
d117,d73_hh151
d117,d109_hh168
d117,d93_hh66
d117,d110_hh201
d117,d50_hh195
d117,d184_hh206
d117,d56_hh177
d117,d112_hh177
d117,d81_hh87
d117,d51_hh177
d117,d152_hh187
d117,d179_hh28
d117,d214_hh255
d117,d110_hh201
d117,d139_hh27
d117,d59_hh162
d117,d55_hh232
d117,d205_hh54
d132,d122_hh181
d132,d81_hh87
d132,d137_hh201
d132,d164_hh249
d132,d126_hh44
d132,d44_hh65
d132,d16_hh177
d132,d187_hh16
d132,d200_hh51
d132,d130_hh273
d132,d117_hh126
d132,d41_hh254
d132,d137_hh201
d132,d56_hh175
d132,d187_hh291
d132,d38_hh101
d132,d46_hh57
d132,d73_hh153
d132,d34_hh12
d132,d161_hh250
d132,d78_hh234
d132,d124_hh126
d132,d66_hh154
d132,d56_hh63
d132,d55_hh131
d132,d204_hh173
d132,d50_hh90
d132,d73_hh153
d132,d35_hh224
d132,d88_hh118
d132,d139_hh164
d132,d100_hh65
d132,d62_hh18
d132,d122_hh112
d132,d143_hh82
d132,d134_hh156
d132,d81_hh14
d132,d131_hh41
d132,d134_hh31
d132,d81_hh87
d132,d195_hh97
d132,d95_hh241
d132,d160_hh179
d132,d112_hh17
d132,d187_hh30
d132,d118_hh188
d132,d109_hh209
d132,d93_hh80
d132,d42_hh263
d132,d193_hh67
d132,d149_hh237
d132,d198_hh78
d132,d11_hh244
d132,d126_hh233
d132,d171_hh189
d132,d44_hh170
d132,d18_hh80
d132,d125_hh236
d132,d139_hh164
d132,d11_hh214
d132,d131_hh41
d132,d7_hh155
d132,d191_hh30
d132,d111_hh29
d132,d44_hh163
d132,d66_hh193
d132,d178_hh263
d132,d59_hh132
d132,d56_hh175
d132,d69_hh274
d132,d149_hh61
d132,d40_hh111
d132,d73_hh197
d132,d65_hh115
d132,d131_hh212
d132,d149_hh61
d132,d51_hh177
d132,d150_hh168
d132,d208_hh2
d132,d83_hh79
d132,d137_hh216
d132,d208_hh221
d132,d46_hh57
d132,d119_hh174
d132,d7_hh240
d132,d85_hh104
d132,d155_hh206
d132,d179_hh242
d132,d213_hh238
d132,d126_hh156
d132,d46_hh228
d132,d34_hh166
d132,d51_hh285
d132,d141_hh194
d132,d187_hh32
d132,d209_hh40
d132,d58_hh108
d132,d13_hh157
d132,d129_hh94
d132,d77_hh83
d132,d139_hh9
d132,d120_hh118
d132,d118_hh175
d132,d55_hh229
d132,d214_hh184
d132,d73_hh151
d132,d38_hh101
d132,d179_hh267
d132,d131_hh212
d132,d87_hh32
d132,d65_hh227
d132,d83_hh67
d132,d137_hh201
d132,d132_hh233
d132,d158_hh85
d132,d137_hh201
d132,d15_hh188
d132,d13_hh263
d132,d16_hh75
d132,d81_hh14
d132,d118_hh88
d132,d111_hh29
d132,d160_hh97
d132,d170_hh228
d132,d112_hh31
d132,d118_hh262
d132,d32_hh203
d132,d59_hh98
d132,d42_hh251
d132,d138_hh10
d132,d50_hh90
d132,d125_hh189
d132,d174_hh97
d132,d141_hh6
d132,d46_hh228
d132,d168_hh30
d132,d168_hh265
d132,d162_hh67
d132,d156_hh19
d132,d15_hh97
d132,d34_hh12
d132,d214_hh20
d132,d55_hh246
d132,d200_hh227
d132,d160_hh38
d132,d31_hh135
d132,d210_hh262
d132,d51_hh186
d132,d114_hh2
d132,d1_hh234
d132,d42_hh38
d132,d208_hh221
d132,d114_hh2
d132,d134_hh7
d132,d139_hh164
d132,d20_hh48
d132,d114_hh12
d132,d32_hh60
d132,d160_hh59
d132,d161_hh229
d132,d44_hh163
d132,d110_hh117
d132,d56_hh63
d132,d193_hh61
d132,d214_hh20
d132,d42_hh263
d132,d127_hh69
d132,d210_hh262
d132,d50_hh90
d132,d191_hh12
d132,d97_hh75
d132,d184_hh11
d132,d59_hh132
d132,d129_hh94
d132,d140_hh260
d132,d23_hh236
d132,d88_hh3
d132,d141_hh6
d132,d11_hh240
d132,d152_hh187
d132,d109_hh209
d132,d88_hh235
d132,d44_hh187
d132,d134_hh31
d132,d119_hh174
d132,d205_hh217
d132,d138_hh10
d132,d120_hh57
d132,d91_hh79
d132,d41_hh53
d132,d137_hh201
d132,d129_hh94
d132,d51_hh186
d132,d66_hh13
d132,d161_hh110
d132,d24_hh177
d132,d88_hh108
d132,d41_hh53
d132,d41_hh254
d132,d11_hh26
d132,d170_hh273
d132,d129_hh106
d132,d93_hh66
d132,d114_hh12
d132,d78_hh234
d132,d48_hh119
d132,d7_hh64
d132,d152_hh187
d132,d16_hh177
d132,d134_hh166
d132,d202_hh222
d132,d143_hh224
d132,d91_hh32
d132,d56_hh166
d132,d124_hh118
d132,d154_hh157
d132,d110_hh201
d132,d186_hh175
d132,d160_hh232
d132,d7_hh64
d132,d46_hh228
d132,d155_hh206
d132,d88_hh191
d132,d55_hh131
d132,d155_hh206
d132,d179_hh242
d132,d190_hh173
d132,d88_hh235
d132,d161_hh229
d132,d124_hh167
d132,d13_hh263
d132,d179_hh242
d132,d90_hh214
d132,d149_hh61
d132,d100_hh65
d132,d51_hh285
d132,d209_hh40
d132,d33_hh266
d132,d109_hh209
d132,d87_hh32
d132,d214_hh171
d132,d73_hh33
d132,d119_hh174
d132,d183_hh93
d132,d44_hh163
d132,d55_hh229
d132,d156_hh151
d132,d131_hh212
d132,d130_hh277
d132,d110_hh201
d132,d44_hh283
d132,d78_hh123
d132,d56_hh63
d132,d202_hh17
d132,d44_hh283
d132,d124_hh125
d132,d114_hh12
d132,d91_hh100
d132,d158_hh34
d132,d78_hh123
d132,d122_hh112
d132,d75_hh15
d132,d19_hh147
d132,d150_hh168
d132,d124_hh223
d132,d124_hh118
d132,d91_hh100
d132,d11_hh132
d132,d214_hh166
d132,d66_hh154
d132,d120_hh272
d132,d40_hh111
d132,d179_hh28
d132,d187_hh16
d132,d72_hh77
d119,d200_hh51
d119,d55_hh190
d119,d41_hh72
d119,d122_hh210
d119,d58_hh81
d119,d168_hh34
d119,d186_hh175
d119,d32_hh101
d119,d88_hh267
d119,d42_hh251
d119,d190_hh38
d119,d131_hh204
d119,d43_hh67
d119,d95_hh241
d119,d55_hh226
d119,d32_hh19
d119,d214_hh184
d119,d149_hh61
d119,d73_hh33
d119,d134_hh76
d119,d187_hh16
d119,d193_hh61
d119,d198_hh40
d119,d129_hh94
d119,d48_hh176
d119,d125_hh236
d119,d53_hh23
d119,d16_hh200
d119,d43_hh67
d119,d156_hh153
d119,d35_hh224
d119,d158_hh20
d119,d141_hh235
d119,d75_hh15
d119,d58_hh108
d119,d65_hh67
d119,d66_hh131
d119,d126_hh156
d119,d137_hh216
d119,d5_hh117
d119,d195_hh31
d119,d66_hh154
d119,d73_hh151
d119,d66_hh131
d119,d174_hh85
d119,d141_hh194
d119,d33_hh64
d119,d32_hh136
d119,d43_hh27
d119,d169_hh148
d119,d61_hh246
d119,d29_hh167
d119,d41_hh254
d119,d214_hh252
d119,d118_hh88
d119,d33_hh266
d119,d33_hh266
d119,d16_hh177
d119,d170_hh228
d119,d100_hh164
d119,d44_hh163
d119,d120_hh45
d119,d69_hh274
d119,d61_hh246
d119,d69_hh99
d119,d91_hh98
d119,d66_hh13
d119,d55_hh190
d119,d179_hh267
d119,d82_hh41
d119,d204_hh173
d119,d16_hh201
d119,d23_hh236
d119,d141_hh152
d119,d62_hh167
d119,d112_hh155
d119,d160_hh97
d119,d134_hh118
d119,d131_hh204
d119,d132_hh233
d119,d55_hh246
d119,d20_hh44
d119,d44_hh163
d119,d18_hh91
d119,d33_hh266
d119,d202_hh17
d119,d179_hh242
d119,d88_hh235
d119,d190_hh32
d119,d191_hh12
d119,d125_hh167
d119,d51_hh285
d119,d137_hh201
d119,d164_hh249
d119,d146_hh88
d119,d7_hh64
d119,d56_hh175
d119,d97_hh75
d119,d117_hh245
d119,d120_hh57
d119,d26_hh63
d119,d131_hh212
d119,d56_hh166
d119,d101_hh186
d119,d190_hh38
d119,d190_hh38
d119,d66_hh13
d119,d179_hh242
d119,d7_hh240
d119,d128_hh273
d119,d191_hh12
d119,d88_hh118
d119,d97_hh75
d119,d164_hh220
d119,d81_hh87
d119,d214_hh255
d119,d174_hh85
d119,d208_hh2
d119,d134_hh76
d119,d138_hh1
d119,d35_hh224
d119,d32_hh151
d119,d184_hh11
d119,d82_hh256
d119,d124_hh125
d119,d16_hh200
d119,d195_hh52
d119,d118_hh175
d119,d208_hh2
d119,d149_hh61
d119,d152_hh187
d119,d44_hh163
d119,d183_hh237
d119,d120_hh272
d119,d122_hh210
d119,d85_hh214
d119,d20_hh44
d119,d59_hh207
d119,d131_hh41
d119,d122_hh271
d119,d101_hh182
d119,d35_hh211
d119,d119_hh174
d119,d118_hh175
d119,d170_hh228
d119,d50_hh112
d119,d187_hh291
d119,d191_hh30
d119,d126_hh156
d119,d69_hh99
d119,d183_hh237
d119,d202_hh222
d119,d104_hh7
d119,d32_hh19
d119,d18_hh80
d119,d210_hh262
d119,d38_hh95
d119,d123_hh83
d119,d191_hh30
d119,d58_hh108
d119,d20_hh44
d119,d44_hh163
d119,d18_hh253
d119,d134_hh31
d119,d91_hh241
d119,d55_hh232
d119,d74_hh108
d119,d178_hh263
d119,d32_hh19
d119,d69_hh274
d119,d191_hh190
d119,d33_hh266
d119,d158_hh146
d119,d55_hh229
d119,d168_hh265
d119,d100_hh164
d119,d69_hh209
d119,d83_hh67
d119,d183_hh93
d119,d72_hh77
d119,d13_hh263
d119,d81_hh87
d119,d19_hh147
d119,d122_hh181
d119,d209_hh40
d119,d38_hh95
d119,d158_hh20
d119,d65_hh67
d119,d118_hh262
d119,d74_hh11
d119,d156_hh181
d119,d127_hh69
d119,d202_hh222
d119,d88_hh191
d119,d119_hh174
d119,d198_hh40
d119,d40_hh7
d119,d132_hh233
d119,d110_hh172
d119,d149_hh30
d119,d50_hh195
d119,d134_hh31
d119,d66_hh13
d119,d55_hh229
d119,d120_hh118
d119,d120_hh272
d119,d195_hh52
d119,d122_hh181
d119,d82_hh231
d119,d191_hh275
d119,d198_hh40
d119,d74_hh11
d119,d169_hh247
d119,d74_hh109
d119,d208_hh137
d119,d69_hh274
d119,d122_hh210
d119,d77_hh40
d119,d81_hh87
d119,d164_hh78
d119,d170_hh273
d119,d110_hh117
d119,d90_hh214
d119,d193_hh67
d119,d55_hh232
d119,d149_hh61
d119,d95_hh241
d119,d66_hh154
d119,d53_hh23
d119,d99_hh230
d119,d43_hh67
d119,d135_hh57
d119,d128_hh184
d119,d179_hh242
d119,d34_hh12
d119,d175_hh32
d119,d88_hh191
d119,d208_hh221
d119,d124_hh167
d119,d35_hh104
d119,d77_hh40
d119,d195_hh31
d119,d122_hh112
d119,d140_hh260
d119,d43_hh67
d119,d66_hh179
d119,d156_hh181
d119,d110_hh117
d119,d130_hh177
d119,d82_hh115
d119,d117_hh126
d119,d158_hh20
d119,d164_hh78
d119,d123_hh83
d119,d174_hh97
d119,d191_hh30
d119,d184_hh206
d119,d96_hh8
d119,d163_hh242
d119,d168_hh30
d119,d195_hh31
d119,d124_hh118
d119,d187_hh291
d119,d110_hh117
d119,d125_hh236
d119,d200_hh227
d112,d35_hh104
d112,d170_hh228
d112,d146_hh114
d112,d155_hh206
d112,d16_hh200
d112,d214_hh184
d112,d128_hh278
d112,d69_hh222
d112,d205_hh217
d112,d88_hh267
d112,d193_hh67
d112,d205_hh217
d112,d109_hh168
d112,d120_hh45
d112,d104_hh7
d112,d147_hh167
d112,d195_hh31
d112,d44_hh283
d112,d123_hh83
d112,d156_hh19
d112,d161_hh238
d112,d120_hh268
d112,d122_hh210
d112,d214_hh184
d112,d11_hh240
d112,d78_hh234
d112,d88_hh118
d112,d175_hh32
d112,d83_hh67
d112,d73_hh197
d112,d81_hh81
d112,d214_hh166
d112,d210_hh262
d112,d190_hh182
d112,d55_hh232
d112,d208_hh137
d112,d179_hh242
d112,d214_hh184
d112,d126_hh233
d112,d169_hh115
d112,d15_hh97
d112,d73_hh197
d112,d193_hh67
d112,d179_hh41
d112,d198_hh78
d112,d214_hh252
d112,d56_hh177
d112,d112_hh221
d112,d208_hh137
d112,d42_hh251
d112,d130_hh277
d112,d208_hh137
d112,d149_hh61
d112,d124_hh167
d112,d214_hh171
d112,d24_hh177
d112,d214_hh252
d112,d73_hh151
d112,d32_hh151
d112,d170_hh63
d112,d91_hh113
d112,d143_hh82
d112,d137_hh216
d112,d78_hh234
d112,d126_hh233
d112,d162_hh67
d112,d139_hh27
d112,d53_hh249
d112,d44_hh187
d112,d66_hh193
d112,d110_hh117
d112,d55_hh190
d112,d214_hh20
d112,d69_hh13
d112,d164_hh220
d112,d130_hh273
d112,d39_hh96
d112,d117_hh126
d112,d44_hh283
d112,d36_hh69
d112,d122_hh181
d112,d59_hh132
d112,d170_hh273
d112,d130_hh177
d112,d77_hh83
d112,d215_hh82
d112,d155_hh206
d112,d126_hh156
d112,d169_hh148
d112,d87_hh38
d112,d18_hh80
d112,d137_hh216
d112,d155_hh206
d112,d150_hh253
d112,d18_hh91
d112,d20_hh48
d112,d13_hh157
d112,d7_hh148
d112,d15_hh188
d112,d44_hh65
d112,d183_hh93
d112,d138_hh1
d112,d208_hh137
d112,d214_hh252
d112,d214_hh184
d112,d193_hh67
d112,d132_hh233
d112,d150_hh168
d112,d100_hh164
d112,d110_hh117
d112,d41_hh181
d112,d135_hh78
d112,d74_hh212
d112,d5_hh117
d112,d122_hh271
d112,d125_hh248
d112,d184_hh210
d112,d141_hh6
d112,d41_hh181
d112,d125_hh236
d112,d126_hh156
d112,d152_hh175
d112,d39_hh55
d112,d43_hh27
d112,d100_hh65
d112,d135_hh57
d112,d158_hh85
d112,d131_hh41
d112,d126_hh184
d112,d134_hh76
d112,d13_hh239
d112,d124_hh126
d112,d7_hh87
d112,d16_hh218
d112,d51_hh49
d112,d32_hh101
d112,d51_hh49
d112,d41_hh53
d112,d66_hh13
d112,d13_hh157
d112,d184_hh210
d112,d112_hh177
d112,d141_hh152
d112,d190_hh38
d112,d126_hh233
d112,d109_hh168
d112,d208_hh221
d112,d112_hh17
d112,d126_hh156
d112,d112_hh31
d112,d32_hh60
d112,d183_hh237
d112,d124_hh167
d112,d44_hh35
d112,d210_hh267
d112,d202_hh17
d112,d150_hh8
d112,d80_hh6
d112,d101_hh182
d112,d69_hh99
d112,d44_hh65
d112,d202_hh222
d112,d175_hh32
d112,d42_hh38
d112,d44_hh65
d112,d156_hh218
d112,d62_hh167
d112,d39_hh55
d112,d187_hh16
d112,d191_hh275
d112,d55_hh246
d112,d87_hh32
d112,d85_hh104
d112,d169_hh148
d112,d128_hh180
d112,d31_hh135
d112,d163_hh44
d112,d83_hh67
d112,d127_hh69
d112,d187_hh291
d112,d30_hh132
d112,d152_hh175
d112,d88_hh118
d112,d66_hh13
d112,d42_hh38
d112,d56_hh177
d112,d59_hh207
d112,d146_hh88
d112,d214_hh252
d112,d35_hh224
d112,d191_hh30
d112,d137_hh216
d112,d110_hh236
d112,d18_hh80
d112,d200_hh227
d112,d193_hh67
d112,d179_hh41
d112,d62_hh18
d112,d200_hh227
d112,d156_hh19
d112,d48_hh119
d112,d179_hh41
d112,d131_hh204
d112,d175_hh32
d112,d75_hh15
d112,d156_hh19
d112,d100_hh164
d112,d48_hh119
d112,d110_hh117
d112,d74_hh212
d112,d140_hh260
d112,d38_hh49
d112,d112_hh177
d112,d191_hh30
d112,d51_hh285
d112,d110_hh117
d112,d131_hh41
d112,d42_hh263
d112,d35_hh104
d112,d204_hh231
d112,d110_hh117
d112,d72_hh77
d112,d198_hh78
d112,d44_hh187
d112,d62_hh18
d112,d128_hh273
d112,d30_hh44
d112,d198_hh78
d112,d93_hh66
d112,d110_hh172
d112,d126_hh156
d112,d125_hh236
d112,d88_hh3
d112,d120_hh45
d112,d202_hh17
d112,d165_hh274
d112,d41_hh254
d112,d128_hh180
d112,d48_hh119
d112,d40_hh111
d112,d160_hh97
d112,d83_hh67
d112,d156_hh19
d112,d75_hh15
d112,d85_hh218
d112,d56_hh89
d112,d161_hh229
d112,d141_hh6
d112,d210_hh87
d112,d198_hh78
d112,d104_hh7
d112,d77_hh156
d112,d102_hh228
d112,d72_hh77
d112,d110_hh117
d112,d39_hh55
d112,d7_hh155
d112,d169_hh115
d112,d179_hh242
d112,d11_hh244
d112,d42_hh165
d112,d59_hh162
d112,d1_hh15
d112,d110_hh117
d112,d120_hh45
d112,d4_hh212
d112,d125_hh189
d112,d130_hh273
d112,d122_hh271
d112,d35_hh224
d112,d205_hh217
d112,d134_hh166
d112,d7_hh148
d112,d40_hh7
d112,d168_hh265
d112,d40_hh111
d112,d61_hh246
d112,d41_hh74
d112,d111_hh29
d112,d205_hh217
d112,d141_hh235
d112,d205_hh217
d112,d131_hh204
d133,d163_hh242
d133,d74_hh108
d133,d174_hh97
d133,d38_hh95
d133,d200_hh51
d133,d141_hh6
d133,d187_hh16
d133,d93_hh66
d133,d150_hh8
d133,d83_hh79
d133,d184_hh11
d133,d66_hh154
d133,d77_hh83
d133,d7_hh240
d133,d11_hh132
d133,d66_hh131
d133,d93_hh80
d133,d43_hh67
d133,d178_hh263
d133,d150_hh253
d133,d150_hh168
d133,d69_hh209
d133,d51_hh177
d133,d69_hh274
d133,d82_hh115
d133,d61_hh79
d133,d132_hh233
d133,d11_hh132
d133,d191_hh30
d133,d164_hh78
d133,d55_hh226
d133,d169_hh115
d133,d66_hh131
d133,d160_hh179
d133,d53_hh249
d133,d183_hh93
d133,d210_hh87
d133,d100_hh65
d133,d42_hh165
d133,d44_hh187
d133,d143_hh224
d133,d139_hh251
d133,d141_hh235
d133,d80_hh6
d133,d66_hh179
d133,d191_hh12
d133,d78_hh9
d133,d56_hh63
d133,d134_hh31
d133,d204_hh173
d133,d41_hh53
d133,d59_hh162
d133,d179_hh41
d133,d74_hh11
d133,d99_hh230
d133,d34_hh166
d133,d48_hh176
d133,d7_hh124
d133,d35_hh224
d133,d208_hh137
d133,d179_hh242
d133,d99_hh230
d133,d88_hh191
d133,d73_hh7
d133,d156_hh151
d133,d134_hh156
d133,d184_hh11
d133,d164_hh78
d133,d35_hh211
d133,d90_hh214
d133,d118_hh262
d133,d190_hh173
d133,d178_hh263
d133,d99_hh230
d133,d214_hh184
d133,d160_hh211
d133,d195_hh31
d133,d179_hh28
d133,d35_hh104
d133,d87_hh32
d133,d11_hh240
d133,d73_hh33
d133,d88_hh235
d133,d69_hh274
d133,d214_hh166
d133,d59_hh207
d133,d104_hh7
d133,d78_hh234
d133,d215_hh82
d133,d66_hh131
d133,d204_hh158
d133,d207_hh28
d133,d149_hh61
d133,d59_hh132
d133,d200_hh51
d133,d125_hh236
d133,d140_hh260
d133,d18_hh253
d133,d32_hh101
d133,d21_hh16
d133,d91_hh100
d133,d139_hh251
d133,d65_hh115
d133,d18_hh91
d133,d7_hh87
d133,d62_hh18
d133,d128_hh297
d133,d97_hh20
d133,d42_hh165
d133,d137_hh216
d133,d29_hh167
d133,d129_hh94
d133,d13_hh263
d133,d7_hh87
d133,d4_hh212
d133,d77_hh83
d133,d93_hh66
d133,d124_hh118
d133,d124_hh223
d133,d156_hh181
d133,d33_hh64
d133,d77_hh40
d133,d13_hh263
d133,d202_hh17
d133,d126_hh156
d133,d48_hh119
d133,d169_hh115
d133,d190_hh176
d133,d191_hh275
d133,d127_hh69
d133,d163_hh242
d133,d128_hh43
d133,d122_hh210
d133,d42_hh165
d133,d205_hh217
d133,d96_hh8
d133,d158_hh20
d133,d77_hh156
d133,d7_hh240
d133,d56_hh63
d133,d134_hh31
d133,d21_hh16
d133,d174_hh6
d133,d87_hh32
d133,d126_hh184
d133,d30_hh44
d133,d137_hh201
d133,d139_hh9
d133,d11_hh214
d133,d126_hh156
d133,d99_hh38
d133,d51_hh186
d133,d110_hh201
d133,d16_hh201
d133,d141_hh6
d133,d150_hh253
d133,d162_hh67
d133,d168_hh265
d133,d83_hh79
d133,d73_hh197
d133,d34_hh12
d133,d209_hh40
d133,d18_hh91
d133,d16_hh177
d133,d164_hh78
d133,d120_hh57
d133,d102_hh228
d133,d178_hh263
d133,d59_hh162
d133,d215_hh157
d133,d56_hh177
d133,d160_hh38
d133,d88_hh191
d133,d44_hh163
d133,d128_hh180
d133,d130_hh177
d133,d80_hh6
d133,d210_hh262
d133,d69_hh99
d133,d215_hh157
d133,d109_hh168
d133,d110_hh172
d133,d15_hh97
d133,d65_hh67
d133,d55_hh12
d133,d161_hh250
d133,d150_hh168
d133,d186_hh175
d133,d130_hh273
d133,d41_hh181
d133,d69_hh55
d133,d44_hh127
d133,d135_hh78
d133,d66_hh13
d133,d32_hh203
d133,d156_hh218
d133,d205_hh54
d133,d190_hh106
d133,d139_hh164
d133,d35_hh104
d133,d202_hh111
d133,d208_hh221
d133,d73_hh151
d133,d41_hh72
d133,d56_hh166
d133,d169_hh247
d133,d74_hh108
d133,d147_hh167
d133,d44_hh127
d133,d78_hh9
d133,d149_hh237
d133,d7_hh64
d133,d214_hh255
d133,d163_hh242
d133,d163_hh242
d133,d117_hh126
d133,d208_hh221
d133,d139_hh164
d133,d120_hh45
d133,d5_hh117
d133,d93_hh66
d133,d112_hh31
d133,d213_hh238
d133,d46_hh57
d133,d66_hh193
d133,d208_hh137
d133,d135_hh57
d133,d117_hh245
d133,d125_hh189
d133,d158_hh34
d133,d91_hh241
d133,d56_hh177
d133,d135_hh219
d133,d154_hh157
d133,d32_hh19
d133,d162_hh67
d133,d156_hh181
d133,d50_hh195
d133,d134_hh156
d133,d30_hh44
d133,d131_hh204
d133,d74_hh108
d133,d149_hh61
d133,d74_hh11
d133,d66_hh179
d133,d195_hh97
d133,d169_hh247
d133,d214_hh184
d133,d65_hh227
d133,d160_hh211
d133,d42_hh263
d133,d33_hh64
d133,d91_hh113
d133,d210_hh87
d133,d29_hh167
d133,d69_hh222
d133,d66_hh131
d133,d39_hh55
d133,d190_hh32
d133,d42_hh251
d133,d140_hh195
d133,d191_hh275
d133,d50_hh112
d133,d44_hh163
d133,d59_hh98
d133,d32_hh151
d133,d59_hh251
d133,d33_hh64
d133,d33_hh64
d133,d69_hh222
d133,d59_hh132
d133,d128_hh184
d133,d21_hh21
d133,d66_hh179
d133,d214_hh255
d133,d44_hh35
d133,d205_hh54
d133,d72_hh77
d133,d16_hh75
d133,d88_hh235
d133,d124_hh125
d133,d91_hh241
d133,d119_hh174
d133,d156_hh218
d116,d192_hh58
d116,d196_hh215
d116,d108_hh230
d116,d172_hh180
d116,d92_hh91
d116,d176_hh85
d116,d47_hh135
d116,d176_hh85
d116,d45_hh79
d116,d189_hh268
d116,d8_hh41
d116,d153_hh100
d116,d49_hh170
d116,d116_hh196
d116,d151_hh203
d116,d116_hh6
d116,d76_hh187
d116,d108_hh241
d116,d181_hh17
d116,d196_hh215
d116,d49_hh219
d116,d86_hh55
d116,d60_hh108
d116,d185_hh143
d116,d136_hh89
d116,d45_hh79
d116,d49_hh170
d116,d94_hh137
d116,d142_hh190
d116,d9_hh236
d116,d142_hh108
d116,d79_hh114
d116,d115_hh186
d116,d103_hh205
d116,d107_hh258
d116,d9_hh236
d116,d167_hh264
d116,d185_hh143
d116,d115_hh199
d116,d8_hh105
d116,d192_hh39
d116,d148_hh100
d116,d9_hh289
d116,d212_hh155
d116,d212_hh61
d116,d176_hh125
d116,d79_hh227
d116,d151_hh215
d116,d196_hh229
d116,d63_hh83
d116,d71_hh245
d116,d71_hh146
d116,d92_hh91
d116,d157_hh222
d116,d172_hh18
d116,d153_hh96
d116,d151_hh203
d116,d188_hh256
d116,d176_hh194
d116,d76_hh193
d116,d14_hh205
d116,d167_hh264
d116,d203_hh189
d116,d9_hh236
d116,d47_hh128
d116,d9_hh170
d116,d148_hh100
d116,d157_hh16
d116,d172_hh180
d116,d115_hh199
d116,d37_hh159
d116,d148_hh247
d116,d103_hh205
d116,d8_hh105
d116,d94_hh137
d116,d64_hh137
d116,d194_hh142
d116,d181_hh225
d116,d70_hh110
d116,d107_hh193
d116,d10_hh167
d116,d3_hh180
d116,d212_hh61
d116,d157_hh16
d116,d8_hh41
d116,d47_hh300
d116,d107_hh258
d116,d151_hh203
d116,d8_hh149
d116,d25_hh157
d116,d49_hh103
d116,d167_hh264
d116,d47_hh300
d116,d121_hh170
d116,d60_hh107
d116,d157_hh16
d116,d196_hh197
d116,d176_hh194
d116,d142_hh190
d116,d192_hh68
d116,d70_hh172
d116,d144_hh196
d116,d194_hh142
d116,d103_hh205
d116,d196_hh229
d116,d181_hh225
d116,d103_hh205
d116,d103_hh63
d116,d116_hh36
d116,d76_hh193
d116,d108_hh212
d116,d167_hh11
d116,d3_hh97
d116,d3_hh97
d116,d151_hh203
d116,d201_hh78
d116,d136_hh89
d116,d108_hh212
d116,d115_hh186
d116,d94_hh129
d116,d167_hh264
d116,d151_hh215
d116,d37_hh160
d116,d116_hh6
d116,d148_hh247
d116,d105_hh45
d116,d103_hh63
d116,d9_hh289
d116,d49_hh219
d116,d176_hh85
d116,d148_hh247
d116,d148_hh104
d116,d28_hh253
d116,d6_hh130
d116,d14_hh205
d116,d153_hh96
d116,d148_hh100
d116,d64_hh137
d116,d148_hh100
d116,d172_hh180
d116,d76_hh193
d116,d22_hh176
d116,d108_hh162
d116,d47_hh135
d116,d206_hh279
d116,d167_hh276
d116,d181_hh225
d116,d9_hh236
d116,d181_hh225
d116,d9_hh183
d116,d3_hh180
d116,d45_hh0
d116,d71_hh245
d116,d116_hh196
d116,d116_hh118
d116,d6_hh130
d116,d107_hh246
d116,d203_hh189
d116,d49_hh257
d116,d76_hh187
d116,d47_hh300
d116,d172_hh18
d116,d172_hh18
d116,d108_hh230
d116,d192_hh58
d116,d92_hh115
d116,d3_hh97
d116,d79_hh114
d116,d144_hh253
d116,d10_hh167
d116,d192_hh39
d116,d196_hh197
d116,d9_hh197
d116,d136_hh192
d116,d196_hh215
d116,d203_hh189
d116,d8_hh41
d116,d189_hh268
d116,d71_hh163
d116,d176_hh85
d116,d86_hh55
d116,d136_hh32
d116,d148_hh104
d116,d6_hh77
d116,d196_hh139
d116,d86_hh55
d116,d9_hh289
d116,d45_hh79
d116,d63_hh83
d116,d196_hh197
d116,d151_hh215
d116,d196_hh215
d116,d47_hh300
d116,d148_hh100
d116,d196_hh197
d116,d206_hh279
d116,d145_hh175
d116,d94_hh137
d116,d94_hh137
d116,d116_hh36
d116,d176_hh85
d116,d148_hh117
d116,d10_hh167
d116,d107_hh193
d116,d176_hh85
d116,d176_hh85
d116,d196_hh229
d116,d9_hh197
d116,d116_hh36
d116,d79_hh255
d116,d60_hh108
d116,d153_hh100
d116,d115_hh186
d116,d153_hh26
d116,d10_hh167
d116,d84_hh122
d116,d196_hh197
d116,d196_hh197
d116,d203_hh139
d116,d167_hh264
d116,d6_hh130
d116,d79_hh255
d116,d148_hh104
d116,d8_hh155
d116,d153_hh26
d116,d148_hh104
d116,d79_hh114
d116,d115_hh176
d116,d105_hh45
d116,d79_hh255
d116,d151_hh215
d116,d167_hh264
d116,d92_hh161
d116,d37_hh159
d116,d148_hh117
d116,d142_hh108
d116,d144_hh289
d116,d76_hh193
d116,d203_hh227
d116,d185_hh143
d116,d176_hh194
d116,d121_hh170
d116,d206_hh279
d116,d47_hh300
d116,d203_hh139
d116,d203_hh189
d116,d9_hh236
d116,d172_hh18
d116,d157_hh16
d116,d14_hh75
d116,d22_hh176
d116,d176_hh194
d116,d14_hh67
d116,d151_hh203
d116,d157_hh16
d116,d176_hh85
d116,d192_hh68
d116,d25_hh80
d116,d212_hh252
d116,d203_hh139
d116,d167_hh276
d116,d84_hh161
d116,d79_hh114
d116,d196_hh197
d116,d10_hh167
d116,d47_hh300
d116,d64_hh137
d116,d47_hh300
d116,d211_hh86
d116,d103_hh192
d116,d148_hh104
d116,d148_hh117
d116,d71_hh146
d116,d176_hh125
d116,d192_hh68
d116,d107_hh246
d116,d94_hh137
d116,d115_hh124
d116,d116_hh6
d116,d103_hh63
d116,d79_hh114
d116,d70_hh171
d116,d196_hh229
d116,d172_hh180
d116,d49_hh170
d116,d212_hh155
d116,d212_hh61
d116,d105_hh45
d116,d181_hh17
d116,d148_hh100
d116,d176_hh220
d116,d142_hh108
d116,d212_hh155
d116,d192_hh68
d116,d37_hh159
d116,d196_hh197
d116,d151_hh215
d116,d116_hh118
d116,d192_hh58
d116,d6_hh77
d116,d136_hh89
d116,d157_hh16
d116,d196_hh229
d116,d14_hh205
d116,d153_hh26
d116,d70_hh76
d116,d206_hh279
d116,d10_hh167
d134,d214_hh184
d134,d93_hh80
d134,d102_hh228
d134,d205_hh73
d134,d97_hh75
d134,d210_hh267
d134,d119_hh174
d134,d41_hh181
d134,d51_hh285
d134,d73_hh151
d134,d16_hh177
d134,d77_hh40
d134,d1_hh234
d134,d183_hh93
d134,d154_hh132
d134,d209_hh40
d134,d16_hh75
d134,d55_hh12
d134,d82_hh115
d134,d51_hh285
d134,d190_hh106
d134,d93_hh66
d134,d15_hh188
d134,d65_hh75
d134,d56_hh89
d134,d66_hh179
d134,d114_hh12
d134,d38_hh49
d134,d111_hh29
d134,d33_hh64
d134,d78_hh9
d134,d73_hh151
d134,d42_hh251
d134,d138_hh10
d134,d35_hh104
d134,d208_hh137
d134,d55_hh131
d134,d125_hh167
d134,d40_hh7
d134,d149_hh61
d134,d138_hh1
d134,d126_hh44
d134,d110_hh201
d134,d202_hh222
d134,d179_hh41
d134,d124_hh167
d134,d191_hh275
d134,d32_hh19
d134,d164_hh249
d134,d5_hh117
d134,d160_hh211
d134,d207_hh28
d134,d81_hh87
d134,d143_hh224
d134,d7_hh148
d134,d48_hh176
d134,d214_hh171
d134,d139_hh251
d134,d128_hh184
d134,d164_hh78
d134,d147_hh167
d134,d67_hh63
d134,d141_hh6
d134,d65_hh227
d134,d135_hh57
d134,d74_hh108
d134,d170_hh228
d134,d155_hh206
d134,d48_hh119
d134,d160_hh97
d134,d56_hh166
d134,d26_hh63
d134,d101_hh182
d134,d195_hh97
d134,d85_hh214
d134,d33_hh64
d134,d11_hh240
d134,d55_hh190
d134,d91_hh113
d134,d134_hh118
d134,d100_hh164
d134,d187_hh30
d134,d62_hh18
d134,d150_hh253
d134,d18_hh6
d134,d78_hh234
d134,d158_hh49
d134,d48_hh176
d134,d15_hh188
d134,d137_hh201
d134,d125_hh248
d134,d112_hh17
d134,d214_hh255
d134,d191_hh30
d134,d33_hh266
d134,d44_hh127
d134,d82_hh256
d134,d74_hh212
d134,d207_hh28
d134,d187_hh32
d134,d43_hh67
d134,d184_hh11
d134,d204_hh158
d134,d32_hh101
d134,d30_hh132
d134,d205_hh73
d134,d124_hh223
d134,d125_hh236
d134,d88_hh3
d134,d134_hh31
d134,d95_hh241
d134,d44_hh127
d134,d40_hh111
d134,d82_hh256
d134,d100_hh164
d134,d87_hh32
d134,d112_hh31
d134,d15_hh97
d134,d126_hh156
d134,d150_hh168
d134,d55_hh12
d134,d214_hh20
d134,d73_hh197
d134,d141_hh152
d134,d77_hh40
d134,d210_hh267
d134,d191_hh275
d134,d164_hh220
d134,d44_hh170
d134,d191_hh190
d134,d82_hh41
d134,d58_hh81
d134,d91_hh98
d134,d41_hh181
d134,d74_hh108
d134,d132_hh233
d134,d51_hh49
d134,d205_hh54
d134,d154_hh157
d134,d85_hh214
d134,d87_hh32
d134,d111_hh206
d134,d178_hh263
d134,d91_hh113
d134,d88_hh118
d134,d205_hh217
d134,d135_hh57
d134,d100_hh164
d134,d205_hh217
d134,d165_hh274
d134,d91_hh32
d134,d190_hh106
d134,d129_hh94
d134,d141_hh152
d134,d183_hh237
d134,d87_hh32
d134,d131_hh41
d134,d164_hh249
d134,d18_hh80
d134,d158_hh49
d134,d110_hh172
d134,d13_hh157
d134,d132_hh233
d134,d135_hh78
d134,d35_hh211
d134,d69_hh55
d134,d134_hh166
d134,d160_hh97
d134,d191_hh179
d134,d65_hh115
d134,d160_hh179
d134,d91_hh100
d134,d202_hh17
d134,d69_hh55
d134,d73_hh7
d134,d56_hh166
d134,d31_hh135
d134,d46_hh228
d134,d152_hh187
d134,d78_hh9
d134,d102_hh284
d134,d24_hh177
d134,d85_hh104
d134,d131_hh41
d134,d208_hh221
d134,d35_hh104
d134,d174_hh97
d134,d191_hh12
d134,d112_hh176
d134,d48_hh176
d134,d66_hh179
d134,d214_hh20
d134,d120_hh45
d134,d31_hh135
d134,d118_hh188
d134,d43_hh27
d134,d55_hh246
d134,d156_hh181
d134,d42_hh165
d134,d143_hh82
d134,d18_hh80
d134,d111_hh29
d134,d208_hh2
d134,d118_hh88
d134,d174_hh6
d134,d32_hh203
d134,d134_hh156
d134,d141_hh6
d134,d59_hh207
d134,d55_hh12
d134,d83_hh79
d134,d73_hh84
d134,d11_hh214
d134,d126_hh44
d134,d160_hh179
d134,d190_hh176
d134,d85_hh218
d134,d21_hh21
d134,d88_hh108
d134,d110_hh201
d134,d40_hh7
d134,d91_hh79
d134,d20_hh44
d134,d30_hh44
d134,d131_hh212
d134,d125_hh189
d134,d11_hh240
d134,d73_hh153
d134,d131_hh41
d134,d13_hh157
d134,d210_hh262
d134,d134_hh156
d134,d112_hh221
d134,d55_hh246
d134,d101_hh186
d134,d195_hh52
d134,d214_hh255
d134,d209_hh40
d134,d32_hh101
d134,d80_hh6
d134,d193_hh67
d134,d162_hh113
d134,d18_hh253
d134,d1_hh15
d134,d161_hh250
d134,d11_hh244
d134,d183_hh237
d134,d55_hh226
d134,d114_hh12
d134,d44_hh65
d134,d16_hh75
d134,d124_hh167
d134,d112_hh176
d134,d21_hh16
d134,d77_hh83
d134,d214_hh184
d134,d126_hh156
d134,d16_hh201
d134,d111_hh206
d134,d122_hh210
d134,d7_hh240
d134,d36_hh69
d134,d150_hh253
d134,d160_hh59
d134,d16_hh201
d134,d161_hh238
d134,d77_hh156
d134,d106_hh24
d134,d73_hh153
d134,d16_hh218
d134,d120_hh57
d134,d73_hh197
d134,d160_hh211
d134,d165_hh274
d134,d168_hh34
d134,d152_hh175
d134,d130_hh273
d134,d124_hh223
d134,d114_hh12
d134,d134_hh76
d137,d66_hh193
d137,d59_hh98
d137,d36_hh69
d137,d128_hh180
d137,d41_hh181
d137,d178_hh263
d137,d87_hh32
d137,d195_hh52
d137,d202_hh222
d137,d66_hh179
d137,d56_hh123
d137,d7_hh64
d137,d190_hh176
d137,d88_hh108
d137,d41_hh181
d137,d11_hh26
d137,d112_hh221
d137,d161_hh110
d137,d135_hh57
d137,d80_hh6
d137,d109_hh168
d137,d128_hh43
d137,d111_hh206
d137,d51_hh186
d137,d83_hh79
d137,d16_hh200
d137,d87_hh38
d137,d140_hh260
d137,d42_hh38
d137,d78_hh234
d137,d213_hh238
d137,d130_hh273
d137,d210_hh267
d137,d77_hh156
d137,d190_hh176
d137,d111_hh206
d137,d29_hh167
d137,d11_hh244
d137,d88_hh118
d137,d16_hh177
d137,d69_hh222
d137,d164_hh249
d137,d191_hh12
d137,d55_hh232
d137,d56_hh89
d137,d81_hh14
d137,d131_hh14
d137,d150_hh253
d137,d100_hh164
d137,d23_hh236
d137,d18_hh253
d137,d158_hh146
d137,d23_hh236
d137,d88_hh118
d137,d208_hh221
d137,d112_hh17
d137,d51_hh49
d137,d19_hh147
d137,d59_hh251
d137,d156_hh181
d137,d51_hh285
d137,d205_hh217
d137,d123_hh83
d137,d91_hh98
d137,d73_hh153
d137,d139_hh164
d137,d97_hh20
d137,d34_hh166
d137,d32_hh203
d137,d118_hh88
d137,d50_hh112
d137,d55_hh190
d137,d13_hh263
d137,d77_hh156
d137,d11_hh240
d137,d165_hh274
d137,d183_hh93
d137,d128_hh180
d137,d138_hh1
d137,d128_hh43
d137,d149_hh30
d137,d85_hh214
d137,d202_hh222
d137,d88_hh118
d137,d130_hh273
d137,d97_hh20
d137,d35_hh224
d137,d81_hh14
d137,d81_hh14
d137,d1_hh15
d137,d161_hh238
d137,d19_hh147
d137,d69_hh99
d137,d73_hh151
d137,d18_hh6
d137,d160_hh179
d137,d174_hh6
d137,d208_hh137
d137,d191_hh30
d137,d66_hh193
d137,d77_hh156
d137,d80_hh6
d137,d67_hh63
d137,d124_hh118
d137,d46_hh57
d137,d32_hh151
d137,d179_hh28
d137,d128_hh278
d137,d101_hh182
d137,d112_hh221
d137,d39_hh55
d137,d30_hh44
d137,d190_hh32
d137,d58_hh108
d137,d160_hh232
d137,d205_hh54
d137,d26_hh63
d137,d81_hh87
d137,d66_hh193
d137,d7_hh155
d137,d120_hh57
d137,d214_hh20
d137,d48_hh119
d137,d128_hh184
d137,d169_hh148
d137,d161_hh250
d137,d135_hh78
d137,d88_hh235
d137,d59_hh207
d137,d55_hh226
d137,d124_hh118
d137,d41_hh74
d137,d93_hh66
d137,d125_hh167
d137,d38_hh101
d137,d56_hh166
d137,d69_hh274
d137,d135_hh191
d137,d141_hh235
d137,d7_hh155
d137,d126_hh233
d137,d15_hh97
d137,d51_hh37
d137,d66_hh193
d137,d77_hh83
d137,d120_hh45
d137,d130_hh273
d137,d113_hh254
d137,d190_hh176
d137,d111_hh29
d137,d7_hh124
d137,d130_hh273
d137,d130_hh273
d137,d21_hh16
d137,d55_hh131
d137,d83_hh79
d137,d35_hh224
d137,d56_hh89
d137,d163_hh115
d137,d124_hh223
d137,d111_hh29
d137,d82_hh41
d137,d175_hh239
d137,d46_hh57
d137,d130_hh177
d137,d41_hh72
d137,d195_hh52
d137,d174_hh85
d137,d101_hh182
d137,d91_hh113
d137,d59_hh132
d137,d11_hh214
d137,d106_hh24
d137,d139_hh27
d137,d77_hh156
d137,d120_hh272
d137,d74_hh108
d137,d126_hh156
d137,d42_hh165
d137,d175_hh239
d137,d32_hh203
d137,d140_hh195
d137,d23_hh236
d137,d186_hh175
d137,d40_hh7
d137,d43_hh67
d137,d131_hh212
d137,d50_hh90
d137,d43_hh67
d137,d34_hh166
d137,d42_hh263
d137,d112_hh177
d137,d83_hh67
d137,d140_hh195
d137,d66_hh193
d137,d87_hh38
d137,d38_hh172
d137,d53_hh23
d137,d214_hh255
d137,d91_hh32
d137,d210_hh262
d137,d32_hh203
d137,d183_hh93
d137,d150_hh253
d137,d11_hh240
d137,d41_hh72
d137,d85_hh218
d137,d169_hh115
d137,d160_hh38
d137,d205_hh217
d137,d88_hh108
d137,d158_hh85
d137,d170_hh273
d137,d135_hh57
d137,d214_hh184
d137,d11_hh214
d137,d78_hh9
d137,d11_hh26
d137,d38_hh172
d137,d85_hh214
d137,d85_hh218
d137,d19_hh147
d137,d122_hh210
d137,d207_hh28
d137,d161_hh250
d137,d128_hh297
d137,d65_hh227
d137,d91_hh32
d137,d126_hh184
d137,d190_hh182
d137,d19_hh147
d137,d77_hh83
d137,d16_hh177
d137,d161_hh238
d137,d66_hh193
d137,d200_hh227
d137,d112_hh221
d137,d158_hh34
d137,d156_hh19
d137,d112_hh31
d137,d51_hh186
d137,d160_hh59
d137,d77_hh40
d137,d124_hh126
d137,d171_hh189
d137,d122_hh271
d137,d141_hh235
d137,d160_hh59
d137,d186_hh175
d137,d91_hh32
d137,d16_hh75
d137,d118_hh175
d137,d170_hh273
d137,d190_hh173
d137,d42_hh251
d137,d161_hh110
d137,d119_hh50
d137,d149_hh30
d137,d202_hh222
d137,d175_hh181
d137,d110_hh117
d137,d165_hh274
d137,d146_hh114
d137,d46_hh57
d137,d73_hh153
d137,d138_hh1
d137,d16_hh177
d137,d135_hh226
d137,d104_hh7
d137,d111_hh29
d137,d112_hh155
d137,d214_hh166
d137,d35_hh104
d137,d43_hh67
d138,d50_hh195
d138,d33_hh266
d138,d19_hh147
d138,d125_hh167
d138,d82_hh256
d138,d147_hh167
d138,d106_hh24
d138,d131_hh41
d138,d150_hh8
d138,d162_hh113
d138,d120_hh45
d138,d11_hh79
d138,d126_hh44
d138,d38_hh49
d138,d59_hh132
d138,d112_hh176
d138,d128_hh180
d138,d156_hh153
d138,d111_hh29
d138,d198_hh78
d138,d21_hh16
d138,d81_hh81
d138,d59_hh207
d138,d140_hh260
d138,d11_hh240
d138,d95_hh241
d138,d59_hh132
d138,d96_hh8
d138,d150_hh253
d138,d69_hh55
d138,d88_hh267
d138,d95_hh241
d138,d18_hh80
d138,d20_hh44
d138,d191_hh275
d138,d161_hh110
d138,d48_hh176
d138,d39_hh96
d138,d50_hh195
d138,d90_hh214
d138,d53_hh23
d138,d118_hh88
d138,d202_hh17
d138,d33_hh266
d138,d74_hh108
d138,d190_hh38
d138,d190_hh176
d138,d50_hh195
d138,d191_hh179
d138,d34_hh12
d138,d55_hh229
d138,d179_hh242
d138,d205_hh54
d138,d137_hh109
d138,d112_hh176
d138,d65_hh67
d138,d117_hh245
d138,d88_hh267
d138,d51_hh186
d138,d171_hh189
d138,d78_hh123
d138,d101_hh186
d138,d59_hh162
d138,d43_hh67
d138,d139_hh9
d138,d120_hh57
d138,d129_hh94
d138,d134_hh118
d138,d183_hh93
d138,d119_hh107
d138,d38_hh101
d138,d2_hh232
d138,d134_hh166
d138,d42_hh165
d138,d41_hh72
d138,d169_hh247
d138,d195_hh52
d138,d66_hh13
d138,d150_hh168
d138,d5_hh117
d138,d56_hh175
d138,d160_hh38
d138,d55_hh232
d138,d32_hh136
d138,d150_hh8
d138,d44_hh283
d138,d134_hh76
d138,d161_hh110
d138,d11_hh244
d138,d88_hh235
d138,d193_hh61
d138,d130_hh273
d138,d129_hh94
d138,d73_hh197
d138,d82_hh231
d138,d83_hh79
d138,d36_hh69
d138,d171_hh189
d138,d83_hh79
d138,d2_hh232
d138,d38_hh101
d138,d38_hh95
d138,d134_hh156
d138,d186_hh175
d138,d59_hh207
d138,d156_hh151
d138,d43_hh67
d138,d134_hh118
d138,d38_hh172
d138,d112_hh17
d138,d99_hh38
d138,d175_hh239
d138,d73_hh153
d138,d78_hh234
d138,d214_hh184
d138,d156_hh153
d138,d165_hh274
d138,d77_hh40
d138,d53_hh23
d138,d214_hh255
d138,d118_hh188
d138,d18_hh80
d138,d56_hh175
d138,d46_hh57
d138,d66_hh13
d138,d66_hh154
d138,d97_hh75
d138,d141_hh6
d138,d91_hh113
d138,d135_hh219
d138,d100_hh164
d138,d16_hh200
d138,d160_hh179
d138,d124_hh125
d138,d202_hh222
d138,d55_hh232
d138,d156_hh218
d138,d88_hh3
d138,d4_hh212
d138,d88_hh108
d138,d200_hh227
d138,d149_hh61
d138,d88_hh235
d138,d32_hh101
d138,d44_hh170
d138,d125_hh189
d138,d112_hh221
d138,d168_hh30
d138,d95_hh241
d138,d11_hh79
d138,d83_hh79
d138,d87_hh32
d138,d168_hh30
d138,d35_hh104
d138,d66_hh179
d138,d66_hh131
d138,d69_hh274
d138,d56_hh175
d138,d97_hh20
d138,d74_hh109
d138,d4_hh212
d138,d41_hh74
d138,d209_hh40
d138,d85_hh104
d138,d125_hh189
d138,d147_hh167
d138,d135_hh57
d138,d53_hh249
d138,d51_hh186
d138,d53_hh249
d138,d50_hh112
d138,d44_hh187
d138,d11_hh244
d138,d158_hh85
d138,d33_hh266
d138,d91_hh113
d138,d161_hh110
d138,d88_hh235
d138,d160_hh97
d138,d202_hh17
d138,d204_hh231
d138,d87_hh32
d138,d109_hh209
d138,d100_hh65
d138,d56_hh166
d138,d59_hh207
d138,d7_hh64
d138,d198_hh40
d138,d175_hh239
d138,d147_hh167
d138,d44_hh127
d138,d42_hh38
d138,d77_hh156
d138,d120_hh268
d138,d147_hh167
d138,d32_hh101
d138,d69_hh274
d138,d146_hh88
d138,d101_hh182
d138,d210_hh262
d138,d66_hh131
d138,d205_hh54
d138,d91_hh113
d138,d78_hh234
d138,d69_hh274
d138,d215_hh157
d138,d117_hh126
d138,d74_hh212
d138,d154_hh132
d138,d190_hh38
d138,d82_hh256
d138,d184_hh11
d138,d7_hh64
d138,d128_hh43
d138,d130_hh277
d138,d134_hh166
d138,d200_hh227
d138,d32_hh60
d138,d131_hh14
d138,d18_hh91
d138,d59_hh98
d138,d214_hh166
d138,d88_hh3
d138,d150_hh168
d138,d56_hh166
d138,d93_hh184
d138,d137_hh216
d138,d88_hh191
d138,d18_hh253
d138,d205_hh217
d138,d1_hh234
d138,d202_hh222
d138,d135_hh57
d138,d56_hh63
d138,d38_hh101
d138,d23_hh236
d138,d69_hh209
d138,d190_hh38
d138,d21_hh16
d138,d179_hh267
d138,d139_hh251
d138,d5_hh117
d138,d18_hh91
d138,d215_hh82
d138,d184_hh210
d138,d81_hh87
d138,d128_hh278
d138,d104_hh7
d138,d160_hh104
d138,d141_hh194
d138,d51_hh285
d138,d78_hh9
d138,d184_hh11
d138,d97_hh20
d138,d82_hh256
d138,d161_hh250
d138,d168_hh265
d138,d131_hh14
d138,d66_hh13
d138,d208_hh2
d138,d214_hh171
d139,d168_hh265
d139,d13_hh157
d139,d16_hh218
d139,d5_hh117
d139,d131_hh41
d139,d50_hh90
d139,d51_hh186
d139,d112_hh177
d139,d149_hh237
d139,d73_hh33
d139,d191_hh179
d139,d75_hh15
d139,d11_hh240
d139,d59_hh162
d139,d51_hh186
d139,d163_hh115
d139,d141_hh209
d139,d190_hh32
d139,d78_hh234
d139,d178_hh263
d139,d4_hh212
d139,d143_hh224
d139,d88_hh191
d139,d69_hh274
d139,d56_hh123
d139,d131_hh212
d139,d59_hh207
d139,d1_hh234
d139,d138_hh10
d139,d164_hh220
d139,d124_hh126
d139,d42_hh263
d139,d59_hh98
d139,d207_hh28
d139,d29_hh167
d139,d59_hh207
d139,d134_hh76
d139,d140_hh195
d139,d214_hh184
d139,d124_hh118
d139,d41_hh181
d139,d7_hh64
d139,d67_hh63
d139,d141_hh194
d139,d112_hh221
d139,d179_hh267
d139,d61_hh246
d139,d67_hh63
d139,d178_hh263
d139,d85_hh104
d139,d73_hh197
d139,d154_hh132
d139,d91_hh98
d139,d43_hh67
d139,d191_hh30
d139,d56_hh166
d139,d7_hh148
d139,d77_hh40
d139,d150_hh8
d139,d214_hh184
d139,d87_hh38
d139,d134_hh166
d139,d11_hh240
d139,d33_hh64
d139,d78_hh123
d139,d102_hh284
d139,d80_hh6
d139,d53_hh23
d139,d44_hh127
d139,d81_hh14
d139,d126_hh44
d139,d21_hh16
d139,d69_hh55
d139,d208_hh221
d139,d38_hh101
d139,d198_hh40
d139,d69_hh55
d139,d38_hh95
d139,d198_hh78
d139,d55_hh131
d139,d214_hh184
d139,d69_hh55
d139,d198_hh78
d139,d149_hh30
d139,d129_hh209
d139,d123_hh83
d139,d184_hh210
d139,d110_hh201
d139,d13_hh239
d139,d53_hh249
d139,d137_hh201
d139,d126_hh233
d139,d134_hh31
d139,d110_hh201
d139,d53_hh23
d139,d11_hh244
d139,d114_hh12
d139,d93_hh184
d139,d82_hh115
d139,d198_hh78
d139,d16_hh177
d139,d111_hh29
d139,d100_hh164
d139,d69_hh13
d139,d51_hh186
d139,d34_hh166
d139,d138_hh1
d139,d88_hh267
d139,d96_hh8
d139,d69_hh55
d139,d141_hh194
d139,d21_hh21
d139,d179_hh41
d139,d135_hh216
d139,d150_hh168
d139,d150_hh168
d139,d124_hh118
d139,d208_hh221
d139,d34_hh12
d139,d16_hh218
d139,d184_hh11
d139,d58_hh108
d139,d126_hh156
d139,d55_hh226
d139,d69_hh209
d139,d214_hh252
d139,d78_hh123
d139,d69_hh13
d139,d209_hh40
d139,d34_hh12
d139,d191_hh190
d139,d106_hh24
d139,d210_hh262
d139,d184_hh11
d139,d160_hh232
d139,d69_hh209
d139,d33_hh266
d139,d134_hh166
d139,d51_hh285
d139,d135_hh216
d139,d128_hh184
d139,d114_hh12
d139,d174_hh85
d139,d44_hh187
d139,d40_hh111
d139,d62_hh167
d139,d126_hh156
d139,d161_hh110
d139,d88_hh235
d139,d91_hh241
d139,d122_hh271
d139,d122_hh210
d139,d101_hh182
d139,d55_hh246
d139,d158_hh20
d139,d88_hh235
d139,d210_hh262
d139,d117_hh245
d139,d168_hh34
d139,d124_hh125
d139,d74_hh11
d139,d200_hh51
d139,d82_hh231
d139,d187_hh32
d139,d11_hh132
d139,d53_hh23
d139,d101_hh182
d139,d56_hh175
d139,d179_hh267
d139,d87_hh32
d139,d11_hh240
d139,d77_hh83
d139,d44_hh65
d139,d137_hh216
d139,d168_hh30
d139,d170_hh63
d139,d154_hh157
d139,d170_hh273
d139,d165_hh274
d139,d156_hh181
d139,d135_hh191
d139,d44_hh187
d139,d69_hh55
d139,d99_hh230
d139,d179_hh267
d139,d198_hh78
d139,d100_hh65
d139,d130_hh277
d139,d128_hh43
d139,d38_hh172
d139,d112_hh17
d139,d44_hh283
d139,d40_hh111
d139,d129_hh209
d139,d147_hh167
d139,d90_hh214
d139,d38_hh95
d139,d156_hh151
d139,d59_hh132
d139,d143_hh82
d139,d140_hh260
d139,d101_hh186
d139,d128_hh180
d139,d66_hh179
d139,d69_hh222
d139,d106_hh24
d139,d120_hh268
d139,d88_hh118
d139,d23_hh236
d139,d122_hh112
d139,d175_hh32
d139,d38_hh101
d139,d183_hh237
d139,d202_hh17
d139,d190_hh182
d139,d124_hh167
d139,d18_hh253
d139,d48_hh119
d139,d102_hh228
d139,d53_hh249
d139,d114_hh12
d139,d99_hh38
d139,d174_hh97
d139,d88_hh191
d139,d35_hh224
d139,d154_hh132
d139,d135_hh219
d139,d134_hh31
d139,d128_hh297
d139,d122_hh181
d139,d135_hh57
d139,d190_hh32
d139,d41_hh74
d139,d95_hh241
d139,d73_hh151
d139,d21_hh21
d139,d191_hh30
d139,d164_hh78
d139,d62_hh167
d139,d152_hh175
d139,d191_hh275
d139,d56_hh177
d139,d190_hh173
d139,d46_hh57
d139,d195_hh31
d139,d112_hh17
d139,d88_hh191
d139,d214_hh20
d139,d175_hh181
d139,d7_hh124
d139,d202_hh17
d139,d56_hh175
d139,d190_hh106
d139,d160_hh179
d139,d156_hh19
d139,d62_hh167
d139,d73_hh153
d139,d39_hh55
d139,d190_hh106
d140,d202_hh222
d140,d110_hh117
d140,d100_hh65
d140,d141_hh209
d140,d210_hh262
d140,d174_hh97
d140,d158_hh49
d140,d135_hh219
d140,d18_hh253
d140,d46_hh228
d140,d15_hh97
d140,d85_hh214
d140,d191_hh179
d140,d160_hh97
d140,d202_hh111
d140,d168_hh30
d140,d81_hh87
d140,d179_hh28
d140,d66_hh154
d140,d139_hh27
d140,d81_hh81
d140,d16_hh200
d140,d205_hh217
d140,d69_hh209
d140,d128_hh273
d140,d35_hh104
d140,d155_hh206
d140,d210_hh262
d140,d61_hh79
d140,d119_hh107
d140,d69_hh209
d140,d51_hh285
d140,d135_hh78
d140,d13_hh239
d140,d69_hh274
d140,d35_hh224
d140,d34_hh12
d140,d161_hh250
d140,d97_hh75
d140,d113_hh254
d140,d174_hh97
d140,d126_hh156
d140,d135_hh191
d140,d38_hh101
d140,d124_hh118
d140,d112_hh176
d140,d16_hh218
d140,d91_hh32
d140,d41_hh72
d140,d141_hh6
d140,d126_hh233
d140,d58_hh81
d140,d125_hh167
d140,d90_hh214
d140,d16_hh177
d140,d186_hh175
d140,d124_hh167
d140,d112_hh17
d140,d36_hh69
d140,d214_hh166
d140,d149_hh61
d140,d208_hh137
d140,d55_hh131
d140,d132_hh233
d140,d118_hh262
d140,d119_hh50
d140,d170_hh63
d140,d42_hh263
d140,d65_hh227
d140,d164_hh78
d140,d42_hh165
d140,d190_hh182
d140,d51_hh49
d140,d101_hh186
d140,d149_hh237
d140,d7_hh155
d140,d18_hh80
d140,d104_hh7
d140,d118_hh188
d140,d137_hh201
d140,d210_hh267
d140,d58_hh108
d140,d88_hh108
d140,d16_hh75
d140,d50_hh195
d140,d114_hh2
d140,d160_hh38
d140,d11_hh244
d140,d149_hh237
d140,d131_hh212
d140,d26_hh63
d140,d205_hh217
d140,d11_hh244
d140,d156_hh153
d140,d198_hh78
d140,d51_hh285
d140,d42_hh263
d140,d18_hh253
d140,d137_hh201
d140,d195_hh97
d140,d155_hh206
d140,d99_hh230
d140,d69_hh55
d140,d163_hh242
d140,d69_hh209
d140,d179_hh242
d140,d73_hh197
d140,d125_hh167
d140,d55_hh232
d140,d111_hh29
d140,d44_hh170
d140,d56_hh89
d140,d55_hh246
d140,d149_hh61
d140,d23_hh236
d140,d210_hh87
d140,d149_hh61
d140,d16_hh177
d140,d48_hh119
d140,d53_hh249
d140,d128_hh297
d140,d124_hh126
d140,d130_hh177
d140,d139_hh251
d140,d111_hh29
d140,d74_hh212
d140,d31_hh135
d140,d174_hh97
d140,d169_hh247
d140,d35_hh104
d140,d112_hh155
d140,d119_hh174
d140,d140_hh260
d140,d135_hh57
d140,d195_hh52
d140,d129_hh106
d140,d33_hh64
d140,d112_hh221
d140,d135_hh191
d140,d104_hh7
d140,d56_hh123
d140,d110_hh201
d140,d35_hh104
d140,d106_hh24
d140,d117_hh245
d140,d56_hh63
d140,d135_hh57
d140,d195_hh31
d140,d141_hh235
d140,d56_hh89
d140,d18_hh80
d140,d170_hh273
d140,d170_hh273
d140,d135_hh78
d140,d18_hh80
d140,d174_hh85
d140,d184_hh11
d140,d190_hh106
d140,d38_hh172
d140,d88_hh191
d140,d13_hh239
d140,d190_hh38
d140,d62_hh18
d140,d187_hh30
d140,d158_hh85
d140,d134_hh31
d140,d66_hh179
d140,d129_hh209
d140,d33_hh64
d140,d205_hh54
d140,d128_hh278
d140,d51_hh285
d140,d11_hh132
d140,d104_hh7
d140,d210_hh87
d140,d35_hh224
d140,d59_hh207
d140,d31_hh135
d140,d7_hh155
d140,d160_hh59
d140,d117_hh126
d140,d174_hh97
d140,d122_hh181
d140,d34_hh12
d140,d135_hh191
d140,d161_hh110
d140,d126_hh156
d140,d11_hh244
d140,d62_hh167
d140,d41_hh53
d140,d141_hh194
d140,d38_hh101
d140,d18_hh91
d140,d53_hh23
d140,d32_hh19
d140,d40_hh7
d140,d102_hh228
d140,d24_hh177
d140,d120_hh118
d140,d122_hh210
d140,d93_hh66
d140,d120_hh45
d140,d56_hh177
d140,d150_hh253
d140,d213_hh238
d140,d32_hh203
d140,d67_hh63
d140,d130_hh273
d140,d150_hh8
d140,d44_hh163
d140,d36_hh69
d140,d174_hh97
d140,d69_hh222
d140,d160_hh59
d140,d160_hh59
d140,d43_hh67
d140,d171_hh189
d140,d125_hh167
d140,d74_hh108
d140,d40_hh111
d140,d26_hh63
d140,d175_hh239
d140,d127_hh69
d140,d96_hh8
d140,d119_hh174
d140,d124_hh125
d140,d77_hh40
d140,d42_hh263
d140,d130_hh273
d140,d191_hh30
d140,d140_hh195
d140,d7_hh64
d140,d32_hh101
d140,d117_hh245
d140,d140_hh195
d140,d95_hh241
d140,d16_hh201
d140,d91_hh241
d140,d99_hh44
d140,d169_hh115
d140,d42_hh38
d140,d141_hh235
d140,d126_hh184
d140,d35_hh211
d140,d124_hh125
d140,d24_hh177
d140,d191_hh179
d140,d11_hh240
d140,d85_hh214
d140,d158_hh85
d140,d210_hh87
d140,d40_hh111
d140,d119_hh107
d140,d143_hh82
d140,d32_hh101
d140,d21_hh21
d140,d87_hh38
d140,d87_hh38
d140,d39_hh55
d140,d42_hh165
d140,d101_hh186
d140,d11_hh132
d140,d73_hh151
d140,d51_hh285
d140,d130_hh177
d140,d73_hh7
d140,d126_hh156
d140,d104_hh7
d140,d130_hh177
d140,d124_hh125
d140,d34_hh166
d140,d113_hh254
d140,d164_hh220
d140,d191_hh190
d140,d161_hh229
d140,d38_hh101
d140,d110_hh117
d140,d160_hh211
d140,d143_hh82
d140,d198_hh40
d140,d112_hh221
d140,d175_hh32
d140,d65_hh227
d140,d112_hh17
d140,d118_hh175
d140,d66_hh193
d136,d194_hh142
d136,d70_hh171
d136,d142_hh106
d136,d136_hh192
d136,d201_hh78
d136,d108_hh230
d136,d148_hh244
d136,d8_hh149
d136,d70_hh110
d136,d103_hh48
d136,d201_hh78
d136,d203_hh139
d136,d70_hh171
d136,d8_hh105
d136,d6_hh155
d136,d79_hh114
d136,d172_hh18
d136,d25_hh80
d136,d136_hh32
d136,d196_hh126
d136,d25_hh157
d136,d148_hh58
d136,d185_hh57
d136,d47_hh128
d136,d8_hh149
d136,d25_hh157
d136,d25_hh80
d136,d167_hh11
d136,d3_hh97
d136,d25_hh157
d136,d71_hh245
d136,d25_hh157
d136,d203_hh172
d136,d157_hh222
d136,d192_hh58
d136,d203_hh96
d136,d70_hh171
d136,d136_hh32
d136,d60_hh191
d136,d157_hh215
d136,d148_hh58
d136,d25_hh80
d136,d167_hh11
d136,d8_hh155
d136,d201_hh78
d136,d176_hh220
d136,d25_hh157
d136,d70_hh172
d136,d108_hh213
d136,d188_hh256
d136,d167_hh11
d136,d47_hh128
d136,d6_hh130
d136,d201_hh78
d136,d167_hh70
d136,d108_hh162
d136,d212_hh252
d136,d45_hh0
d136,d181_hh225
d136,d142_hh190
d136,d201_hh135
d136,d176_hh194
d136,d176_hh125
d136,d22_hh176
d136,d14_hh75
d136,d47_hh128
d136,d8_hh105
d136,d6_hh155
d136,d176_hh220
d136,d47_hh300
d136,d103_hh205
d136,d49_hh219
d136,d107_hh7
d136,d70_hh76
d136,d157_hh222
d136,d94_hh129
d136,d45_hh79
d136,d8_hh105
d136,d144_hh289
d136,d144_hh253
d136,d108_hh241
d136,d176_hh125
d136,d60_hh191
d136,d70_hh110
d136,d196_hh215
d136,d70_hh136
d136,d8_hh155
d136,d194_hh40
d136,d45_hh0
d136,d115_hh55
d136,d115_hh186
d136,d47_hh300
d136,d185_hh143
d136,d108_hh213
d136,d157_hh235
d136,d70_hh172
d136,d14_hh75
d136,d172_hh180
d136,d203_hh139
d136,d189_hh268
d136,d49_hh219
d136,d14_hh75
d136,d3_hh35
d136,d71_hh245
d136,d189_hh268
d136,d70_hh171
d136,d212_hh61
d136,d196_hh215
d136,d105_hh45
d136,d70_hh110
d136,d94_hh129
d136,d70_hh171
d136,d45_hh0
d136,d92_hh115
d136,d167_hh276
d136,d115_hh176
d136,d167_hh264
d136,d9_hh236
d136,d60_hh107
d136,d8_hh105
d136,d63_hh160
d136,d108_hh162
d136,d3_hh97
d136,d3_hh27
d136,d45_hh79
d136,d47_hh128
d136,d79_hh198
d136,d9_hh183
d136,d148_hh58
d136,d203_hh172
d136,d189_hh268
d136,d63_hh69
d136,d167_hh11
d136,d189_hh268
d136,d148_hh117
d136,d79_hh227
d136,d103_hh205
d136,d144_hh253
d136,d9_hh236
d136,d27_hh269
d136,d76_hh6
d136,d94_hh137
d136,d70_hh171
d136,d103_hh48
d136,d211_hh211
d136,d8_hh155
d136,d153_hh26
d136,d8_hh149
d136,d3_hh180
d136,d45_hh79
d136,d108_hh162
d136,d63_hh160
d136,d108_hh212
d136,d136_hh89
d136,d167_hh70
d136,d76_hh193
d136,d212_hh61
d136,d45_hh79
d136,d108_hh213
d136,d71_hh245
d136,d121_hh272
d136,d103_hh48
d136,d115_hh55
d136,d115_hh186
d136,d194_hh189
d136,d45_hh79
d136,d79_hh227
d136,d142_hh106
d136,d189_hh268
d136,d63_hh160
d136,d79_hh227
d136,d14_hh205
d136,d70_hh136
d136,d94_hh129
d136,d9_hh236
d136,d79_hh198
d136,d79_hh227
d136,d8_hh106
d136,d115_hh124
d136,d194_hh142
d136,d148_hh100
d136,d211_hh211
d136,d70_hh110
d136,d115_hh124
d136,d76_hh187
d136,d28_hh253
d136,d196_hh139
d136,d92_hh161
d136,d115_hh55
d136,d136_hh32
d136,d201_hh78
d136,d6_hh155
d136,d176_hh85
d136,d3_hh180
d136,d103_hh48
d136,d28_hh35
d136,d107_hh103
d136,d8_hh149
d136,d37_hh160
d136,d60_hh108
d136,d107_hh258
d136,d45_hh79
d136,d185_hh57
d136,d60_hh191
d136,d107_hh103
d136,d79_hh198
d136,d45_hh79
d136,d211_hh211
d136,d70_hh172
d136,d148_hh100
d136,d116_hh196
d136,d115_hh176
d136,d142_hh106
d136,d28_hh35
d136,d70_hh171
d136,d153_hh96
d136,d142_hh106
d136,d108_hh213
d136,d63_hh83
d136,d8_hh106
d136,d28_hh35
d136,d103_hh192
d136,d92_hh91
d136,d107_hh23
d136,d121_hh272
d136,d142_hh106
d136,d136_hh192
d136,d6_hh155
d136,d142_hh190
d136,d115_hh186
d136,d185_hh57
d136,d108_hh213
d136,d86_hh55
d136,d71_hh163
d136,d136_hh192
d136,d211_hh86
d136,d107_hh258
d136,d194_hh114
d136,d211_hh86
d136,d115_hh176
d136,d136_hh32
d136,d203_hh139
d136,d142_hh190
d136,d86_hh55
d136,d9_hh183
d136,d201_hh119
d136,d8_hh106
d136,d45_hh0
d136,d79_hh114
d136,d189_hh268
d136,d70_hh110
d136,d71_hh146
d136,d108_hh213
d136,d71_hh245
d136,d3_hh97
d136,d108_hh241
d136,d45_hh0
d136,d8_hh105
d136,d60_hh108
d136,d142_hh108
d136,d148_hh244
d136,d121_hh272
d136,d181_hh17
d136,d176_hh125
d136,d142_hh108
d136,d79_hh198
d136,d212_hh252
d136,d63_hh160
d136,d71_hh245
d136,d71_hh245
d136,d145_hh175
d136,d47_hh135
d136,d8_hh149
d136,d167_hh70
d136,d167_hh11
d136,d211_hh211
d136,d71_hh245
d136,d136_hh32
d136,d148_hh100
d136,d94_hh129
d136,d108_hh241
d135,d129_hh94
d135,d93_hh184
d135,d55_hh190
d135,d129_hh209
d135,d124_hh125
d135,d202_hh222
d135,d126_hh156
d135,d187_hh16
d135,d124_hh167
d135,d77_hh156
d135,d195_hh31
d135,d171_hh189
d135,d205_hh217
d135,d129_hh209
d135,d99_hh38
d135,d32_hh203
d135,d72_hh77
d135,d179_hh41
d135,d195_hh52
d135,d195_hh97
d135,d190_hh38
d135,d58_hh108
d135,d184_hh210
d135,d208_hh221
d135,d51_hh49
d135,d120_hh45
d135,d164_hh249
d135,d109_hh168
d135,d152_hh187
d135,d82_hh115
d135,d7_hh64
d135,d205_hh217
d135,d112_hh176
d135,d99_hh44
d135,d35_hh211
d135,d187_hh30
d135,d33_hh266
d135,d93_hh80
d135,d82_hh115
d135,d59_hh132
d135,d110_hh172
d135,d190_hh106
d135,d88_hh108
d135,d169_hh115
d135,d118_hh188
d135,d55_hh226
d135,d124_hh167
d135,d160_hh59
d135,d42_hh38
d135,d156_hh151
d135,d96_hh8
d135,d129_hh94
d135,d33_hh64
d135,d131_hh41
d135,d56_hh123
d135,d128_hh297
d135,d191_hh12
d135,d140_hh195
d135,d41_hh53
d135,d109_hh168
d135,d50_hh112
d135,d128_hh180
d135,d130_hh277
d135,d191_hh179
d135,d81_hh81
d135,d35_hh224
d135,d74_hh108
d135,d101_hh182
d135,d162_hh113
d135,d214_hh166
d135,d165_hh274
d135,d91_hh32
d135,d78_hh9
d135,d135_hh57
d135,d204_hh231
d135,d96_hh8
d135,d66_hh179
d135,d174_hh97
d135,d65_hh227
d135,d202_hh111
d135,d82_hh256
d135,d50_hh195
d135,d187_hh32
d135,d208_hh221
d135,d134_hh31
d135,d81_hh81
d135,d41_hh53
d135,d163_hh115
d135,d214_hh166
d135,d41_hh53
d135,d38_hh49
d135,d82_hh231
d135,d135_hh219
d135,d134_hh118
d135,d164_hh78
d135,d88_hh191
d135,d40_hh111
d135,d82_hh256
d135,d190_hh173
d135,d42_hh263
d135,d78_hh9
d135,d150_hh8
d135,d32_hh101
d135,d170_hh228
d135,d195_hh52
d135,d141_hh235
d135,d137_hh216
d135,d51_hh285
d135,d96_hh8
d135,d132_hh233
d135,d42_hh165
d135,d85_hh218
d135,d55_hh246
d135,d35_hh224
d135,d190_hh176
d135,d38_hh95
d135,d165_hh274
d135,d66_hh131
d135,d118_hh88
d135,d72_hh77
d135,d74_hh108
d135,d33_hh266
d135,d179_hh41
d135,d170_hh63
d135,d139_hh27
d135,d56_hh177
d135,d50_hh195
d135,d51_hh177
d135,d168_hh34
d135,d111_hh206
d135,d120_hh45
d135,d38_hh172
d135,d200_hh51
d135,d187_hh291
d135,d170_hh228
d135,d61_hh246
d135,d164_hh220
d135,d7_hh240
d135,d99_hh44
d135,d93_hh184
d135,d40_hh111
d135,d129_hh94
d135,d175_hh181
d135,d129_hh209
d135,d190_hh173
d135,d40_hh111
d135,d51_hh186
d135,d152_hh187
d135,d81_hh87
d135,d69_hh55
d135,d55_hh131
d135,d56_hh63
d135,d73_hh197
d135,d30_hh132
d135,d82_hh256
d135,d42_hh263
d135,d5_hh117
d135,d88_hh267
d135,d75_hh15
d135,d191_hh30
d135,d158_hh146
d135,d126_hh184
d135,d135_hh78
d135,d11_hh244
d135,d114_hh12
d135,d131_hh212
d135,d150_hh253
d135,d66_hh131
d135,d111_hh29
d135,d146_hh88
d135,d93_hh66
d135,d73_hh197
d135,d170_hh228
d135,d135_hh216
d135,d46_hh57
d135,d191_hh179
d135,d46_hh57
d135,d18_hh80
d135,d130_hh273
d135,d11_hh26
d135,d149_hh61
d135,d134_hh156
d135,d158_hh20
d135,d38_hh101
d135,d58_hh108
d135,d7_hh240
d135,d4_hh212
d135,d134_hh118
d135,d175_hh181
d135,d187_hh16
d135,d125_hh248
d135,d204_hh231
d135,d168_hh30
d135,d7_hh64
d135,d161_hh110
d135,d87_hh38
d135,d190_hh173
d135,d101_hh182
d135,d112_hh17
d135,d162_hh113
d135,d69_hh274
d135,d184_hh206
d135,d141_hh209
d135,d39_hh96
d135,d55_hh246
d135,d11_hh240
d135,d74_hh109
d135,d61_hh79
d135,d26_hh63
d135,d51_hh186
d135,d135_hh219
d135,d111_hh206
d135,d40_hh111
d135,d88_hh235
d135,d106_hh24
d135,d16_hh201
d135,d38_hh101
d135,d130_hh277
d135,d102_hh228
d135,d39_hh55
d135,d91_hh32
d135,d73_hh151
d135,d104_hh7
d135,d82_hh256
d135,d7_hh64
d135,d46_hh228
d135,d169_hh148
d135,d152_hh175
d135,d24_hh177
d135,d42_hh251
d135,d43_hh67
d135,d195_hh31
d135,d44_hh163
d135,d56_hh63
d135,d42_hh38
d135,d100_hh164
d135,d59_hh207
d135,d51_hh285
d135,d66_hh131
d135,d164_hh78
d135,d110_hh236
d135,d67_hh63
d135,d140_hh260
d135,d33_hh64
d135,d175_hh181
d135,d202_hh222
d135,d122_hh181
d135,d122_hh112
d135,d65_hh115
d135,d80_hh6
d135,d62_hh167
d135,d150_hh168
d135,d77_hh83
d135,d66_hh13
d135,d198_hh78
d135,d130_hh277
d135,d11_hh26
d135,d34_hh166
d135,d106_hh24
d135,d128_hh180
d135,d111_hh206
d135,d41_hh181
d135,d88_hh3
d135,d55_hh12
d135,d138_hh1
d135,d111_hh206
d135,d120_hh118
d135,d205_hh73
d135,d135_hh57
d135,d127_hh69
d135,d122_hh210
d135,d4_hh212
d135,d77_hh40
d135,d55_hh246
d135,d160_hh179
d135,d73_hh7
d135,d149_hh30
d135,d38_hh101
d135,d200_hh227
d135,d139_hh27
d135,d82_hh256
d135,d210_hh267
d135,d164_hh249
d135,d134_hh166
d135,d139_hh164
d135,d78_hh9
d135,d138_hh1
d135,d82_hh256
d135,d163_hh44
d143,d112_hh176
d143,d164_hh78
d143,d111_hh206
d143,d112_hh17
d143,d170_hh273
d143,d117_hh126
d143,d163_hh242
d143,d44_hh35
d143,d128_hh273
d143,d123_hh83
d143,d72_hh77
d143,d141_hh6
d143,d208_hh2
d143,d154_hh132
d143,d42_hh165
d143,d110_hh236
d143,d139_hh164
d143,d69_hh99
d143,d50_hh195
d143,d91_hh100
d143,d106_hh24
d143,d205_hh217
d143,d58_hh108
d143,d184_hh11
d143,d93_hh80
d143,d32_hh136
d143,d175_hh32
d143,d193_hh67
d143,d73_hh153
d143,d149_hh237
d143,d1_hh15
d143,d154_hh157
d143,d208_hh221
d143,d132_hh233
d143,d51_hh49
d143,d120_hh118
d143,d126_hh233
d143,d164_hh78
d143,d190_hh38
d143,d55_hh226
d143,d168_hh30
d143,d135_hh57
d143,d16_hh201
d143,d21_hh25
d143,d16_hh218
d143,d11_hh79
d143,d135_hh57
d143,d51_hh37
d143,d131_hh41
d143,d126_hh184
d143,d7_hh240
d143,d179_hh41
d143,d130_hh177
d143,d41_hh254
d143,d170_hh228
d143,d130_hh177
d143,d179_hh242
d143,d161_hh238
d143,d51_hh186
d143,d117_hh126
d143,d163_hh44
d143,d179_hh242
d143,d61_hh246
d143,d156_hh151
d143,d69_hh209
d143,d78_hh123
d143,d43_hh67
d143,d13_hh157
d143,d137_hh216
d143,d120_hh118
d143,d35_hh224
d143,d88_hh118
d143,d156_hh19
d143,d66_hh131
d143,d129_hh106
d143,d118_hh262
d143,d187_hh16
d143,d149_hh30
d143,d62_hh18
d143,d113_hh254
d143,d111_hh206
d143,d13_hh263
d143,d30_hh132
d143,d69_hh274
d143,d11_hh240
d143,d73_hh7
d143,d204_hh231
d143,d210_hh87
d143,d214_hh20
d143,d56_hh89
d143,d139_hh9
d143,d74_hh109
d143,d100_hh65
d143,d146_hh114
d143,d69_hh274
d143,d178_hh263
d143,d149_hh61
d143,d123_hh83
d143,d119_hh107
d143,d119_hh50
d143,d128_hh180
d143,d112_hh221
d143,d139_hh251
d143,d160_hh97
d143,d11_hh240
d143,d135_hh78
d143,d33_hh266
d143,d55_hh131
d143,d73_hh33
d143,d205_hh217
d143,d23_hh236
d143,d150_hh8
d143,d109_hh168
d143,d44_hh283
d143,d74_hh108
d143,d129_hh94
d143,d184_hh11
d143,d56_hh177
d143,d69_hh55
d143,d44_hh127
d143,d11_hh244
d143,d11_hh132
d143,d130_hh277
d143,d72_hh77
d143,d53_hh23
d143,d190_hh173
d143,d131_hh212
d143,d191_hh275
d143,d214_hh184
d143,d93_hh80
d143,d160_hh232
d143,d114_hh2
d143,d58_hh81
d143,d193_hh61
d143,d41_hh72
d143,d55_hh12
d143,d11_hh240
d143,d150_hh253
d143,d134_hh76
d143,d100_hh65
d143,d170_hh63
d143,d125_hh248
d143,d74_hh212
d143,d190_hh182
d143,d162_hh67
d143,d112_hh31
d143,d170_hh63
d143,d91_hh79
d143,d39_hh55
d143,d21_hh21
d143,d29_hh167
d143,d191_hh12
d143,d38_hh101
d143,d40_hh111
d143,d99_hh230
d143,d135_hh226
d143,d146_hh114
d143,d31_hh135
d143,d38_hh49
d143,d56_hh177
d143,d214_hh184
d143,d184_hh206
d143,d149_hh237
d143,d69_hh209
d143,d65_hh115
d143,d214_hh184
d143,d74_hh212
d143,d32_hh151
d143,d11_hh214
d143,d179_hh242
d143,d207_hh28
d143,d162_hh67
d143,d143_hh224
d143,d46_hh228
d143,d130_hh273
d143,d150_hh168
d143,d74_hh108
d143,d204_hh158
d143,d46_hh57
d143,d128_hh43
d143,d29_hh167
d143,d65_hh67
d143,d213_hh238
d143,d171_hh189
d143,d91_hh79
d143,d20_hh44
d143,d126_hh156
d143,d38_hh95
d143,d135_hh57
d143,d114_hh12
d143,d161_hh229
d143,d129_hh209
d143,d44_hh127
d143,d11_hh240
d143,d73_hh197
d143,d59_hh207
d143,d179_hh242
d143,d11_hh79
d143,d81_hh14
d143,d7_hh240
d143,d128_hh43
d143,d15_hh188
d143,d149_hh61
d143,d187_hh16
d143,d51_hh285
d143,d113_hh254
d143,d112_hh17
d143,d85_hh214
d143,d174_hh85
d143,d30_hh132
d143,d120_hh45
d143,d88_hh108
d143,d56_hh166
d143,d131_hh212
d143,d82_hh231
d143,d168_hh265
d143,d5_hh117
d143,d130_hh273
d143,d11_hh132
d143,d53_hh249
d143,d129_hh209
d143,d18_hh80
d143,d74_hh108
d143,d137_hh109
d143,d128_hh180
d143,d158_hh34
d143,d11_hh214
d143,d83_hh67
d143,d51_hh186
d143,d83_hh67
d143,d56_hh89
d143,d191_hh275
d143,d141_hh6
d143,d200_hh51
d143,d112_hh221
d143,d146_hh114
d143,d131_hh212
d143,d99_hh44
d143,d82_hh231
d143,d73_hh151
d143,d130_hh177
d143,d210_hh262
d143,d183_hh93
d143,d118_hh175
d143,d156_hh151
d143,d36_hh69
d143,d51_hh177
d143,d72_hh77
d143,d190_hh32
d143,d44_hh65
d143,d56_hh177
d143,d41_hh53
d143,d184_hh11
d143,d174_hh6
d143,d91_hh32
d143,d119_hh107
d143,d32_hh101
d143,d128_hh297
d143,d38_hh49
d143,d186_hh175
d143,d213_hh238
d143,d18_hh80
d143,d53_hh249
d143,d170_hh63
d143,d13_hh157
d143,d83_hh67
d143,d168_hh265
d143,d33_hh266
d143,d18_hh80
d143,d184_hh206
d143,d88_hh108
d143,d46_hh57
d143,d74_hh212
d143,d208_hh221
d143,d62_hh18
d143,d146_hh88
d143,d132_hh233
d143,d132_hh233
d143,d205_hh217
d143,d190_hh176
d143,d21_hh21
d143,d191_hh179
d143,d7_hh124
d143,d171_hh189
d143,d164_hh249
d143,d110_hh236
d143,d44_hh65
d143,d179_hh267
d143,d187_hh16
d143,d35_hh224
d141,d198_hh78
d141,d164_hh249
d141,d69_hh99
d141,d42_hh263
d141,d124_hh125
d141,d46_hh57
d141,d120_hh272
d141,d117_hh126
d141,d120_hh57
d141,d126_hh156
d141,d134_hh118
d141,d135_hh57
d141,d42_hh263
d141,d161_hh229
d141,d11_hh132
d141,d140_hh260
d141,d126_hh156
d141,d101_hh186
d141,d146_hh88
d141,d171_hh189
d141,d16_hh75
d141,d55_hh190
d141,d193_hh67
d141,d77_hh156
d141,d73_hh197
d141,d124_hh126
d141,d5_hh117
d141,d158_hh49
d141,d99_hh44
d141,d18_hh91
d141,d55_hh131
d141,d91_hh79
d141,d56_hh175
d141,d202_hh111
d141,d214_hh166
d141,d126_hh44
d141,d73_hh197
d141,d91_hh32
d141,d101_hh182
d141,d127_hh69
d141,d69_hh222
d141,d42_hh165
d141,d124_hh126
d141,d35_hh224
d141,d33_hh266
d141,d15_hh188
d141,d131_hh212
d141,d55_hh131
d141,d179_hh242
d141,d139_hh9
d141,d74_hh108
d141,d11_hh214
d141,d40_hh7
d141,d122_hh112
d141,d80_hh6
d141,d24_hh177
d141,d128_hh273
d141,d134_hh76
d141,d128_hh43
d141,d125_hh189
d141,d88_hh235
d141,d83_hh67
d141,d112_hh155
d141,d135_hh78
d141,d127_hh69
d141,d208_hh137
d141,d138_hh1
d141,d35_hh104
d141,d120_hh45
d141,d135_hh216
d141,d99_hh38
d141,d129_hh94
d141,d59_hh98
d141,d150_hh168
d141,d73_hh153
d141,d11_hh240
d141,d169_hh115
d141,d24_hh177
d141,d184_hh206
d141,d32_hh19
d141,d187_hh30
d141,d5_hh117
d141,d193_hh61
d141,d65_hh115
d141,d11_hh132
d141,d1_hh234
d141,d126_hh233
d141,d170_hh273
d141,d61_hh79
d141,d128_hh180
d141,d23_hh236
d141,d135_hh219
d141,d202_hh111
d141,d41_hh74
d141,d137_hh201
d141,d88_hh267
d141,d7_hh124
d141,d53_hh23
d141,d15_hh97
d141,d97_hh75
d141,d126_hh156
d141,d41_hh254
d141,d15_hh188
d141,d149_hh237
d141,d175_hh181
d141,d55_hh232
d141,d184_hh11
d141,d129_hh94
d141,d186_hh175
d141,d87_hh32
d141,d137_hh201
d141,d179_hh28
d141,d202_hh222
d141,d134_hh156
d141,d146_hh114
d141,d205_hh73
d141,d44_hh65
d141,d15_hh97
d141,d77_hh156
d141,d21_hh25
d141,d141_hh152
d141,d19_hh147
d141,d41_hh72
d141,d66_hh131
d141,d82_hh231
d141,d99_hh38
d141,d102_hh228
d141,d135_hh78
d141,d15_hh188
d141,d168_hh265
d141,d150_hh168
d141,d18_hh80
d141,d33_hh64
d141,d190_hh32
d141,d202_hh222
d141,d213_hh238
d141,d104_hh7
d141,d135_hh216
d141,d208_hh137
d141,d205_hh217
d141,d69_hh55
d141,d190_hh176
d141,d18_hh91
d141,d66_hh13
d141,d120_hh118
d141,d141_hh6
d141,d65_hh67
d141,d120_hh45
d141,d48_hh119
d141,d33_hh266
d141,d31_hh135
d141,d59_hh132
d141,d207_hh28
d141,d126_hh184
d141,d128_hh297
d141,d85_hh104
d141,d190_hh173
d141,d147_hh167
d141,d155_hh206
d141,d72_hh77
d141,d21_hh25
d141,d44_hh283
d141,d164_hh78
d141,d160_hh97
d141,d56_hh89
d141,d50_hh195
d141,d15_hh97
d141,d214_hh171
d141,d125_hh236
d141,d184_hh210
d141,d163_hh115
d141,d73_hh197
d141,d65_hh75
d141,d191_hh179
d141,d78_hh234
d141,d35_hh224
d141,d127_hh69
d141,d93_hh184
d141,d23_hh236
d141,d91_hh98
d141,d204_hh173
d141,d214_hh20
d141,d30_hh132
d141,d158_hh49
d141,d11_hh240
d141,d82_hh115
d141,d51_hh37
d141,d214_hh171
d141,d187_hh16
d141,d59_hh162
d141,d135_hh191
d141,d193_hh61
d141,d214_hh166
d141,d11_hh26
d141,d191_hh179
d141,d73_hh84
d141,d38_hh101
d141,d56_hh123
d141,d40_hh7
d141,d156_hh181
d141,d32_hh203
d141,d146_hh114
d141,d124_hh125
d141,d96_hh8
d141,d44_hh187
d141,d87_hh32
d141,d91_hh32
d141,d110_hh117
d141,d190_hh173
d141,d77_hh156
d141,d32_hh151
d141,d149_hh237
d141,d69_hh13
d141,d99_hh38
d141,d111_hh29
d141,d112_hh176
d141,d16_hh218
d141,d85_hh218
d141,d110_hh172
d141,d140_hh260
d141,d97_hh20
d141,d162_hh113
d141,d16_hh218
d141,d32_hh151
d141,d143_hh82
d141,d125_hh248
d141,d128_hh273
d141,d88_hh3
d141,d102_hh228
d141,d191_hh30
d141,d73_hh197
d141,d85_hh214
d141,d141_hh235
d141,d65_hh67
d141,d190_hh32
d141,d38_hh95
d141,d164_hh220
d141,d59_hh162
d141,d69_hh209
d141,d139_hh251
d141,d114_hh12
d141,d50_hh195
d141,d210_hh262
d141,d156_hh19
d141,d137_hh216
d141,d204_hh231
d141,d204_hh158
d141,d99_hh38
d141,d184_hh11
d141,d195_hh31
d141,d112_hh177
d141,d149_hh61
d141,d62_hh167
d141,d2_hh232
d141,d18_hh253
d141,d128_hh180
d141,d137_hh109
d141,d187_hh32
d141,d66_hh154
d141,d33_hh64
d141,d154_hh132
d145,d116_hh6
d145,d116_hh118
d145,d192_hh68
d145,d188_hh256
d145,d107_hh23
d145,d22_hh176
d145,d194_hh101
d145,d121_hh170
d145,d47_hh128
d145,d9_hh236
d145,d192_hh58
d145,d212_hh155
d145,d211_hh86
d145,d157_hh215
d145,d136_hh32
d145,d144_hh253
d145,d8_hh155
d145,d71_hh146
d145,d60_hh108
d145,d167_hh11
d145,d6_hh155
d145,d121_hh170
d145,d153_hh26
d145,d27_hh269
d145,d157_hh222
d145,d172_hh18
d145,d108_hh241
d145,d206_hh279
d145,d153_hh100
d145,d142_hh106
d145,d196_hh197
d145,d71_hh163
d145,d167_hh276
d145,d196_hh197
d145,d211_hh211
d145,d27_hh269
d145,d157_hh222
d145,d144_hh196
d145,d3_hh27
d145,d49_hh219
d145,d181_hh17
d145,d37_hh160
d145,d92_hh161
d145,d9_hh197
d145,d107_hh23
d145,d115_hh186
d145,d196_hh215
d145,d212_hh155
d145,d103_hh63
d145,d14_hh75
d145,d153_hh26
d145,d49_hh257
d145,d103_hh48
d145,d47_hh300
d145,d144_hh253
d145,d9_hh289
d145,d151_hh203
d145,d194_hh40
d145,d172_hh18
d145,d121_hh170
d145,d45_hh79
d145,d107_hh258
d145,d49_hh219
d145,d151_hh203
d145,d103_hh63
d145,d116_hh118
d145,d136_hh89
d145,d157_hh215
d145,d28_hh253
d145,d28_hh40
d145,d189_hh268
d145,d196_hh215
d145,d63_hh160
d145,d70_hh76
d145,d192_hh68
d145,d86_hh55
d145,d153_hh96
d145,d145_hh175
d145,d144_hh253
d145,d185_hh57
d145,d71_hh146
d145,d8_hh41
d145,d71_hh146
d145,d167_hh70
d145,d79_hh227
d145,d176_hh92
d145,d196_hh197
d145,d148_hh117
d145,d148_hh100
d145,d196_hh229
d145,d105_hh45
d145,d172_hh18
d145,d103_hh192
d145,d28_hh40
d145,d201_hh135
d145,d157_hh16
d145,d47_hh135
d145,d157_hh16
d145,d144_hh253
d145,d212_hh61
d145,d172_hh180
d145,d196_hh229
d145,d192_hh58
d145,d47_hh300
d145,d107_hh246
d145,d144_hh253
d145,d60_hh191
d145,d107_hh258
d145,d189_hh268
d145,d76_hh193
d145,d144_hh289
d145,d116_hh6
d145,d60_hh107
d145,d148_hh247
d145,d189_hh268
d145,d212_hh252
d145,d136_hh32
d145,d64_hh137
d145,d64_hh137
d145,d185_hh143
d145,d49_hh103
d145,d37_hh160
d145,d142_hh108
d145,d3_hh27
d145,d9_hh183
d145,d167_hh70
d145,d136_hh192
d145,d189_hh268
d145,d79_hh114
d145,d148_hh104
d145,d142_hh269
d145,d6_hh77
d145,d76_hh193
d145,d167_hh11
d145,d188_hh256
d145,d153_hh26
d145,d6_hh130
d145,d86_hh55
d145,d176_hh85
d145,d76_hh193
d145,d136_hh89
d145,d212_hh61
d145,d185_hh143
d145,d201_hh78
d145,d60_hh107
d145,d151_hh203
d145,d180_hh254
d145,d211_hh86
d145,d79_hh255
d145,d142_hh106
d145,d47_hh135
d145,d116_hh6
d145,d116_hh118
d145,d167_hh11
d145,d108_hh212
d145,d49_hh103
d145,d185_hh57
d145,d181_hh225
d145,d157_hh215
d145,d116_hh118
d145,d116_hh6
d145,d153_hh96
d145,d71_hh245
d145,d148_hh247
d145,d28_hh40
d145,d103_hh63
d145,d63_hh83
d145,d203_hh139
d145,d121_hh170
d145,d70_hh136
d145,d76_hh187
d145,d151_hh203
d145,d116_hh36
d145,d194_hh40
d145,d189_hh268
d145,d3_hh180
d145,d108_hh230
d145,d92_hh115
d145,d167_hh276
d145,d8_hh105
d145,d176_hh194
d145,d47_hh135
d145,d148_hh247
d145,d71_hh146
d145,d10_hh167
d145,d63_hh83
d145,d212_hh155
d145,d212_hh155
d145,d144_hh289
d145,d8_hh105
d145,d212_hh61
d145,d107_hh193
d145,d63_hh83
d145,d92_hh91
d145,d49_hh219
d145,d116_hh6
d145,d3_hh97
d145,d76_hh187
d145,d14_hh205
d145,d144_hh196
d145,d6_hh130
d145,d6_hh155
d145,d196_hh215
d145,d71_hh163
d145,d153_hh26
d145,d167_hh276
d145,d167_hh70
d145,d192_hh68
d145,d115_hh55
d145,d79_hh198
d145,d76_hh6
d145,d8_hh41
d145,d145_hh175
d145,d70_hh172
d145,d49_hh170
d145,d27_hh269
d145,d22_hh176
d145,d192_hh58
d145,d115_hh55
d145,d180_hh254
d145,d37_hh159
d145,d79_hh255
d145,d9_hh289
d145,d144_hh196
d145,d142_hh269
d145,d157_hh215
d145,d63_hh160
d145,d70_hh136
d145,d192_hh68
d145,d167_hh276
d145,d115_hh199
d145,d212_hh61
d145,d60_hh107
d145,d203_hh172
d145,d167_hh276
d145,d211_hh211
d145,d121_hh170
d145,d167_hh264
d145,d47_hh300
d145,d6_hh77
d145,d3_hh180
d145,d9_hh236
d145,d9_hh236
d145,d49_hh170
d145,d153_hh26
d145,d136_hh32
d145,d94_hh253
d145,d79_hh255
d145,d22_hh176
d145,d107_hh258
d145,d136_hh32
d145,d3_hh35
d145,d116_hh118
d145,d14_hh205
d145,d185_hh143
d145,d8_hh155
d145,d103_hh48
d145,d103_hh205
d145,d92_hh91
d145,d92_hh115
d145,d212_hh61
d145,d181_hh17
d145,d8_hh105
d145,d9_hh183
d145,d148_hh58
d145,d9_hh197
d145,d180_hh254
d145,d3_hh97
d145,d188_hh256
d145,d167_hh276
d145,d148_hh100
d145,d28_hh40
d145,d180_hh254
d145,d9_hh183
d145,d8_hh155
d145,d142_hh106
d145,d3_hh97
d145,d116_hh36
d145,d115_hh124
d145,d196_hh215
d145,d8_hh41
d145,d84_hh122
d145,d60_hh108
d145,d142_hh108
d145,d142_hh108
d145,d37_hh159
d145,d49_hh257
d145,d47_hh128
d145,d176_hh85
d145,d84_hh161
d145,d79_hh198
d145,d181_hh225
d145,d37_hh159
d145,d103_hh63
d145,d196_hh215
d145,d60_hh191
d145,d196_hh190
d144,d153_hh26
d144,d142_hh108
d144,d192_hh58
d144,d9_hh289
d144,d105_hh45
d144,d108_hh230
d144,d189_hh268
d144,d108_hh241
d144,d172_hh180
d144,d47_hh300
d144,d151_hh215
d144,d3_hh97
d144,d136_hh89
d144,d157_hh215
d144,d144_hh289
d144,d196_hh190
d144,d108_hh212
d144,d181_hh225
d144,d108_hh230
d144,d92_hh91
d144,d14_hh75
d144,d172_hh18
d144,d63_hh83
d144,d108_hh162
d144,d196_hh229
d144,d176_hh85
d144,d70_hh136
d144,d142_hh108
d144,d157_hh16
d144,d108_hh241
d144,d201_hh135
d144,d151_hh215
d144,d121_hh170
d144,d94_hh253
d144,d14_hh205
d144,d108_hh230
d144,d176_hh92
d144,d28_hh253
d144,d9_hh170
d144,d185_hh57
d144,d22_hh190
d144,d115_hh176
d144,d64_hh137
d144,d71_hh163
d144,d27_hh269
d144,d22_hh190
d144,d121_hh170
d144,d79_hh255
d144,d203_hh189
d144,d49_hh170
d144,d176_hh194
d144,d14_hh205
d144,d115_hh176
d144,d176_hh220
d144,d14_hh205
d144,d9_hh236
d144,d192_hh39
d144,d116_hh118
d144,d14_hh205
d144,d94_hh129
d144,d92_hh115
d144,d157_hh16
d144,d9_hh236
d144,d185_hh143
d144,d47_hh300
d144,d14_hh75
d144,d9_hh236
d144,d76_hh6
d144,d37_hh159
d144,d167_hh276
d144,d153_hh96
d144,d151_hh203
d144,d28_hh253
d144,d28_hh253
d144,d8_hh149
d144,d116_hh6
d144,d144_hh253
d144,d79_hh227
d144,d3_hh97
d144,d153_hh100
d144,d212_hh155
d144,d47_hh128
d144,d136_hh89
d144,d144_hh196
d144,d70_hh136
d144,d8_hh41
d144,d9_hh197
d144,d49_hh219
d144,d116_hh118
d144,d176_hh92
d144,d28_hh35
d144,d79_hh114
d144,d27_hh269
d144,d116_hh6
d144,d60_hh107
d144,d116_hh118
d144,d108_hh230
d144,d92_hh115
d144,d22_hh190
d144,d3_hh97
d144,d105_hh45
d144,d71_hh245
d144,d107_hh23
d144,d14_hh75
d144,d157_hh235
d144,d203_hh227
d144,d203_hh96
d144,d148_hh100
d144,d105_hh45
d144,d144_hh289
d144,d192_hh58
d144,d47_hh300
d144,d194_hh101
d144,d84_hh161
d144,d194_hh40
d144,d45_hh79
d144,d136_hh32
d144,d185_hh143
d144,d157_hh235
d144,d148_hh117
d144,d22_hh176
d144,d94_hh246
d144,d116_hh6
d144,d92_hh115
d144,d9_hh197
d144,d211_hh211
d144,d212_hh155
d144,d151_hh203
d144,d167_hh11
d144,d6_hh77
d144,d180_hh254
d144,d115_hh176
d144,d192_hh58
d144,d136_hh89
d144,d105_hh45
d144,d192_hh58
d144,d151_hh203
d144,d172_hh180
d144,d70_hh76
d144,d116_hh196
d144,d196_hh215
d144,d116_hh196
d144,d47_hh300
d144,d22_hh176
d144,d144_hh196
d144,d25_hh157
d144,d115_hh124
d144,d153_hh100
d144,d86_hh55
d144,d103_hh63
d144,d144_hh196
d144,d181_hh225
d144,d49_hh170
d144,d107_hh193
d144,d9_hh289
d144,d64_hh137
d144,d203_hh189
d144,d3_hh97
d144,d9_hh197
d144,d116_hh6
d144,d86_hh55
d144,d203_hh189
d144,d49_hh219
d144,d196_hh229
d144,d196_hh215
d144,d145_hh175
d144,d196_hh197
d144,d37_hh160
d144,d25_hh80
d144,d103_hh48
d144,d142_hh106
d144,d107_hh258
d144,d92_hh115
d144,d194_hh101
d144,d76_hh193
d144,d206_hh279
d144,d153_hh96
d144,d148_hh58
d144,d3_hh97
d144,d47_hh300
d144,d9_hh289
d144,d142_hh108
d144,d22_hh176
d144,d201_hh135
d144,d9_hh183
d144,d103_hh205
d144,d105_hh45
d144,d92_hh115
d144,d60_hh191
d144,d79_hh227
d144,d70_hh136
d144,d188_hh256
d144,d49_hh170
d144,d185_hh143
d144,d107_hh246
d144,d3_hh180
d144,d71_hh146
d144,d192_hh39
d144,d196_hh215
d144,d157_hh16
d144,d64_hh137
d144,d151_hh203
d144,d196_hh139
d144,d79_hh114
d144,d116_hh118
d144,d148_hh247
d144,d115_hh124
d144,d196_hh190
d144,d107_hh258
d144,d84_hh122
d144,d9_hh197
d144,d185_hh57
d144,d116_hh36
d144,d192_hh58
d144,d94_hh137
d144,d14_hh67
d144,d9_hh183
d144,d185_hh143
d144,d196_hh197
d144,d92_hh91
d144,d153_hh96
d144,d6_hh155
d144,d180_hh254
d144,d9_hh289
d144,d144_hh289
d144,d167_hh264
d144,d142_hh108
d144,d25_hh80
d144,d9_hh236
d144,d28_hh40
d144,d192_hh58
d144,d136_hh32
d144,d167_hh11
d144,d176_hh85
d144,d92_hh115
d144,d3_hh180
d144,d76_hh6
d144,d192_hh68
d144,d192_hh39
d144,d148_hh100
d144,d157_hh235
d144,d172_hh180
d144,d115_hh176
d144,d76_hh187
d144,d9_hh289
d144,d3_hh180
d144,d79_hh114
d144,d142_hh108
d144,d196_hh190
d144,d196_hh197
d144,d9_hh197
d144,d8_hh41
d144,d107_hh258
d144,d14_hh205
d144,d27_hh269
d144,d3_hh180
d144,d148_hh244
d144,d107_hh23
d144,d86_hh55
d144,d153_hh26
d144,d70_hh172
d144,d116_hh118
d144,d203_hh139
d144,d94_hh137
d144,d188_hh256
d144,d37_hh159
d144,d94_hh137
d144,d27_hh269
d144,d185_hh143
d144,d151_hh215
d144,d194_hh101
d144,d70_hh136
d144,d142_hh190
d144,d64_hh137
d144,d153_hh100
d144,d76_hh193
d144,d3_hh180
d144,d22_hh176
d144,d14_hh67
d144,d94_hh137
d144,d167_hh264
d144,d79_hh114
d144,d115_hh199
d144,d49_hh257
d144,d49_hh219
d144,d107_hh258
d144,d142_hh108
d144,d157_hh235
d144,d107_hh258
d144,d76_hh193
d144,d181_hh17
d144,d136_hh32
d144,d92_hh161
d144,d14_hh75
d144,d76_hh187
d131,d204_hh231
d131,d33_hh64
d131,d126_hh184
d131,d170_hh228
d131,d186_hh175
d131,d149_hh61
d131,d120_hh272
d131,d83_hh67
d131,d51_hh177
d131,d168_hh30
d131,d13_hh239
d131,d160_hh97
d131,d44_hh187
d131,d143_hh224
d131,d125_hh167
d131,d135_hh57
d131,d91_hh32
d131,d128_hh297
d131,d61_hh246
d131,d88_hh3
d131,d65_hh67
d131,d100_hh164
d131,d32_hh203
d131,d110_hh172
d131,d88_hh3
d131,d131_hh212
d131,d41_hh53
d131,d214_hh166
d131,d126_hh184
d131,d124_hh118
d131,d160_hh59
d131,d140_hh195
d131,d30_hh44
d131,d160_hh97
d131,d59_hh98
d131,d202_hh111
d131,d97_hh75
d131,d109_hh209
d131,d72_hh77
d131,d200_hh227
d131,d101_hh182
d131,d95_hh241
d131,d143_hh82
d131,d66_hh179
d131,d156_hh153
d131,d118_hh188
d131,d125_hh248
d131,d158_hh146
d131,d139_hh251
d131,d207_hh28
d131,d11_hh26
d131,d66_hh193
d131,d208_hh2
d131,d50_hh195
d131,d138_hh1
d131,d131_hh204
d131,d179_hh242
d131,d191_hh12
d131,d195_hh52
d131,d110_hh172
d131,d161_hh238
d131,d135_hh219
d131,d97_hh75
d131,d55_hh232
d131,d109_hh168
d131,d202_hh111
d131,d146_hh88
d131,d146_hh114
d131,d44_hh35
d131,d160_hh59
d131,d125_hh167
d131,d35_hh104
d131,d208_hh137
d131,d77_hh83
d131,d119_hh174
d131,d126_hh156
d131,d55_hh232
d131,d62_hh167
d131,d48_hh119
d131,d156_hh151
d131,d42_hh251
d131,d87_hh32
d131,d214_hh252
d131,d78_hh234
d131,d11_hh214
d131,d77_hh156
d131,d11_hh132
d131,d32_hh151
d131,d168_hh30
d131,d168_hh265
d131,d58_hh108
d131,d56_hh89
d131,d207_hh28
d131,d170_hh273
d131,d7_hh87
d131,d82_hh231
d131,d35_hh224
d131,d91_hh113
d131,d160_hh104
d131,d99_hh44
d131,d164_hh78
d131,d99_hh44
d131,d90_hh214
d131,d163_hh115
d131,d55_hh131
d131,d99_hh44
d131,d18_hh253
d131,d140_hh260
d131,d114_hh12
d131,d163_hh115
d131,d171_hh189
d131,d160_hh211
d131,d11_hh132
d131,d82_hh256
d131,d66_hh193
d131,d118_hh88
d131,d66_hh193
d131,d137_hh109
d131,d69_hh274
d131,d129_hh209
d131,d48_hh119
d131,d5_hh117
d131,d154_hh132
d131,d170_hh273
d131,d7_hh148
d131,d5_hh117
d131,d81_hh87
d131,d128_hh278
d131,d112_hh221
d131,d169_hh115
d131,d35_hh224
d131,d163_hh115
d131,d122_hh271
d131,d184_hh11
d131,d187_hh30
d131,d35_hh104
d131,d38_hh101
d131,d83_hh67
d131,d11_hh244
d131,d195_hh97
d131,d88_hh108
d131,d11_hh79
d131,d65_hh75
d131,d118_hh175
d131,d161_hh110
d131,d119_hh50
d131,d69_hh13
d131,d128_hh297
d131,d123_hh83
d131,d190_hh173
d131,d130_hh177
d131,d38_hh49
d131,d7_hh124
d131,d91_hh113
d131,d130_hh177
d131,d87_hh32
d131,d21_hh16
d131,d187_hh32
d131,d134_hh76
d131,d156_hh218
d131,d125_hh248
d131,d156_hh19
d131,d207_hh28
d131,d114_hh2
d131,d131_hh204
d131,d69_hh55
d131,d183_hh237
d131,d130_hh273
d131,d193_hh61
d131,d41_hh53
d131,d69_hh55
d131,d78_hh234
d131,d109_hh209
d131,d88_hh3
d131,d20_hh48
d131,d128_hh184
d131,d32_hh136
d131,d112_hh176
d131,d91_hh32
d131,d7_hh87
d131,d139_hh27
d131,d190_hh173
d131,d56_hh89
d131,d170_hh273
d131,d174_hh85
d131,d134_hh31
d131,d131_hh212
d131,d18_hh91
d131,d118_hh175
d131,d11_hh79
d131,d50_hh195
d131,d140_hh260
d131,d53_hh249
d131,d44_hh65
d131,d5_hh117
d131,d11_hh132
d131,d88_hh235
d131,d127_hh69
d131,d127_hh69
d131,d160_hh97
d131,d215_hh157
d131,d129_hh106
d131,d150_hh8
d131,d205_hh217
d131,d165_hh274
d131,d213_hh238
d131,d129_hh209
d131,d141_hh6
d131,d170_hh273
d131,d38_hh49
d131,d118_hh175
d131,d128_hh278
d131,d83_hh67
d131,d213_hh238
d131,d78_hh123
d131,d119_hh107
d131,d208_hh221
d131,d35_hh224
d131,d93_hh66
d131,d39_hh96
d131,d161_hh238
d131,d41_hh181
d131,d55_hh226
d131,d164_hh78
d131,d100_hh65
d131,d214_hh255
d131,d40_hh7
d131,d140_hh260
d131,d42_hh263
d131,d175_hh181
d131,d138_hh1
d131,d16_hh218
d131,d50_hh90
d131,d91_hh79
d131,d162_hh113
d131,d168_hh30
d131,d130_hh273
d131,d102_hh284
d131,d77_hh40
d131,d51_hh285
d131,d120_hh272
d131,d56_hh175
d131,d190_hh32
d131,d111_hh206
d131,d125_hh236
d131,d50_hh112
d131,d85_hh218
d131,d40_hh111
d131,d69_hh209
d131,d169_hh115
d131,d122_hh271
d131,d126_hh44
d131,d124_hh125
d131,d40_hh111
d131,d56_hh63
d131,d208_hh221
d131,d83_hh67
d131,d88_hh3
d131,d73_hh197
d131,d171_hh189
d131,d11_hh240
d131,d187_hh291
d131,d44_hh35
d131,d11_hh240
d131,d160_hh104
d131,d78_hh123
d131,d44_hh35
d131,d156_hh151
d131,d41_hh181
d131,d128_hh273
d131,d160_hh97
d151,d192_hh39
d151,d212_hh61
d151,d3_hh27
d151,d60_hh107
d151,d116_hh36
d151,d107_hh193
d151,d9_hh183
d151,d142_hh269
d151,d9_hh197
d151,d116_hh6
d151,d103_hh63
d151,d136_hh192
d151,d92_hh161
d151,d9_hh236
d151,d49_hh103
d151,d196_hh190
d151,d188_hh256
d151,d9_hh170
d151,d153_hh100
d151,d148_hh104
d151,d157_hh235
d151,d79_hh255
d151,d70_hh76
d151,d192_hh39
d151,d192_hh58
d151,d76_hh193
d151,d63_hh160
d151,d70_hh172
d151,d115_hh199
d151,d153_hh26
d151,d94_hh129
d151,d211_hh86
d151,d145_hh175
d151,d9_hh236
d151,d192_hh58
d151,d45_hh0
d151,d116_hh118
d151,d47_hh300
d151,d107_hh103
d151,d47_hh300
d151,d28_hh40
d151,d136_hh32
d151,d151_hh215
d151,d121_hh170
d151,d153_hh100
d151,d63_hh83
d151,d47_hh128
d151,d49_hh219
d151,d212_hh61
d151,d176_hh125
d151,d9_hh289
d151,d142_hh108
d151,d107_hh23
d151,d144_hh253
d151,d79_hh114
d151,d94_hh137
d151,d206_hh279
d151,d116_hh6
d151,d63_hh160
d151,d6_hh130
d151,d176_hh92
d151,d28_hh35
d151,d142_hh190
d151,d63_hh160
d151,d148_hh117
d151,d206_hh279
d151,d196_hh215
d151,d203_hh227
d151,d194_hh142
d151,d28_hh35
d151,d116_hh118
d151,d60_hh107
d151,d8_hh106
d151,d116_hh36
d151,d37_hh159
d151,d63_hh83
d151,d151_hh203
d151,d151_hh215
d151,d172_hh180
d151,d9_hh236
d151,d76_hh187
d151,d49_hh257
d151,d121_hh170
d151,d172_hh180
d151,d25_hh80
d151,d196_hh190
d151,d25_hh80
d151,d37_hh159
d151,d22_hh190
d151,d116_hh36
d151,d76_hh6
d151,d25_hh80
d151,d14_hh75
d151,d212_hh252
d151,d9_hh289
d151,d108_hh212
d151,d196_hh139
d151,d192_hh58
d151,d167_hh11
d151,d180_hh254
d151,d49_hh170
d151,d115_hh186
d151,d8_hh155
d151,d47_hh128
d151,d6_hh155
d151,d28_hh35
d151,d9_hh289
d151,d103_hh205
d151,d49_hh219
d151,d107_hh23
d151,d92_hh91
d151,d28_hh253
d151,d27_hh269
d151,d192_hh58
d151,d185_hh57
d151,d196_hh190
d151,d49_hh219
d151,d206_hh279
d151,d144_hh289
d151,d37_hh160
d151,d9_hh289
d151,d176_hh92
d151,d203_hh227
d151,d136_hh192
d151,d196_hh190
d151,d212_hh61
d151,d60_hh107
d151,d116_hh6
d151,d60_hh191
d151,d176_hh125
d151,d148_hh117
d151,d107_hh258
d151,d63_hh83
d151,d94_hh129
d151,d107_hh7
d151,d76_hh187
d151,d60_hh107
d151,d71_hh163
d151,d192_hh39
d151,d37_hh159
d151,d196_hh229
d151,d176_hh125
d151,d153_hh26
d151,d142_hh106
d151,d196_hh197
d151,d192_hh68
d151,d145_hh175
d151,d107_hh258
d151,d108_hh213
d151,d9_hh197
d151,d9_hh289
d151,d115_hh124
d151,d49_hh257
d151,d63_hh69
d151,d108_hh230
d151,d148_hh247
d151,d64_hh137
d151,d71_hh146
d151,d10_hh167
d151,d148_hh58
d151,d142_hh106
d151,d157_hh222
d151,d196_hh215
d151,d92_hh115
d151,d116_hh118
d151,d145_hh175
d151,d151_hh215
d151,d157_hh16
d151,d92_hh115
d151,d108_hh213
d151,d84_hh161
d151,d9_hh289
d151,d194_hh101
d151,d157_hh222
d151,d79_hh255
d151,d71_hh245
d151,d211_hh211
d151,d203_hh189
d151,d172_hh18
d151,d84_hh161
d151,d203_hh189
d151,d25_hh157
d151,d9_hh289
d151,d148_hh100
d151,d103_hh63
d151,d176_hh92
d151,d144_hh196
d151,d92_hh161
d151,d9_hh236
d151,d108_hh230
d151,d84_hh122
d151,d45_hh79
d151,d115_hh186
d151,d196_hh126
d151,d103_hh63
d151,d6_hh155
d151,d194_hh101
d151,d153_hh96
d151,d167_hh11
d151,d45_hh79
d151,d22_hh190
d151,d176_hh85
d151,d151_hh215
d151,d14_hh67
d151,d8_hh41
d151,d188_hh256
d151,d45_hh0
d151,d25_hh80
d151,d14_hh75
d151,d211_hh86
d151,d157_hh16
d151,d9_hh170
d151,d37_hh160
d151,d167_hh11
d151,d47_hh300
d151,d70_hh136
d151,d203_hh227
d151,d84_hh122
d151,d64_hh137
d151,d196_hh229
d151,d63_hh69
d151,d37_hh159
d151,d63_hh83
d151,d28_hh40
d151,d153_hh96
d151,d103_hh192
d151,d185_hh57
d151,d136_hh32
d151,d148_hh117
d151,d107_hh23
d151,d92_hh91
d151,d176_hh125
d151,d22_hh176
d151,d92_hh161
d151,d172_hh18
d151,d92_hh115
d151,d148_hh247
d151,d196_hh229
d151,d60_hh108
d151,d6_hh77
d151,d3_hh35
d151,d201_hh119
d151,d8_hh155
d151,d3_hh180
d151,d3_hh180
d151,d76_hh187
d151,d9_hh289
d151,d157_hh222
d151,d115_hh186
d151,d60_hh191
d151,d60_hh191
d151,d206_hh279
d151,d49_hh219
d151,d94_hh246
d151,d136_hh89
d151,d8_hh149
d151,d157_hh222
d151,d94_hh129
d151,d10_hh167
d151,d176_hh125
d151,d8_hh155
d151,d136_hh89
d151,d37_hh159
d151,d151_hh215
d151,d9_hh170
d151,d60_hh107
d151,d115_hh186
d151,d145_hh175
d151,d167_hh11
d151,d157_hh235
d151,d181_hh17
d151,d151_hh215
d151,d105_hh45
d151,d115_hh199
d151,d105_hh45
d151,d79_hh255
d151,d172_hh18
d151,d153_hh100
d151,d167_hh276
d151,d136_hh89
d151,d157_hh16
d151,d107_hh193
d151,d212_hh61
d151,d116_hh36
d151,d84_hh161
d151,d115_hh199
d151,d3_hh97
d151,d108_hh241
d151,d76_hh6
d151,d108_hh213
d151,d63_hh83
d151,d142_hh190
d151,d63_hh83
d151,d136_hh192
d151,d172_hh180
d151,d142_hh190
d151,d14_hh67
d151,d167_hh11
d146,d91_hh100
d146,d32_hh101
d146,d56_hh63
d146,d120_hh118
d146,d59_hh132
d146,d135_hh226
d146,d158_hh20
d146,d141_hh152
d146,d58_hh81
d146,d120_hh118
d146,d195_hh31
d146,d120_hh57
d146,d138_hh1
d146,d120_hh45
d146,d40_hh7
d146,d191_hh179
d146,d128_hh297
d146,d38_hh95
d146,d122_hh271
d146,d187_hh30
d146,d18_hh253
d146,d7_hh155
d146,d41_hh254
d146,d164_hh249
d146,d124_hh167
d146,d16_hh201
d146,d109_hh209
d146,d74_hh108
d146,d74_hh11
d146,d73_hh33
d146,d190_hh173
d146,d53_hh23
d146,d119_hh50
d146,d42_hh251
d146,d42_hh263
d146,d124_hh118
d146,d82_hh41
d146,d160_hh211
d146,d135_hh226
d146,d38_hh101
d146,d69_hh222
d146,d114_hh2
d146,d168_hh34
d146,d190_hh176
d146,d48_hh176
d146,d163_hh242
d146,d141_hh6
d146,d69_hh13
d146,d102_hh284
d146,d99_hh38
d146,d122_hh210
d146,d2_hh232
d146,d161_hh229
d146,d19_hh147
d146,d210_hh87
d146,d55_hh190
d146,d123_hh83
d146,d77_hh156
d146,d128_hh180
d146,d156_hh151
d146,d41_hh254
d146,d141_hh152
d146,d53_hh23
d146,d158_hh49
d146,d122_hh181
d146,d56_hh177
d146,d113_hh254
d146,d1_hh234
d146,d23_hh236
d146,d55_hh246
d146,d77_hh40
d146,d7_hh148
d146,d42_hh263
d146,d75_hh15
d146,d174_hh6
d146,d50_hh112
d146,d32_hh60
d146,d137_hh201
d146,d160_hh232
d146,d78_hh123
d146,d128_hh273
d146,d32_hh101
d146,d156_hh181
d146,d62_hh18
d146,d152_hh187
d146,d120_hh45
d146,d88_hh267
d146,d109_hh209
d146,d137_hh216
d146,d41_hh53
d146,d55_hh190
d146,d131_hh212
d146,d119_hh107
d146,d183_hh237
d146,d143_hh82
d146,d210_hh267
d146,d207_hh28
d146,d29_hh167
d146,d73_hh151
d146,d30_hh44
d146,d135_hh216
d146,d191_hh190
d146,d44_hh65
d146,d42_hh263
d146,d160_hh97
d146,d164_hh220
d146,d55_hh12
d146,d128_hh43
d146,d83_hh67
d146,d91_hh32
d146,d59_hh207
d146,d125_hh236
d146,d158_hh49
d146,d99_hh44
d146,d95_hh241
d146,d7_hh240
d146,d160_hh59
d146,d66_hh131
d146,d208_hh137
d146,d13_hh157
d146,d88_hh3
d146,d195_hh97
d146,d38_hh101
d146,d88_hh108
d146,d160_hh104
d146,d190_hh173
d146,d184_hh210
d146,d128_hh273
d146,d44_hh187
d146,d141_hh194
d146,d30_hh132
d146,d137_hh216
d146,d88_hh235
d146,d158_hh20
d146,d56_hh175
d146,d19_hh147
d146,d141_hh152
d146,d114_hh2
d146,d210_hh267
d146,d114_hh2
d146,d150_hh8
d146,d155_hh206
d146,d111_hh29
d146,d119_hh50
d146,d65_hh227
d146,d58_hh108
d146,d85_hh214
d146,d124_hh223
d146,d156_hh181
d146,d88_hh235
d146,d119_hh174
d146,d56_hh175
d146,d78_hh9
d146,d160_hh211
d146,d146_hh114
d146,d110_hh172
d146,d164_hh78
d146,d65_hh115
d146,d193_hh61
d146,d160_hh104
d146,d74_hh108
d146,d65_hh115
d146,d61_hh79
d146,d44_hh35
d146,d13_hh263
d146,d44_hh163
d146,d205_hh217
d146,d163_hh242
d146,d56_hh177
d146,d48_hh176
d146,d208_hh137
d146,d158_hh49
d146,d35_hh104
d146,d19_hh147
d146,d140_hh260
d146,d163_hh115
d146,d42_hh263
d146,d11_hh79
d146,d69_hh13
d146,d139_hh27
d146,d59_hh132
d146,d66_hh154
d146,d48_hh119
d146,d141_hh6
d146,d149_hh61
d146,d134_hh166
d146,d131_hh14
d146,d163_hh115
d146,d134_hh31
d146,d161_hh250
d146,d190_hh176
d146,d56_hh63
d146,d178_hh263
d146,d137_hh216
d146,d66_hh193
d146,d125_hh248
d146,d104_hh7
d146,d175_hh181
d146,d20_hh44
d146,d23_hh236
d146,d169_hh148
d146,d80_hh6
d146,d32_hh101
d146,d186_hh175
d146,d134_hh118
d146,d207_hh28
d146,d130_hh273
d146,d69_hh209
d146,d56_hh63
d146,d168_hh30
d146,d150_hh253
d146,d134_hh76
d146,d69_hh222
d146,d120_hh118
d146,d78_hh123
d146,d87_hh32
d146,d204_hh173
d146,d73_hh84
d146,d120_hh268
d146,d7_hh148
d146,d200_hh51
d146,d125_hh189
d146,d4_hh212
d146,d158_hh85
d146,d74_hh212
d146,d169_hh115
d146,d214_hh252
d146,d39_hh96
d146,d205_hh217
d146,d77_hh156
d146,d51_hh177
d146,d61_hh79
d146,d139_hh251
d146,d129_hh106
d146,d69_hh222
d146,d187_hh32
d146,d77_hh156
d146,d214_hh184
d146,d13_hh239
d146,d99_hh38
d146,d88_hh118
d146,d126_hh156
d146,d32_hh151
d146,d93_hh66
d146,d155_hh206
d146,d161_hh238
d146,d140_hh195
d146,d32_hh101
d146,d190_hh176
d146,d160_hh232
d146,d122_hh271
d146,d73_hh84
d146,d104_hh7
d146,d128_hh180
d146,d91_hh32
d146,d53_hh249
d146,d152_hh175
d146,d131_hh212
d146,d137_hh201
d146,d93_hh80
d146,d158_hh146
d146,d143_hh82
d146,d128_hh43
d146,d41_hh254
d146,d190_hh38
d146,d160_hh211
d146,d122_hh210
d146,d91_hh100
d152,d154_hh132
d152,d163_hh44
d152,d16_hh177
d152,d30_hh44
d152,d150_hh168
d152,d110_hh172
d152,d111_hh29
d152,d34_hh12
d152,d111_hh29
d152,d77_hh83
d152,d191_hh30
d152,d16_hh75
d152,d128_hh180
d152,d114_hh12
d152,d77_hh83
d152,d191_hh179
d152,d149_hh30
d152,d7_hh240
d152,d214_hh184
d152,d150_hh168
d152,d7_hh155
d152,d119_hh174
d152,d51_hh186
d152,d82_hh41
d152,d81_hh81
d152,d193_hh67
d152,d66_hh179
d152,d128_hh43
d152,d190_hh32
d152,d118_hh175
d152,d200_hh51
d152,d82_hh256
d152,d129_hh94
d152,d7_hh124
d152,d7_hh87
d152,d118_hh188
d152,d154_hh132
d152,d32_hh101
d152,d135_hh57
d152,d101_hh186
d152,d134_hh76
d152,d62_hh167
d152,d169_hh148
d152,d214_hh255
d152,d33_hh266
d152,d110_hh172
d152,d130_hh273
d152,d125_hh248
d152,d102_hh284
d152,d58_hh81
d152,d51_hh177
d152,d163_hh242
d152,d114_hh2
d152,d33_hh266
d152,d179_hh28
d152,d7_hh87
d152,d131_hh41
d152,d150_hh8
d152,d160_hh232
d152,d50_hh90
d152,d137_hh216
d152,d91_hh98
d152,d120_hh45
d152,d137_hh216
d152,d114_hh12
d152,d112_hh31
d152,d69_hh99
d152,d56_hh63
d152,d126_hh156
d152,d161_hh110
d152,d21_hh16
d152,d128_hh180
d152,d205_hh73
d152,d156_hh181
d152,d193_hh61
d152,d56_hh89
d152,d40_hh111
d152,d35_hh211
d152,d210_hh262
d152,d160_hh232
d152,d69_hh55
d152,d170_hh273
d152,d124_hh118
d152,d154_hh157
d152,d169_hh148
d152,d135_hh219
d152,d73_hh151
d152,d175_hh32
d152,d191_hh190
d152,d82_hh231
d152,d128_hh184
d152,d69_hh13
d152,d112_hh177
d152,d198_hh78
d152,d150_hh8
d152,d131_hh212
d152,d215_hh157
d152,d152_hh187
d152,d198_hh40
d152,d74_hh108
d152,d61_hh246
d152,d55_hh190
d152,d158_hh20
d152,d169_hh148
d152,d32_hh101
d152,d152_hh175
d152,d41_hh72
d152,d163_hh115
d152,d160_hh179
d152,d210_hh267
d152,d7_hh64
d152,d97_hh20
d152,d43_hh67
d152,d41_hh53
d152,d31_hh135
d152,d38_hh95
d152,d200_hh227
d152,d141_hh235
d152,d102_hh284
d152,d126_hh233
d152,d174_hh85
d152,d82_hh256
d152,d42_hh38
d152,d78_hh123
d152,d32_hh60
d152,d80_hh6
d152,d61_hh246
d152,d55_hh232
d152,d38_hh101
d152,d205_hh54
d152,d184_hh11
d152,d40_hh7
d152,d124_hh126
d152,d65_hh67
d152,d163_hh44
d152,d82_hh115
d152,d213_hh238
d152,d204_hh158
d152,d141_hh235
d152,d33_hh64
d152,d187_hh16
d152,d215_hh157
d152,d164_hh220
d152,d179_hh28
d152,d184_hh11
d152,d66_hh131
d152,d66_hh179
d152,d56_hh166
d152,d131_hh41
d152,d101_hh186
d152,d208_hh137
d152,d128_hh180
d152,d90_hh214
d152,d195_hh31
d152,d69_hh99
d152,d161_hh238
d152,d7_hh64
d152,d82_hh115
d152,d150_hh168
d152,d131_hh14
d152,d126_hh233
d152,d158_hh34
d152,d73_hh84
d152,d112_hh155
d152,d11_hh240
d152,d150_hh253
d152,d135_hh57
d152,d191_hh275
d152,d55_hh229
d152,d184_hh206
d152,d11_hh240
d152,d139_hh27
d152,d59_hh207
d152,d184_hh11
d152,d183_hh237
d152,d131_hh41
d152,d69_hh13
d152,d18_hh80
d152,d48_hh119
d152,d11_hh214
d152,d16_hh218
d152,d135_hh219
d152,d205_hh73
d152,d122_hh181
d152,d56_hh89
d152,d122_hh181
d152,d101_hh186
d152,d195_hh97
d152,d91_hh113
d152,d131_hh14
d152,d130_hh177
d152,d215_hh157
d152,d155_hh206
d152,d11_hh214
d152,d214_hh166
d152,d134_hh166
d152,d32_hh101
d152,d202_hh111
d152,d129_hh94
d152,d50_hh195
d152,d138_hh10
d152,d214_hh20
d152,d53_hh249
d152,d187_hh291
d152,d69_hh13
d152,d21_hh25
d152,d42_hh251
d152,d175_hh32
d152,d120_hh268
d152,d187_hh16
d152,d88_hh3
d152,d162_hh113
d152,d158_hh49
d152,d88_hh3
d152,d179_hh242
d152,d59_hh98
d152,d7_hh240
d152,d165_hh274
d152,d66_hh179
d152,d7_hh155
d152,d137_hh109
d152,d191_hh190
d152,d168_hh34
d152,d112_hh176
d152,d215_hh82
d152,d134_hh166
d152,d65_hh75
d152,d191_hh179
d152,d187_hh16
d152,d41_hh53
d152,d59_hh132
d152,d146_hh88
d152,d161_hh250
d152,d44_hh35
d152,d13_hh157
d152,d30_hh132
d152,d190_hh176
d152,d190_hh38
d152,d69_hh99
d152,d120_hh268
d152,d125_hh189
d152,d18_hh80
d152,d66_hh13
d152,d158_hh49
d152,d73_hh84
d152,d56_hh89
d152,d118_hh262
d152,d104_hh7
d152,d46_hh57
d152,d137_hh109
d152,d88_hh3
d152,d126_hh156
d152,d101_hh186
d152,d93_hh66
d152,d191_hh12
d152,d74_hh212
d152,d7_hh87
d152,d118_hh262
d152,d59_hh132
d152,d13_hh239
d152,d190_hh106
d152,d156_hh181
d152,d168_hh265
d152,d156_hh19
d152,d141_hh6
d152,d190_hh38
d152,d114_hh12
d152,d29_hh167
d152,d111_hh29
d152,d33_hh266
d152,d158_hh34
d147,d135_hh78
d147,d69_hh222
d147,d156_hh151
d147,d214_hh171
d147,d73_hh7
d147,d122_hh210
d147,d127_hh69
d147,d141_hh6
d147,d119_hh174
d147,d39_hh96
d147,d74_hh108
d147,d158_hh20
d147,d124_hh167
d147,d134_hh7
d147,d69_hh222
d147,d128_hh184
d147,d146_hh88
d147,d53_hh249
d147,d134_hh118
d147,d149_hh237
d147,d195_hh97
d147,d82_hh231
d147,d33_hh64
d147,d110_hh117
d147,d55_hh246
d147,d42_hh263
d147,d55_hh12
d147,d138_hh1
d147,d5_hh117
d147,d61_hh79
d147,d190_hh173
d147,d2_hh232
d147,d135_hh219
d147,d85_hh214
d147,d73_hh153
d147,d156_hh153
d147,d13_hh239
d147,d210_hh262
d147,d55_hh190
d147,d129_hh209
d147,d13_hh263
d147,d1_hh15
d147,d59_hh251
d147,d120_hh57
d147,d214_hh166
d147,d35_hh104
d147,d214_hh171
d147,d30_hh44
d147,d152_hh187
d147,d132_hh233
d147,d88_hh3
d147,d156_hh218
d147,d93_hh66
d147,d39_hh55
d147,d88_hh191
d147,d44_hh127
d147,d96_hh8
d147,d190_hh38
d147,d59_hh98
d147,d13_hh157
d147,d59_hh132
d147,d169_hh148
d147,d32_hh136
d147,d170_hh228
d147,d163_hh242
d147,d1_hh234
d147,d141_hh152
d147,d174_hh97
d147,d128_hh180
d147,d134_hh7
d147,d183_hh237
d147,d126_hh44
d147,d119_hh174
d147,d40_hh111
d147,d175_hh181
d147,d59_hh132
d147,d160_hh38
d147,d91_hh79
d147,d38_hh49
d147,d97_hh20
d147,d131_hh212
d147,d38_hh172
d147,d168_hh34
d147,d78_hh234
d147,d128_hh278
d147,d101_hh182
d147,d81_hh87
d147,d163_hh242
d147,d16_hh200
d147,d147_hh167
d147,d42_hh251
d147,d128_hh297
d147,d161_hh238
d147,d191_hh275
d147,d51_hh285
d147,d110_hh201
d147,d73_hh33
d147,d5_hh117
d147,d18_hh253
d147,d152_hh175
d147,d193_hh61
d147,d140_hh195
d147,d59_hh251
d147,d129_hh94
d147,d77_hh83
d147,d41_hh181
d147,d99_hh38
d147,d150_hh253
d147,d85_hh214
d147,d112_hh176
d147,d191_hh12
d147,d168_hh265
d147,d134_hh156
d147,d143_hh224
d147,d99_hh38
d147,d39_hh96
d147,d42_hh38
d147,d124_hh125
d147,d13_hh239
d147,d91_hh241
d147,d143_hh224
d147,d82_hh115
d147,d100_hh65
d147,d59_hh162
d147,d124_hh125
d147,d160_hh179
d147,d141_hh209
d147,d122_hh181
d147,d112_hh17
d147,d156_hh19
d147,d91_hh241
d147,d7_hh87
d147,d128_hh278
d147,d82_hh256
d147,d163_hh115
d147,d195_hh31
d147,d59_hh207
d147,d15_hh188
d147,d88_hh118
d147,d146_hh88
d147,d175_hh32
d147,d93_hh184
d147,d146_hh88
d147,d141_hh235
d147,d55_hh226
d147,d191_hh179
d147,d82_hh231
d147,d16_hh177
d147,d138_hh10
d147,d137_hh109
d147,d204_hh158
d147,d128_hh180
d147,d32_hh136
d147,d174_hh85
d147,d126_hh156
d147,d154_hh132
d147,d131_hh204
d147,d202_hh17
d147,d41_hh53
d147,d51_hh49
d147,d128_hh273
d147,d214_hh171
d147,d51_hh37
d147,d137_hh201
d147,d38_hh101
d147,d158_hh20
d147,d39_hh55
d147,d130_hh273
d147,d69_hh99
d147,d130_hh277
d147,d154_hh132
d147,d81_hh87
d147,d15_hh188
d147,d91_hh100
d147,d101_hh182
d147,d191_hh30
d147,d39_hh55
d147,d44_hh35
d147,d156_hh151
d147,d120_hh268
d147,d44_hh163
d147,d104_hh7
d147,d100_hh164
d147,d124_hh125
d147,d32_hh203
d147,d209_hh40
d147,d42_hh263
d147,d40_hh111
d147,d11_hh132
d147,d174_hh6
d147,d179_hh28
d147,d51_hh186
d147,d7_hh240
d147,d38_hh101
d147,d150_hh168
d147,d130_hh177
d147,d138_hh10
d147,d111_hh206
d147,d73_hh151
d147,d122_hh210
d147,d66_hh154
d147,d120_hh118
d147,d129_hh94
d147,d125_hh236
d147,d110_hh201
d147,d143_hh82
d147,d33_hh64
d147,d129_hh209
d147,d164_hh249
d147,d158_hh20
d147,d149_hh61
d147,d193_hh61
d147,d78_hh234
d147,d128_hh297
d147,d7_hh240
d147,d158_hh146
d147,d208_hh137
d147,d215_hh82
d147,d34_hh166
d147,d214_hh20
d147,d53_hh23
d147,d126_hh44
d147,d20_hh48
d147,d124_hh167
d147,d91_hh241
d147,d208_hh221
d147,d208_hh2
d147,d202_hh111
d147,d110_hh172
d147,d55_hh226
d147,d179_hh242
d147,d42_hh165
d147,d118_hh175
d147,d56_hh166
d147,d160_hh211
d147,d184_hh206
d147,d73_hh33
d147,d32_hh101
d147,d128_hh297
d147,d91_hh100
d147,d87_hh38
d147,d77_hh156
d147,d143_hh82
d147,d113_hh254
d147,d35_hh224
d147,d191_hh275
d147,d87_hh38
d147,d130_hh177
d147,d62_hh18
d147,d161_hh110
d147,d130_hh177
d147,d118_hh175
d147,d191_hh275
d147,d11_hh79
d147,d184_hh11
d147,d61_hh79
d147,d80_hh6
d147,d85_hh214
d147,d155_hh206
d147,d29_hh167
d147,d91_hh32
d147,d61_hh79
d147,d139_hh27
d147,d213_hh238
d147,d126_hh156
d147,d44_hh127
d147,d18_hh91
d142,d203_hh172
d142,d9_hh236
d142,d84_hh161
d142,d105_hh45
d142,d148_hh244
d142,d63_hh83
d142,d71_hh245
d142,d25_hh80
d142,d79_hh114
d142,d153_hh26
d142,d14_hh75
d142,d76_hh6
d142,d167_hh276
d142,d201_hh78
d142,d148_hh100
d142,d176_hh220
d142,d185_hh57
d142,d172_hh180
d142,d37_hh160
d142,d60_hh107
d142,d194_hh114
d142,d136_hh192
d142,d176_hh220
d142,d14_hh205
d142,d144_hh253
d142,d28_hh35
d142,d92_hh115
d142,d103_hh192
d142,d25_hh157
d142,d148_hh117
d142,d63_hh160
d142,d142_hh190
d142,d153_hh100
d142,d188_hh256
d142,d70_hh76
d142,d92_hh161
d142,d10_hh167
d142,d136_hh192
d142,d25_hh157
d142,d136_hh32
d142,d115_hh55
d142,d115_hh124
d142,d108_hh241
d142,d47_hh128
d142,d181_hh225
d142,d14_hh67
d142,d71_hh163
d142,d47_hh300
d142,d192_hh68
d142,d14_hh67
d142,d176_hh85
d142,d203_hh139
d142,d115_hh124
d142,d157_hh235
d142,d8_hh149
d142,d70_hh172
d142,d107_hh23
d142,d45_hh0
d142,d108_hh230
d142,d194_hh40
d142,d196_hh126
d142,d108_hh162
d142,d3_hh35
d142,d45_hh79
d142,d194_hh114
d142,d107_hh193
d142,d71_hh245
d142,d108_hh162
d142,d9_hh197
d142,d196_hh197
d142,d28_hh253
d142,d76_hh6
d142,d86_hh55
d142,d194_hh40
d142,d71_hh146
d142,d194_hh101
d142,d115_hh55
d142,d176_hh125
d142,d108_hh162
d142,d94_hh129
d142,d94_hh253
d142,d201_hh135
d142,d8_hh41
d142,d212_hh61
d142,d148_hh100
d142,d142_hh190
d142,d25_hh80
d142,d45_hh0
d142,d103_hh48
d142,d28_hh253
d142,d167_hh70
d142,d189_hh268
d142,d8_hh149
d142,d203_hh172
d142,d86_hh55
d142,d22_hh176
d142,d142_hh108
d142,d212_hh252
d142,d167_hh70
d142,d148_hh244
d142,d189_hh268
d142,d94_hh129
d142,d108_hh213
d142,d71_hh245
d142,d148_hh117
d142,d194_hh101
d142,d194_hh101
d142,d79_hh114
d142,d212_hh252
d142,d105_hh45
d142,d157_hh16
d142,d157_hh235
d142,d105_hh45
d142,d107_hh103
d142,d63_hh160
d142,d115_hh186
d142,d211_hh211
d142,d49_hh257
d142,d107_hh7
d142,d142_hh190
d142,d71_hh245
d142,d157_hh222
d142,d8_hh155
d142,d194_hh101
d142,d105_hh45
d142,d84_hh161
d142,d37_hh160
d142,d188_hh256
d142,d108_hh241
d142,d6_hh77
d142,d136_hh32
d142,d176_hh85
d142,d167_hh70
d142,d194_hh101
d142,d203_hh189
d142,d45_hh0
d142,d71_hh146
d142,d45_hh0
d142,d70_hh172
d142,d14_hh75
d142,d167_hh70
d142,d28_hh35
d142,d63_hh83
d142,d63_hh69
d142,d115_hh55
d142,d22_hh190
d142,d64_hh137
d142,d8_hh149
d142,d121_hh272
d142,d188_hh256
d142,d121_hh170
d142,d176_hh194
d142,d167_hh70
d142,d63_hh160
d142,d47_hh128
d142,d172_hh180
d142,d172_hh180
d142,d194_hh101
d142,d103_hh205
d142,d8_hh149
d142,d103_hh48
d142,d121_hh272
d142,d212_hh155
d142,d153_hh96
d142,d70_hh110
d142,d142_hh190
d142,d22_hh190
d142,d157_hh215
d142,d25_hh157
d142,d79_hh255
d142,d6_hh155
d142,d167_hh264
d142,d63_hh160
d142,d108_hh230
d142,d94_hh253
d142,d136_hh32
d142,d148_hh100
d142,d60_hh191
d142,d115_hh176
d142,d196_hh197
d142,d79_hh114
d142,d103_hh63
d142,d49_hh257
d142,d79_hh255
d142,d115_hh124
d142,d8_hh105
d142,d103_hh63
d142,d47_hh128
d142,d28_hh253
d142,d148_hh100
d142,d180_hh254
d142,d192_hh39
d142,d196_hh215
d142,d194_hh101
d142,d203_hh227
d142,d28_hh253
d142,d194_hh114
d142,d211_hh86
d142,d94_hh129
d142,d176_hh220
d142,d14_hh75
d142,d201_hh135
d142,d108_hh241
d142,d115_hh186
d142,d64_hh137
d142,d76_hh187
d142,d45_hh0
d142,d70_hh110
d142,d108_hh230
d142,d108_hh230
d142,d148_hh244
d142,d181_hh17
d142,d201_hh135
d142,d108_hh212
d142,d8_hh106
d142,d70_hh110
d142,d142_hh190
d142,d201_hh135
d142,d115_hh176
d142,d176_hh220
d142,d176_hh194
d142,d70_hh76
d142,d70_hh136
d142,d70_hh172
d142,d196_hh126
d142,d70_hh110
d142,d148_hh244
d142,d142_hh108
d142,d108_hh241
d142,d157_hh235
d142,d167_hh70
d142,d194_hh189
d142,d211_hh211
d142,d181_hh17
d142,d92_hh115
d142,d203_hh227
d142,d70_hh110
d142,d116_hh36
d142,d45_hh0
d142,d108_hh213
d142,d22_hh190
d142,d144_hh289
d142,d148_hh100
d142,d8_hh106
d142,d176_hh194
d142,d121_hh170
d142,d45_hh79
d142,d201_hh135
d142,d167_hh276
d142,d196_hh126
d142,d70_hh110
d142,d167_hh70
d142,d22_hh190
d142,d70_hh171
d142,d148_hh244
d142,d63_hh160
d142,d6_hh130
d142,d115_hh55
d142,d25_hh80
d142,d108_hh241
d142,d148_hh244
d142,d121_hh170
d142,d194_hh142
d142,d108_hh212
d142,d70_hh76
d142,d148_hh104
d142,d107_hh7
d142,d6_hh77
d142,d136_hh32
d142,d3_hh35
d142,d8_hh41
d142,d157_hh215
d142,d167_hh11
d142,d201_hh135
d142,d181_hh17
d142,d115_hh176
d142,d115_hh199
d142,d108_hh230
d142,d185_hh57
d148,d201_hh78
d148,d47_hh128
d148,d194_hh189
d148,d108_hh241
d148,d49_hh257
d148,d194_hh114
d148,d136_hh32
d148,d115_hh186
d148,d45_hh79
d148,d49_hh219
d148,d14_hh75
d148,d64_hh137
d148,d76_hh193
d148,d203_hh139
d148,d8_hh106
d148,d148_hh58
d148,d212_hh252
d148,d108_hh212
d148,d185_hh143
d148,d22_hh176
d148,d121_hh272
d148,d108_hh212
d148,d192_hh58
d148,d64_hh137
d148,d86_hh55
d148,d63_hh131
d148,d3_hh97
d148,d49_hh257
d148,d94_hh129
d148,d9_hh197
d148,d148_hh58
d148,d105_hh45
d148,d70_hh136
d148,d60_hh191
d148,d79_hh227
d148,d70_hh136
d148,d203_hh189
d148,d167_hh70
d148,d64_hh137
d148,d70_hh171
d148,d8_hh106
d148,d107_hh258
d148,d9_hh289
d148,d189_hh268
d148,d70_hh110
d148,d60_hh107
d148,d60_hh108
d148,d148_hh104
d148,d71_hh245
d148,d194_hh114
d148,d9_hh236
d148,d157_hh235
d148,d45_hh79
d148,d203_hh139
d148,d70_hh136
d148,d108_hh241
d148,d70_hh171
d148,d94_hh253
d148,d103_hh192
d148,d201_hh78
d148,d115_hh176
d148,d76_hh6
d148,d157_hh222
d148,d47_hh300
d148,d45_hh0
d148,d142_hh190
d148,d148_hh244
d148,d203_hh227
d148,d115_hh186
d148,d196_hh126
d148,d121_hh170
d148,d203_hh189
d148,d142_hh190
d148,d148_hh244
d148,d60_hh191
d148,d14_hh75
d148,d25_hh80
d148,d86_hh55
d148,d92_hh91
d148,d108_hh212
d148,d49_hh103
d148,d107_hh193
d148,d8_hh155
d148,d121_hh170
d148,d45_hh79
d148,d148_hh100
d148,d196_hh215
d148,d71_hh245
d148,d94_hh253
d148,d189_hh268
d148,d176_hh194
d148,d201_hh135
d148,d181_hh17
d148,d206_hh279
d148,d8_hh106
d148,d167_hh70
d148,d105_hh45
d148,d151_hh215
d148,d63_hh83
d148,d9_hh289
d148,d189_hh268
d148,d151_hh215
d148,d108_hh213
d148,d144_hh253
d148,d167_hh70
d148,d157_hh16
d148,d14_hh75
d148,d92_hh161
d148,d203_hh172
d148,d63_hh160
d148,d108_hh212
d148,d167_hh11
d148,d189_hh268
d148,d70_hh171
d148,d148_hh117
d148,d107_hh103
d148,d136_hh32
d148,d153_hh96
d148,d79_hh198
d148,d28_hh253
d148,d103_hh48
d148,d63_hh131
d148,d8_hh155
d148,d194_hh189
d148,d9_hh183
d148,d8_hh155
d148,d142_hh190
d148,d28_hh253
d148,d167_hh70
d148,d8_hh149
d148,d108_hh213
d148,d47_hh300
d148,d79_hh227
d148,d63_hh160
d148,d49_hh103
d148,d76_hh6
d148,d107_hh7
d148,d70_hh136
d148,d108_hh162
d148,d153_hh100
d148,d79_hh227
d148,d108_hh213
d148,d8_hh149
d148,d94_hh129
d148,d28_hh253
d148,d167_hh70
d148,d8_hh149
d148,d107_hh7
d148,d6_hh130
d148,d108_hh241
d148,d189_hh268
d148,d70_hh76
d148,d84_hh122
d148,d70_hh76
d148,d167_hh264
d148,d70_hh136
d148,d148_hh58
d148,d8_hh106
d148,d116_hh118
d148,d189_hh268
d148,d105_hh45
d148,d94_hh129
d148,d108_hh212
d148,d63_hh160
d148,d212_hh61
d148,d115_hh55
d148,d103_hh192
d148,d201_hh135
d148,d103_hh192
d148,d115_hh55
d148,d157_hh235
d148,d203_hh189
d148,d3_hh27
d148,d63_hh160
d148,d212_hh61
d148,d108_hh213
d148,d70_hh172
d148,d176_hh194
d148,d116_hh118
d148,d84_hh122
d148,d108_hh162
d148,d194_hh114
d148,d107_hh103
d148,d194_hh189
d148,d192_hh58
d148,d63_hh83
d148,d136_hh32
d148,d157_hh235
d148,d176_hh220
d148,d108_hh241
d148,d8_hh106
d148,d148_hh247
d148,d86_hh55
d148,d76_hh6
d148,d10_hh167
d148,d45_hh0
d148,d108_hh230
d148,d176_hh92
d148,d194_hh114
d148,d148_hh117
d148,d121_hh170
d148,d105_hh45
d148,d212_hh61
d148,d94_hh253
d148,d212_hh252
d148,d153_hh26
d148,d76_hh193
d148,d92_hh161
d148,d63_hh131
d148,d145_hh175
d148,d86_hh55
d148,d3_hh35
d148,d25_hh80
d148,d9_hh183
d148,d92_hh91
d148,d148_hh244
d148,d107_hh7
d148,d136_hh192
d148,d6_hh77
d148,d103_hh205
d148,d8_hh155
d148,d176_hh125
d148,d49_hh257
d148,d3_hh27
d148,d108_hh162
d148,d92_hh115
d148,d103_hh205
d148,d148_hh244
d148,d63_hh160
d148,d176_hh85
d148,d194_hh40
d148,d103_hh48
d148,d76_hh193
d148,d9_hh236
d148,d25_hh157
d148,d47_hh135
d148,d212_hh61
d148,d8_hh106
d148,d153_hh26
d148,d79_hh227
d148,d194_hh189
d148,d144_hh253
d148,d181_hh225
d148,d176_hh125
d148,d181_hh17
d148,d185_hh57
d148,d189_hh268
d148,d108_hh241
d148,d47_hh128
d148,d103_hh192
d148,d8_hh106
d148,d157_hh215
d148,d94_hh253
d148,d211_hh86
d148,d25_hh157
d148,d121_hh272
d148,d108_hh241
d148,d148_hh104
d148,d167_hh264
d148,d92_hh91
d148,d108_hh230
d148,d211_hh211
d148,d70_hh136
d148,d107_hh193
d148,d70_hh172
d148,d94_hh129
d148,d167_hh70
d148,d116_hh196
d148,d167_hh70
d148,d148_hh58
d148,d47_hh135
d148,d28_hh35
d148,d9_hh183
d148,d176_hh194
d148,d188_hh256
d148,d157_hh16
d148,d6_hh77
d153,d201_hh78
d153,d70_hh171
d153,d8_hh149
d153,d3_hh27
d153,d8_hh105
d153,d176_hh220
d153,d28_hh40
d153,d92_hh115
d153,d70_hh172
d153,d115_hh55
d153,d196_hh126
d153,d167_hh276
d153,d8_hh106
d153,d8_hh149
d153,d185_hh57
d153,d8_hh155
d153,d63_hh131
d153,d148_hh104
d153,d192_hh68
d153,d49_hh219
d153,d107_hh258
d153,d108_hh230
d153,d189_hh268
d153,d194_hh40
d153,d63_hh69
d153,d136_hh89
d153,d185_hh57
d153,d136_hh192
d153,d49_hh257
d153,d157_hh16
d153,d14_hh75
d153,d79_hh227
d153,d86_hh55
d153,d6_hh130
d153,d28_hh253
d153,d212_hh252
d153,d8_hh155
d153,d8_hh149
d153,d60_hh108
d153,d108_hh212
d153,d172_hh180
d153,d121_hh170
d153,d108_hh230
d153,d9_hh236
d153,d28_hh40
d153,d71_hh245
d153,d8_hh149
d153,d76_hh6
d153,d148_hh100
d153,d8_hh106
d153,d63_hh160
d153,d107_hh103
d153,d157_hh222
d153,d71_hh245
d153,d8_hh105
d153,d45_hh0
d153,d64_hh137
d153,d14_hh205
d153,d14_hh205
d153,d196_hh139
d153,d94_hh129
d153,d45_hh79
d153,d194_hh40
d153,d145_hh175
d153,d107_hh193
d153,d201_hh135
d153,d142_hh190
d153,d136_hh192
d153,d79_hh114
d153,d94_hh129
d153,d121_hh272
d153,d185_hh143
d153,d172_hh18
d153,d45_hh0
d153,d108_hh230
d153,d148_hh117
d153,d45_hh79
d153,d176_hh194
d153,d211_hh86
d153,d107_hh193
d153,d192_hh68
d153,d22_hh190
d153,d181_hh225
d153,d108_hh212
d153,d172_hh18
d153,d194_hh101
d153,d92_hh91
d153,d64_hh137
d153,d25_hh157
d153,d63_hh160
d153,d94_hh129
d153,d136_hh192
d153,d63_hh83
d153,d153_hh96
d153,d28_hh35
d153,d194_hh114
d153,d63_hh160
d153,d185_hh57
d153,d167_hh70
d153,d203_hh227
d153,d121_hh272
d153,d196_hh126
d153,d194_hh189
d153,d176_hh85
d153,d148_hh100
d153,d115_hh124
d153,d108_hh162
d153,d63_hh131
d153,d63_hh160
d153,d196_hh126
d153,d103_hh192
d153,d8_hh105
d153,d203_hh172
d153,d70_hh76
d153,d107_hh7
d153,d185_hh57
d153,d47_hh135
d153,d92_hh161
d153,d28_hh253
d153,d14_hh75
d153,d212_hh61
d153,d8_hh106
d153,d25_hh80
d153,d103_hh63
d153,d167_hh264
d153,d194_hh142
d153,d176_hh194
d153,d194_hh114
d153,d142_hh269
d153,d176_hh125
d153,d142_hh106
d153,d212_hh155
d153,d142_hh190
d153,d45_hh0
d153,d49_hh219
d153,d108_hh213
d153,d194_hh142
d153,d76_hh193
d153,d9_hh170
d153,d211_hh211
d153,d107_hh103
d153,d148_hh244
d153,d70_hh171
d153,d194_hh101
d153,d108_hh212
d153,d92_hh115
d153,d142_hh269
d153,d172_hh18
d153,d192_hh68
d153,d71_hh245
d153,d94_hh246
d153,d6_hh155
d153,d203_hh189
d153,d25_hh80
d153,d189_hh268
d153,d203_hh96
d153,d107_hh23
d153,d94_hh253
d153,d9_hh170
d153,d136_hh192
d153,d211_hh86
d153,d79_hh114
d153,d86_hh55
d153,d70_hh110
d153,d94_hh129
d153,d8_hh149
d153,d3_hh97
d153,d196_hh126
d153,d201_hh78
d153,d94_hh129
d153,d25_hh157
d153,d76_hh6
d153,d142_hh108
d153,d192_hh58
d153,d144_hh196
d153,d157_hh215
d153,d203_hh189
d153,d176_hh92
d153,d103_hh192
d153,d63_hh160
d153,d27_hh269
d153,d201_hh78
d153,d176_hh194
d153,d71_hh146
d153,d27_hh269
d153,d157_hh235
d153,d103_hh48
d153,d70_hh172
d153,d84_hh161
d153,d115_hh199
d153,d192_hh68
d153,d108_hh162
d153,d14_hh75
d153,d142_hh190
d153,d63_hh131
d153,d201_hh119
d153,d8_hh149
d153,d176_hh85
d153,d194_hh114
d153,d189_hh268
d153,d107_hh7
d153,d70_hh172
d153,d45_hh79
d153,d108_hh230
d153,d107_hh7
d153,d14_hh205
d153,d45_hh0
d153,d189_hh268
d153,d108_hh162
d153,d79_hh227
d153,d116_hh6
d153,d108_hh230
d153,d45_hh79
d153,d121_hh170
d153,d142_hh106
d153,d107_hh7
d153,d201_hh78
d153,d94_hh129
d153,d136_hh32
d153,d212_hh61
d153,d28_hh253
d153,d176_hh125
d153,d28_hh253
d153,d148_hh244
d153,d107_hh7
d153,d76_hh193
d153,d63_hh160
d153,d107_hh23
d153,d115_hh186
d153,d189_hh268
d153,d176_hh125
d153,d63_hh83
d153,d94_hh253
d153,d25_hh80
d153,d192_hh68
d153,d28_hh253
d153,d8_hh155
d153,d108_hh212
d153,d108_hh212
d153,d94_hh129
d153,d142_hh190
d153,d148_hh117
d153,d107_hh7
d153,d136_hh32
d153,d136_hh32
d153,d71_hh245
d153,d115_hh199
d153,d8_hh149
d153,d194_hh189
d153,d8_hh41
d153,d201_hh135
d153,d194_hh114
d153,d92_hh91
d153,d194_hh189
d153,d116_hh118
d153,d176_hh125
d153,d103_hh205
d153,d70_hh110
d153,d115_hh186
d153,d63_hh160
d153,d76_hh6
d153,d28_hh35
d153,d189_hh268
d153,d14_hh75
d153,d14_hh67
d153,d121_hh170
d153,d172_hh18
d153,d108_hh230
d153,d25_hh157
d153,d201_hh78
d153,d22_hh176
d153,d79_hh198
d153,d148_hh104
d154,d174_hh85
d154,d99_hh230
d154,d113_hh254
d154,d112_hh31
d154,d51_hh49
d154,d150_hh8
d154,d191_hh179
d154,d190_hh32
d154,d30_hh44
d154,d187_hh291
d154,d102_hh228
d154,d205_hh54
d154,d39_hh96
d154,d16_hh200
d154,d124_hh223
d154,d81_hh87
d154,d13_hh263
d154,d90_hh214
d154,d165_hh274
d154,d5_hh117
d154,d146_hh88
d154,d214_hh20
d154,d13_hh157
d154,d200_hh227
d154,d40_hh7
d154,d168_hh265
d154,d62_hh18
d154,d46_hh228
d154,d128_hh43
d154,d16_hh218
d154,d104_hh7
d154,d55_hh246
d154,d34_hh166
d154,d40_hh7
d154,d99_hh38
d154,d56_hh166
d154,d137_hh109
d154,d208_hh137
d154,d128_hh297
d154,d95_hh241
d154,d30_hh44
d154,d117_hh126
d154,d190_hh182
d154,d134_hh156
d154,d161_hh229
d154,d202_hh222
d154,d126_hh184
d154,d191_hh179
d154,d42_hh165
d154,d160_hh59
d154,d93_hh184
d154,d171_hh189
d154,d80_hh6
d154,d66_hh179
d154,d178_hh263
d154,d4_hh212
d154,d214_hh166
d154,d204_hh173
d154,d143_hh82
d154,d41_hh72
d154,d44_hh163
d154,d44_hh35
d154,d61_hh79
d154,d190_hh173
d154,d55_hh226
d154,d135_hh57
d154,d110_hh117
d154,d175_hh32
d154,d91_hh79
d154,d170_hh228
d154,d11_hh244
d154,d156_hh181
d154,d190_hh176
d154,d21_hh21
d154,d126_hh233
d154,d184_hh206
d154,d34_hh12
d154,d190_hh173
d154,d204_hh231
d154,d11_hh240
d154,d124_hh125
d154,d69_hh222
d154,d137_hh109
d154,d40_hh111
d154,d163_hh242
d154,d11_hh244
d154,d205_hh217
d154,d82_hh256
d154,d69_hh222
d154,d146_hh114
d154,d175_hh32
d154,d134_hh7
d154,d210_hh267
d154,d135_hh57
d154,d170_hh228
d154,d174_hh85
d154,d35_hh224
d154,d208_hh137
d154,d69_hh274
d154,d35_hh224
d154,d1_hh234
d154,d99_hh230
d154,d112_hh177
d154,d73_hh84
d154,d33_hh64
d154,d102_hh228
d154,d134_hh156
d154,d170_hh228
d154,d88_hh191
d154,d11_hh240
d154,d118_hh188
d154,d122_hh210
d154,d160_hh211
d154,d82_hh256
d154,d139_hh251
d154,d162_hh113
d154,d124_hh126
d154,d128_hh278
d154,d55_hh226
d154,d69_hh55
d154,d44_hh170
d154,d141_hh152
d154,d190_hh182
d154,d200_hh227
d154,d93_hh66
d154,d111_hh29
d154,d44_hh170
d154,d16_hh218
d154,d61_hh79
d154,d130_hh177
d154,d51_hh177
d154,d191_hh190
d154,d184_hh206
d154,d110_hh172
d154,d97_hh20
d154,d88_hh235
d154,d190_hh38
d154,d42_hh251
d154,d191_hh190
d154,d33_hh266
d154,d134_hh118
d154,d61_hh246
d154,d91_hh241
d154,d208_hh2
d154,d7_hh240
d154,d16_hh201
d154,d190_hh173
d154,d134_hh7
d154,d99_hh38
d154,d117_hh126
d154,d56_hh177
d154,d102_hh284
d154,d87_hh38
d154,d190_hh173
d154,d190_hh38
d154,d110_hh236
d154,d99_hh38
d154,d16_hh200
d154,d26_hh63
d154,d129_hh209
d154,d214_hh184
d154,d11_hh240
d154,d51_hh186
d154,d165_hh274
d154,d160_hh211
d154,d134_hh76
d154,d202_hh17
d154,d149_hh61
d154,d120_hh118
d154,d120_hh268
d154,d11_hh79
d154,d130_hh177
d154,d161_hh110
d154,d74_hh212
d154,d119_hh50
d154,d200_hh227
d154,d7_hh64
d154,d42_hh263
d154,d39_hh96
d154,d154_hh132
d154,d131_hh41
d154,d191_hh12
d154,d77_hh156
d154,d44_hh35
d154,d120_hh268
d154,d150_hh8
d154,d56_hh63
d154,d104_hh7
d154,d11_hh214
d154,d120_hh272
d154,d102_hh228
d154,d88_hh235
d154,d77_hh156
d154,d202_hh222
d154,d160_hh179
d154,d13_hh239
d154,d85_hh214
d154,d87_hh38
d154,d141_hh235
d154,d138_hh1
d154,d78_hh123
d154,d128_hh43
d154,d128_hh180
d154,d135_hh191
d154,d112_hh221
d154,d150_hh168
d154,d214_hh184
d154,d119_hh107
d154,d82_hh41
d154,d42_hh263
d154,d59_hh132
d154,d97_hh20
d154,d122_hh210
d154,d160_hh211
d154,d120_hh268
d154,d112_hh17
d154,d169_hh247
d154,d59_hh98
d154,d131_hh212
d154,d163_hh242
d154,d141_hh194
d154,d179_hh267
d154,d51_hh285
d154,d126_hh184
d154,d190_hh32
d154,d125_hh167
d154,d160_hh38
d154,d120_hh272
d154,d55_hh12
d154,d48_hh176
d154,d13_hh157
d154,d187_hh291
d154,d55_hh246
d154,d87_hh32
d154,d43_hh67
d154,d110_hh236
d154,d16_hh177
d154,d55_hh131
d154,d111_hh29
d154,d184_hh11
d154,d213_hh238
d154,d55_hh190
d154,d207_hh28
d154,d50_hh90
d154,d16_hh201
d154,d93_hh80
d154,d99_hh44
d154,d19_hh147
d154,d179_hh41
d154,d50_hh195
d154,d160_hh104
d154,d161_hh250
d154,d168_hh30
d154,d101_hh182
d154,d35_hh104
d154,d139_hh251
d154,d38_hh95
d154,d91_hh100
d154,d138_hh1
d154,d77_hh156
d154,d77_hh156
d154,d209_hh40
d154,d205_hh54
d154,d11_hh240
d154,d46_hh228
d154,d179_hh242
d154,d190_hh173
d154,d73_hh33
d154,d18_hh6
d154,d77_hh83
d155,d104_hh7
d155,d213_hh238
d155,d74_hh109
d155,d208_hh137
d155,d59_hh251
d155,d73_hh7
d155,d59_hh162
d155,d198_hh40
d155,d214_hh184
d155,d150_hh168
d155,d56_hh63
d155,d88_hh3
d155,d186_hh175
d155,d41_hh72
d155,d69_hh55
d155,d16_hh200
d155,d38_hh101
d155,d51_hh285
d155,d210_hh267
d155,d16_hh218
d155,d51_hh37
d155,d88_hh3
d155,d126_hh233
d155,d191_hh179
d155,d56_hh166
d155,d48_hh119
d155,d122_hh210
d155,d124_hh167
d155,d120_hh268
d155,d11_hh240
d155,d215_hh82
d155,d126_hh156
d155,d101_hh186
d155,d160_hh104
d155,d190_hh182
d155,d205_hh54
d155,d130_hh273
d155,d56_hh166
d155,d73_hh197
d155,d120_hh268
d155,d62_hh18
d155,d16_hh200
d155,d95_hh241
d155,d56_hh166
d155,d18_hh253
d155,d205_hh217
d155,d56_hh177
d155,d66_hh154
d155,d16_hh200
d155,d112_hh31
d155,d42_hh38
d155,d13_hh239
d155,d55_hh232
d155,d155_hh206
d155,d139_hh9
d155,d85_hh214
d155,d56_hh177
d155,d126_hh44
d155,d122_hh210
d155,d124_hh125
d155,d99_hh44
d155,d109_hh209
d155,d73_hh33
d155,d138_hh1
d155,d141_hh194
d155,d66_hh193
d155,d66_hh193
d155,d114_hh12
d155,d130_hh273
d155,d191_hh190
d155,d55_hh232
d155,d143_hh224
d155,d191_hh275
d155,d139_hh251
d155,d156_hh19
d155,d184_hh206
d155,d55_hh246
d155,d158_hh85
d155,d213_hh238
d155,d91_hh32
d155,d91_hh32
d155,d191_hh30
d155,d48_hh119
d155,d43_hh67
d155,d7_hh64
d155,d73_hh151
d155,d187_hh16
d155,d119_hh174
d155,d48_hh119
d155,d61_hh246
d155,d44_hh163
d155,d82_hh231
d155,d160_hh104
d155,d184_hh11
d155,d74_hh108
d155,d59_hh162
d155,d55_hh12
d155,d191_hh179
d155,d77_hh156
d155,d150_hh253
d155,d208_hh137
d155,d118_hh188
d155,d44_hh170
d155,d140_hh260
d155,d55_hh246
d155,d15_hh97
d155,d23_hh236
d155,d129_hh94
d155,d41_hh74
d155,d161_hh238
d155,d124_hh126
d155,d15_hh97
d155,d7_hh124
d155,d168_hh30
d155,d210_hh87
d155,d200_hh51
d155,d51_hh186
d155,d126_hh156
d155,d35_hh211
d155,d13_hh263
d155,d139_hh9
d155,d50_hh195
d155,d43_hh27
d155,d170_hh273
d155,d132_hh233
d155,d51_hh177
d155,d161_hh250
d155,d132_hh233
d155,d183_hh237
d155,d110_hh117
d155,d73_hh33
d155,d184_hh11
d155,d97_hh20
d155,d66_hh13
d155,d175_hh239
d155,d125_hh167
d155,d183_hh93
d155,d175_hh239
d155,d97_hh75
d155,d129_hh94
d155,d190_hh182
d155,d88_hh118
d155,d11_hh132
d155,d187_hh16
d155,d51_hh285
d155,d7_hh64
d155,d170_hh273
d155,d41_hh74
d155,d93_hh80
d155,d174_hh85
d155,d93_hh66
d155,d138_hh1
d155,d178_hh263
d155,d190_hh106
d155,d175_hh239
d155,d161_hh238
d155,d41_hh53
d155,d56_hh177
d155,d191_hh30
d155,d135_hh57
d155,d73_hh151
d155,d163_hh44
d155,d65_hh227
d155,d85_hh214
d155,d88_hh118
d155,d143_hh224
d155,d170_hh273
d155,d35_hh211
d155,d149_hh61
d155,d55_hh232
d155,d126_hh44
d155,d39_hh55
d155,d156_hh181
d155,d184_hh11
d155,d129_hh209
d155,d152_hh175
d155,d204_hh231
d155,d141_hh209
d155,d150_hh168
d155,d59_hh162
d155,d106_hh24
d155,d150_hh168
d155,d141_hh235
d155,d187_hh291
d155,d137_hh201
d155,d106_hh24
d155,d191_hh30
d155,d7_hh87
d155,d102_hh284
d155,d88_hh3
d155,d191_hh179
d155,d161_hh110
d155,d32_hh203
d155,d46_hh228
d155,d74_hh212
d155,d139_hh164
d155,d137_hh201
d155,d11_hh240
d155,d56_hh166
d155,d88_hh3
d155,d150_hh168
d155,d33_hh64
d155,d214_hh171
d155,d62_hh167
d155,d213_hh238
d155,d214_hh20
d155,d161_hh238
d155,d56_hh123
d155,d210_hh267
d155,d138_hh1
d155,d141_hh6
d155,d164_hh249
d155,d24_hh177
d155,d213_hh238
d155,d208_hh2
d155,d21_hh25
d155,d184_hh206
d155,d114_hh12
d155,d93_hh66
d155,d97_hh20
d155,d102_hh228
d155,d87_hh32
d155,d139_hh251
d155,d131_hh212
d155,d93_hh80
d155,d100_hh164
d155,d55_hh232
d155,d141_hh235
d155,d124_hh125
d155,d114_hh12
d155,d119_hh174
d155,d164_hh78
d155,d106_hh24
d155,d129_hh209
d155,d56_hh177
d155,d88_hh3
d155,d38_hh49
d155,d154_hh132
d155,d33_hh64
d155,d131_hh212
d155,d75_hh15
d155,d75_hh15
d155,d33_hh266
d155,d104_hh7
d155,d44_hh163
d155,d16_hh75
d155,d81_hh81
d155,d88_hh3
d155,d56_hh166
d155,d106_hh24
d155,d155_hh206
d155,d112_hh31
d155,d210_hh262
d155,d214_hh252
d155,d210_hh262
d155,d20_hh44
d155,d42_hh38
d155,d18_hh253
d155,d65_hh75
d155,d42_hh263
d155,d48_hh119
d155,d38_hh101
d155,d42_hh165
d155,d135_hh216
d155,d111_hh29
d155,d179_hh242
d155,d120_hh57
d155,d150_hh253
d155,d30_hh44
d155,d149_hh30
d155,d73_hh197
d155,d131_hh41
d155,d128_hh43
d155,d18_hh253
d155,d137_hh216
d155,d214_hh166
d155,d55_hh246
d155,d128_hh297
d155,d190_hh38
d158,d85_hh218
d158,d81_hh81
d158,d55_hh12
d158,d191_hh30
d158,d26_hh63
d158,d56_hh177
d158,d56_hh166
d158,d112_hh31
d158,d62_hh18
d158,d110_hh236
d158,d165_hh274
d158,d117_hh126
d158,d109_hh209
d158,d44_hh170
d158,d210_hh87
d158,d77_hh83
d158,d81_hh87
d158,d129_hh94
d158,d101_hh182
d158,d23_hh236
d158,d66_hh193
d158,d110_hh236
d158,d69_hh274
d158,d146_hh88
d158,d161_hh238
d158,d41_hh53
d158,d55_hh131
d158,d190_hh176
d158,d156_hh218
d158,d135_hh191
d158,d163_hh242
d158,d26_hh63
d158,d190_hh182
d158,d191_hh179
d158,d175_hh32
d158,d129_hh94
d158,d137_hh216
d158,d160_hh59
d158,d135_hh191
d158,d69_hh13
d158,d131_hh212
d158,d32_hh136
d158,d83_hh67
d158,d122_hh181
d158,d126_hh233
d158,d124_hh126
d158,d56_hh177
d158,d125_hh248
d158,d128_hh43
d158,d32_hh19
d158,d137_hh216
d158,d179_hh267
d158,d140_hh195
d158,d73_hh153
d158,d122_hh181
d158,d158_hh34
d158,d190_hh106
d158,d210_hh267
d158,d193_hh67
d158,d55_hh131
d158,d130_hh177
d158,d44_hh65
d158,d46_hh228
d158,d138_hh1
d158,d41_hh254
d158,d55_hh131
d158,d187_hh291
d158,d171_hh189
d158,d195_hh31
d158,d179_hh41
d158,d158_hh20
d158,d91_hh79
d158,d158_hh85
d158,d110_hh201
d158,d74_hh212
d158,d26_hh63
d158,d91_hh79
d158,d88_hh3
d158,d117_hh245
d158,d88_hh267
d158,d137_hh216
d158,d91_hh98
d158,d141_hh194
d158,d113_hh254
d158,d46_hh228
d158,d143_hh224
d158,d91_hh241
d158,d205_hh54
d158,d51_hh186
d158,d141_hh194
d158,d184_hh210
d158,d198_hh78
d158,d35_hh211
d158,d150_hh168
d158,d120_hh118
d158,d11_hh214
d158,d39_hh55
d158,d114_hh12
d158,d7_hh64
d158,d193_hh67
d158,d15_hh97
d158,d55_hh232
d158,d69_hh274
d158,d97_hh20
d158,d42_hh165
d158,d32_hh19
d158,d59_hh98
d158,d42_hh263
d158,d156_hh151
d158,d23_hh236
d158,d152_hh187
d158,d138_hh1
d158,d109_hh209
d158,d122_hh271
d158,d69_hh99
d158,d69_hh222
d158,d38_hh95
d158,d85_hh214
d158,d55_hh229
d158,d128_hh180
d158,d1_hh15
d158,d66_hh193
d158,d150_hh168
d158,d208_hh221
d158,d44_hh127
d158,d187_hh16
d158,d179_hh41
d158,d91_hh241
d158,d65_hh227
d158,d128_hh297
d158,d161_hh110
d158,d26_hh63
d158,d126_hh233
d158,d114_hh2
d158,d58_hh81
d158,d104_hh7
d158,d109_hh168
d158,d51_hh285
d158,d7_hh64
d158,d82_hh231
d158,d129_hh94
d158,d33_hh266
d158,d112_hh155
d158,d161_hh238
d158,d163_hh44
d158,d215_hh82
d158,d85_hh104
d158,d161_hh250
d158,d69_hh222
d158,d59_hh207
d158,d155_hh206
d158,d13_hh239
d158,d202_hh111
d158,d110_hh172
d158,d161_hh110
d158,d174_hh6
d158,d156_hh19
d158,d134_hh31
d158,d122_hh112
d158,d135_hh216
d158,d175_hh181
d158,d2_hh232
d158,d43_hh27
d158,d18_hh80
d158,d184_hh11
d158,d169_hh247
d158,d114_hh12
d158,d135_hh191
d158,d131_hh14
d158,d131_hh14
d158,d67_hh63
d158,d205_hh73
d158,d135_hh78
d158,d53_hh249
d158,d15_hh97
d158,d62_hh18
d158,d214_hh20
d158,d101_hh186
d158,d74_hh212
d158,d184_hh210
d158,d41_hh181
d158,d149_hh30
d158,d120_hh118
d158,d33_hh64
d158,d111_hh29
d158,d59_hh162
d158,d187_hh16
d158,d97_hh20
d158,d51_hh177
d158,d93_hh184
d158,d93_hh66
d158,d74_hh109
d158,d69_hh274
d158,d7_hh240
d158,d11_hh244
d158,d1_hh15
d158,d135_hh57
d158,d187_hh32
d158,d128_hh180
d158,d11_hh79
d158,d80_hh6
d158,d193_hh67
d158,d162_hh67
d158,d156_hh218
d158,d21_hh16
d158,d20_hh48
d158,d124_hh126
d158,d207_hh28
d158,d183_hh93
d158,d35_hh224
d158,d190_hh182
d158,d55_hh246
d158,d124_hh125
d158,d73_hh153
d158,d207_hh28
d158,d187_hh16
d158,d78_hh9
d158,d35_hh211
d158,d162_hh113
d158,d109_hh209
d158,d55_hh246
d158,d33_hh266
d158,d119_hh174
d158,d129_hh106
d158,d78_hh9
d158,d119_hh50
d158,d138_hh10
d158,d117_hh126
d158,d161_hh250
d158,d195_hh52
d158,d135_hh191
d158,d152_hh175
d158,d43_hh67
d158,d112_hh31
d158,d16_hh218
d158,d30_hh44
d158,d154_hh132
d158,d132_hh233
d158,d168_hh265
d158,d178_hh263
d158,d214_hh20
d158,d193_hh61
d158,d109_hh168
d158,d179_hh41
d158,d156_hh151
d158,d104_hh7
d158,d42_hh165
d158,d202_hh222
d158,d32_hh101
d158,d160_hh59
d158,d174_hh6
d158,d74_hh212
d158,d114_hh12
d158,d55_hh232
d158,d20_hh44
d158,d160_hh211
d158,d67_hh63
d158,d184_hh210
d158,d190_hh32
d158,d31_hh135
d158,d160_hh97
d158,d146_hh88
d158,d160_hh211
d158,d214_hh184
d158,d131_hh212
d158,d124_hh126
d158,d95_hh241
d158,d122_hh112
d158,d21_hh21
d158,d191_hh12
d158,d66_hh179
d158,d125_hh189
d158,d40_hh7
d158,d129_hh209
d158,d127_hh69
d158,d208_hh137
d158,d33_hh266
d149,d33_hh64
d149,d46_hh57
d149,d210_hh262
d149,d183_hh93
d149,d150_hh253
d149,d102_hh228
d149,d135_hh191
d149,d150_hh253
d149,d16_hh218
d149,d190_hh106
d149,d168_hh30
d149,d171_hh189
d149,d125_hh167
d149,d110_hh236
d149,d26_hh63
d149,d123_hh83
d149,d91_hh98
d149,d42_hh263
d149,d78_hh123
d149,d59_hh132
d149,d124_hh126
d149,d16_hh218
d149,d44_hh170
d149,d82_hh256
d149,d85_hh214
d149,d155_hh206
d149,d134_hh118
d149,d82_hh231
d149,d191_hh190
d149,d154_hh157
d149,d205_hh217
d149,d183_hh93
d149,d204_hh158
d149,d126_hh156
d149,d215_hh82
d149,d82_hh256
d149,d169_hh247
d149,d18_hh91
d149,d23_hh236
d149,d93_hh80
d149,d124_hh167
d149,d193_hh61
d149,d44_hh170
d149,d114_hh12
d149,d139_hh251
d149,d101_hh186
d149,d112_hh17
d149,d164_hh249
d149,d73_hh153
d149,d213_hh238
d149,d97_hh75
d149,d74_hh212
d149,d117_hh245
d149,d32_hh19
d149,d112_hh177
d149,d85_hh218
d149,d120_hh118
d149,d11_hh240
d149,d32_hh60
d149,d124_hh126
d149,d124_hh125
d149,d111_hh29
d149,d58_hh108
d149,d23_hh236
d149,d205_hh217
d149,d187_hh291
d149,d191_hh30
d149,d150_hh253
d149,d11_hh79
d149,d66_hh154
d149,d55_hh229
d149,d163_hh115
d149,d1_hh15
d149,d208_hh137
d149,d44_hh187
d149,d91_hh113
d149,d168_hh30
d149,d191_hh275
d149,d135_hh57
d149,d55_hh246
d149,d7_hh155
d149,d163_hh44
d149,d200_hh51
d149,d91_hh79
d149,d195_hh31
d149,d16_hh218
d149,d210_hh267
d149,d190_hh173
d149,d156_hh218
d149,d137_hh109
d149,d59_hh132
d149,d74_hh212
d149,d150_hh168
d149,d139_hh27
d149,d88_hh235
d149,d130_hh277
d149,d74_hh11
d149,d152_hh175
d149,d81_hh14
d149,d90_hh214
d149,d88_hh3
d149,d73_hh7
d149,d11_hh79
d149,d4_hh212
d149,d88_hh235
d149,d43_hh67
d149,d174_hh85
d149,d74_hh108
d149,d77_hh40
d149,d126_hh156
d149,d43_hh67
d149,d11_hh244
d149,d102_hh228
d149,d214_hh255
d149,d156_hh218
d149,d139_hh9
d149,d174_hh85
d149,d106_hh24
d149,d32_hh151
d149,d163_hh242
d149,d210_hh262
d149,d187_hh291
d149,d51_hh49
d149,d158_hh34
d149,d34_hh166
d149,d146_hh88
d149,d158_hh146
d149,d149_hh61
d149,d126_hh44
d149,d156_hh153
d149,d106_hh24
d149,d55_hh229
d149,d129_hh94
d149,d88_hh235
d149,d169_hh148
d149,d158_hh85
d149,d138_hh10
d149,d190_hh173
d149,d77_hh40
d149,d16_hh218
d149,d146_hh88
d149,d134_hh166
d149,d208_hh221
d149,d55_hh246
d149,d106_hh24
d149,d44_hh163
d149,d82_hh256
d149,d46_hh57
d149,d131_hh204
d149,d20_hh44
d149,d69_hh13
d149,d210_hh267
d149,d21_hh21
d149,d130_hh277
d149,d55_hh12
d149,d190_hh106
d149,d112_hh155
d149,d135_hh216
d149,d61_hh79
d149,d135_hh57
d149,d122_hh112
d149,d160_hh211
d149,d39_hh96
d149,d34_hh12
d149,d214_hh255
d149,d124_hh126
d149,d139_hh27
d149,d139_hh27
d149,d50_hh112
d149,d214_hh20
d149,d131_hh41
d149,d58_hh81
d149,d158_hh49
d149,d88_hh191
d149,d150_hh253
d149,d87_hh32
d149,d13_hh157
d149,d210_hh267
d149,d174_hh97
d149,d132_hh233
d149,d65_hh75
d149,d122_hh112
d149,d34_hh166
d149,d190_hh176
d149,d191_hh12
d149,d91_hh98
d149,d99_hh38
d149,d78_hh9
d149,d59_hh132
d149,d158_hh34
d149,d162_hh67
d149,d128_hh278
d149,d31_hh135
d149,d87_hh38
d149,d208_hh221
d149,d168_hh30
d149,d66_hh131
d149,d18_hh253
d149,d141_hh194
d149,d75_hh15
d149,d156_hh151
d149,d56_hh89
d149,d16_hh201
d149,d35_hh224
d149,d124_hh125
d149,d129_hh94
d149,d143_hh82
d149,d15_hh97
d149,d150_hh253
d149,d51_hh49
d149,d81_hh81
d149,d99_hh44
d149,d78_hh234
d149,d69_hh274
d149,d66_hh131
d149,d111_hh29
d149,d78_hh234
d149,d58_hh81
d149,d41_hh72
d149,d42_hh38
d149,d112_hh17
d149,d119_hh174
d149,d137_hh216
d149,d74_hh109
d149,d200_hh227
d149,d50_hh195
d149,d91_hh79
d149,d41_hh53
d149,d128_hh43
d149,d143_hh82
d149,d24_hh177
d149,d140_hh260
d149,d69_hh55
d149,d179_hh242
d149,d41_hh53
d149,d190_hh32
d149,d149_hh30
d149,d120_hh268
d149,d48_hh176
d149,d129_hh209
d149,d56_hh166
d149,d112_hh17
d149,d99_hh230
d149,d88_hh235
d149,d190_hh106
d149,d95_hh241
d149,d213_hh238
d149,d187_hh291
d149,d152_hh175
d149,d110_hh201
d149,d11_hh244
d149,d66_hh154
d149,d125_hh167
d149,d135_hh219
d149,d91_hh98
d149,d130_hh273
d149,d135_hh57
d149,d46_hh57
d149,d129_hh94
d149,d66_hh179
d149,d210_hh267
d149,d163_hh242
d149,d163_hh44
d149,d34_hh12
d149,d100_hh65
d149,d40_hh111
d156,d56_hh166
d156,d74_hh109
d156,d13_hh263
d156,d195_hh97
d156,d117_hh245
d156,d7_hh124
d156,d200_hh227
d156,d11_hh240
d156,d61_hh246
d156,d78_hh9
d156,d130_hh277
d156,d59_hh132
d156,d16_hh75
d156,d120_hh118
d156,d13_hh263
d156,d118_hh188
d156,d156_hh151
d156,d147_hh167
d156,d65_hh67
d156,d191_hh179
d156,d40_hh111
d156,d16_hh201
d156,d59_hh207
d156,d162_hh113
d156,d87_hh38
d156,d61_hh246
d156,d21_hh21
d156,d91_hh100
d156,d66_hh193
d156,d56_hh177
d156,d129_hh209
d156,d42_hh165
d156,d158_hh146
d156,d162_hh113
d156,d118_hh188
d156,d169_hh115
d156,d58_hh108
d156,d138_hh10
d156,d205_hh73
d156,d93_hh80
d156,d187_hh30
d156,d193_hh67
d156,d131_hh41
d156,d55_hh232
d156,d208_hh221
d156,d23_hh236
d156,d4_hh212
d156,d58_hh81
d156,d82_hh115
d156,d207_hh28
d156,d109_hh209
d156,d65_hh115
d156,d80_hh6
d156,d169_hh247
d156,d78_hh123
d156,d154_hh132
d156,d117_hh245
d156,d156_hh181
d156,d69_hh222
d156,d7_hh64
d156,d90_hh214
d156,d21_hh25
d156,d158_hh146
d156,d7_hh155
d156,d134_hh7
d156,d42_hh263
d156,d169_hh115
d156,d38_hh172
d156,d135_hh191
d156,d88_hh235
d156,d179_hh28
d156,d69_hh222
d156,d35_hh224
d156,d32_hh60
d156,d164_hh78
d156,d41_hh72
d156,d30_hh132
d156,d11_hh244
d156,d156_hh19
d156,d13_hh239
d156,d69_hh99
d156,d160_hh104
d156,d164_hh220
d156,d134_hh166
d156,d40_hh111
d156,d139_hh164
d156,d18_hh80
d156,d191_hh275
d156,d85_hh104
d156,d95_hh241
d156,d75_hh15
d156,d119_hh107
d156,d161_hh250
d156,d184_hh210
d156,d15_hh188
d156,d128_hh184
d156,d158_hh20
d156,d2_hh232
d156,d156_hh181
d156,d128_hh184
d156,d114_hh2
d156,d77_hh83
d156,d95_hh241
d156,d93_hh66
d156,d110_hh201
d156,d149_hh30
d156,d187_hh291
d156,d83_hh67
d156,d160_hh38
d156,d146_hh114
d156,d59_hh162
d156,d160_hh232
d156,d56_hh89
d156,d80_hh6
d156,d161_hh110
d156,d191_hh179
d156,d122_hh210
d156,d205_hh217
d156,d78_hh123
d156,d31_hh135
d156,d55_hh226
d156,d56_hh89
d156,d97_hh75
d156,d139_hh251
d156,d40_hh7
d156,d134_hh118
d156,d4_hh212
d156,d74_hh212
d156,d69_hh209
d156,d56_hh89
d156,d139_hh9
d156,d78_hh9
d156,d88_hh108
d156,d160_hh38
d156,d93_hh66
d156,d32_hh101
d156,d155_hh206
d156,d137_hh109
d156,d204_hh173
d156,d124_hh167
d156,d24_hh177
d156,d55_hh131
d156,d202_hh222
d156,d152_hh187
d156,d44_hh127
d156,d42_hh251
d156,d184_hh11
d156,d82_hh256
d156,d184_hh11
d156,d55_hh12
d156,d141_hh235
d156,d193_hh61
d156,d204_hh231
d156,d164_hh220
d156,d175_hh181
d156,d170_hh228
d156,d85_hh104
d156,d150_hh8
d156,d204_hh158
d156,d55_hh232
d156,d55_hh232
d156,d143_hh82
d156,d147_hh167
d156,d32_hh60
d156,d202_hh111
d156,d135_hh78
d156,d135_hh216
d156,d117_hh245
d156,d59_hh251
d156,d205_hh54
d156,d100_hh164
d156,d131_hh41
d156,d73_hh151
d156,d1_hh234
d156,d214_hh184
d156,d36_hh69
d156,d179_hh242
d156,d134_hh76
d156,d16_hh75
d156,d55_hh190
d156,d42_hh165
d156,d56_hh175
d156,d155_hh206
d156,d143_hh82
d156,d69_hh99
d156,d138_hh1
d156,d15_hh97
d156,d43_hh27
d156,d213_hh238
d156,d126_hh156
d156,d101_hh182
d156,d111_hh29
d156,d162_hh113
d156,d62_hh18
d156,d65_hh67
d156,d158_hh34
d156,d149_hh61
d156,d32_hh203
d156,d168_hh30
d156,d149_hh237
d156,d18_hh6
d156,d59_hh98
d156,d156_hh151
d156,d56_hh177
d156,d135_hh78
d156,d128_hh180
d156,d139_hh164
d156,d97_hh75
d156,d191_hh275
d156,d7_hh124
d156,d46_hh228
d156,d83_hh79
d156,d123_hh83
d156,d82_hh115
d156,d82_hh256
d156,d178_hh263
d156,d111_hh29
d156,d193_hh61
d156,d156_hh153
d156,d156_hh218
d156,d134_hh118
d156,d51_hh177
d156,d24_hh177
d156,d109_hh168
d156,d164_hh220
d156,d56_hh166
d156,d139_hh164
d156,d66_hh179
d156,d174_hh85
d156,d162_hh67
d156,d11_hh79
d156,d183_hh93
d156,d91_hh98
d156,d118_hh262
d156,d130_hh277
d156,d91_hh241
d156,d82_hh256
d156,d160_hh232
d156,d38_hh95
d156,d46_hh57
d156,d88_hh3
d156,d134_hh156
d156,d39_hh55
d156,d179_hh242
d156,d140_hh260
d156,d46_hh57
d156,d163_hh242
d156,d7_hh155
d156,d129_hh94
d156,d156_hh218
d156,d190_hh173
d156,d26_hh63
d156,d128_hh180
d156,d20_hh44
d156,d125_hh167
d156,d128_hh184
d156,d187_hh30
d156,d190_hh38
d156,d111_hh206
d156,d51_hh186
d156,d155_hh206
d156,d150_hh8
d156,d163_hh242
d156,d99_hh44
d156,d34_hh166
d156,d62_hh18
d156,d135_hh78
d156,d122_hh181
d156,d158_hh20
d156,d168_hh265
d160,d128_hh184
d160,d214_hh166
d160,d113_hh254
d160,d104_hh7
d160,d11_hh240
d160,d78_hh123
d160,d213_hh238
d160,d114_hh2
d160,d51_hh49
d160,d195_hh52
d160,d7_hh148
d160,d122_hh271
d160,d32_hh136
d160,d140_hh260
d160,d134_hh76
d160,d162_hh113
d160,d128_hh297
d160,d138_hh1
d160,d56_hh63
d160,d150_hh168
d160,d93_hh184
d160,d73_hh153
d160,d160_hh97
d160,d91_hh100
d160,d50_hh90
d160,d90_hh214
d160,d18_hh253
d160,d35_hh211
d160,d134_hh7
d160,d119_hh107
d160,d73_hh197
d160,d1_hh234
d160,d139_hh164
d160,d7_hh124
d160,d214_hh166
d160,d32_hh60
d160,d135_hh191
d160,d69_hh99
d160,d179_hh28
d160,d65_hh227
d160,d23_hh236
d160,d42_hh38
d160,d191_hh12
d160,d124_hh125
d160,d18_hh80
d160,d126_hh156
d160,d91_hh100
d160,d154_hh157
d160,d41_hh181
d160,d87_hh38
d160,d125_hh189
d160,d129_hh209
d160,d61_hh79
d160,d122_hh112
d160,d124_hh126
d160,d59_hh162
d160,d56_hh175
d160,d207_hh28
d160,d83_hh67
d160,d111_hh206
d160,d40_hh111
d160,d65_hh75
d160,d62_hh167
d160,d29_hh167
d160,d156_hh218
d160,d161_hh110
d160,d215_hh82
d160,d134_hh118
d160,d152_hh187
d160,d90_hh214
d160,d137_hh216
d160,d11_hh214
d160,d156_hh151
d160,d46_hh228
d160,d134_hh31
d160,d38_hh95
d160,d51_hh177
d160,d88_hh191
d160,d73_hh151
d160,d41_hh72
d160,d207_hh28
d160,d59_hh162
d160,d81_hh87
d160,d36_hh69
d160,d208_hh137
d160,d119_hh107
d160,d55_hh226
d160,d169_hh115
d160,d163_hh44
d160,d41_hh53
d160,d15_hh97
d160,d7_hh240
d160,d96_hh8
d160,d55_hh246
d160,d110_hh172
d160,d77_hh40
d160,d190_hh106
d160,d120_hh118
d160,d44_hh163
d160,d150_hh8
d160,d169_hh148
d160,d40_hh111
d160,d75_hh15
d160,d51_hh177
d160,d139_hh164
d160,d91_hh113
d160,d59_hh162
d160,d125_hh236
d160,d132_hh233
d160,d150_hh253
d160,d158_hh20
d160,d135_hh191
d160,d117_hh245
d160,d112_hh155
d160,d135_hh57
d160,d32_hh101
d160,d55_hh226
d160,d178_hh263
d160,d42_hh263
d160,d119_hh174
d160,d88_hh3
d160,d146_hh114
d160,d126_hh233
d160,d204_hh173
d160,d215_hh82
d160,d20_hh44
d160,d91_hh241
d160,d100_hh65
d160,d161_hh229
d160,d11_hh132
d160,d131_hh41
d160,d118_hh188
d160,d208_hh137
d160,d162_hh67
d160,d15_hh97
d160,d170_hh63
d160,d1_hh234
d160,d158_hh146
d160,d61_hh79
d160,d32_hh136
d160,d134_hh166
d160,d163_hh242
d160,d191_hh179
d160,d190_hh173
d160,d112_hh177
d160,d55_hh246
d160,d4_hh212
d160,d73_hh7
d160,d56_hh177
d160,d135_hh191
d160,d135_hh57
d160,d16_hh218
d160,d82_hh115
d160,d137_hh201
d160,d51_hh49
d160,d82_hh231
d160,d66_hh193
d160,d160_hh211
d160,d15_hh188
d160,d110_hh172
d160,d111_hh206
d160,d111_hh29
d160,d141_hh194
d160,d46_hh57
d160,d50_hh195
d160,d88_hh3
d160,d119_hh50
d160,d40_hh7
d160,d132_hh233
d160,d207_hh28
d160,d16_hh218
d160,d40_hh111
d160,d51_hh285
d160,d93_hh66
d160,d187_hh16
d160,d118_hh188
d160,d32_hh136
d160,d16_hh75
d160,d51_hh186
d160,d126_hh184
d160,d78_hh9
d160,d128_hh273
d160,d126_hh184
d160,d50_hh90
d160,d130_hh277
d160,d160_hh97
d160,d41_hh254
d160,d208_hh137
d160,d56_hh89
d160,d191_hh12
d160,d138_hh1
d160,d120_hh45
d160,d114_hh12
d160,d91_hh113
d160,d30_hh132
d160,d190_hh38
d160,d168_hh34
d160,d208_hh137
d160,d117_hh126
d160,d11_hh240
d160,d127_hh69
d160,d210_hh87
d160,d50_hh112
d160,d135_hh226
d160,d120_hh57
d160,d73_hh7
d160,d33_hh64
d160,d32_hh151
d160,d46_hh228
d160,d97_hh75
d160,d135_hh216
d160,d41_hh72
d160,d88_hh3
d160,d11_hh132
d160,d200_hh227
d160,d163_hh115
d160,d88_hh108
d160,d150_hh168
d160,d198_hh40
d160,d102_hh228
d160,d210_hh262
d160,d16_hh200
d160,d128_hh278
d160,d118_hh88
d160,d55_hh226
d160,d186_hh175
d160,d33_hh266
d160,d74_hh108
d160,d77_hh156
d160,d11_hh214
d160,d131_hh212
d160,d138_hh1
d160,d149_hh30
d160,d11_hh79
d160,d131_hh41
d160,d35_hh211
d160,d61_hh246
d160,d118_hh262
d160,d91_hh100
d160,d158_hh49
d160,d150_hh168
d160,d156_hh151
d160,d190_hh176
d160,d150_hh253
d160,d23_hh236
d160,d162_hh67
d160,d128_hh184
d160,d20_hh48
d160,d168_hh30
d160,d82_hh41
d160,d140_hh260
d160,d184_hh11
d160,d42_hh251
d160,d126_hh156
d160,d91_hh113
d160,d118_hh262
d160,d99_hh38
d160,d97_hh75
d160,d130_hh273
d160,d150_hh168
d160,d190_hh106
d160,d97_hh75
d160,d112_hh221
d160,d40_hh7
d160,d55_hh131
d160,d118_hh188
d160,d162_hh113
d160,d5_hh117
d160,d190_hh106
d160,d117_hh245
d160,d7_hh87
d160,d11_hh79
d160,d139_hh164
d160,d44_hh163
d160,d55_hh226
d160,d91_hh241
d160,d128_hh180
d160,d55_hh229
d160,d202_hh17
d160,d195_hh52
d160,d143_hh82
d160,d122_hh112
d160,d87_hh38
d160,d78_hh123
d160,d82_hh115
d160,d44_hh127
d160,d21_hh25
d159,d51_hh285
d159,d120_hh57
d159,d208_hh137
d159,d143_hh82
d159,d91_hh79
d159,d88_hh235
d159,d11_hh240
d159,d190_hh173
d159,d128_hh278
d159,d101_hh182
d159,d128_hh180
d159,d128_hh273
d159,d190_hh106
d159,d209_hh40
d159,d132_hh233
d159,d95_hh241
d159,d66_hh193
d159,d118_hh262
d159,d150_hh168
d159,d55_hh12
d159,d35_hh104
d159,d73_hh7
d159,d102_hh228
d159,d69_hh13
d159,d135_hh219
d159,d46_hh228
d159,d122_hh271
d159,d164_hh220
d159,d140_hh260
d159,d73_hh33
d159,d141_hh6
d159,d41_hh181
d159,d158_hh20
d159,d87_hh32
d159,d126_hh156
d159,d66_hh154
d159,d78_hh234
d159,d161_hh250
d159,d112_hh177
d159,d150_hh253
d159,d82_hh115
d159,d82_hh115
d159,d59_hh162
d159,d19_hh147
d159,d150_hh168
d159,d39_hh96
d159,d214_hh20
d159,d134_hh118
d159,d170_hh228
d159,d114_hh12
d159,d109_hh209
d159,d30_hh132
d159,d93_hh80
d159,d187_hh30
d159,d160_hh211
d159,d91_hh32
d159,d209_hh40
d159,d160_hh104
d159,d43_hh27
d159,d55_hh232
d159,d193_hh61
d159,d46_hh57
d159,d191_hh179
d159,d161_hh238
d159,d119_hh174
d159,d69_hh13
d159,d160_hh211
d159,d179_hh41
d159,d109_hh168
d159,d147_hh167
d159,d16_hh75
d159,d5_hh117
d159,d122_hh181
d159,d208_hh2
d159,d214_hh255
d159,d69_hh209
d159,d39_hh55
d159,d154_hh132
d159,d209_hh40
d159,d81_hh81
d159,d87_hh32
d159,d65_hh227
d159,d190_hh173
d159,d78_hh234
d159,d193_hh67
d159,d18_hh91
d159,d161_hh229
d159,d91_hh100
d159,d19_hh147
d159,d124_hh126
d159,d149_hh61
d159,d125_hh167
d159,d137_hh109
d159,d156_hh153
d159,d7_hh64
d159,d109_hh209
d159,d1_hh15
d159,d50_hh195
d159,d26_hh63
d159,d146_hh88
d159,d150_hh253
d159,d162_hh113
d159,d160_hh97
d159,d110_hh117
d159,d82_hh231
d159,d117_hh126
d159,d138_hh10
d159,d48_hh176
d159,d44_hh163
d159,d43_hh27
d159,d134_hh31
d159,d59_hh162
d159,d120_hh57
d159,d66_hh154
d159,d111_hh206
d159,d164_hh78
d159,d163_hh44
d159,d110_hh201
d159,d208_hh137
d159,d78_hh234
d159,d209_hh40
d159,d140_hh195
d159,d35_hh104
d159,d18_hh253
d159,d36_hh69
d159,d100_hh65
d159,d137_hh201
d159,d214_hh20
d159,d147_hh167
d159,d214_hh171
d159,d139_hh164
d159,d87_hh38
d159,d141_hh235
d159,d50_hh195
d159,d87_hh32
d159,d44_hh170
d159,d56_hh177
d159,d140_hh260
d159,d213_hh238
d159,d32_hh136
d159,d46_hh57
d159,d32_hh19
d159,d91_hh32
d159,d16_hh200
d159,d7_hh148
d159,d53_hh249
d159,d191_hh190
d159,d83_hh67
d159,d134_hh156
d159,d137_hh216
d159,d91_hh79
d159,d208_hh221
d159,d112_hh31
d159,d56_hh175
d159,d44_hh65
d159,d91_hh113
d159,d50_hh195
d159,d11_hh132
d159,d83_hh67
d159,d11_hh132
d159,d44_hh163
d159,d46_hh228
d159,d183_hh93
d159,d111_hh206
d159,d112_hh177
d159,d101_hh182
d159,d40_hh111
d159,d40_hh111
d159,d50_hh112
d159,d214_hh171
d159,d82_hh256
d159,d214_hh255
d159,d42_hh38
d159,d150_hh253
d159,d140_hh195
d159,d171_hh189
d159,d190_hh32
d159,d44_hh35
d159,d74_hh109
d159,d202_hh222
d159,d2_hh232
d159,d69_hh99
d159,d91_hh32
d159,d106_hh24
d159,d56_hh175
d159,d11_hh79
d159,d165_hh274
d159,d77_hh40
d159,d29_hh167
d159,d129_hh94
d159,d35_hh104
d159,d55_hh12
d159,d15_hh188
d159,d137_hh216
d159,d81_hh81
d159,d149_hh237
d159,d124_hh118
d159,d139_hh27
d159,d56_hh63
d159,d42_hh251
d159,d78_hh234
d159,d210_hh267
d159,d58_hh81
d159,d110_hh236
d159,d106_hh24
d159,d109_hh168
d159,d164_hh78
d159,d11_hh79
d159,d162_hh67
d159,d16_hh201
d159,d114_hh12
d159,d51_hh177
d159,d195_hh52
d159,d21_hh21
d159,d30_hh44
d159,d59_hh132
d159,d139_hh27
d159,d214_hh184
d159,d78_hh234
d159,d187_hh32
d159,d129_hh94
d159,d191_hh30
d159,d122_hh210
d159,d41_hh254
d159,d77_hh156
d159,d33_hh266
d159,d131_hh212
d159,d88_hh235
d159,d169_hh148
d159,d190_hh173
d159,d75_hh15
d159,d65_hh67
d159,d81_hh81
d159,d91_hh113
d159,d139_hh9
d159,d125_hh248
d159,d55_hh12
d159,d132_hh233
d159,d38_hh101
d159,d21_hh16
d159,d11_hh132
d159,d112_hh177
d159,d195_hh31
d159,d160_hh104
d159,d11_hh26
d159,d91_hh100
d159,d128_hh297
d159,d126_hh156
d159,d91_hh98
d159,d120_hh268
d159,d213_hh238
d159,d158_hh146
d159,d131_hh14
d159,d130_hh273
d159,d109_hh209
d159,d93_hh66
d159,d202_hh222
d159,d32_hh203
d159,d156_hh181
d159,d126_hh184
d159,d82_hh256
d159,d139_hh27
d159,d91_hh98
d159,d131_hh212
d159,d101_hh182
d159,d7_hh87
d159,d205_hh73
d159,d141_hh235
d159,d162_hh113
d159,d179_hh28
d159,d164_hh78
d159,d44_hh170
d159,d43_hh67
d159,d93_hh80
d159,d208_hh221
d159,d143_hh224
d159,d210_hh262
d159,d16_hh75
d159,d29_hh167
d159,d48_hh176
d159,d134_hh31
d159,d122_hh112
d159,d146_hh88
d159,d44_hh127
d159,d109_hh168
d168,d35_hh211
d168,d168_hh34
d168,d165_hh274
d168,d124_hh126
d168,d81_hh87
d168,d88_hh3
d168,d74_hh109
d168,d59_hh98
d168,d204_hh231
d168,d102_hh228
d168,d99_hh230
d168,d72_hh77
d168,d208_hh221
d168,d65_hh115
d168,d16_hh201
d168,d135_hh219
d168,d131_hh41
d168,d210_hh87
d168,d128_hh43
d168,d141_hh6
d168,d104_hh7
d168,d169_hh247
d168,d209_hh40
d168,d30_hh132
d168,d160_hh59
d168,d69_hh222
d168,d26_hh63
d168,d73_hh153
d168,d20_hh44
d168,d101_hh186
d168,d210_hh267
d168,d156_hh151
d168,d143_hh82
d168,d13_hh157
d168,d160_hh38
d168,d120_hh268
d168,d210_hh262
d168,d44_hh127
d168,d200_hh51
d168,d112_hh177
d168,d88_hh235
d168,d83_hh79
d168,d15_hh188
d168,d158_hh34
d168,d134_hh166
d168,d120_hh272
d168,d179_hh28
d168,d96_hh8
d168,d41_hh74
d168,d204_hh173
d168,d102_hh228
d168,d150_hh253
d168,d205_hh217
d168,d214_hh171
d168,d156_hh19
d168,d169_hh115
d168,d44_hh127
d168,d137_hh201
d168,d88_hh108
d168,d125_hh189
d168,d139_hh9
d168,d160_hh97
d168,d66_hh193
d168,d56_hh63
d168,d30_hh132
d168,d190_hh106
d168,d135_hh57
d168,d11_hh26
d168,d41_hh72
d168,d69_hh13
d168,d160_hh38
d168,d154_hh157
d168,d20_hh48
d168,d55_hh246
d168,d129_hh209
d168,d191_hh12
d168,d51_hh37
d168,d135_hh216
d168,d132_hh233
d168,d124_hh167
d168,d21_hh25
d168,d155_hh206
d168,d50_hh195
d168,d122_hh112
d168,d35_hh104
d168,d215_hh157
d168,d69_hh99
d168,d202_hh111
d168,d139_hh251
d168,d74_hh108
d168,d16_hh200
d168,d55_hh232
d168,d114_hh2
d168,d141_hh194
d168,d214_hh184
d168,d73_hh153
d168,d19_hh147
d168,d69_hh13
d168,d122_hh271
d168,d78_hh123
d168,d42_hh251
d168,d97_hh75
d168,d156_hh181
d168,d30_hh132
d168,d214_hh171
d168,d88_hh191
d168,d31_hh135
d168,d202_hh17
d168,d202_hh17
d168,d100_hh65
d168,d200_hh227
d168,d214_hh255
d168,d55_hh229
d168,d214_hh252
d168,d50_hh90
d168,d69_hh222
d168,d77_hh156
d168,d55_hh131
d168,d111_hh29
d168,d214_hh171
d168,d120_hh272
d168,d195_hh97
d168,d163_hh242
d168,d56_hh123
d168,d91_hh98
d168,d160_hh179
d168,d126_hh184
d168,d205_hh73
d168,d214_hh20
d168,d7_hh155
d168,d154_hh157
d168,d65_hh67
d168,d141_hh6
d168,d100_hh65
d168,d141_hh209
d168,d162_hh113
d168,d190_hh38
d168,d128_hh180
d168,d11_hh244
d168,d85_hh218
d168,d13_hh239
d168,d74_hh212
d168,d125_hh167
d168,d184_hh11
d168,d214_hh252
d168,d44_hh65
d168,d109_hh209
d168,d73_hh33
d168,d109_hh168
d168,d42_hh263
d168,d146_hh88
d168,d93_hh184
d168,d111_hh29
d168,d150_hh253
d168,d163_hh242
d168,d164_hh249
d168,d106_hh24
d168,d160_hh211
d168,d51_hh186
d168,d202_hh222
d168,d51_hh285
d168,d72_hh77
d168,d38_hh172
d168,d191_hh179
d168,d195_hh31
d168,d90_hh214
d168,d162_hh113
d168,d169_hh247
d168,d191_hh190
d168,d32_hh19
d168,d161_hh238
d168,d51_hh49
d168,d58_hh108
d168,d40_hh111
d168,d139_hh251
d168,d109_hh168
d168,d87_hh38
d168,d195_hh31
d168,d7_hh240
d168,d198_hh78
d168,d40_hh111
d168,d50_hh112
d168,d39_hh55
d168,d191_hh275
d168,d165_hh274
d168,d77_hh156
d168,d51_hh37
d168,d42_hh165
d168,d170_hh63
d168,d195_hh52
d168,d91_hh32
d168,d193_hh61
d168,d72_hh77
d168,d202_hh111
d168,d110_hh201
d168,d147_hh167
d168,d205_hh73
d168,d152_hh175
d168,d13_hh263
d168,d137_hh201
d168,d186_hh175
d168,d200_hh51
d168,d130_hh177
d168,d87_hh32
d168,d95_hh241
d168,d134_hh166
d168,d102_hh284
d168,d20_hh48
d168,d93_hh80
d168,d18_hh6
d168,d187_hh30
d168,d74_hh108
d168,d122_hh181
d168,d66_hh13
d168,d158_hh49
d168,d140_hh260
d168,d141_hh194
d168,d13_hh263
d168,d65_hh227
d168,d170_hh273
d168,d135_hh191
d168,d66_hh179
d168,d59_hh132
d168,d16_hh200
d168,d119_hh174
d168,d5_hh117
d168,d114_hh2
d168,d75_hh15
d168,d91_hh241
d168,d91_hh98
d168,d35_hh211
d168,d198_hh78
d168,d73_hh151
d168,d93_hh80
d168,d122_hh271
d168,d59_hh207
d168,d139_hh9
d168,d43_hh27
d168,d158_hh20
d168,d184_hh11
d168,d31_hh135
d168,d149_hh237
d168,d39_hh96
d168,d16_hh201
d168,d82_hh256
d168,d16_hh200
d168,d170_hh228
d168,d215_hh82
d168,d162_hh113
d168,d38_hh49
d168,d132_hh233
d168,d55_hh232
d168,d135_hh191
d168,d91_hh32
d168,d110_hh172
d168,d163_hh115
d168,d59_hh162
d168,d34_hh166
d168,d120_hh45
d168,d20_hh48
d168,d214_hh166
d168,d160_hh211
d168,d78_hh123
d168,d134_hh76
d168,d164_hh220
d168,d171_hh189
d168,d30_hh44
d168,d93_hh184
d168,d198_hh40
d168,d75_hh15
d168,d111_hh206
d168,d66_hh193
d168,d124_hh125
d168,d62_hh18
d168,d99_hh44
d168,d123_hh83
d168,d83_hh67
d168,d100_hh164
d168,d51_hh186
d168,d187_hh16
d168,d160_hh38
d168,d43_hh27
d168,d69_hh55
d168,d83_hh67
d168,d139_hh27
d168,d51_hh177
d168,d175_hh32
d168,d55_hh232
d168,d112_hh155
d168,d204_hh158
d168,d179_hh242
d168,d38_hh101
d168,d129_hh94
d169,d208_hh137
d169,d141_hh194
d169,d11_hh244
d169,d161_hh110
d169,d44_hh65
d169,d139_hh164
d169,d75_hh15
d169,d126_hh233
d169,d135_hh78
d169,d141_hh235
d169,d117_hh245
d169,d88_hh3
d169,d91_hh241
d169,d7_hh155
d169,d46_hh228
d169,d59_hh98
d169,d209_hh40
d169,d119_hh174
d169,d56_hh166
d169,d69_hh99
d169,d31_hh135
d169,d193_hh61
d169,d73_hh153
d169,d164_hh249
d169,d141_hh6
d169,d91_hh79
d169,d73_hh84
d169,d55_hh12
d169,d40_hh111
d169,d24_hh177
d169,d38_hh172
d169,d149_hh30
d169,d42_hh263
d169,d149_hh61
d169,d125_hh189
d169,d66_hh193
d169,d129_hh94
d169,d55_hh12
d169,d11_hh26
d169,d59_hh251
d169,d120_hh272
d169,d7_hh148
d169,d16_hh201
d169,d7_hh124
d169,d16_hh75
d169,d134_hh166
d169,d141_hh194
d169,d44_hh187
d169,d111_hh29
d169,d208_hh137
d169,d32_hh101
d169,d114_hh2
d169,d130_hh277
d169,d125_hh248
d169,d58_hh108
d169,d171_hh189
d169,d85_hh104
d169,d11_hh132
d169,d132_hh233
d169,d125_hh167
d169,d35_hh211
d169,d41_hh72
d169,d56_hh166
d169,d128_hh278
d169,d40_hh7
d169,d170_hh273
d169,d134_hh156
d169,d160_hh59
d169,d170_hh273
d169,d7_hh87
d169,d187_hh16
d169,d69_hh99
d169,d56_hh123
d169,d150_hh168
d169,d35_hh104
d169,d126_hh44
d169,d73_hh197
d169,d42_hh263
d169,d161_hh250
d169,d160_hh211
d169,d59_hh98
d169,d130_hh273
d169,d139_hh9
d169,d53_hh249
d169,d39_hh96
d169,d175_hh181
d169,d81_hh87
d169,d4_hh212
d169,d91_hh241
d169,d138_hh1
d169,d150_hh8
d169,d38_hh49
d169,d5_hh117
d169,d15_hh97
d169,d208_hh221
d169,d66_hh131
d169,d88_hh108
d169,d7_hh87
d169,d141_hh194
d169,d83_hh67
d169,d75_hh15
d169,d112_hh177
d169,d193_hh67
d169,d109_hh168
d169,d143_hh82
d169,d128_hh184
d169,d44_hh35
d169,d26_hh63
d169,d210_hh87
d169,d160_hh179
d169,d118_hh175
d169,d210_hh262
d169,d43_hh67
d169,d59_hh132
d169,d207_hh28
d169,d93_hh80
d169,d51_hh186
d169,d160_hh97
d169,d202_hh222
d169,d66_hh154
d169,d100_hh164
d169,d178_hh263
d169,d111_hh206
d169,d214_hh166
d169,d59_hh132
d169,d53_hh249
d169,d44_hh65
d169,d129_hh94
d169,d187_hh16
d169,d214_hh20
d169,d51_hh186
d169,d214_hh184
d169,d160_hh211
d169,d82_hh256
d169,d35_hh224
d169,d88_hh235
d169,d215_hh82
d169,d191_hh190
d169,d20_hh48
d169,d81_hh81
d169,d99_hh230
d169,d163_hh44
d169,d190_hh173
d169,d160_hh211
d169,d20_hh48
d169,d143_hh224
d169,d81_hh14
d169,d109_hh209
d169,d190_hh173
d169,d73_hh151
d169,d1_hh234
d169,d109_hh209
d169,d96_hh8
d169,d187_hh291
d169,d207_hh28
d169,d42_hh263
d169,d88_hh118
d169,d85_hh218
d169,d191_hh30
d169,d111_hh206
d169,d130_hh177
d169,d16_hh201
d169,d163_hh242
d169,d135_hh226
d169,d88_hh118
d169,d78_hh9
d169,d35_hh224
d169,d170_hh63
d169,d7_hh155
d169,d122_hh112
d169,d72_hh77
d169,d162_hh113
d169,d65_hh227
d169,d51_hh37
d169,d93_hh80
d169,d130_hh277
d169,d91_hh241
d169,d150_hh8
d169,d124_hh125
d169,d139_hh164
d169,d69_hh99
d169,d195_hh52
d169,d69_hh13
d169,d82_hh41
d169,d164_hh249
d169,d56_hh123
d169,d88_hh267
d169,d170_hh228
d169,d112_hh17
d169,d174_hh6
d169,d61_hh79
d169,d21_hh16
d169,d11_hh240
d169,d183_hh93
d169,d56_hh166
d169,d104_hh7
d169,d169_hh148
d169,d120_hh268
d169,d88_hh3
d169,d21_hh25
d169,d82_hh256
d169,d11_hh214
d169,d83_hh67
d169,d156_hh181
d169,d56_hh123
d169,d134_hh76
d169,d11_hh132
d169,d44_hh187
d169,d42_hh165
d169,d2_hh232
d169,d33_hh64
d169,d80_hh6
d169,d32_hh60
d169,d174_hh6
d169,d66_hh193
d169,d164_hh78
d169,d184_hh11
d169,d44_hh163
d169,d66_hh179
d169,d140_hh195
d169,d130_hh273
d169,d82_hh256
d169,d161_hh250
d169,d169_hh115
d169,d61_hh79
d169,d112_hh176
d169,d114_hh2
d169,d62_hh167
d169,d160_hh97
d169,d23_hh236
d169,d77_hh156
d169,d215_hh82
d169,d131_hh14
d169,d53_hh249
d169,d120_hh118
d169,d168_hh30
d169,d170_hh228
d169,d11_hh132
d169,d150_hh253
d169,d210_hh87
d169,d184_hh11
d169,d73_hh153
d169,d160_hh97
d169,d208_hh2
d169,d55_hh246
d169,d195_hh52
d169,d160_hh104
d169,d120_hh45
d169,d119_hh174
d169,d51_hh285
d169,d141_hh209
d169,d30_hh44
d169,d4_hh212
d169,d190_hh176
d169,d122_hh210
d169,d1_hh234
d169,d168_hh30
d169,d128_hh297
d169,d128_hh278
d169,d56_hh63
d161,d48_hh119
d161,d158_hh20
d161,d214_hh166
d161,d90_hh214
d161,d187_hh30
d161,d141_hh209
d161,d44_hh163
d161,d125_hh236
d161,d58_hh81
d161,d124_hh167
d161,d129_hh106
d161,d88_hh235
d161,d214_hh255
d161,d149_hh61
d161,d38_hh101
d161,d202_hh17
d161,d1_hh15
d161,d11_hh79
d161,d93_hh80
d161,d16_hh200
d161,d61_hh79
d161,d134_hh118
d161,d40_hh111
d161,d11_hh79
d161,d65_hh75
d161,d119_hh50
d161,d146_hh114
d161,d48_hh119
d161,d122_hh210
d161,d73_hh197
d161,d135_hh226
d161,d193_hh61
d161,d190_hh38
d161,d129_hh94
d161,d169_hh247
d161,d134_hh118
d161,d158_hh146
d161,d110_hh117
d161,d88_hh118
d161,d179_hh242
d161,d78_hh9
d161,d93_hh66
d161,d168_hh34
d161,d135_hh191
d161,d42_hh251
d161,d158_hh85
d161,d141_hh194
d161,d135_hh191
d161,d170_hh273
d161,d61_hh79
d161,d161_hh238
d161,d138_hh10
d161,d120_hh272
d161,d99_hh38
d161,d2_hh232
d161,d32_hh60
d161,d16_hh201
d161,d30_hh132
d161,d82_hh256
d161,d161_hh229
d161,d150_hh168
d161,d208_hh2
d161,d132_hh233
d161,d191_hh12
d161,d160_hh179
d161,d74_hh11
d161,d74_hh11
d161,d138_hh1
d161,d74_hh109
d161,d112_hh177
d161,d174_hh97
d161,d124_hh167
d161,d193_hh67
d161,d190_hh176
d161,d7_hh124
d161,d2_hh232
d161,d7_hh87
d161,d66_hh131
d161,d164_hh78
d161,d40_hh111
d161,d191_hh275
d161,d126_hh156
d161,d178_hh263
d161,d48_hh119
d161,d44_hh187
d161,d112_hh221
d161,d11_hh79
d161,d7_hh87
d161,d190_hh182
d161,d110_hh117
d161,d152_hh187
d161,d184_hh210
d161,d154_hh132
d161,d119_hh174
d161,d204_hh231
d161,d140_hh260
d161,d55_hh246
d161,d161_hh110
d161,d40_hh111
d161,d149_hh61
d161,d82_hh256
d161,d160_hh38
d161,d32_hh136
d161,d66_hh193
d161,d150_hh168
d161,d160_hh211
d161,d51_hh177
d161,d73_hh7
d161,d43_hh27
d161,d134_hh156
d161,d99_hh38
d161,d123_hh83
d161,d101_hh182
d161,d19_hh147
d161,d56_hh175
d161,d109_hh209
d161,d135_hh57
d161,d56_hh166
d161,d35_hh224
d161,d41_hh254
d161,d112_hh17
d161,d109_hh209
d161,d205_hh54
d161,d73_hh84
d161,d119_hh50
d161,d122_hh112
d161,d82_hh256
d161,d43_hh67
d161,d38_hh95
d161,d131_hh41
d161,d65_hh67
d161,d209_hh40
d161,d69_hh55
d161,d73_hh33
d161,d158_hh49
d161,d160_hh179
d161,d46_hh228
d161,d134_hh166
d161,d33_hh266
d161,d109_hh168
d161,d156_hh151
d161,d156_hh181
d161,d34_hh166
d161,d75_hh15
d161,d82_hh41
d161,d135_hh219
d161,d120_hh118
d161,d100_hh65
d161,d150_hh168
d161,d51_hh285
d161,d88_hh235
d161,d158_hh20
d161,d81_hh81
d161,d7_hh155
d161,d88_hh108
d161,d205_hh217
d161,d21_hh25
d161,d81_hh81
d161,d190_hh32
d161,d1_hh234
d161,d96_hh8
d161,d137_hh201
d161,d126_hh156
d161,d91_hh241
d161,d190_hh106
d161,d198_hh40
d161,d24_hh177
d161,d7_hh124
d161,d164_hh78
d161,d160_hh104
d161,d158_hh49
d161,d122_hh181
d161,d120_hh272
d161,d75_hh15
d161,d66_hh193
d161,d131_hh14
d161,d19_hh147
d161,d59_hh132
d161,d149_hh61
d161,d168_hh34
d161,d150_hh8
d161,d55_hh229
d161,d120_hh268
d161,d48_hh119
d161,d18_hh253
d161,d208_hh137
d161,d160_hh232
d161,d44_hh283
d161,d69_hh99
d161,d195_hh52
d161,d210_hh262
d161,d158_hh85
d161,d59_hh207
d161,d56_hh89
d161,d30_hh132
d161,d149_hh61
d161,d30_hh44
d161,d174_hh97
d161,d32_hh151
d161,d141_hh194
d161,d128_hh43
d161,d101_hh182
d161,d184_hh210
d161,d24_hh177
d161,d72_hh77
d161,d205_hh73
d161,d87_hh38
d161,d39_hh55
d161,d32_hh101
d161,d184_hh210
d161,d32_hh203
d161,d150_hh253
d161,d11_hh26
d161,d118_hh262
d161,d95_hh241
d161,d156_hh19
d161,d131_hh41
d161,d58_hh81
d161,d38_hh172
d161,d127_hh69
d161,d32_hh203
d161,d44_hh170
d161,d106_hh24
d161,d187_hh16
d161,d88_hh108
d161,d169_hh247
d161,d62_hh167
d161,d82_hh41
d161,d168_hh265
d161,d69_hh274
d161,d110_hh201
d161,d156_hh19
d161,d97_hh75
d161,d1_hh234
d161,d11_hh79
d161,d72_hh77
d161,d7_hh124
d161,d59_hh132
d161,d55_hh226
d161,d51_hh49
d161,d102_hh228
d161,d191_hh275
d161,d164_hh249
d161,d81_hh14
d161,d73_hh33
d161,d214_hh184
d161,d43_hh27
d161,d13_hh263
d161,d18_hh80
d161,d11_hh244
d161,d198_hh78
d161,d18_hh253
d161,d34_hh12
d161,d161_hh238
d161,d150_hh8
d161,d139_hh27
d161,d65_hh115
d161,d112_hh17
d161,d138_hh1
d161,d135_hh226
d161,d134_hh31
d161,d18_hh253
d161,d208_hh221
d161,d155_hh206
d161,d134_hh7
d161,d56_hh89
d161,d35_hh224
d161,d137_hh201
d161,d179_hh28
d161,d128_hh180
d161,d66_hh193
d161,d78_hh123
d157,d71_hh163
d157,d144_hh289
d157,d116_hh36
d157,d157_hh235
d157,d194_hh101
d157,d157_hh235
d157,d105_hh45
d157,d45_hh79
d157,d115_hh199
d157,d148_hh117
d157,d107_hh23
d157,d108_hh212
d157,d180_hh254
d157,d71_hh163
d157,d181_hh17
d157,d76_hh187
d157,d116_hh36
d157,d76_hh193
d157,d8_hh105
d157,d92_hh91
d157,d94_hh137
d157,d181_hh17
d157,d25_hh157
d157,d108_hh212
d157,d142_hh108
d157,d71_hh146
d157,d153_hh26
d157,d60_hh107
d157,d6_hh130
d157,d181_hh17
d157,d103_hh192
d157,d148_hh247
d157,d203_hh227
d157,d107_hh246
d157,d167_hh11
d157,d8_hh155
d157,d79_hh114
d157,d37_hh159
d157,d153_hh96
d157,d172_hh180
d157,d157_hh215
d157,d151_hh203
d157,d151_hh215
d157,d92_hh161
d157,d181_hh17
d157,d37_hh159
d157,d76_hh193
d157,d60_hh191
d157,d94_hh137
d157,d176_hh92
d157,d37_hh159
d157,d212_hh155
d157,d71_hh163
d157,d63_hh83
d157,d172_hh180
d157,d116_hh6
d157,d185_hh143
d157,d116_hh118
d157,d28_hh253
d157,d196_hh197
d157,d211_hh86
d157,d84_hh122
d157,d108_hh212
d157,d108_hh162
d157,d10_hh167
d157,d157_hh235
d157,d181_hh17
d157,d194_hh101
d157,d27_hh269
d157,d22_hh190
d157,d148_hh247
d157,d45_hh0
d157,d185_hh143
d157,d142_hh108
d157,d45_hh79
d157,d107_hh246
d157,d92_hh115
d157,d92_hh91
d157,d115_hh186
d157,d142_hh108
d157,d189_hh268
d157,d203_hh189
d157,d63_hh69
d157,d203_hh189
d157,d107_hh103
d157,d212_hh155
d157,d144_hh253
d157,d70_hh171
d157,d145_hh175
d157,d212_hh155
d157,d157_hh16
d157,d157_hh222
d157,d14_hh67
d157,d188_hh256
d157,d172_hh18
d157,d136_hh192
d157,d144_hh289
d157,d203_hh227
d157,d136_hh192
d157,d192_hh58
d157,d203_hh139
d157,d176_hh92
d157,d151_hh215
d157,d49_hh257
d157,d79_hh114
d157,d189_hh268
d157,d108_hh213
d157,d196_hh139
d157,d107_hh246
d157,d203_hh139
d157,d70_hh172
d157,d212_hh252
d157,d60_hh191
d157,d79_hh255
d157,d103_hh63
d157,d157_hh215
d157,d70_hh172
d157,d60_hh191
d157,d107_hh193
d157,d6_hh77
d157,d145_hh175
d157,d212_hh252
d157,d103_hh63
d157,d107_hh246
d157,d116_hh36
d157,d144_hh253
d157,d94_hh137
d157,d206_hh279
d157,d22_hh190
d157,d49_hh257
d157,d107_hh23
d157,d70_hh172
d157,d203_hh139
d157,d157_hh235
d157,d3_hh97
d157,d84_hh122
d157,d148_hh117
d157,d151_hh203
d157,d136_hh192
d157,d172_hh180
d157,d157_hh222
d157,d8_hh41
d157,d203_hh189
d157,d115_hh199
d157,d136_hh89
d157,d60_hh108
d157,d45_hh0
d157,d196_hh139
d157,d212_hh252
d157,d47_hh300
d157,d92_hh91
d157,d76_hh6
d157,d196_hh197
d157,d9_hh236
d157,d60_hh107
d157,d196_hh190
d157,d121_hh170
d157,d76_hh6
d157,d70_hh172
d157,d196_hh229
d157,d9_hh289
d157,d188_hh256
d157,d63_hh69
d157,d196_hh190
d157,d79_hh227
d157,d144_hh196
d157,d71_hh163
d157,d176_hh194
d157,d196_hh197
d157,d86_hh55
d157,d79_hh255
d157,d9_hh289
d157,d116_hh196
d157,d167_hh70
d157,d145_hh175
d157,d142_hh190
d157,d37_hh160
d157,d92_hh161
d157,d121_hh170
d157,d185_hh57
d157,d3_hh180
d157,d194_hh101
d157,d6_hh130
d157,d103_hh205
d157,d176_hh194
d157,d10_hh167
d157,d71_hh245
d157,d181_hh225
d157,d167_hh264
d157,d116_hh196
d157,d84_hh122
d157,d115_hh199
d157,d196_hh190
d157,d103_hh205
d157,d71_hh163
d157,d176_hh125
d157,d92_hh91
d157,d148_hh100
d157,d79_hh114
d157,d212_hh155
d157,d157_hh215
d157,d49_hh103
d157,d49_hh170
d157,d84_hh122
d157,d176_hh125
d157,d116_hh196
d157,d70_hh172
d157,d176_hh125
d157,d206_hh279
d157,d157_hh235
d157,d203_hh227
d157,d64_hh137
d157,d136_hh32
d157,d203_hh227
d157,d157_hh215
d157,d136_hh32
d157,d196_hh197
d157,d28_hh40
d157,d107_hh193
d157,d194_hh40
d157,d196_hh197
d157,d194_hh142
d157,d49_hh170
d157,d144_hh196
d157,d45_hh79
d157,d108_hh212
d157,d71_hh163
d157,d145_hh175
d157,d3_hh35
d157,d148_hh117
d157,d115_hh176
d157,d64_hh137
d157,d148_hh247
d157,d196_hh215
d157,d192_hh58
d157,d9_hh236
d157,d45_hh79
d157,d9_hh197
d157,d108_hh230
d157,d194_hh142
d157,d144_hh289
d157,d63_hh83
d157,d194_hh40
d157,d6_hh155
d157,d71_hh245
d157,d92_hh161
d157,d92_hh115
d157,d108_hh162
d157,d176_hh92
d157,d172_hh180
d157,d192_hh58
d157,d105_hh45
d157,d45_hh0
d157,d136_hh89
d157,d144_hh289
d157,d94_hh246
d157,d192_hh68
d157,d105_hh45
d157,d142_hh108
d162,d26_hh63
d162,d56_hh63
d162,d41_hh254
d162,d135_hh226
d162,d123_hh83
d162,d1_hh15
d162,d91_hh113
d162,d114_hh2
d162,d175_hh32
d162,d124_hh125
d162,d46_hh228
d162,d1_hh15
d162,d168_hh265
d162,d119_hh107
d162,d44_hh187
d162,d141_hh209
d162,d56_hh63
d162,d118_hh88
d162,d20_hh44
d162,d46_hh57
d162,d16_hh200
d162,d59_hh162
d162,d120_hh272
d162,d42_hh165
d162,d191_hh275
d162,d41_hh254
d162,d117_hh126
d162,d138_hh10
d162,d72_hh77
d162,d97_hh20
d162,d179_hh242
d162,d164_hh220
d162,d44_hh283
d162,d193_hh67
d162,d178_hh263
d162,d191_hh179
d162,d120_hh118
d162,d44_hh170
d162,d102_hh228
d162,d160_hh179
d162,d124_hh126
d162,d187_hh16
d162,d7_hh87
d162,d81_hh87
d162,d16_hh201
d162,d161_hh229
d162,d38_hh95
d162,d190_hh32
d162,d208_hh137
d162,d61_hh79
d162,d146_hh114
d162,d39_hh55
d162,d55_hh246
d162,d16_hh218
d162,d114_hh12
d162,d163_hh44
d162,d88_hh108
d162,d128_hh273
d162,d114_hh12
d162,d174_hh97
d162,d88_hh108
d162,d114_hh12
d162,d38_hh172
d162,d130_hh273
d162,d132_hh233
d162,d66_hh13
d162,d170_hh273
d162,d150_hh168
d162,d137_hh109
d162,d163_hh115
d162,d174_hh97
d162,d73_hh151
d162,d33_hh266
d162,d13_hh157
d162,d141_hh194
d162,d190_hh182
d162,d208_hh137
d162,d62_hh167
d162,d139_hh251
d162,d5_hh117
d162,d85_hh218
d162,d114_hh2
d162,d139_hh27
d162,d38_hh172
d162,d7_hh87
d162,d16_hh201
d162,d160_hh59
d162,d202_hh17
d162,d5_hh117
d162,d150_hh253
d162,d85_hh214
d162,d56_hh175
d162,d179_hh41
d162,d114_hh12
d162,d123_hh83
d162,d102_hh228
d162,d205_hh73
d162,d41_hh181
d162,d66_hh193
d162,d179_hh41
d162,d51_hh49
d162,d101_hh186
d162,d15_hh97
d162,d69_hh209
d162,d104_hh7
d162,d160_hh232
d162,d95_hh241
d162,d130_hh177
d162,d69_hh13
d162,d21_hh21
d162,d78_hh123
d162,d210_hh262
d162,d214_hh184
d162,d160_hh211
d162,d88_hh118
d162,d131_hh204
d162,d7_hh148
d162,d165_hh274
d162,d150_hh168
d162,d184_hh210
d162,d110_hh236
d162,d91_hh79
d162,d163_hh242
d162,d214_hh255
d162,d155_hh206
d162,d30_hh44
d162,d125_hh189
d162,d135_hh78
d162,d193_hh61
d162,d183_hh237
d162,d190_hh173
d162,d190_hh182
d162,d141_hh209
d162,d35_hh211
d162,d117_hh126
d162,d160_hh104
d162,d135_hh219
d162,d97_hh75
d162,d114_hh2
d162,d141_hh152
d162,d150_hh8
d162,d13_hh157
d162,d110_hh201
d162,d67_hh63
d162,d56_hh63
d162,d13_hh239
d162,d141_hh209
d162,d41_hh72
d162,d207_hh28
d162,d126_hh156
d162,d56_hh89
d162,d141_hh209
d162,d77_hh156
d162,d214_hh166
d162,d55_hh229
d162,d170_hh228
d162,d81_hh14
d162,d205_hh217
d162,d118_hh88
d162,d117_hh245
d162,d190_hh173
d162,d178_hh263
d162,d156_hh19
d162,d66_hh13
d162,d11_hh244
d162,d73_hh153
d162,d69_hh222
d162,d215_hh82
d162,d140_hh260
d162,d100_hh65
d162,d55_hh229
d162,d44_hh283
d162,d55_hh12
d162,d137_hh201
d162,d160_hh179
d162,d160_hh179
d162,d62_hh18
d162,d91_hh100
d162,d44_hh187
d162,d210_hh262
d162,d184_hh11
d162,d198_hh78
d162,d139_hh251
d162,d38_hh101
d162,d114_hh2
d162,d7_hh87
d162,d143_hh224
d162,d190_hh38
d162,d42_hh263
d162,d168_hh30
d162,d13_hh263
d162,d58_hh81
d162,d156_hh181
d162,d141_hh6
d162,d73_hh153
d162,d141_hh194
d162,d130_hh177
d162,d132_hh233
d162,d82_hh256
d162,d149_hh237
d162,d128_hh184
d162,d58_hh81
d162,d55_hh12
d162,d131_hh212
d162,d32_hh101
d162,d66_hh131
d162,d122_hh112
d162,d7_hh124
d162,d135_hh191
d162,d164_hh78
d162,d124_hh126
d162,d73_hh151
d162,d80_hh6
d162,d156_hh153
d162,d191_hh12
d162,d214_hh171
d162,d158_hh20
d162,d204_hh158
d162,d119_hh174
d162,d38_hh101
d162,d41_hh53
d162,d78_hh123
d162,d168_hh265
d162,d120_hh272
d162,d97_hh75
d162,d174_hh85
d162,d88_hh235
d162,d117_hh126
d162,d168_hh265
d162,d87_hh32
d162,d82_hh256
d162,d59_hh162
d162,d120_hh118
d162,d143_hh82
d162,d128_hh297
d162,d110_hh201
d162,d214_hh184
d162,d69_hh13
d162,d205_hh54
d162,d200_hh51
d162,d53_hh249
d162,d42_hh263
d162,d200_hh51
d162,d7_hh64
d162,d208_hh137
d162,d207_hh28
d162,d129_hh94
d162,d214_hh255
d162,d88_hh108
d162,d132_hh233
d162,d38_hh101
d162,d175_hh239
d162,d32_hh101
d162,d135_hh226
d162,d114_hh12
d162,d110_hh201
d162,d46_hh228
d162,d160_hh59
d162,d11_hh132
d162,d120_hh272
d162,d161_hh110
d162,d127_hh69
d162,d88_hh118
d163,d139_hh9
d163,d65_hh75
d163,d93_hh184
d163,d156_hh151
d163,d74_hh108
d163,d73_hh197
d163,d62_hh18
d163,d16_hh201
d163,d124_hh223
d163,d11_hh132
d163,d125_hh248
d163,d208_hh221
d163,d42_hh263
d163,d125_hh248
d163,d69_hh55
d163,d41_hh181
d163,d126_hh233
d163,d7_hh148
d163,d97_hh75
d163,d91_hh100
d163,d125_hh189
d163,d123_hh83
d163,d16_hh75
d163,d58_hh81
d163,d113_hh254
d163,d186_hh175
d163,d193_hh67
d163,d124_hh126
d163,d170_hh63
d163,d99_hh230
d163,d88_hh235
d163,d18_hh91
d163,d158_hh85
d163,d150_hh253
d163,d48_hh176
d163,d163_hh115
d163,d137_hh109
d163,d160_hh211
d163,d58_hh108
d163,d204_hh158
d163,d137_hh109
d163,d106_hh24
d163,d72_hh77
d163,d156_hh151
d163,d135_hh226
d163,d134_hh156
d163,d131_hh14
d163,d55_hh12
d163,d106_hh24
d163,d38_hh49
d163,d183_hh237
d163,d140_hh260
d163,d44_hh127
d163,d77_hh156
d163,d74_hh109
d163,d11_hh240
d163,d51_hh186
d163,d41_hh74
d163,d65_hh75
d163,d59_hh207
d163,d170_hh63
d163,d66_hh179
d163,d160_hh232
d163,d179_hh41
d163,d69_hh274
d163,d208_hh221
d163,d78_hh123
d163,d117_hh245
d163,d187_hh16
d163,d118_hh262
d163,d58_hh108
d163,d81_hh87
d163,d175_hh181
d163,d34_hh166
d163,d113_hh254
d163,d184_hh210
d163,d205_hh54
d163,d55_hh226
d163,d208_hh137
d163,d73_hh153
d163,d112_hh221
d163,d160_hh59
d163,d147_hh167
d163,d56_hh177
d163,d41_hh53
d163,d125_hh167
d163,d205_hh217
d163,d61_hh246
d163,d32_hh19
d163,d72_hh77
d163,d210_hh267
d163,d93_hh80
d163,d122_hh112
d163,d65_hh227
d163,d135_hh226
d163,d69_hh222
d163,d61_hh246
d163,d56_hh63
d163,d156_hh218
d163,d38_hh172
d163,d155_hh206
d163,d85_hh104
d163,d88_hh3
d163,d33_hh266
d163,d200_hh51
d163,d111_hh206
d163,d38_hh172
d163,d162_hh113
d163,d158_hh49
d163,d190_hh32
d163,d44_hh163
d163,d53_hh23
d163,d91_hh241
d163,d146_hh114
d163,d109_hh209
d163,d135_hh191
d163,d56_hh177
d163,d193_hh67
d163,d58_hh108
d163,d120_hh272
d163,d4_hh212
d163,d13_hh157
d163,d174_hh6
d163,d119_hh50
d163,d93_hh184
d163,d91_hh79
d163,d66_hh154
d163,d13_hh263
d163,d170_hh273
d163,d33_hh64
d163,d169_hh148
d163,d158_hh85
d163,d124_hh125
d163,d137_hh216
d163,d88_hh267
d163,d111_hh29
d163,d135_hh78
d163,d130_hh277
d163,d156_hh218
d163,d69_hh13
d163,d158_hh49
d163,d143_hh82
d163,d41_hh74
d163,d149_hh30
d163,d73_hh151
d163,d51_hh186
d163,d179_hh242
d163,d72_hh77
d163,d83_hh67
d163,d198_hh78
d163,d171_hh189
d163,d204_hh231
d163,d34_hh12
d163,d1_hh15
d163,d44_hh163
d163,d96_hh8
d163,d97_hh75
d163,d149_hh237
d163,d120_hh57
d163,d93_hh66
d163,d112_hh177
d163,d97_hh20
d163,d77_hh156
d163,d134_hh118
d163,d195_hh31
d163,d139_hh9
d163,d190_hh32
d163,d7_hh124
d163,d61_hh246
d163,d175_hh239
d163,d91_hh100
d163,d120_hh118
d163,d160_hh232
d163,d91_hh79
d163,d88_hh267
d163,d41_hh74
d163,d129_hh94
d163,d82_hh256
d163,d83_hh79
d163,d56_hh166
d163,d205_hh54
d163,d195_hh31
d163,d97_hh20
d163,d210_hh262
d163,d150_hh253
d163,d44_hh163
d163,d44_hh187
d163,d198_hh40
d163,d208_hh137
d163,d138_hh1
d163,d44_hh283
d163,d33_hh266
d163,d97_hh75
d163,d139_hh251
d163,d88_hh118
d163,d160_hh232
d163,d204_hh173
d163,d160_hh179
d163,d31_hh135
d163,d186_hh175
d163,d193_hh61
d163,d123_hh83
d163,d34_hh12
d163,d122_hh181
d163,d140_hh260
d163,d143_hh224
d163,d33_hh64
d163,d81_hh14
d163,d112_hh17
d163,d42_hh38
d163,d164_hh249
d163,d134_hh76
d163,d156_hh19
d163,d111_hh29
d163,d35_hh224
d163,d55_hh12
d163,d164_hh220
d163,d38_hh101
d163,d41_hh254
d163,d91_hh79
d163,d179_hh242
d163,d11_hh240
d163,d88_hh108
d163,d51_hh285
d163,d99_hh44
d163,d208_hh2
d163,d130_hh273
d163,d134_hh156
d163,d128_hh297
d163,d7_hh87
d163,d99_hh38
d163,d81_hh87
d163,d214_hh252
d163,d214_hh255
d163,d164_hh249
d163,d214_hh184
d163,d50_hh90
d163,d179_hh242
d163,d2_hh232
d163,d88_hh235
d163,d124_hh125
d163,d85_hh218
d163,d164_hh78
d163,d156_hh151
d163,d18_hh80
d163,d42_hh263
d163,d124_hh223
d163,d175_hh181
d163,d214_hh171
d163,d61_hh79
d163,d59_hh251
d163,d56_hh166
d163,d61_hh79
d163,d66_hh179
d163,d11_hh214
d163,d170_hh228
d163,d169_hh247
d163,d38_hh101
d163,d66_hh154
d163,d87_hh38
d163,d65_hh75
d163,d150_hh168
d163,d50_hh195
d163,d175_hh181
d163,d110_hh201
d163,d74_hh108
d163,d149_hh61
d163,d18_hh253
d163,d126_hh44
d163,d160_hh59
d163,d77_hh83
d163,d66_hh193
d163,d83_hh79
d163,d137_hh109
d163,d161_hh110
d163,d141_hh194
d163,d74_hh108
d163,d210_hh262
d163,d210_hh262
d163,d42_hh251
d163,d73_hh153
d163,d164_hh220
d164,d55_hh246
d164,d51_hh177
d164,d78_hh234
d164,d90_hh214
d164,d56_hh123
d164,d59_hh207
d164,d170_hh63
d164,d179_hh41
d164,d16_hh177
d164,d55_hh229
d164,d149_hh61
d164,d160_hh104
d164,d162_hh67
d164,d117_hh126
d164,d69_hh99
d164,d74_hh212
d164,d56_hh177
d164,d140_hh260
d164,d149_hh61
d164,d184_hh206
d164,d109_hh168
d164,d160_hh211
d164,d51_hh285
d164,d202_hh222
d164,d66_hh179
d164,d59_hh132
d164,d29_hh167
d164,d46_hh228
d164,d42_hh263
d164,d131_hh212
d164,d88_hh3
d164,d29_hh167
d164,d80_hh6
d164,d137_hh216
d164,d113_hh254
d164,d16_hh200
d164,d119_hh50
d164,d175_hh181
d164,d16_hh200
d164,d80_hh6
d164,d208_hh2
d164,d195_hh52
d164,d82_hh41
d164,d130_hh273
d164,d91_hh100
d164,d112_hh221
d164,d213_hh238
d164,d137_hh201
d164,d158_hh146
d164,d99_hh230
d164,d169_hh148
d164,d88_hh3
d164,d210_hh267
d164,d122_hh271
d164,d31_hh135
d164,d61_hh79
d164,d139_hh27
d164,d119_hh107
d164,d126_hh44
d164,d187_hh30
d164,d202_hh111
d164,d118_hh175
d164,d43_hh67
d164,d13_hh157
d164,d125_hh189
d164,d190_hh173
d164,d81_hh14
d164,d123_hh83
d164,d129_hh94
d164,d131_hh204
d164,d40_hh111
d164,d161_hh250
d164,d168_hh34
d164,d210_hh267
d164,d130_hh177
d164,d51_hh37
d164,d214_hh171
d164,d111_hh29
d164,d164_hh220
d164,d128_hh43
d164,d18_hh80
d164,d81_hh14
d164,d190_hh38
d164,d59_hh207
d164,d183_hh237
d164,d50_hh112
d164,d124_hh167
d164,d18_hh91
d164,d43_hh27
d164,d55_hh246
d164,d208_hh221
d164,d106_hh24
d164,d119_hh50
d164,d112_hh221
d164,d18_hh6
d164,d137_hh201
d164,d205_hh73
d164,d101_hh186
d164,d122_hh112
d164,d114_hh12
d164,d168_hh265
d164,d11_hh79
d164,d18_hh91
d164,d207_hh28
d164,d214_hh171
d164,d114_hh12
d164,d106_hh24
d164,d214_hh171
d164,d93_hh66
d164,d42_hh263
d164,d187_hh32
d164,d99_hh38
d164,d66_hh179
d164,d69_hh209
d164,d97_hh75
d164,d204_hh231
d164,d11_hh132
d164,d135_hh216
d164,d200_hh51
d164,d38_hh95
d164,d174_hh85
d164,d149_hh30
d164,d208_hh2
d164,d184_hh11
d164,d160_hh179
d164,d110_hh117
d164,d48_hh119
d164,d58_hh81
d164,d214_hh255
d164,d190_hh176
d164,d21_hh21
d164,d190_hh32
d164,d74_hh212
d164,d143_hh224
d164,d41_hh72
d164,d137_hh216
d164,d210_hh262
d164,d129_hh94
d164,d74_hh109
d164,d128_hh43
d164,d110_hh117
d164,d140_hh260
d164,d40_hh7
d164,d15_hh97
d164,d91_hh79
d164,d88_hh108
d164,d51_hh186
d164,d110_hh117
d164,d112_hh155
d164,d59_hh207
d164,d120_hh272
d164,d88_hh3
d164,d193_hh61
d164,d130_hh273
d164,d169_hh247
d164,d214_hh184
d164,d191_hh275
d164,d56_hh175
d164,d42_hh263
d164,d55_hh232
d164,d149_hh61
d164,d139_hh164
d164,d156_hh218
d164,d126_hh233
d164,d141_hh194
d164,d1_hh234
d164,d163_hh115
d164,d110_hh201
d164,d42_hh251
d164,d210_hh262
d164,d85_hh104
d164,d120_hh268
d164,d214_hh184
d164,d48_hh176
d164,d140_hh260
d164,d135_hh226
d164,d191_hh179
d164,d11_hh132
d164,d158_hh20
d164,d11_hh240
d164,d44_hh170
d164,d11_hh79
d164,d156_hh19
d164,d131_hh14
d164,d124_hh125
d164,d135_hh191
d164,d91_hh100
d164,d128_hh278
d164,d128_hh297
d164,d21_hh25
d164,d66_hh193
d164,d44_hh35
d164,d73_hh151
d164,d205_hh54
d164,d88_hh3
d164,d31_hh135
d164,d29_hh167
d164,d11_hh240
d164,d82_hh256
d164,d44_hh35
d164,d190_hh106
d164,d214_hh166
d164,d125_hh248
d164,d23_hh236
d164,d131_hh204
d164,d179_hh267
d164,d51_hh285
d164,d114_hh2
d164,d48_hh119
d164,d18_hh91
d164,d88_hh235
d164,d158_hh146
d164,d110_hh201
d164,d91_hh32
d164,d51_hh186
d164,d74_hh108
d164,d125_hh236
d164,d42_hh165
d164,d30_hh44
d164,d131_hh212
d164,d62_hh167
d164,d53_hh23
d164,d175_hh32
d164,d102_hh228
d164,d126_hh44
d164,d149_hh61
d164,d7_hh148
d164,d18_hh80
d164,d93_hh66
d164,d140_hh260
d164,d214_hh166
d164,d137_hh201
d164,d91_hh100
d164,d168_hh30
d164,d91_hh100
d164,d69_hh274
d164,d42_hh251
d164,d150_hh168
d164,d131_hh41
d164,d168_hh30
d164,d134_hh31
d164,d112_hh17
d164,d7_hh64
d164,d193_hh67
d164,d99_hh230
d164,d128_hh180
d164,d205_hh217
d164,d168_hh30
d164,d183_hh93
d164,d132_hh233
d164,d32_hh151
d164,d91_hh98
d164,d213_hh238
d164,d122_hh181
d164,d56_hh177
d164,d13_hh263
d164,d170_hh273
d164,d66_hh193
d164,d190_hh38
d164,d38_hh101
d164,d93_hh66
d164,d95_hh241
d164,d118_hh262
d164,d34_hh166
d164,d150_hh253
d164,d147_hh167
d165,d109_hh209
d165,d61_hh246
d165,d137_hh201
d165,d112_hh31
d165,d35_hh104
d165,d35_hh104
d165,d213_hh238
d165,d131_hh41
d165,d169_hh148
d165,d140_hh195
d165,d110_hh117
d165,d137_hh201
d165,d135_hh191
d165,d66_hh154
d165,d124_hh125
d165,d112_hh31
d165,d130_hh273
d165,d5_hh117
d165,d205_hh73
d165,d164_hh249
d165,d184_hh11
d165,d102_hh228
d165,d124_hh126
d165,d210_hh262
d165,d175_hh32
d165,d160_hh59
d165,d134_hh76
d165,d40_hh7
d165,d207_hh28
d165,d161_hh250
d165,d81_hh87
d165,d44_hh170
d165,d150_hh8
d165,d214_hh184
d165,d65_hh227
d165,d140_hh260
d165,d190_hh106
d165,d126_hh184
d165,d85_hh104
d165,d129_hh209
d165,d215_hh82
d165,d55_hh226
d165,d51_hh285
d165,d163_hh115
d165,d59_hh132
d165,d80_hh6
d165,d82_hh231
d165,d99_hh38
d165,d33_hh64
d165,d131_hh212
d165,d128_hh180
d165,d18_hh80
d165,d161_hh229
d165,d126_hh156
d165,d42_hh263
d165,d11_hh79
d165,d39_hh96
d165,d96_hh8
d165,d96_hh8
d165,d100_hh65
d165,d93_hh66
d165,d44_hh163
d165,d61_hh79
d165,d61_hh246
d165,d138_hh1
d165,d208_hh137
d165,d120_hh118
d165,d74_hh108
d165,d139_hh164
d165,d135_hh57
d165,d141_hh235
d165,d44_hh170
d165,d140_hh260
d165,d30_hh132
d165,d78_hh123
d165,d135_hh57
d165,d214_hh255
d165,d85_hh218
d165,d158_hh146
d165,d122_hh210
d165,d175_hh181
d165,d33_hh64
d165,d190_hh173
d165,d129_hh106
d165,d69_hh209
d165,d75_hh15
d165,d114_hh12
d165,d154_hh157
d165,d156_hh19
d165,d41_hh72
d165,d90_hh214
d165,d141_hh6
d165,d130_hh273
d165,d118_hh175
d165,d195_hh52
d165,d134_hh156
d165,d163_hh115
d165,d62_hh167
d165,d61_hh79
d165,d7_hh155
d165,d125_hh189
d165,d106_hh24
d165,d141_hh152
d165,d124_hh118
d165,d7_hh148
d165,d184_hh11
d165,d4_hh212
d165,d32_hh101
d165,d214_hh184
d165,d73_hh197
d165,d208_hh137
d165,d141_hh194
d165,d175_hh181
d165,d130_hh177
d165,d44_hh283
d165,d50_hh90
d165,d165_hh274
d165,d190_hh38
d165,d130_hh273
d165,d55_hh246
d165,d126_hh44
d165,d191_hh179
d165,d125_hh189
d165,d93_hh66
d165,d88_hh3
d165,d210_hh262
d165,d69_hh274
d165,d74_hh109
d165,d16_hh177
d165,d40_hh7
d165,d33_hh64
d165,d74_hh11
d165,d138_hh1
d165,d179_hh28
d165,d93_hh184
d165,d50_hh112
d165,d88_hh3
d165,d51_hh49
d165,d214_hh184
d165,d120_hh57
d165,d122_hh181
d165,d214_hh166
d165,d35_hh224
d165,d44_hh65
d165,d91_hh241
d165,d190_hh182
d165,d118_hh188
d165,d33_hh64
d165,d104_hh7
d165,d160_hh97
d165,d41_hh74
d165,d75_hh15
d165,d128_hh278
d165,d50_hh90
d165,d179_hh41
d165,d128_hh297
d165,d147_hh167
d165,d85_hh214
d165,d78_hh9
d165,d213_hh238
d165,d38_hh101
d165,d215_hh157
d165,d141_hh6
d165,d51_hh186
d165,d33_hh266
d165,d11_hh26
d165,d117_hh126
d165,d120_hh272
d165,d140_hh260
d165,d208_hh137
d165,d179_hh267
d165,d137_hh216
d165,d160_hh232
d165,d141_hh6
d165,d69_hh274
d165,d85_hh218
d165,d46_hh57
d165,d93_hh184
d165,d143_hh82
d165,d91_hh241
d165,d137_hh216
d165,d74_hh108
d165,d65_hh75
d165,d32_hh101
d165,d187_hh30
d165,d11_hh244
d165,d160_hh59
d165,d150_hh253
d165,d138_hh1
d165,d88_hh235
d165,d170_hh273
d165,d135_hh219
d165,d156_hh181
d165,d164_hh220
d165,d164_hh249
d165,d135_hh226
d165,d33_hh266
d165,d124_hh126
d165,d93_hh80
d165,d183_hh93
d165,d41_hh74
d165,d13_hh263
d165,d141_hh209
d165,d59_hh207
d165,d202_hh17
d165,d134_hh156
d165,d69_hh13
d165,d33_hh266
d165,d143_hh82
d165,d184_hh206
d165,d117_hh126
d165,d32_hh101
d165,d154_hh132
d165,d93_hh80
d165,d110_hh236
d165,d158_hh20
d165,d85_hh214
d165,d131_hh41
d165,d74_hh11
d165,d88_hh108
d165,d20_hh48
d165,d154_hh132
d165,d21_hh25
d165,d140_hh260
d165,d56_hh166
d165,d117_hh126
d165,d123_hh83
d165,d120_hh118
d165,d88_hh108
d165,d132_hh233
d165,d42_hh251
d165,d42_hh38
d165,d130_hh277
d165,d24_hh177
d165,d213_hh238
d165,d11_hh132
d165,d110_hh172
d165,d110_hh172
d165,d193_hh61
d165,d135_hh191
d165,d170_hh228
d165,d112_hh17
d165,d66_hh13
d165,d16_hh201
d165,d41_hh72
d165,d135_hh216
d165,d32_hh151
d165,d160_hh97
d165,d33_hh266
d165,d190_hh32
d165,d128_hh278
d165,d73_hh7
d165,d214_hh171
d165,d214_hh184
d165,d91_hh113
d165,d41_hh254
d165,d102_hh284
d165,d146_hh114
d165,d190_hh106
d165,d158_hh49
d165,d46_hh57
d165,d110_hh201
d165,d42_hh165
d165,d129_hh94
d165,d44_hh163
d165,d118_hh262
d165,d175_hh32
d165,d82_hh231
d165,d73_hh153
d165,d165_hh274
d165,d164_hh220
d165,d85_hh104
d165,d122_hh210
d165,d7_hh64
d165,d198_hh40
d165,d135_hh57
d165,d81_hh14
d165,d164_hh78
d166,d168_hh30
d166,d56_hh123
d166,d163_hh242
d166,d78_hh234
d166,d78_hh9
d166,d168_hh30
d166,d128_hh297
d166,d139_hh9
d166,d214_hh252
d166,d73_hh84
d166,d131_hh204
d166,d106_hh24
d166,d62_hh18
d166,d66_hh193
d166,d127_hh69
d166,d169_hh247
d166,d204_hh173
d166,d112_hh31
d166,d32_hh136
d166,d59_hh98
d166,d184_hh11
d166,d21_hh16
d166,d110_hh236
d166,d214_hh171
d166,d118_hh88
d166,d149_hh61
d166,d168_hh34
d166,d171_hh189
d166,d207_hh28
d166,d156_hh218
d166,d118_hh175
d166,d125_hh189
d166,d58_hh108
d166,d164_hh220
d166,d114_hh2
d166,d74_hh212
d166,d111_hh29
d166,d213_hh238
d166,d149_hh61
d166,d66_hh193
d166,d59_hh162
d166,d134_hh166
d166,d190_hh173
d166,d87_hh32
d166,d209_hh40
d166,d42_hh263
d166,d124_hh118
d166,d87_hh38
d166,d13_hh263
d166,d65_hh115
d166,d44_hh283
d166,d207_hh28
d166,d210_hh267
d166,d56_hh63
d166,d82_hh256
d166,d122_hh271
d166,d214_hh184
d166,d141_hh235
d166,d19_hh147
d166,d91_hh113
d166,d7_hh124
d166,d16_hh177
d166,d91_hh100
d166,d122_hh271
d166,d160_hh104
d166,d69_hh274
d166,d120_hh57
d166,d117_hh126
d166,d200_hh227
d166,d164_hh78
d166,d187_hh30
d166,d74_hh109
d166,d42_hh251
d166,d123_hh83
d166,d120_hh45
d166,d202_hh111
d166,d165_hh274
d166,d7_hh148
d166,d32_hh101
d166,d119_hh174
d166,d160_hh97
d166,d214_hh255
d166,d214_hh252
d166,d149_hh30
d166,d30_hh132
d166,d124_hh167
d166,d78_hh123
d166,d42_hh38
d166,d85_hh214
d166,d168_hh265
d166,d66_hh154
d166,d41_hh74
d166,d43_hh27
d166,d65_hh67
d166,d16_hh75
d166,d124_hh125
d166,d53_hh249
d166,d186_hh175
d166,d11_hh240
d166,d162_hh67
d166,d51_hh186
d166,d38_hh49
d166,d150_hh253
d166,d163_hh242
d166,d174_hh6
d166,d175_hh32
d166,d1_hh15
d166,d195_hh97
d166,d74_hh109
d166,d111_hh29
d166,d154_hh132
d166,d18_hh6
d166,d62_hh18
d166,d78_hh234
d166,d210_hh87
d166,d53_hh249
d166,d73_hh7
d166,d69_hh13
d166,d61_hh79
d166,d15_hh188
d166,d46_hh57
d166,d200_hh51
d166,d117_hh245
d166,d97_hh20
d166,d190_hh106
d166,d125_hh248
d166,d134_hh31
d166,d81_hh14
d166,d204_hh158
d166,d69_hh99
d166,d100_hh65
d166,d43_hh67
d166,d164_hh220
d166,d87_hh38
d166,d38_hh95
d166,d214_hh184
d166,d137_hh216
d166,d146_hh114
d166,d110_hh117
d166,d170_hh63
d166,d78_hh123
d166,d138_hh1
d166,d88_hh235
d166,d58_hh108
d166,d124_hh125
d166,d61_hh79
d166,d66_hh13
d166,d74_hh108
d166,d137_hh216
d166,d191_hh179
d166,d205_hh54
d166,d214_hh166
d166,d20_hh44
d166,d69_hh13
d166,d20_hh48
d166,d117_hh245
d166,d164_hh220
d166,d1_hh234
d166,d146_hh88
d166,d69_hh55
d166,d170_hh273
d166,d187_hh291
d166,d51_hh285
d166,d149_hh61
d166,d149_hh61
d166,d160_hh179
d166,d210_hh267
d166,d134_hh7
d166,d202_hh222
d166,d44_hh187
d166,d156_hh218
d166,d134_hh7
d166,d51_hh177
d166,d120_hh57
d166,d128_hh180
d166,d93_hh184
d166,d170_hh228
d166,d200_hh227
d166,d13_hh157
d166,d214_hh184
d166,d120_hh272
d166,d66_hh193
d166,d69_hh209
d166,d120_hh57
d166,d102_hh284
d166,d82_hh115
d166,d112_hh221
d166,d198_hh40
d166,d91_hh100
d166,d158_hh146
d166,d51_hh49
d166,d44_hh127
d166,d11_hh244
d166,d128_hh43
d166,d114_hh2
d166,d51_hh285
d166,d16_hh75
d166,d210_hh262
d166,d125_hh167
d166,d163_hh44
d166,d214_hh252
d166,d78_hh234
d166,d97_hh20
d166,d42_hh165
d166,d110_hh117
d166,d91_hh113
d166,d164_hh220
d166,d18_hh80
d166,d186_hh175
d166,d104_hh7
d166,d163_hh115
d166,d160_hh232
d166,d16_hh218
d166,d195_hh31
d166,d109_hh209
d166,d50_hh112
d166,d91_hh241
d166,d119_hh174
d166,d160_hh59
d166,d65_hh115
d166,d73_hh151
d166,d169_hh148
d166,d33_hh266
d166,d95_hh241
d166,d11_hh244
d166,d118_hh88
d166,d42_hh263
d166,d191_hh179
d166,d120_hh272
d166,d147_hh167
d166,d66_hh154
d166,d55_hh12
d166,d152_hh187
d166,d204_hh231
d166,d97_hh20
d166,d164_hh220
d166,d18_hh91
d166,d73_hh197
d166,d48_hh119
d166,d193_hh67
d166,d128_hh180
d166,d193_hh67
d166,d120_hh118
d166,d106_hh24
d166,d149_hh30
d166,d158_hh85
d166,d91_hh241
d166,d56_hh166
d166,d39_hh96
d166,d191_hh190
d166,d99_hh230
d166,d56_hh123
d166,d56_hh63
d166,d213_hh238
d166,d77_hh156
d166,d69_hh274
d166,d112_hh221
d166,d65_hh227
d166,d41_hh53
d166,d124_hh125
d166,d93_hh66
d166,d74_hh108
d166,d128_hh273
d166,d21_hh21
d166,d33_hh266
d166,d91_hh98
d166,d87_hh32
d166,d59_hh162
d166,d50_hh90
d166,d125_hh189
d166,d11_hh240
d166,d128_hh273
d166,d109_hh209
d166,d158_hh49
d166,d187_hh32
d166,d73_hh153
d166,d137_hh216
d166,d20_hh44
d166,d191_hh12
d166,d26_hh63
d166,d164_hh78
d166,d141_hh209
d166,d126_hh184
d166,d20_hh48
d166,d113_hh254
d166,d95_hh241
d166,d131_hh212
d166,d50_hh90
d166,d39_hh55
d175,d78_hh234
d175,d41_hh74
d175,d193_hh61
d175,d88_hh108
d175,d72_hh77
d175,d51_hh49
d175,d141_hh6
d175,d16_hh201
d175,d91_hh113
d175,d38_hh95
d175,d21_hh16
d175,d179_hh242
d175,d58_hh81
d175,d120_hh268
d175,d126_hh156
d175,d190_hh182
d175,d42_hh251
d175,d42_hh263
d175,d137_hh109
d175,d168_hh30
d175,d168_hh30
d175,d34_hh166
d175,d127_hh69
d175,d93_hh66
d175,d160_hh59
d175,d55_hh12
d175,d193_hh67
d175,d59_hh98
d175,d36_hh69
d175,d179_hh28
d175,d160_hh179
d175,d39_hh55
d175,d56_hh177
d175,d161_hh238
d175,d125_hh236
d175,d73_hh7
d175,d204_hh158
d175,d168_hh30
d175,d122_hh181
d175,d131_hh204
d175,d163_hh115
d175,d150_hh8
d175,d21_hh16
d175,d186_hh175
d175,d128_hh180
d175,d56_hh166
d175,d141_hh209
d175,d122_hh112
d175,d156_hh19
d175,d88_hh235
d175,d34_hh12
d175,d208_hh221
d175,d119_hh174
d175,d169_hh115
d175,d135_hh57
d175,d149_hh237
d175,d69_hh209
d175,d40_hh111
d175,d193_hh61
d175,d184_hh11
d175,d187_hh30
d175,d169_hh148
d175,d78_hh234
d175,d134_hh76
d175,d48_hh119
d175,d112_hh31
d175,d112_hh155
d175,d88_hh3
d175,d35_hh211
d175,d208_hh137
d175,d163_hh44
d175,d44_hh65
d175,d143_hh224
d175,d23_hh236
d175,d30_hh132
d175,d132_hh233
d175,d128_hh184
d175,d128_hh297
d175,d11_hh214
d175,d174_hh97
d175,d174_hh85
d175,d156_hh218
d175,d120_hh272
d175,d23_hh236
d175,d56_hh175
d175,d134_hh156
d175,d41_hh53
d175,d51_hh177
d175,d210_hh262
d175,d83_hh67
d175,d152_hh187
d175,d190_hh173
d175,d120_hh272
d175,d83_hh79
d175,d140_hh260
d175,d190_hh173
d175,d175_hh32
d175,d139_hh164
d175,d195_hh31
d175,d51_hh186
d175,d58_hh108
d175,d130_hh177
d175,d59_hh98
d175,d33_hh266
d175,d97_hh20
d175,d141_hh152
d175,d130_hh273
d175,d137_hh216
d175,d205_hh217
d175,d190_hh173
d175,d112_hh177
d175,d195_hh52
d175,d137_hh109
d175,d93_hh184
d175,d80_hh6
d175,d4_hh212
d175,d156_hh19
d175,d88_hh108
d175,d65_hh227
d175,d102_hh284
d175,d110_hh236
d175,d164_hh249
d175,d186_hh175
d175,d119_hh107
d175,d160_hh179
d175,d56_hh177
d175,d114_hh2
d175,d114_hh2
d175,d66_hh131
d175,d11_hh79
d175,d32_hh101
d175,d134_hh76
d175,d169_hh148
d175,d75_hh15
d175,d112_hh31
d175,d93_hh66
d175,d34_hh166
d175,d169_hh148
d175,d46_hh57
d175,d158_hh34
d175,d112_hh17
d175,d124_hh167
d175,d122_hh112
d175,d106_hh24
d175,d62_hh18
d175,d82_hh256
d175,d191_hh30
d175,d100_hh65
d175,d215_hh157
d175,d130_hh273
d175,d35_hh104
d175,d30_hh132
d175,d111_hh206
d175,d78_hh9
d175,d99_hh230
d175,d88_hh191
d175,d111_hh29
d175,d26_hh63
d175,d134_hh118
d175,d147_hh167
d175,d168_hh30
d175,d97_hh75
d175,d112_hh31
d175,d204_hh173
d175,d122_hh181
d175,d20_hh48
d175,d88_hh3
d175,d164_hh220
d175,d2_hh232
d175,d174_hh97
d175,d208_hh221
d175,d139_hh251
d175,d11_hh244
d175,d134_hh7
d175,d126_hh156
d175,d44_hh65
d175,d191_hh275
d175,d18_hh253
d175,d179_hh242
d175,d1_hh234
d175,d190_hh38
d175,d214_hh166
d175,d119_hh50
d175,d171_hh189
d175,d186_hh175
d175,d20_hh44
d175,d42_hh263
d175,d120_hh45
d175,d130_hh273
d175,d73_hh151
d175,d43_hh67
d175,d44_hh35
d175,d19_hh147
d175,d102_hh284
d175,d11_hh26
d175,d42_hh263
d175,d208_hh2
d175,d33_hh266
d175,d40_hh7
d175,d82_hh256
d175,d139_hh251
d175,d179_hh28
d175,d69_hh13
d175,d99_hh44
d175,d82_hh256
d175,d141_hh6
d175,d101_hh186
d175,d161_hh110
d175,d140_hh195
d175,d193_hh61
d175,d43_hh27
d175,d61_hh79
d175,d150_hh8
d175,d114_hh12
d175,d91_hh100
d175,d42_hh251
d175,d112_hh176
d175,d143_hh82
d175,d168_hh30
d175,d81_hh14
d175,d11_hh244
d175,d59_hh207
d175,d195_hh52
d175,d125_hh167
d175,d38_hh101
d175,d81_hh14
d175,d62_hh167
d175,d104_hh7
d175,d214_hh20
d175,d43_hh27
d175,d146_hh88
d175,d77_hh40
d175,d204_hh173
d175,d110_hh172
d175,d198_hh40
d175,d138_hh10
d175,d208_hh221
d175,d43_hh27
d175,d11_hh240
d175,d65_hh75
d175,d154_hh157
d175,d78_hh123
d175,d204_hh231
d175,d118_hh175
d175,d128_hh278
d175,d23_hh236
d175,d41_hh74
d175,d69_hh99
d175,d128_hh43
d175,d174_hh6
d175,d118_hh262
d175,d210_hh262
d175,d170_hh273
d175,d119_hh174
d175,d97_hh20
d175,d66_hh131
d175,d66_hh179
d175,d11_hh244
d175,d87_hh32
d175,d23_hh236
d175,d51_hh177
d175,d66_hh193
d175,d141_hh194
d150,d120_hh118
d150,d18_hh6
d150,d11_hh240
d150,d114_hh12
d150,d7_hh124
d150,d112_hh31
d150,d140_hh260
d150,d16_hh177
d150,d190_hh173
d150,d158_hh20
d150,d161_hh238
d150,d110_hh201
d150,d126_hh156
d150,d31_hh135
d150,d124_hh118
d150,d120_hh45
d150,d66_hh193
d150,d122_hh112
d150,d213_hh238
d150,d186_hh175
d150,d18_hh253
d150,d205_hh217
d150,d24_hh177
d150,d32_hh136
d150,d43_hh67
d150,d204_hh173
d150,d65_hh75
d150,d204_hh158
d150,d74_hh108
d150,d126_hh156
d150,d72_hh77
d150,d208_hh2
d150,d135_hh57
d150,d114_hh2
d150,d120_hh57
d150,d11_hh132
d150,d125_hh236
d150,d13_hh263
d150,d48_hh176
d150,d158_hh146
d150,d101_hh182
d150,d174_hh97
d150,d81_hh14
d150,d164_hh220
d150,d158_hh85
d150,d81_hh81
d150,d66_hh154
d150,d150_hh8
d150,d7_hh155
d150,d101_hh186
d150,d93_hh80
d150,d16_hh177
d150,d214_hh255
d150,d102_hh228
d150,d83_hh67
d150,d191_hh275
d150,d32_hh203
d150,d175_hh32
d150,d66_hh179
d150,d214_hh20
d150,d77_hh83
d150,d7_hh148
d150,d69_hh274
d150,d51_hh186
d150,d123_hh83
d150,d193_hh61
d150,d149_hh237
d150,d78_hh123
d150,d134_hh156
d150,d51_hh177
d150,d18_hh80
d150,d32_hh203
d150,d95_hh241
d150,d30_hh44
d150,d65_hh75
d150,d125_hh167
d150,d113_hh254
d150,d1_hh234
d150,d191_hh179
d150,d140_hh260
d150,d1_hh234
d150,d124_hh118
d150,d55_hh226
d150,d187_hh16
d150,d149_hh61
d150,d13_hh157
d150,d156_hh19
d150,d42_hh263
d150,d48_hh176
d150,d46_hh228
d150,d112_hh177
d150,d120_hh268
d150,d7_hh155
d150,d77_hh156
d150,d168_hh34
d150,d100_hh65
d150,d88_hh267
d150,d58_hh108
d150,d55_hh232
d150,d149_hh237
d150,d143_hh82
d150,d117_hh245
d150,d129_hh209
d150,d15_hh97
d150,d11_hh132
d150,d44_hh283
d150,d155_hh206
d150,d187_hh16
d150,d128_hh184
d150,d44_hh163
d150,d213_hh238
d150,d11_hh240
d150,d35_hh224
d150,d120_hh45
d150,d19_hh147
d150,d34_hh12
d150,d7_hh124
d150,d112_hh17
d150,d135_hh191
d150,d69_hh222
d150,d40_hh111
d150,d91_hh113
d150,d51_hh177
d150,d32_hh19
d150,d161_hh110
d150,d43_hh27
d150,d20_hh48
d150,d175_hh239
d150,d184_hh210
d150,d170_hh273
d150,d129_hh106
d150,d19_hh147
d150,d93_hh66
d150,d149_hh61
d150,d169_hh148
d150,d129_hh94
d150,d7_hh148
d150,d7_hh124
d150,d125_hh248
d150,d215_hh82
d150,d13_hh263
d150,d198_hh40
d150,d51_hh186
d150,d32_hh136
d150,d51_hh177
d150,d137_hh109
d150,d155_hh206
d150,d7_hh124
d150,d66_hh193
d150,d35_hh224
d150,d140_hh260
d150,d195_hh31
d150,d122_hh112
d150,d66_hh179
d150,d112_hh17
d150,d130_hh273
d150,d7_hh87
d150,d30_hh44
d150,d74_hh11
d150,d156_hh181
d150,d164_hh249
d150,d210_hh262
d150,d135_hh78
d150,d50_hh90
d150,d191_hh275
d150,d101_hh186
d150,d184_hh210
d150,d158_hh34
d150,d184_hh11
d150,d161_hh110
d150,d202_hh111
d150,d119_hh50
d150,d204_hh158
d150,d88_hh108
d150,d138_hh1
d150,d101_hh182
d150,d100_hh164
d150,d191_hh12
d150,d30_hh132
d150,d190_hh38
d150,d1_hh15
d150,d32_hh136
d150,d56_hh177
d150,d42_hh38
d150,d62_hh18
d150,d138_hh1
d150,d111_hh206
d150,d135_hh57
d150,d16_hh75
d150,d58_hh81
d150,d88_hh235
d150,d134_hh31
d150,d200_hh51
d150,d102_hh284
d150,d99_hh44
d150,d139_hh27
d150,d109_hh209
d150,d95_hh241
d150,d124_hh223
d150,d88_hh267
d150,d127_hh69
d150,d5_hh117
d150,d38_hh101
d150,d184_hh206
d150,d21_hh21
d150,d109_hh209
d150,d74_hh212
d150,d62_hh18
d150,d18_hh91
d150,d146_hh114
d150,d162_hh67
d150,d124_hh167
d150,d120_hh45
d150,d34_hh12
d150,d32_hh60
d150,d50_hh195
d150,d165_hh274
d150,d200_hh51
d150,d38_hh172
d150,d161_hh110
d150,d183_hh93
d150,d74_hh109
d150,d112_hh155
d150,d106_hh24
d150,d171_hh189
d150,d120_hh268
d150,d140_hh260
d150,d110_hh201
d150,d171_hh189
d150,d81_hh81
d150,d215_hh157
d150,d137_hh216
d150,d141_hh235
d150,d46_hh228
d150,d44_hh127
d150,d112_hh176
d150,d186_hh175
d150,d56_hh89
d150,d139_hh9
d150,d67_hh63
d150,d120_hh118
d150,d112_hh221
d150,d42_hh38
d150,d1_hh15
d150,d77_hh40
d150,d55_hh229
d150,d130_hh277
d150,d42_hh165
d150,d146_hh88
d150,d59_hh207
d150,d175_hh181
d150,d205_hh73
d150,d93_hh80
d150,d73_hh153
d150,d191_hh179
d150,d62_hh18
d150,d91_hh100
d150,d69_hh274
d150,d35_hh224
d150,d33_hh266
d150,d55_hh12
d150,d78_hh123
d150,d11_hh240
d150,d141_hh194
d150,d73_hh151
d150,d135_hh57
d150,d125_hh236
d150,d101_hh186
d167,d94_hh129
d167,d144_hh253
d167,d3_hh97
d167,d79_hh255
d167,d108_hh212
d167,d157_hh222
d167,d107_hh258
d167,d157_hh235
d167,d28_hh253
d167,d108_hh213
d167,d196_hh126
d167,d148_hh117
d167,d47_hh128
d167,d8_hh106
d167,d151_hh203
d167,d157_hh222
d167,d148_hh117
d167,d108_hh230
d167,d167_hh276
d167,d45_hh0
d167,d108_hh212
d167,d70_hh171
d167,d148_hh244
d167,d176_hh92
d167,d148_hh244
d167,d8_hh149
d167,d47_hh128
d167,d45_hh79
d167,d25_hh157
d167,d8_hh155
d167,d212_hh61
d167,d121_hh272
d167,d28_hh35
d167,d14_hh75
d167,d108_hh230
d167,d181_hh17
d167,d167_hh70
d167,d194_hh101
d167,d108_hh213
d167,d211_hh211
d167,d105_hh45
d167,d176_hh85
d167,d64_hh137
d167,d176_hh220
d167,d49_hh219
d167,d151_hh215
d167,d167_hh11
d167,d121_hh272
d167,d192_hh58
d167,d116_hh118
d167,d92_hh161
d167,d115_hh186
d167,d92_hh161
d167,d103_hh192
d167,d196_hh126
d167,d103_hh205
d167,d94_hh253
d167,d142_hh106
d167,d157_hh235
d167,d176_hh194
d167,d103_hh192
d167,d92_hh161
d167,d37_hh160
d167,d201_hh135
d167,d14_hh75
d167,d211_hh211
d167,d103_hh48
d167,d153_hh26
d167,d94_hh129
d167,d194_hh40
d167,d115_hh186
d167,d194_hh101
d167,d70_hh136
d167,d108_hh213
d167,d70_hh171
d167,d8_hh106
d167,d71_hh146
d167,d211_hh211
d167,d176_hh194
d167,d71_hh245
d167,d6_hh155
d167,d121_hh170
d167,d8_hh41
d167,d92_hh161
d167,d167_hh70
d167,d47_hh128
d167,d196_hh126
d167,d115_hh124
d167,d157_hh235
d167,d192_hh68
d167,d70_hh171
d167,d92_hh115
d167,d28_hh253
d167,d70_hh110
d167,d70_hh136
d167,d76_hh6
d167,d94_hh253
d167,d176_hh85
d167,d94_hh253
d167,d86_hh55
d167,d71_hh245
d167,d176_hh194
d167,d167_hh11
d167,d212_hh155
d167,d28_hh40
d167,d157_hh215
d167,d142_hh190
d167,d49_hh103
d167,d148_hh100
d167,d8_hh149
d167,d8_hh41
d167,d60_hh191
d167,d6_hh155
d167,d203_hh227
d167,d3_hh97
d167,d194_hh189
d167,d9_hh289
d167,d108_hh162
d167,d176_hh194
d167,d105_hh45
d167,d115_hh55
d167,d47_hh128
d167,d92_hh161
d167,d28_hh253
d167,d79_hh114
d167,d142_hh190
d167,d9_hh183
d167,d9_hh183
d167,d196_hh229
d167,d9_hh197
d167,d201_hh135
d167,d70_hh110
d167,d76_hh187
d167,d181_hh225
d167,d176_hh194
d167,d45_hh0
d167,d201_hh135
d167,d116_hh118
d167,d148_hh58
d167,d79_hh227
d167,d27_hh269
d167,d107_hh23
d167,d201_hh135
d167,d70_hh172
d167,d185_hh57
d167,d167_hh70
d167,d70_hh110
d167,d136_hh32
d167,d22_hh190
d167,d28_hh35
d167,d14_hh75
d167,d181_hh17
d167,d196_hh197
d167,d108_hh162
d167,d9_hh183
d167,d86_hh55
d167,d194_hh101
d167,d45_hh79
d167,d176_hh125
d167,d60_hh107
d167,d103_hh48
d167,d176_hh85
d167,d115_hh186
d167,d9_hh170
d167,d157_hh222
d167,d167_hh264
d167,d176_hh194
d167,d211_hh211
d167,d70_hh136
d167,d6_hh77
d167,d22_hh190
d167,d157_hh222
d167,d144_hh196
d167,d70_hh171
d167,d136_hh192
d167,d172_hh18
d167,d79_hh114
d167,d115_hh124
d167,d203_hh139
d167,d107_hh23
d167,d151_hh203
d167,d22_hh190
d167,d70_hh172
d167,d94_hh137
d167,d70_hh110
d167,d47_hh135
d167,d79_hh255
d167,d194_hh114
d167,d153_hh100
d167,d8_hh155
d167,d201_hh135
d167,d148_hh104
d167,d37_hh160
d167,d107_hh7
d167,d8_hh105
d167,d192_hh39
d167,d201_hh135
d167,d70_hh136
d167,d70_hh171
d167,d60_hh107
d167,d63_hh83
d167,d94_hh253
d167,d47_hh135
d167,d108_hh162
d167,d201_hh78
d167,d194_hh101
d167,d64_hh137
d167,d47_hh135
d167,d3_hh97
d167,d157_hh222
d167,d172_hh18
d167,d211_hh211
d167,d28_hh40
d167,d201_hh135
d167,d172_hh18
d167,d172_hh18
d167,d196_hh215
d167,d108_hh241
d167,d148_hh117
d167,d142_hh190
d167,d212_hh61
d167,d6_hh155
d167,d108_hh241
d167,d70_hh136
d167,d8_hh41
d167,d148_hh104
d167,d70_hh172
d167,d103_hh48
d167,d196_hh126
d167,d92_hh91
d167,d107_hh258
d167,d92_hh161
d167,d203_hh189
d167,d45_hh0
d167,d8_hh105
d167,d107_hh23
d167,d8_hh105
d167,d71_hh245
d167,d148_hh100
d167,d136_hh192
d167,d148_hh247
d167,d14_hh75
d167,d28_hh40
d167,d172_hh18
d167,d63_hh160
d167,d70_hh110
d167,d8_hh149
d167,d136_hh32
d167,d212_hh252
d167,d144_hh253
d167,d167_hh276
d167,d105_hh45
d167,d25_hh157
d167,d70_hh110
d167,d8_hh106
d167,d8_hh155
d167,d148_hh247
d167,d45_hh0
d167,d115_hh55
d167,d63_hh160
d167,d151_hh215
d167,d194_hh114
d167,d8_hh155
d167,d70_hh110
d167,d176_hh92
d167,d92_hh91
d167,d108_hh213
d167,d115_hh176
d167,d185_hh57
d167,d6_hh77
d167,d148_hh244
d167,d108_hh241
d167,d148_hh58
d167,d70_hh171
d167,d192_hh39
d167,d142_hh106
d167,d203_hh139
d167,d22_hh176
d167,d28_hh40
d167,d107_hh7
d167,d211_hh211
d167,d70_hh172
d167,d194_hh189
d167,d121_hh272
d167,d201_hh135
d167,d148_hh58
d167,d167_hh276
d167,d45_hh0
d167,d103_hh48
d167,d185_hh143
d167,d157_hh222
d167,d45_hh0
d170,d193_hh61
d170,d51_hh186
d170,d73_hh84
d170,d61_hh246
d170,d124_hh125
d170,d162_hh113
d170,d111_hh206
d170,d55_hh12
d170,d55_hh229
d170,d191_hh190
d170,d137_hh109
d170,d131_hh41
d170,d67_hh63
d170,d184_hh210
d170,d20_hh44
d170,d139_hh27
d170,d77_hh40
d170,d198_hh40
d170,d38_hh101
d170,d69_hh55
d170,d152_hh187
d170,d91_hh100
d170,d62_hh18
d170,d77_hh156
d170,d99_hh44
d170,d44_hh163
d170,d190_hh38
d170,d32_hh151
d170,d175_hh181
d170,d175_hh239
d170,d56_hh177
d170,d39_hh55
d170,d170_hh63
d170,d131_hh204
d170,d204_hh231
d170,d120_hh118
d170,d139_hh27
d170,d73_hh197
d170,d51_hh285
d170,d210_hh262
d170,d140_hh260
d170,d143_hh224
d170,d117_hh126
d170,d7_hh148
d170,d106_hh24
d170,d69_hh274
d170,d69_hh222
d170,d65_hh67
d170,d65_hh75
d170,d164_hh220
d170,d5_hh117
d170,d85_hh218
d170,d82_hh115
d170,d124_hh125
d170,d111_hh29
d170,d120_hh57
d170,d190_hh176
d170,d195_hh52
d170,d187_hh30
d170,d130_hh277
d170,d95_hh241
d170,d132_hh233
d170,d109_hh209
d170,d160_hh104
d170,d58_hh81
d170,d117_hh126
d170,d143_hh82
d170,d110_hh117
d170,d88_hh118
d170,d190_hh32
d170,d26_hh63
d170,d40_hh7
d170,d93_hh66
d170,d65_hh115
d170,d195_hh31
d170,d44_hh127
d170,d39_hh96
d170,d39_hh96
d170,d128_hh273
d170,d137_hh216
d170,d88_hh3
d170,d122_hh210
d170,d51_hh177
d170,d126_hh184
d170,d65_hh227
d170,d7_hh240
d170,d83_hh67
d170,d140_hh195
d170,d20_hh44
d170,d42_hh263
d170,d87_hh32
d170,d126_hh156
d170,d124_hh126
d170,d118_hh262
d170,d125_hh189
d170,d191_hh179
d170,d99_hh230
d170,d156_hh218
d170,d75_hh15
d170,d7_hh124
d170,d91_hh79
d170,d214_hh252
d170,d122_hh271
d170,d100_hh164
d170,d91_hh98
d170,d128_hh278
d170,d174_hh97
d170,d50_hh90
d170,d50_hh112
d170,d190_hh173
d170,d135_hh219
d170,d31_hh135
d170,d139_hh164
d170,d75_hh15
d170,d112_hh17
d170,d18_hh91
d170,d125_hh167
d170,d143_hh82
d170,d110_hh201
d170,d93_hh184
d170,d73_hh153
d170,d186_hh175
d170,d125_hh189
d170,d33_hh266
d170,d40_hh7
d170,d111_hh206
d170,d21_hh21
d170,d65_hh115
d170,d111_hh29
d170,d1_hh15
d170,d208_hh137
d170,d87_hh38
d170,d125_hh167
d170,d32_hh151
d170,d124_hh126
d170,d44_hh283
d170,d35_hh104
d170,d7_hh148
d170,d124_hh125
d170,d112_hh17
d170,d82_hh41
d170,d119_hh50
d170,d214_hh184
d170,d78_hh234
d170,d66_hh193
d170,d111_hh206
d170,d69_hh222
d170,d163_hh115
d170,d39_hh96
d170,d39_hh96
d170,d160_hh59
d170,d24_hh177
d170,d168_hh34
d170,d65_hh115
d170,d118_hh262
d170,d88_hh108
d170,d139_hh9
d170,d195_hh52
d170,d214_hh20
d170,d73_hh7
d170,d74_hh109
d170,d129_hh209
d170,d207_hh28
d170,d77_hh156
d170,d175_hh32
d170,d154_hh132
d170,d191_hh179
d170,d81_hh87
d170,d208_hh2
d170,d175_hh239
d170,d69_hh55
d170,d51_hh177
d170,d118_hh88
d170,d204_hh173
d170,d134_hh156
d170,d131_hh41
d170,d56_hh63
d170,d91_hh32
d170,d160_hh97
d170,d32_hh203
d170,d130_hh277
d170,d58_hh108
d170,d120_hh45
d170,d169_hh247
d170,d1_hh234
d170,d191_hh12
d170,d135_hh57
d170,d146_hh114
d170,d50_hh195
d170,d120_hh118
d170,d44_hh65
d170,d23_hh236
d170,d77_hh156
d170,d65_hh67
d170,d204_hh158
d170,d169_hh115
d170,d118_hh175
d170,d42_hh165
d170,d158_hh34
d170,d87_hh38
d170,d82_hh115
d170,d131_hh14
d170,d85_hh104
d170,d38_hh101
d170,d77_hh156
d170,d104_hh7
d170,d149_hh61
d170,d11_hh79
d170,d119_hh50
d170,d97_hh20
d170,d139_hh27
d170,d65_hh67
d170,d128_hh278
d170,d46_hh57
d170,d160_hh104
d170,d190_hh173
d170,d174_hh6
d170,d13_hh157
d170,d209_hh40
d170,d48_hh119
d170,d175_hh239
d170,d16_hh201
d170,d35_hh211
d170,d131_hh41
d170,d16_hh218
d170,d130_hh273
d170,d55_hh246
d170,d152_hh187
d170,d161_hh238
d170,d160_hh59
d170,d141_hh6
d170,d129_hh209
d170,d66_hh193
d170,d128_hh273
d170,d168_hh34
d170,d125_hh189
d170,d179_hh41
d170,d66_hh179
d170,d202_hh222
d170,d75_hh15
d170,d214_hh252
d170,d154_hh132
d170,d138_hh1
d170,d72_hh77
d170,d91_hh100
d170,d110_hh201
d170,d184_hh11
d170,d191_hh275
d170,d190_hh38
d170,d18_hh253
d170,d134_hh166
d170,d32_hh60
d170,d110_hh236
d170,d91_hh98
d170,d156_hh151
d170,d160_hh211
d170,d66_hh193
d170,d214_hh171
d170,d155_hh206
d170,d112_hh31
d170,d90_hh214
d170,d93_hh184
d170,d184_hh206
d170,d112_hh17
d170,d175_hh181
d170,d90_hh214
d170,d91_hh113
d170,d40_hh111
d170,d93_hh66
d170,d88_hh235
d170,d187_hh291
d170,d61_hh79
d170,d120_hh268
d170,d88_hh235
d170,d158_hh49
d170,d11_hh26
d170,d38_hh101
d170,d93_hh184
d170,d75_hh15
d170,d169_hh148
d170,d35_hh211
d170,d21_hh16
d171,d62_hh167
d171,d50_hh195
d171,d205_hh73
d171,d113_hh254
d171,d139_hh27
d171,d73_hh197
d171,d149_hh237
d171,d11_hh26
d171,d187_hh32
d171,d161_hh250
d171,d36_hh69
d171,d134_hh156
d171,d214_hh184
d171,d67_hh63
d171,d101_hh182
d171,d18_hh6
d171,d195_hh52
d171,d7_hh64
d171,d34_hh12
d171,d214_hh252
d171,d56_hh175
d171,d146_hh114
d171,d73_hh153
d171,d33_hh266
d171,d33_hh266
d171,d135_hh57
d171,d170_hh228
d171,d154_hh157
d171,d110_hh201
d171,d149_hh237
d171,d156_hh151
d171,d65_hh67
d171,d158_hh146
d171,d88_hh3
d171,d204_hh173
d171,d210_hh267
d171,d44_hh35
d171,d51_hh285
d171,d51_hh37
d171,d7_hh155
d171,d127_hh69
d171,d131_hh41
d171,d97_hh75
d171,d32_hh151
d171,d174_hh97
d171,d193_hh61
d171,d190_hh176
d171,d168_hh265
d171,d66_hh193
d171,d127_hh69
d171,d162_hh67
d171,d77_hh40
d171,d11_hh26
d171,d161_hh110
d171,d13_hh239
d171,d169_hh148
d171,d183_hh93
d171,d156_hh19
d171,d143_hh82
d171,d193_hh61
d171,d111_hh29
d171,d137_hh216
d171,d118_hh262
d171,d124_hh125
d171,d59_hh132
d171,d33_hh64
d171,d99_hh38
d171,d69_hh222
d171,d163_hh242
d171,d125_hh189
d171,d168_hh30
d171,d65_hh115
d171,d55_hh246
d171,d164_hh78
d171,d168_hh34
d171,d1_hh234
d171,d55_hh246
d171,d124_hh223
d171,d179_hh41
d171,d168_hh34
d171,d109_hh209
d171,d191_hh179
d171,d42_hh38
d171,d58_hh108
d171,d16_hh218
d171,d149_hh237
d171,d73_hh151
d171,d134_hh156
d171,d11_hh244
d171,d110_hh201
d171,d154_hh132
d171,d88_hh235
d171,d170_hh273
d171,d66_hh193
d171,d171_hh189
d171,d179_hh28
d171,d126_hh44
d171,d210_hh262
d171,d55_hh226
d171,d101_hh186
d171,d187_hh16
d171,d158_hh49
d171,d160_hh211
d171,d135_hh78
d171,d32_hh203
d171,d67_hh63
d171,d112_hh31
d171,d53_hh249
d171,d184_hh11
d171,d81_hh81
d171,d53_hh23
d171,d187_hh291
d171,d139_hh164
d171,d111_hh206
d171,d69_hh13
d171,d66_hh193
d171,d55_hh226
d171,d195_hh52
d171,d110_hh201
d171,d119_hh174
d171,d69_hh13
d171,d179_hh41
d171,d15_hh188
d171,d20_hh44
d171,d41_hh74
d171,d73_hh197
d171,d44_hh187
d171,d191_hh30
d171,d134_hh7
d171,d129_hh106
d171,d56_hh123
d171,d55_hh246
d171,d102_hh228
d171,d55_hh12
d171,d160_hh211
d171,d11_hh26
d171,d2_hh232
d171,d158_hh85
d171,d187_hh32
d171,d32_hh136
d171,d191_hh179
d171,d143_hh224
d171,d32_hh101
d171,d160_hh104
d171,d126_hh233
d171,d214_hh252
d171,d156_hh19
d171,d16_hh201
d171,d41_hh254
d171,d187_hh32
d171,d40_hh111
d171,d13_hh263
d171,d158_hh20
d171,d119_hh50
d171,d135_hh57
d171,d139_hh27
d171,d190_hh182
d171,d32_hh136
d171,d73_hh151
d171,d119_hh50
d171,d56_hh63
d171,d195_hh97
d171,d44_hh65
d171,d128_hh278
d171,d82_hh115
d171,d58_hh81
d171,d61_hh79
d171,d38_hh49
d171,d215_hh157
d171,d21_hh16
d171,d193_hh67
d171,d2_hh232
d171,d110_hh236
d171,d104_hh7
d171,d2_hh232
d171,d26_hh63
d171,d130_hh277
d171,d66_hh131
d171,d204_hh158
d171,d129_hh209
d171,d131_hh41
d171,d135_hh57
d171,d122_hh210
d171,d110_hh117
d171,d85_hh218
d171,d174_hh6
d171,d118_hh175
d171,d160_hh59
d171,d158_hh34
d171,d66_hh131
d171,d82_hh41
d171,d213_hh238
d171,d74_hh108
d171,d32_hh19
d171,d160_hh59
d171,d44_hh35
d171,d100_hh65
d171,d66_hh13
d171,d18_hh80
d171,d146_hh114
d171,d214_hh252
d171,d93_hh66
d171,d187_hh16
d171,d23_hh236
d171,d125_hh167
d171,d190_hh32
d171,d169_hh115
d171,d61_hh246
d171,d134_hh118
d171,d42_hh263
d171,d85_hh104
d171,d7_hh148
d171,d164_hh78
d171,d41_hh181
d171,d85_hh218
d171,d168_hh265
d171,d114_hh12
d171,d164_hh78
d171,d214_hh184
d171,d106_hh24
d171,d120_hh272
d171,d55_hh226
d171,d73_hh153
d171,d126_hh184
d171,d95_hh241
d171,d195_hh31
d171,d205_hh73
d171,d82_hh256
d171,d110_hh201
d171,d21_hh25
d171,d93_hh184
d171,d113_hh254
d171,d210_hh262
d171,d18_hh6
d171,d164_hh78
d171,d81_hh14
d171,d179_hh242
d171,d152_hh187
d171,d140_hh195
d171,d112_hh177
d171,d174_hh97
d171,d160_hh59
d171,d146_hh88
d171,d112_hh221
d171,d59_hh251
d171,d81_hh81
d171,d19_hh147
d171,d85_hh104
d171,d95_hh241
d171,d170_hh228
d171,d36_hh69
d171,d30_hh132
d171,d174_hh6
d171,d18_hh253
d171,d69_hh209
d171,d55_hh232
d171,d156_hh218
d171,d82_hh41
d171,d150_hh168
d171,d155_hh206
d171,d7_hh124
d171,d96_hh8
d171,d160_hh38
d171,d30_hh132
d171,d169_hh115
d171,d131_hh204
d171,d168_hh30
d171,d43_hh67
d171,d44_hh127
d171,d174_hh97
d171,d184_hh210
d171,d178_hh263
d171,d101_hh182
d171,d77_hh156
d171,d170_hh228
d171,d170_hh273
d171,d130_hh273
d171,d156_hh153
d171,d55_hh190
d171,d141_hh152
d171,d190_hh32
d171,d18_hh253
d171,d137_hh216
d173,d69_hh274
d173,d101_hh186
d173,d168_hh34
d173,d135_hh191
d173,d128_hh297
d173,d214_hh184
d173,d111_hh29
d173,d164_hh78
d173,d46_hh57
d173,d93_hh184
d173,d15_hh97
d173,d168_hh34
d173,d81_hh14
d173,d1_hh15
d173,d99_hh230
d173,d122_hh210
d173,d83_hh79
d173,d41_hh181
d173,d109_hh209
d173,d62_hh167
d173,d101_hh186
d173,d162_hh67
d173,d42_hh165
d173,d207_hh28
d173,d147_hh167
d173,d110_hh117
d173,d41_hh72
d173,d38_hh49
d173,d34_hh12
d173,d205_hh217
d173,d158_hh85
d173,d11_hh79
d173,d96_hh8
d173,d73_hh197
d173,d67_hh63
d173,d43_hh67
d173,d7_hh148
d173,d210_hh262
d173,d186_hh175
d173,d195_hh97
d173,d126_hh44
d173,d135_hh191
d173,d48_hh119
d173,d183_hh237
d173,d158_hh49
d173,d195_hh52
d173,d88_hh267
d173,d152_hh175
d173,d161_hh238
d173,d117_hh126
d173,d150_hh8
d173,d124_hh167
d173,d74_hh109
d173,d143_hh224
d173,d38_hh101
d173,d135_hh219
d173,d126_hh44
d173,d13_hh157
d173,d91_hh113
d173,d56_hh63
d173,d131_hh41
d173,d23_hh236
d173,d23_hh236
d173,d34_hh12
d173,d83_hh67
d173,d179_hh28
d173,d143_hh224
d173,d44_hh65
d173,d56_hh166
d173,d137_hh201
d173,d110_hh201
d173,d55_hh190
d173,d78_hh123
d173,d61_hh79
d173,d120_hh272
d173,d118_hh188
d173,d205_hh54
d173,d93_hh66
d173,d191_hh190
d173,d125_hh236
d173,d81_hh14
d173,d85_hh104
d173,d123_hh83
d173,d11_hh132
d173,d66_hh13
d173,d190_hh182
d173,d97_hh20
d173,d91_hh98
d173,d125_hh189
d173,d44_hh127
d173,d85_hh104
d173,d190_hh38
d173,d102_hh228
d173,d156_hh181
d173,d141_hh209
d173,d214_hh255
d173,d214_hh166
d173,d73_hh197
d173,d38_hh95
d173,d56_hh177
d173,d48_hh119
d173,d112_hh177
d173,d48_hh119
d173,d58_hh108
d173,d117_hh126
d173,d134_hh156
d173,d97_hh20
d173,d169_hh148
d173,d134_hh118
d173,d170_hh63
d173,d41_hh74
d173,d112_hh17
d173,d120_hh268
d173,d158_hh49
d173,d118_hh188
d173,d124_hh125
d173,d35_hh104
d173,d204_hh231
d173,d137_hh216
d173,d123_hh83
d173,d15_hh188
d173,d215_hh82
d173,d101_hh186
d173,d82_hh256
d173,d125_hh236
d173,d59_hh162
d173,d215_hh82
d173,d202_hh111
d173,d160_hh211
d173,d118_hh88
d173,d43_hh27
d173,d23_hh236
d173,d125_hh189
d173,d46_hh57
d173,d114_hh2
d173,d97_hh75
d173,d114_hh12
d173,d184_hh11
d173,d202_hh222
d173,d46_hh228
d173,d1_hh15
d173,d141_hh152
d173,d109_hh168
d173,d134_hh76
d173,d160_hh179
d173,d55_hh226
d173,d124_hh125
d173,d129_hh106
d173,d187_hh30
d173,d34_hh166
d173,d85_hh214
d173,d88_hh235
d173,d124_hh125
d173,d32_hh136
d173,d191_hh275
d173,d131_hh41
d173,d81_hh14
d173,d51_hh186
d173,d128_hh278
d173,d190_hh182
d173,d13_hh157
d173,d67_hh63
d173,d190_hh38
d173,d119_hh50
d173,d190_hh176
d173,d51_hh285
d173,d82_hh41
d173,d124_hh223
d173,d42_hh165
d173,d179_hh267
d173,d109_hh209
d173,d106_hh24
d173,d164_hh249
d173,d36_hh69
d173,d190_hh38
d173,d114_hh12
d173,d191_hh12
d173,d169_hh247
d173,d24_hh177
d173,d56_hh177
d173,d7_hh240
d173,d163_hh242
d173,d39_hh55
d173,d58_hh108
d173,d124_hh125
d173,d66_hh179
d173,d99_hh38
d173,d111_hh29
d173,d93_hh66
d173,d213_hh238
d173,d87_hh32
d173,d131_hh41
d173,d31_hh135
d173,d193_hh61
d173,d128_hh43
d173,d119_hh107
d173,d88_hh3
d173,d74_hh11
d173,d88_hh118
d173,d35_hh211
d173,d73_hh33
d173,d73_hh197
d173,d175_hh239
d173,d214_hh184
d173,d67_hh63
d173,d32_hh151
d173,d110_hh201
d173,d120_hh57
d173,d69_hh99
d173,d125_hh167
d173,d179_hh28
d173,d44_hh283
d173,d24_hh177
d173,d119_hh174
d173,d214_hh252
d173,d44_hh170
d173,d29_hh167
d173,d137_hh109
d173,d42_hh38
d173,d55_hh131
d173,d88_hh108
d173,d16_hh75
d173,d139_hh27
d173,d88_hh3
d173,d146_hh114
d173,d191_hh275
d173,d56_hh177
d173,d155_hh206
d173,d56_hh177
d173,d161_hh229
d173,d190_hh173
d173,d178_hh263
d173,d61_hh79
d173,d156_hh153
d173,d7_hh124
d173,d174_hh85
d173,d13_hh157
d173,d149_hh237
d173,d35_hh224
d173,d38_hh172
d173,d132_hh233
d173,d190_hh32
d173,d11_hh240
d173,d114_hh2
d173,d41_hh74
d173,d91_hh32
d173,d179_hh41
d173,d104_hh7
d173,d208_hh221
d173,d112_hh17
d173,d202_hh111
d173,d174_hh85
d173,d62_hh18
d173,d114_hh12
d173,d152_hh187
d173,d214_hh184
d173,d40_hh7
d173,d111_hh206
d173,d208_hh2
d173,d51_hh177
d173,d210_hh87
d173,d128_hh278
d173,d11_hh240
d173,d18_hh253
d173,d208_hh137
d173,d44_hh65
d173,d50_hh90
d173,d32_hh151
d173,d69_hh55
d173,d187_hh16
d173,d118_hh188
d173,d32_hh60
d173,d214_hh171
d173,d51_hh186
d173,d118_hh175
d173,d41_hh74
d173,d46_hh57
d173,d53_hh23
d173,d18_hh253
d173,d169_hh247
d173,d179_hh41
d173,d190_hh106
d173,d204_hh173
d173,d26_hh63
d173,d179_hh28
d173,d16_hh201
d173,d139_hh164
d173,d55_hh232
d178,d40_hh111
d178,d87_hh38
d178,d73_hh7
d178,d32_hh101
d178,d128_hh180
d178,d160_hh232
d178,d44_hh163
d178,d69_hh222
d178,d59_hh162
d178,d73_hh7
d178,d2_hh232
d178,d38_hh95
d178,d124_hh118
d178,d156_hh19
d178,d137_hh201
d178,d190_hh38
d178,d73_hh197
d178,d69_hh274
d178,d214_hh255
d178,d30_hh44
d178,d4_hh212
d178,d132_hh233
d178,d24_hh177
d178,d61_hh246
d178,d141_hh235
d178,d106_hh24
d178,d39_hh55
d178,d195_hh31
d178,d184_hh11
d178,d112_hh177
d178,d124_hh125
d178,d46_hh57
d178,d122_hh181
d178,d55_hh12
d178,d110_hh236
d178,d187_hh291
d178,d113_hh254
d178,d55_hh246
d178,d77_hh156
d178,d137_hh201
d178,d38_hh101
d178,d170_hh228
d178,d100_hh65
d178,d124_hh167
d178,d55_hh246
d178,d154_hh157
d178,d69_hh209
d178,d131_hh41
d178,d202_hh17
d178,d32_hh151
d178,d191_hh30
d178,d191_hh30
d178,d141_hh152
d178,d135_hh57
d178,d126_hh233
d178,d190_hh38
d178,d82_hh231
d178,d69_hh222
d178,d32_hh151
d178,d168_hh30
d178,d110_hh117
d178,d200_hh51
d178,d88_hh108
d178,d110_hh236
d178,d112_hh31
d178,d119_hh107
d178,d138_hh10
d178,d58_hh108
d178,d59_hh132
d178,d191_hh275
d178,d58_hh108
d178,d36_hh69
d178,d174_hh85
d178,d11_hh26
d178,d138_hh10
d178,d59_hh132
d178,d13_hh263
d178,d124_hh126
d178,d42_hh263
d178,d131_hh212
d178,d161_hh250
d178,d131_hh41
d178,d55_hh246
d178,d24_hh177
d178,d205_hh73
d178,d44_hh35
d178,d205_hh217
d178,d191_hh30
d178,d11_hh244
d178,d87_hh32
d178,d66_hh13
d178,d131_hh212
d178,d78_hh123
d178,d7_hh124
d178,d202_hh222
d178,d208_hh137
d178,d125_hh189
d178,d160_hh211
d178,d190_hh173
d178,d156_hh151
d178,d209_hh40
d178,d55_hh232
d178,d61_hh246
d178,d202_hh17
d178,d207_hh28
d178,d65_hh115
d178,d112_hh31
d178,d164_hh78
d178,d214_hh166
d178,d38_hh172
d178,d11_hh26
d178,d130_hh277
d178,d88_hh3
d178,d179_hh242
d178,d38_hh101
d178,d210_hh262
d178,d4_hh212
d178,d99_hh44
d178,d139_hh164
d178,d33_hh64
d178,d112_hh17
d178,d150_hh253
d178,d132_hh233
d178,d51_hh177
d178,d73_hh153
d178,d128_hh43
d178,d118_hh88
d178,d139_hh164
d178,d16_hh218
d178,d91_hh113
d178,d58_hh108
d178,d7_hh124
d178,d69_hh13
d178,d111_hh29
d178,d175_hh181
d178,d129_hh94
d178,d135_hh191
d178,d99_hh44
d178,d16_hh218
d178,d184_hh11
d178,d81_hh87
d178,d128_hh180
d178,d13_hh263
d178,d20_hh48
d178,d205_hh217
d178,d110_hh201
d178,d80_hh6
d178,d18_hh253
d178,d93_hh66
d178,d58_hh108
d178,d81_hh14
d178,d78_hh123
d178,d168_hh265
d178,d137_hh109
d178,d204_hh173
d178,d51_hh49
d178,d119_hh107
d178,d158_hh20
d178,d156_hh218
d178,d158_hh85
d178,d91_hh79
d178,d38_hh172
d178,d99_hh44
d178,d69_hh13
d178,d67_hh63
d178,d120_hh118
d178,d152_hh175
d178,d91_hh100
d178,d119_hh174
d178,d160_hh232
d178,d112_hh31
d178,d38_hh95
d178,d53_hh23
d178,d58_hh81
d178,d91_hh32
d178,d158_hh85
d178,d200_hh51
d178,d125_hh167
d178,d48_hh176
d178,d207_hh28
d178,d21_hh21
d178,d110_hh117
d178,d13_hh239
d178,d69_hh209
d178,d208_hh137
d178,d175_hh32
d178,d50_hh90
d178,d85_hh104
d178,d78_hh9
d178,d117_hh126
d178,d55_hh190
d178,d168_hh30
d178,d164_hh249
d178,d155_hh206
d178,d31_hh135
d178,d42_hh165
d178,d210_hh87
d178,d112_hh31
d178,d138_hh1
d178,d93_hh80
d178,d174_hh6
d178,d187_hh30
d178,d88_hh3
d178,d207_hh28
d178,d137_hh216
d178,d55_hh190
d178,d40_hh111
d178,d1_hh15
d178,d113_hh254
d178,d162_hh113
d178,d41_hh254
d178,d184_hh210
d178,d50_hh112
d178,d160_hh97
d178,d168_hh265
d178,d161_hh250
d178,d38_hh49
d178,d134_hh31
d178,d48_hh176
d178,d132_hh233
d178,d78_hh234
d178,d122_hh112
d178,d161_hh250
d178,d161_hh229
d178,d143_hh82
d178,d55_hh131
d178,d131_hh212
d178,d59_hh132
d178,d33_hh64
d178,d129_hh209
d178,d55_hh12
d178,d65_hh75
d178,d183_hh93
d178,d183_hh93
d178,d124_hh223
d178,d74_hh11
d178,d78_hh123
d178,d152_hh187
d178,d135_hh226
d178,d129_hh94
d178,d7_hh87
d178,d198_hh78
d178,d169_hh115
d178,d59_hh132
d178,d214_hh184
d178,d141_hh6
d178,d59_hh207
d178,d169_hh247
d178,d134_hh7
d178,d20_hh44
d178,d20_hh48
d178,d85_hh218
d178,d51_hh37
d178,d143_hh224
d178,d59_hh132
d178,d66_hh154
d178,d61_hh79
d178,d193_hh61
d178,d41_hh72
d178,d135_hh191
d178,d41_hh72
d178,d161_hh238
d178,d53_hh23
d178,d198_hh78
d178,d214_hh184
d178,d155_hh206
d178,d161_hh229
d178,d21_hh21
d178,d198_hh78
d178,d56_hh175
d178,d50_hh112
d178,d66_hh131
d178,d140_hh260
d178,d131_hh41
d178,d210_hh267
d178,d56_hh175
d178,d160_hh179
d178,d51_hh186
d178,d13_hh263
d178,d39_hh55
d178,d48_hh119
d178,d114_hh12
d178,d33_hh266
d178,d120_hh45
d178,d109_hh168
d174,d46_hh228
d174,d44_hh127
d174,d81_hh87
d174,d96_hh8
d174,d141_hh194
d174,d202_hh111
d174,d161_hh238
d174,d93_hh80
d174,d163_hh115
d174,d77_hh156
d174,d195_hh52
d174,d139_hh251
d174,d11_hh79
d174,d91_hh32
d174,d195_hh97
d174,d191_hh12
d174,d214_hh184
d174,d150_hh8
d174,d67_hh63
d174,d150_hh168
d174,d69_hh209
d174,d74_hh108
d174,d170_hh228
d174,d174_hh6
d174,d91_hh100
d174,d119_hh50
d174,d125_hh189
d174,d125_hh236
d174,d163_hh115
d174,d140_hh260
d174,d77_hh156
d174,d112_hh155
d174,d82_hh256
d174,d82_hh41
d174,d81_hh87
d174,d190_hh173
d174,d125_hh189
d174,d111_hh29
d174,d125_hh248
d174,d168_hh30
d174,d58_hh108
d174,d149_hh30
d174,d56_hh123
d174,d187_hh32
d174,d109_hh168
d174,d141_hh6
d174,d210_hh262
d174,d146_hh88
d174,d117_hh126
d174,d202_hh17
d174,d117_hh126
d174,d141_hh194
d174,d35_hh224
d174,d74_hh108
d174,d160_hh38
d174,d111_hh29
d174,d46_hh228
d174,d120_hh45
d174,d168_hh34
d174,d44_hh163
d174,d72_hh77
d174,d124_hh125
d174,d114_hh12
d174,d164_hh78
d174,d48_hh176
d174,d83_hh67
d174,d44_hh170
d174,d150_hh253
d174,d124_hh118
d174,d146_hh114
d174,d72_hh77
d174,d139_hh164
d174,d73_hh33
d174,d91_hh113
d174,d141_hh6
d174,d161_hh110
d174,d15_hh188
d174,d168_hh265
d174,d44_hh170
d174,d88_hh108
d174,d7_hh148
d174,d97_hh20
d174,d143_hh224
d174,d165_hh274
d174,d97_hh20
d174,d44_hh65
d174,d120_hh272
d174,d114_hh2
d174,d163_hh242
d174,d44_hh65
d174,d198_hh40
d174,d191_hh12
d174,d128_hh297
d174,d80_hh6
d174,d140_hh195
d174,d186_hh175
d174,d15_hh97
d174,d56_hh63
d174,d161_hh238
d174,d112_hh155
d174,d147_hh167
d174,d214_hh184
d174,d56_hh63
d174,d55_hh229
d174,d35_hh224
d174,d137_hh109
d174,d33_hh64
d174,d46_hh57
d174,d100_hh65
d174,d51_hh37
d174,d132_hh233
d174,d48_hh119
d174,d131_hh14
d174,d85_hh218
d174,d210_hh87
d174,d122_hh181
d174,d169_hh247
d174,d141_hh152
d174,d204_hh173
d174,d38_hh95
d174,d152_hh175
d174,d13_hh157
d174,d184_hh210
d174,d130_hh273
d174,d35_hh211
d174,d169_hh115
d174,d40_hh111
d174,d50_hh90
d174,d204_hh231
d174,d21_hh25
d174,d38_hh49
d174,d88_hh235
d174,d21_hh25
d174,d120_hh118
d174,d126_hh233
d174,d69_hh274
d174,d41_hh254
d174,d146_hh88
d174,d118_hh88
d174,d18_hh80
d174,d81_hh87
d174,d74_hh212
d174,d91_hh79
d174,d131_hh204
d174,d82_hh231
d174,d88_hh191
d174,d163_hh242
d174,d41_hh72
d174,d118_hh88
d174,d69_hh55
d174,d170_hh273
d174,d146_hh114
d174,d187_hh16
d174,d135_hh219
d174,d179_hh242
d174,d59_hh132
d174,d160_hh104
d174,d51_hh49
d174,d135_hh226
d174,d215_hh157
d174,d7_hh240
d174,d87_hh38
d174,d42_hh263
d174,d135_hh226
d174,d120_hh118
d174,d97_hh20
d174,d46_hh228
d174,d58_hh81
d174,d91_hh100
d174,d59_hh251
d174,d126_hh156
d174,d143_hh224
d174,d40_hh7
d174,d213_hh238
d174,d51_hh285
d174,d210_hh87
d174,d65_hh67
d174,d77_hh40
d174,d207_hh28
d174,d160_hh179
d174,d87_hh32
d174,d163_hh44
d174,d66_hh131
d174,d46_hh57
d174,d158_hh85
d174,d16_hh200
d174,d43_hh67
d174,d56_hh166
d174,d78_hh123
d174,d164_hh220
d174,d69_hh55
d174,d7_hh148
d174,d35_hh224
d174,d44_hh65
d174,d152_hh187
d174,d16_hh200
d174,d198_hh78
d174,d187_hh30
d174,d170_hh273
d174,d190_hh106
d174,d69_hh222
d174,d91_hh79
d174,d19_hh147
d174,d110_hh117
d174,d128_hh180
d174,d122_hh112
d174,d80_hh6
d174,d129_hh106
d174,d135_hh216
d174,d55_hh190
d174,d169_hh115
d174,d114_hh12
d174,d13_hh239
d174,d119_hh50
d174,d33_hh266
d174,d190_hh182
d174,d11_hh79
d174,d164_hh220
d174,d118_hh262
d174,d42_hh165
d174,d56_hh177
d174,d67_hh63
d174,d191_hh190
d174,d154_hh157
d174,d118_hh175
d174,d42_hh263
d174,d191_hh179
d174,d120_hh45
d174,d128_hh43
d174,d112_hh31
d174,d117_hh126
d174,d59_hh251
d174,d62_hh167
d174,d69_hh274
d174,d32_hh101
d174,d46_hh228
d174,d111_hh29
d174,d130_hh177
d174,d7_hh87
d174,d41_hh53
d174,d152_hh187
d174,d141_hh235
d174,d26_hh63
d174,d11_hh240
d174,d128_hh184
d174,d34_hh12
d174,d119_hh50
d174,d73_hh33
d174,d48_hh119
d184,d18_hh6
d184,d141_hh194
d184,d112_hh155
d184,d163_hh115
d184,d179_hh267
d184,d16_hh201
d184,d38_hh101
d184,d32_hh60
d184,d154_hh157
d184,d112_hh17
d184,d88_hh235
d184,d150_hh8
d184,d66_hh131
d184,d204_hh158
d184,d42_hh263
d184,d114_hh2
d184,d78_hh9
d184,d139_hh164
d184,d158_hh85
d184,d124_hh118
d184,d141_hh6
d184,d160_hh232
d184,d35_hh224
d184,d43_hh27
d184,d73_hh151
d184,d135_hh191
d184,d168_hh34
d184,d58_hh81
d184,d160_hh104
d184,d77_hh83
d184,d91_hh241
d184,d31_hh135
d184,d122_hh112
d184,d130_hh273
d184,d33_hh266
d184,d141_hh152
d184,d33_hh266
d184,d125_hh236
d184,d91_hh100
d184,d131_hh14
d184,d31_hh135
d184,d110_hh117
d184,d191_hh190
d184,d204_hh173
d184,d202_hh17
d184,d208_hh2
d184,d82_hh256
d184,d35_hh211
d184,d90_hh214
d184,d214_hh166
d184,d11_hh132
d184,d50_hh112
d184,d174_hh6
d184,d129_hh94
d184,d102_hh228
d184,d152_hh187
d184,d32_hh60
d184,d137_hh216
d184,d39_hh96
d184,d81_hh14
d184,d160_hh38
d184,d29_hh167
d184,d120_hh272
d184,d111_hh206
d184,d112_hh31
d184,d46_hh57
d184,d18_hh253
d184,d130_hh277
d184,d41_hh53
d184,d114_hh12
d184,d124_hh126
d184,d160_hh38
d184,d160_hh232
d184,d156_hh218
d184,d149_hh237
d184,d193_hh67
d184,d99_hh230
d184,d58_hh81
d184,d131_hh204
d184,d11_hh240
d184,d39_hh55
d184,d73_hh197
d184,d161_hh238
d184,d146_hh114
d184,d114_hh2
d184,d43_hh67
d184,d65_hh227
d184,d102_hh228
d184,d16_hh218
d184,d149_hh30
d184,d31_hh135
d184,d73_hh153
d184,d16_hh75
d184,d112_hh176
d184,d161_hh229
d184,d149_hh61
d184,d32_hh60
d184,d141_hh194
d184,d21_hh21
d184,d99_hh38
d184,d202_hh17
d184,d56_hh63
d184,d124_hh125
d184,d16_hh200
d184,d51_hh49
d184,d126_hh184
d184,d128_hh184
d184,d78_hh234
d184,d208_hh221
d184,d147_hh167
d184,d88_hh118
d184,d111_hh29
d184,d20_hh48
d184,d55_hh246
d184,d88_hh118
d184,d214_hh255
d184,d141_hh194
d184,d11_hh132
d184,d125_hh236
d184,d114_hh2
d184,d205_hh73
d184,d191_hh30
d184,d169_hh148
d184,d78_hh123
d184,d162_hh67
d184,d87_hh32
d184,d134_hh7
d184,d73_hh197
d184,d179_hh242
d184,d36_hh69
d184,d118_hh262
d184,d139_hh9
d184,d146_hh88
d184,d42_hh251
d184,d15_hh97
d184,d208_hh137
d184,d214_hh252
d184,d191_hh12
d184,d190_hh32
d184,d55_hh232
d184,d102_hh284
d184,d91_hh79
d184,d34_hh166
d184,d44_hh170
d184,d15_hh188
d184,d207_hh28
d184,d134_hh76
d184,d141_hh235
d184,d161_hh229
d184,d164_hh249
d184,d21_hh21
d184,d215_hh157
d184,d85_hh214
d184,d38_hh49
d184,d51_hh37
d184,d111_hh29
d184,d44_hh65
d184,d119_hh174
d184,d88_hh118
d184,d11_hh132
d184,d58_hh81
d184,d74_hh212
d184,d99_hh44
d184,d82_hh256
d184,d74_hh109
d184,d41_hh72
d184,d59_hh251
d184,d193_hh67
d184,d160_hh38
d184,d126_hh156
d184,d132_hh233
d184,d82_hh256
d184,d43_hh27
d184,d179_hh41
d184,d44_hh163
d184,d112_hh177
d184,d190_hh106
d184,d205_hh217
d184,d56_hh123
d184,d190_hh176
d184,d7_hh64
d184,d179_hh267
d184,d184_hh11
d184,d88_hh3
d184,d191_hh275
d184,d41_hh181
d184,d125_hh167
d184,d65_hh227
d184,d163_hh44
d184,d88_hh3
d184,d61_hh79
d184,d88_hh3
d184,d135_hh78
d184,d184_hh11
d184,d132_hh233
d184,d11_hh244
d184,d124_hh125
d184,d77_hh40
d184,d135_hh57
d184,d44_hh127
d184,d205_hh217
d184,d32_hh19
d184,d87_hh38
d184,d69_hh209
d184,d93_hh66
d184,d215_hh157
d184,d146_hh88
d184,d170_hh228
d184,d44_hh187
d184,d87_hh38
d184,d56_hh123
d184,d23_hh236
d184,d120_hh118
d184,d41_hh53
d184,d15_hh97
d184,d186_hh175
d184,d42_hh165
d184,d67_hh63
d184,d33_hh266
d184,d168_hh30
d184,d65_hh115
d184,d65_hh67
d184,d128_hh278
d184,d41_hh74
d184,d91_hh100
d184,d67_hh63
d184,d138_hh10
d184,d184_hh210
d184,d195_hh52
d184,d42_hh165
d184,d18_hh6
d184,d111_hh206
d184,d58_hh81
d184,d214_hh171
d184,d65_hh115
d184,d168_hh34
d184,d186_hh175
d184,d111_hh29
d184,d21_hh16
d184,d73_hh197
d184,d204_hh231
d184,d119_hh107
d184,d1_hh15
d184,d119_hh174
d184,d146_hh114
d184,d66_hh154
d184,d214_hh255
d184,d158_hh20
d184,d156_hh218
d184,d32_hh101
d184,d58_hh108
d184,d162_hh67
d184,d18_hh253
d184,d33_hh266
d184,d158_hh85
d184,d205_hh217
d184,d130_hh177
d184,d190_hh173
d184,d158_hh34
d184,d69_hh274
d184,d109_hh168
d184,d191_hh179
d184,d16_hh75
d184,d163_hh242
d184,d97_hh75
d184,d51_hh177
d184,d139_hh9
d184,d214_hh166
d184,d33_hh266
d185,d206_hh279
d185,d151_hh203
d185,d6_hh77
d185,d76_hh6
d185,d22_hh190
d185,d196_hh229
d185,d115_hh186
d185,d108_hh213
d185,d6_hh77
d185,d203_hh189
d185,d194_hh40
d185,d79_hh114
d185,d84_hh161
d185,d71_hh163
d185,d92_hh161
d185,d115_hh124
d185,d22_hh176
d185,d157_hh16
d185,d14_hh67
d185,d180_hh254
d185,d76_hh193
d185,d14_hh75
d185,d47_hh300
d185,d49_hh257
d185,d115_hh199
d185,d8_hh41
d185,d144_hh253
d185,d79_hh227
d185,d63_hh83
d185,d8_hh149
d185,d145_hh175
d185,d49_hh170
d185,d70_hh171
d185,d203_hh139
d185,d107_hh103
d185,d196_hh229
d185,d3_hh97
d185,d136_hh89
d185,d188_hh256
d185,d8_hh105
d185,d60_hh107
d185,d45_hh79
d185,d107_hh246
d185,d107_hh193
d185,d92_hh91
d185,d144_hh289
d185,d144_hh253
d185,d144_hh253
d185,d10_hh167
d185,d9_hh236
d185,d196_hh190
d185,d196_hh197
d185,d63_hh160
d185,d37_hh160
d185,d151_hh203
d185,d167_hh264
d185,d167_hh264
d185,d47_hh300
d185,d107_hh23
d185,d9_hh236
d185,d172_hh18
d185,d153_hh96
d185,d94_hh137
d185,d79_hh255
d185,d79_hh255
d185,d8_hh155
d185,d6_hh130
d185,d92_hh115
d185,d49_hh170
d185,d212_hh155
d185,d107_hh246
d185,d45_hh0
d185,d194_hh189
d185,d145_hh175
d185,d47_hh128
d185,d8_hh149
d185,d107_hh193
d185,d196_hh190
d185,d79_hh114
d185,d9_hh197
d185,d181_hh17
d185,d105_hh45
d185,d185_hh143
d185,d3_hh180
d185,d6_hh77
d185,d148_hh100
d185,d153_hh26
d185,d196_hh190
d185,d196_hh197
d185,d84_hh122
d185,d6_hh130
d185,d71_hh245
d185,d148_hh100
d185,d115_hh176
d185,d148_hh247
d185,d79_hh227
d185,d115_hh176
d185,d116_hh36
d185,d196_hh229
d185,d153_hh96
d185,d10_hh167
d185,d196_hh197
d185,d76_hh193
d185,d8_hh105
d185,d71_hh146
d185,d79_hh255
d185,d45_hh79
d185,d6_hh77
d185,d60_hh191
d185,d84_hh122
d185,d10_hh167
d185,d212_hh155
d185,d79_hh114
d185,d49_hh170
d185,d115_hh186
d185,d181_hh17
d185,d172_hh18
d185,d145_hh175
d185,d14_hh75
d185,d9_hh170
d185,d144_hh253
d185,d185_hh143
d185,d196_hh229
d185,d203_hh227
d185,d185_hh143
d185,d103_hh63
d185,d176_hh194
d185,d196_hh229
d185,d6_hh130
d185,d71_hh163
d185,d116_hh6
d185,d71_hh146
d185,d144_hh196
d185,d142_hh190
d185,d181_hh17
d185,d192_hh39
d185,d71_hh245
d185,d76_hh6
d185,d60_hh108
d185,d153_hh26
d185,d14_hh67
d185,d176_hh92
d185,d196_hh229
d185,d153_hh26
d185,d49_hh103
d185,d49_hh257
d185,d92_hh115
d185,d71_hh146
d185,d27_hh269
d185,d6_hh130
d185,d92_hh91
d185,d196_hh190
d185,d148_hh244
d185,d14_hh205
d185,d196_hh215
d185,d151_hh203
d185,d181_hh225
d185,d8_hh155
d185,d108_hh212
d185,d148_hh104
d185,d212_hh155
d185,d144_hh289
d185,d157_hh215
d185,d107_hh246
d185,d148_hh247
d185,d121_hh170
d185,d142_hh190
d185,d167_hh11
d185,d194_hh101
d185,d116_hh36
d185,d70_hh171
d185,d47_hh128
d185,d176_hh92
d185,d64_hh137
d185,d107_hh258
d185,d92_hh91
d185,d103_hh205
d185,d185_hh143
d185,d176_hh85
d185,d212_hh155
d185,d107_hh258
d185,d71_hh163
d185,d194_hh189
d185,d70_hh172
d185,d176_hh125
d185,d194_hh40
d185,d144_hh289
d185,d107_hh193
d185,d196_hh197
d185,d136_hh32
d185,d6_hh155
d185,d153_hh100
d185,d14_hh205
d185,d107_hh193
d185,d189_hh268
d185,d37_hh160
d185,d71_hh163
d185,d76_hh187
d185,d206_hh279
d185,d196_hh190
d185,d9_hh289
d185,d49_hh257
d185,d71_hh163
d185,d151_hh203
d185,d9_hh236
d185,d181_hh225
d185,d188_hh256
d185,d49_hh103
d185,d49_hh170
d185,d8_hh105
d185,d176_hh92
d185,d22_hh190
d185,d70_hh110
d185,d37_hh160
d185,d116_hh196
d185,d136_hh89
d185,d153_hh96
d185,d14_hh75
d185,d105_hh45
d185,d116_hh6
d185,d189_hh268
d185,d3_hh180
d185,d9_hh170
d185,d71_hh163
d185,d63_hh69
d185,d172_hh180
d185,d37_hh159
d185,d196_hh190
d185,d115_hh199
d185,d157_hh235
d185,d167_hh276
d185,d60_hh107
d185,d192_hh58
d185,d196_hh190
d185,d144_hh289
d185,d148_hh100
d185,d203_hh227
d185,d151_hh203
d185,d206_hh279
d185,d14_hh205
d185,d194_hh40
d185,d107_hh103
d185,d8_hh106
d185,d27_hh269
d185,d212_hh155
d185,d212_hh252
d185,d22_hh190
d185,d153_hh100
d185,d196_hh126
d185,d76_hh193
d185,d153_hh96
d185,d176_hh220
d185,d108_hh241
d185,d79_hh114
d185,d206_hh279
d185,d144_hh253
d185,d76_hh193
d185,d107_hh258
d185,d116_hh196
d185,d60_hh107
d185,d176_hh92
d185,d47_hh128
d185,d144_hh289
d185,d103_hh63
d185,d3_hh97
d185,d136_hh89
d177,d50_hh90
d177,d210_hh87
d177,d41_hh254
d177,d118_hh188
d177,d155_hh206
d177,d112_hh155
d177,d40_hh7
d177,d38_hh49
d177,d168_hh265
d177,d32_hh60
d177,d128_hh273
d177,d150_hh253
d177,d46_hh57
d177,d154_hh157
d177,d16_hh75
d177,d155_hh206
d177,d85_hh218
d177,d168_hh30
d177,d119_hh107
d177,d69_hh55
d177,d110_hh201
d177,d156_hh151
d177,d13_hh263
d177,d174_hh6
d177,d66_hh193
d177,d110_hh201
d177,d66_hh131
d177,d62_hh167
d177,d126_hh184
d177,d150_hh253
d177,d112_hh155
d177,d125_hh167
d177,d35_hh224
d177,d128_hh278
d177,d50_hh112
d177,d141_hh152
d177,d11_hh79
d177,d13_hh263
d177,d131_hh212
d177,d187_hh291
d177,d124_hh125
d177,d205_hh217
d177,d97_hh20
d177,d66_hh179
d177,d74_hh11
d177,d44_hh163
d177,d43_hh67
d177,d158_hh146
d177,d82_hh256
d177,d135_hh57
d177,d62_hh167
d177,d55_hh246
d177,d11_hh240
d177,d88_hh108
d177,d125_hh236
d177,d78_hh234
d177,d183_hh93
d177,d154_hh132
d177,d191_hh190
d177,d88_hh235
d177,d16_hh201
d177,d41_hh72
d177,d122_hh271
d177,d150_hh168
d177,d95_hh241
d177,d160_hh97
d177,d214_hh255
d177,d213_hh238
d177,d35_hh211
d177,d117_hh126
d177,d112_hh31
d177,d112_hh155
d177,d126_hh44
d177,d83_hh67
d177,d129_hh209
d177,d195_hh97
d177,d96_hh8
d177,d66_hh154
d177,d118_hh175
d177,d198_hh40
d177,d126_hh233
d177,d190_hh106
d177,d174_hh85
d177,d204_hh231
d177,d195_hh52
d177,d110_hh201
d177,d73_hh7
d177,d91_hh32
d177,d125_hh236
d177,d122_hh271
d177,d85_hh214
d177,d135_hh57
d177,d102_hh228
d177,d18_hh80
d177,d42_hh263
d177,d66_hh193
d177,d156_hh218
d177,d118_hh188
d177,d139_hh164
d177,d38_hh172
d177,d174_hh6
d177,d128_hh297
d177,d87_hh38
d177,d101_hh182
d177,d204_hh231
d177,d120_hh118
d177,d168_hh265
d177,d18_hh80
d177,d13_hh239
d177,d23_hh236
d177,d124_hh125
d177,d95_hh241
d177,d73_hh153
d177,d158_hh146
d177,d191_hh179
d177,d18_hh253
d177,d140_hh260
d177,d55_hh190
d177,d97_hh20
d177,d90_hh214
d177,d190_hh182
d177,d99_hh44
d177,d82_hh41
d177,d214_hh252
d177,d18_hh253
d177,d11_hh244
d177,d131_hh41
d177,d61_hh79
d177,d78_hh123
d177,d163_hh44
d177,d39_hh96
d177,d187_hh291
d177,d53_hh23
d177,d85_hh214
d177,d135_hh78
d177,d210_hh87
d177,d114_hh12
d177,d81_hh14
d177,d155_hh206
d177,d110_hh236
d177,d55_hh131
d177,d56_hh63
d177,d102_hh284
d177,d91_hh98
d177,d83_hh79
d177,d120_hh57
d177,d135_hh57
d177,d32_hh151
d177,d174_hh97
d177,d117_hh126
d177,d214_hh252
d177,d59_hh132
d177,d30_hh132
d177,d125_hh189
d177,d78_hh123
d177,d88_hh235
d177,d191_hh190
d177,d74_hh108
d177,d160_hh97
d177,d214_hh255
d177,d127_hh69
d177,d122_hh112
d177,d96_hh8
d177,d195_hh97
d177,d126_hh156
d177,d100_hh65
d177,d184_hh210
d177,d33_hh64
d177,d156_hh19
d177,d99_hh44
d177,d7_hh155
d177,d139_hh9
d177,d204_hh173
d177,d69_hh99
d177,d93_hh66
d177,d51_hh49
d177,d131_hh14
d177,d61_hh246
d177,d112_hh17
d177,d66_hh179
d177,d56_hh166
d177,d165_hh274
d177,d74_hh11
d177,d168_hh30
d177,d150_hh253
d177,d174_hh85
d177,d113_hh254
d177,d141_hh6
d177,d126_hh44
d177,d1_hh15
d177,d66_hh131
d177,d120_hh272
d177,d44_hh163
d177,d131_hh14
d177,d149_hh61
d177,d124_hh125
d177,d139_hh164
d177,d83_hh79
d177,d110_hh117
d177,d69_hh209
d177,d48_hh176
d177,d99_hh44
d177,d170_hh228
d177,d44_hh127
d177,d66_hh193
d177,d155_hh206
d177,d179_hh41
d177,d184_hh210
d177,d109_hh168
d177,d65_hh115
d177,d106_hh24
d177,d191_hh12
d177,d7_hh148
d177,d41_hh181
d177,d11_hh240
d177,d149_hh30
d177,d150_hh253
d177,d125_hh167
d177,d137_hh201
d177,d141_hh209
d177,d120_hh272
d177,d120_hh272
d177,d130_hh277
d177,d5_hh117
d177,d210_hh267
d177,d59_hh132
d177,d124_hh125
d177,d50_hh195
d177,d150_hh8
d177,d150_hh168
d177,d134_hh76
d177,d168_hh30
d177,d7_hh240
d177,d163_hh115
d177,d120_hh118
d177,d13_hh263
d177,d143_hh82
d177,d77_hh40
d177,d179_hh41
d177,d53_hh249
d177,d42_hh165
d177,d146_hh114
d177,d134_hh76
d177,d69_hh209
d177,d191_hh12
d177,d129_hh209
d177,d55_hh246
d177,d110_hh117
d177,d44_hh35
d177,d168_hh265
d177,d112_hh221
d177,d106_hh24
d177,d214_hh184
d177,d51_hh49
d177,d18_hh91
d177,d155_hh206
d177,d21_hh25
d177,d120_hh45
d177,d125_hh189
d177,d124_hh125
d177,d109_hh168
d177,d137_hh201
d177,d195_hh31
d177,d99_hh38
d177,d55_hh246
d177,d55_hh12
d177,d99_hh44
d177,d214_hh184
d177,d23_hh236
d177,d168_hh30
d177,d62_hh18
d177,d7_hh124
d176,d121_hh170
d176,d142_hh190
d176,d94_hh129
d176,d181_hh17
d176,d108_hh230
d176,d107_hh103
d176,d211_hh211
d176,d108_hh241
d176,d212_hh252
d176,d196_hh126
d176,d116_hh196
d176,d22_hh176
d176,d8_hh105
d176,d153_hh100
d176,d157_hh222
d176,d172_hh180
d176,d45_hh79
d176,d194_hh101
d176,d3_hh97
d176,d108_hh162
d176,d79_hh198
d176,d211_hh86
d176,d76_hh193
d176,d196_hh126
d176,d172_hh18
d176,d121_hh170
d176,d108_hh241
d176,d107_hh7
d176,d196_hh190
d176,d172_hh180
d176,d14_hh75
d176,d142_hh106
d176,d108_hh212
d176,d3_hh35
d176,d157_hh235
d176,d71_hh163
d176,d60_hh191
d176,d70_hh110
d176,d176_hh220
d176,d49_hh257
d176,d212_hh61
d176,d136_hh32
d176,d136_hh32
d176,d176_hh194
d176,d14_hh75
d176,d115_hh55
d176,d121_hh272
d176,d185_hh57
d176,d167_hh276
d176,d142_hh108
d176,d3_hh97
d176,d116_hh196
d176,d22_hh190
d176,d172_hh18
d176,d148_hh58
d176,d196_hh139
d176,d196_hh215
d176,d194_hh114
d176,d28_hh35
d176,d107_hh7
d176,d115_hh186
d176,d203_hh189
d176,d108_hh213
d176,d45_hh0
d176,d176_hh125
d176,d9_hh289
d176,d3_hh97
d176,d45_hh0
d176,d157_hh215
d176,d70_hh136
d176,d176_hh220
d176,d108_hh241
d176,d115_hh186
d176,d107_hh23
d176,d45_hh0
d176,d181_hh17
d176,d28_hh40
d176,d153_hh26
d176,d192_hh68
d176,d63_hh160
d176,d84_hh161
d176,d45_hh0
d176,d70_hh171
d176,d28_hh40
d176,d211_hh86
d176,d192_hh68
d176,d60_hh107
d176,d76_hh6
d176,d194_hh101
d176,d84_hh161
d176,d167_hh264
d176,d201_hh119
d176,d79_hh227
d176,d108_hh241
d176,d47_hh300
d176,d136_hh192
d176,d194_hh101
d176,d28_hh253
d176,d181_hh17
d176,d115_hh176
d176,d8_hh41
d176,d86_hh55
d176,d107_hh246
d176,d9_hh170
d176,d8_hh149
d176,d92_hh91
d176,d194_hh114
d176,d92_hh161
d176,d63_hh83
d176,d121_hh170
d176,d8_hh155
d176,d172_hh180
d176,d8_hh41
d176,d71_hh146
d176,d211_hh86
d176,d45_hh0
d176,d115_hh186
d176,d115_hh55
d176,d10_hh167
d176,d70_hh172
d176,d49_hh170
d176,d8_hh149
d176,d172_hh18
d176,d76_hh6
d176,d203_hh227
d176,d167_hh264
d176,d108_hh212
d176,d49_hh257
d176,d115_hh186
d176,d148_hh244
d176,d92_hh91
d176,d92_hh115
d176,d172_hh18
d176,d196_hh197
d176,d25_hh80
d176,d203_hh189
d176,d144_hh196
d176,d8_hh105
d176,d142_hh190
d176,d79_hh114
d176,d108_hh212
d176,d196_hh197
d176,d188_hh256
d176,d45_hh0
d176,d211_hh86
d176,d14_hh75
d176,d194_hh189
d176,d25_hh80
d176,d70_hh136
d176,d142_hh106
d176,d25_hh157
d176,d172_hh18
d176,d70_hh172
d176,d107_hh193
d176,d167_hh70
d176,d3_hh27
d176,d76_hh187
d176,d196_hh197
d176,d151_hh215
d176,d194_hh114
d176,d176_hh220
d176,d194_hh114
d176,d92_hh161
d176,d8_hh155
d176,d60_hh191
d176,d3_hh180
d176,d121_hh170
d176,d8_hh106
d176,d71_hh146
d176,d8_hh105
d176,d63_hh160
d176,d176_hh220
d176,d64_hh137
d176,d47_hh128
d176,d9_hh236
d176,d196_hh190
d176,d185_hh57
d176,d212_hh61
d176,d94_hh253
d176,d14_hh205
d176,d115_hh199
d176,d203_hh189
d176,d105_hh45
d176,d145_hh175
d176,d60_hh191
d176,d92_hh91
d176,d103_hh192
d176,d10_hh167
d176,d103_hh205
d176,d136_hh32
d176,d70_hh171
d176,d60_hh191
d176,d196_hh139
d176,d47_hh135
d176,d148_hh117
d176,d70_hh110
d176,d84_hh122
d176,d203_hh227
d176,d115_hh55
d176,d196_hh139
d176,d8_hh106
d176,d49_hh257
d176,d167_hh70
d176,d28_hh35
d176,d63_hh160
d176,d121_hh272
d176,d107_hh7
d176,d70_hh110
d176,d142_hh190
d176,d60_hh107
d176,d3_hh97
d176,d211_hh211
d176,d47_hh300
d176,d92_hh91
d176,d211_hh211
d176,d136_hh192
d176,d157_hh222
d176,d172_hh18
d176,d63_hh160
d176,d115_hh186
d176,d148_hh247
d176,d211_hh86
d176,d14_hh75
d176,d148_hh104
d176,d64_hh137
d176,d176_hh125
d176,d8_hh105
d176,d196_hh190
d176,d94_hh129
d176,d71_hh245
d176,d79_hh198
d176,d22_hh190
d176,d203_hh139
d176,d14_hh205
d176,d25_hh157
d176,d115_hh55
d176,d108_hh162
d176,d196_hh126
d176,d47_hh135
d176,d9_hh183
d176,d196_hh139
d176,d116_hh6
d176,d121_hh272
d176,d115_hh55
d176,d63_hh160
d176,d157_hh215
d176,d76_hh6
d176,d84_hh161
d176,d167_hh276
d176,d71_hh245
d176,d107_hh23
d176,d76_hh187
d176,d194_hh189
d176,d28_hh40
d176,d188_hh256
d176,d108_hh241
d176,d3_hh35
d176,d181_hh17
d176,d107_hh7
d176,d203_hh189
d176,d157_hh215
d176,d103_hh192
d176,d206_hh279
d188,d28_hh253
d188,d70_hh136
d188,d8_hh155
d188,d45_hh0
d188,d201_hh78
d188,d115_hh124
d188,d148_hh100
d188,d121_hh272
d188,d9_hh170
d188,d8_hh149
d188,d108_hh241
d188,d136_hh192
d188,d211_hh211
d188,d49_hh170
d188,d103_hh205
d188,d108_hh230
d188,d185_hh57
d188,d196_hh229
d188,d9_hh236
d188,d8_hh155
d188,d47_hh128
d188,d49_hh257
d188,d8_hh149
d188,d116_hh36
d188,d188_hh256
d188,d8_hh149
d188,d71_hh245
d188,d45_hh79
d188,d3_hh27
d188,d6_hh130
d188,d8_hh106
d188,d157_hh222
d188,d136_hh192
d188,d116_hh118
d188,d136_hh32
d188,d28_hh253
d188,d22_hh190
d188,d94_hh129
d188,d196_hh126
d188,d148_hh247
d188,d203_hh227
d188,d8_hh149
d188,d201_hh135
d188,d25_hh157
d188,d3_hh97
d188,d115_hh55
d188,d70_hh136
d188,d194_hh101
d188,d103_hh192
d188,d70_hh136
d188,d176_hh85
d188,d201_hh135
d188,d196_hh126
d188,d71_hh245
d188,d151_hh203
d188,d203_hh139
d188,d144_hh196
d188,d45_hh0
d188,d115_hh186
d188,d63_hh69
d188,d194_hh142
d188,d121_hh272
d188,d71_hh245
d188,d28_hh40
d188,d121_hh272
d188,d8_hh149
d188,d71_hh245
d188,d196_hh126
d188,d25_hh157
d188,d116_hh118
d188,d103_hh48
d188,d203_hh139
d188,d45_hh79
d188,d14_hh75
d188,d194_hh142
d188,d3_hh97
d188,d8_hh106
d188,d172_hh18
d188,d94_hh253
d188,d107_hh103
d188,d103_hh48
d188,d79_hh198
d188,d167_hh70
d188,d8_hh41
d188,d108_hh213
d188,d108_hh241
d188,d212_hh61
d188,d86_hh55
d188,d107_hh103
d188,d212_hh61
d188,d107_hh7
d188,d103_hh48
d188,d22_hh176
d188,d8_hh155
d188,d25_hh157
d188,d194_hh189
d188,d76_hh193
d188,d176_hh92
d188,d71_hh245
d188,d22_hh190
d188,d107_hh7
d188,d188_hh256
d188,d45_hh0
d188,d28_hh253
d188,d6_hh155
d188,d63_hh131
d188,d63_hh131
d188,d203_hh227
d188,d108_hh241
d188,d194_hh189
d188,d28_hh40
d188,d194_hh40
d188,d181_hh225
d188,d176_hh194
d188,d70_hh110
d188,d70_hh172
d188,d142_hh106
d188,d84_hh161
d188,d194_hh40
d188,d8_hh106
d188,d212_hh61
d188,d70_hh110
d188,d63_hh69
d188,d79_hh227
d188,d211_hh211
d188,d108_hh241
d188,d192_hh68
d188,d28_hh40
d188,d60_hh108
d188,d211_hh211
d188,d196_hh197
d188,d153_hh100
d188,d79_hh255
d188,d71_hh163
d188,d8_hh149
d188,d14_hh75
d188,d84_hh161
d188,d22_hh176
d188,d49_hh257
d188,d121_hh272
d188,d194_hh189
d188,d201_hh119
d188,d192_hh39
d188,d9_hh170
d188,d49_hh257
d188,d107_hh7
d188,d79_hh255
d188,d148_hh117
d188,d167_hh70
d188,d203_hh189
d188,d176_hh194
d188,d14_hh205
d188,d63_hh83
d188,d45_hh0
d188,d201_hh119
d188,d107_hh7
d188,d92_hh115
d188,d63_hh83
d188,d201_hh135
d188,d211_hh211
d188,d136_hh32
d188,d142_hh190
d188,d108_hh162
d188,d14_hh67
d188,d148_hh244
d188,d167_hh70
d188,d148_hh117
d188,d28_hh40
d188,d107_hh258
d188,d203_hh227
d188,d116_hh36
d188,d211_hh86
d188,d196_hh139
d188,d14_hh67
d188,d8_hh149
d188,d45_hh0
d188,d25_hh157
d188,d136_hh192
d188,d79_hh198
d188,d70_hh136
d188,d196_hh126
d188,d121_hh272
d188,d115_hh55
d188,d84_hh161
d188,d136_hh32
d188,d157_hh215
d188,d194_hh40
d188,d84_hh161
d188,d144_hh253
d188,d136_hh89
d188,d70_hh136
d188,d60_hh191
d188,d9_hh170
d188,d108_hh212
d188,d14_hh75
d188,d25_hh157
d188,d108_hh212
d188,d25_hh157
d188,d22_hh176
d188,d8_hh106
d188,d25_hh157
d188,d63_hh131
d188,d9_hh236
d188,d167_hh276
d188,d14_hh75
d188,d121_hh170
d188,d25_hh157
d188,d194_hh114
d188,d108_hh162
d188,d121_hh272
d188,d63_hh160
d188,d167_hh70
d188,d8_hh155
d188,d70_hh110
d188,d203_hh227
d188,d92_hh115
d188,d108_hh241
d188,d107_hh23
d188,d25_hh157
d188,d203_hh227
d188,d63_hh160
d188,d47_hh128
d188,d107_hh103
d188,d167_hh11
d188,d108_hh162
d188,d14_hh75
d188,d194_hh189
d188,d70_hh110
d188,d6_hh155
d188,d157_hh215
d188,d167_hh11
d188,d79_hh227
d188,d148_hh117
d188,d108_hh212
d188,d121_hh170
d188,d3_hh180
d188,d9_hh236
d188,d145_hh175
d188,d25_hh80
d188,d60_hh191
d188,d70_hh172
d188,d8_hh106
d188,d107_hh103
d188,d49_hh257
d188,d49_hh257
d188,d142_hh190
d188,d8_hh106
d188,d153_hh100
d188,d201_hh78
d188,d142_hh106
d188,d188_hh256
d188,d70_hh110
d188,d105_hh45
d188,d8_hh149
d188,d108_hh230
d188,d108_hh162
d188,d92_hh115
d188,d70_hh172
d188,d45_hh79
d179,d82_hh231
d179,d112_hh176
d179,d59_hh132
d179,d11_hh132
d179,d77_hh156
d179,d195_hh97
d179,d101_hh182
d179,d122_hh112
d179,d21_hh21
d179,d66_hh154
d179,d7_hh124
d179,d82_hh256
d179,d87_hh38
d179,d109_hh209
d179,d69_hh274
d179,d111_hh206
d179,d56_hh89
d179,d122_hh271
d179,d125_hh189
d179,d39_hh96
d179,d58_hh81
d179,d56_hh89
d179,d65_hh75
d179,d20_hh48
d179,d178_hh263
d179,d58_hh81
d179,d21_hh25
d179,d215_hh157
d179,d7_hh64
d179,d15_hh188
d179,d141_hh6
d179,d112_hh17
d179,d191_hh179
d179,d141_hh6
d179,d205_hh217
d179,d21_hh21
d179,d18_hh80
d179,d56_hh89
d179,d44_hh283
d179,d13_hh157
d179,d143_hh224
d179,d82_hh256
d179,d93_hh80
d179,d33_hh266
d179,d38_hh101
d179,d202_hh111
d179,d58_hh108
d179,d158_hh34
d179,d51_hh186
d179,d46_hh57
d179,d4_hh212
d179,d124_hh126
d179,d149_hh61
d179,d75_hh15
d179,d112_hh177
d179,d73_hh84
d179,d156_hh181
d179,d55_hh246
d179,d77_hh156
d179,d184_hh206
d179,d73_hh151
d179,d191_hh190
d179,d69_hh13
d179,d42_hh251
d179,d119_hh50
d179,d69_hh55
d179,d5_hh117
d179,d53_hh249
d179,d83_hh67
d179,d210_hh87
d179,d51_hh177
d179,d149_hh237
d179,d85_hh218
d179,d4_hh212
d179,d112_hh31
d179,d184_hh11
d179,d35_hh224
d179,d208_hh137
d179,d35_hh104
d179,d141_hh194
d179,d32_hh19
d179,d23_hh236
d179,d21_hh25
d179,d195_hh97
d179,d65_hh67
d179,d88_hh108
d179,d215_hh157
d179,d135_hh219
d179,d44_hh187
d179,d156_hh218
d179,d114_hh2
d179,d190_hh38
d179,d43_hh67
d179,d82_hh115
d179,d69_hh13
d179,d102_hh228
d179,d208_hh137
d179,d73_hh7
d179,d102_hh228
d179,d141_hh6
d179,d20_hh48
d179,d114_hh12
d179,d184_hh11
d179,d96_hh8
d179,d69_hh274
d179,d134_hh118
d179,d109_hh209
d179,d134_hh31
d179,d55_hh246
d179,d191_hh179
d179,d161_hh110
d179,d129_hh209
d179,d93_hh66
d179,d62_hh167
d179,d158_hh34
d179,d214_hh166
d179,d7_hh124
d179,d179_hh28
d179,d200_hh51
d179,d147_hh167
d179,d33_hh266
d179,d150_hh168
d179,d100_hh65
d179,d193_hh61
d179,d55_hh226
d179,d141_hh235
d179,d163_hh115
d179,d139_hh9
d179,d78_hh123
d179,d69_hh274
d179,d123_hh83
d179,d137_hh216
d179,d35_hh104
d179,d179_hh41
d179,d97_hh75
d179,d55_hh246
d179,d32_hh203
d179,d200_hh51
d179,d88_hh235
d179,d35_hh224
d179,d16_hh218
d179,d184_hh11
d179,d21_hh16
d179,d91_hh241
d179,d132_hh233
d179,d117_hh126
d179,d24_hh177
d179,d88_hh235
d179,d126_hh156
d179,d205_hh217
d179,d174_hh97
d179,d48_hh119
d179,d150_hh8
d179,d124_hh223
d179,d20_hh48
d179,d204_hh231
d179,d53_hh249
d179,d126_hh44
d179,d137_hh109
d179,d149_hh61
d179,d126_hh44
d179,d56_hh63
d179,d51_hh186
d179,d62_hh18
d179,d175_hh181
d179,d149_hh237
d179,d51_hh49
d179,d32_hh60
d179,d141_hh6
d179,d141_hh152
d179,d41_hh74
d179,d141_hh209
d179,d214_hh184
d179,d97_hh20
d179,d139_hh251
d179,d184_hh206
d179,d135_hh57
d179,d30_hh44
d179,d120_hh272
d179,d55_hh246
d179,d141_hh6
d179,d190_hh182
d179,d141_hh6
d179,d164_hh249
d179,d109_hh209
d179,d73_hh33
d179,d140_hh260
d179,d198_hh78
d179,d32_hh60
d179,d204_hh173
d179,d16_hh75
d179,d131_hh204
d179,d119_hh50
d179,d106_hh24
d179,d83_hh67
d179,d88_hh108
d179,d161_hh238
d179,d193_hh67
d179,d93_hh80
d179,d110_hh172
d179,d73_hh197
d179,d112_hh17
d179,d190_hh106
d179,d162_hh113
d179,d80_hh6
d179,d202_hh17
d179,d66_hh131
d179,d82_hh41
d179,d99_hh230
d179,d150_hh168
d179,d44_hh283
d179,d32_hh203
d179,d73_hh197
d179,d137_hh201
d179,d19_hh147
d179,d85_hh218
d179,d48_hh176
d179,d88_hh3
d179,d160_hh59
d179,d114_hh2
d179,d141_hh235
d179,d44_hh163
d179,d124_hh118
d179,d170_hh63
d179,d66_hh179
d179,d191_hh190
d179,d190_hh173
d179,d88_hh108
d179,d149_hh61
d179,d21_hh21
d179,d51_hh285
d179,d135_hh191
d179,d61_hh246
d179,d204_hh158
d179,d139_hh251
d179,d15_hh97
d179,d65_hh115
d179,d120_hh268
d179,d126_hh233
d179,d205_hh54
d179,d74_hh11
d179,d137_hh216
d179,d128_hh297
d179,d110_hh201
d179,d58_hh108
d179,d131_hh14
d179,d175_hh181
d179,d187_hh291
d179,d124_hh118
d179,d122_hh112
d179,d85_hh214
d179,d19_hh147
d179,d132_hh233
d179,d132_hh233
d179,d160_hh104
d179,d51_hh285
d179,d141_hh6
d179,d39_hh96
d179,d30_hh44
d179,d130_hh273
d179,d11_hh132
d179,d190_hh182
d179,d147_hh167
d179,d55_hh246
d179,d131_hh41
d179,d120_hh45
d179,d168_hh34
d179,d191_hh179
d179,d41_hh181
d179,d184_hh210
d179,d55_hh229
d179,d85_hh214
d179,d74_hh108
d179,d26_hh63
d179,d102_hh284
d182,d38_hh95
d182,d13_hh263
d182,d74_hh109
d182,d134_hh7
d182,d122_hh181
d182,d214_hh171
d182,d51_hh186
d182,d169_hh247
d182,d198_hh40
d182,d50_hh90
d182,d39_hh96
d182,d160_hh211
d182,d34_hh166
d182,d190_hh38
d182,d53_hh249
d182,d59_hh132
d182,d74_hh109
d182,d81_hh87
d182,d82_hh231
d182,d184_hh210
d182,d40_hh111
d182,d139_hh251
d182,d56_hh177
d182,d55_hh190
d182,d16_hh200
d182,d160_hh179
d182,d124_hh167
d182,d124_hh125
d182,d163_hh44
d182,d134_hh7
d182,d132_hh233
d182,d118_hh188
d182,d120_hh118
d182,d124_hh125
d182,d51_hh285
d182,d91_hh241
d182,d55_hh246
d182,d41_hh254
d182,d168_hh265
d182,d129_hh209
d182,d193_hh61
d182,d93_hh66
d182,d43_hh27
d182,d51_hh285
d182,d55_hh190
d182,d55_hh246
d182,d93_hh66
d182,d179_hh28
d182,d128_hh43
d182,d149_hh61
d182,d66_hh131
d182,d149_hh61
d182,d161_hh238
d182,d33_hh64
d182,d81_hh81
d182,d195_hh52
d182,d156_hh181
d182,d208_hh137
d182,d118_hh262
d182,d126_hh184
d182,d88_hh118
d182,d39_hh96
d182,d187_hh30
d182,d191_hh30
d182,d215_hh82
d182,d75_hh15
d182,d99_hh38
d182,d112_hh176
d182,d162_hh113
d182,d93_hh184
d182,d18_hh6
d182,d146_hh88
d182,d11_hh244
d182,d51_hh49
d182,d53_hh249
d182,d126_hh233
d182,d35_hh224
d182,d74_hh108
d182,d126_hh156
d182,d34_hh166
d182,d202_hh17
d182,d4_hh212
d182,d42_hh38
d182,d78_hh234
d182,d35_hh211
d182,d78_hh123
d182,d82_hh41
d182,d69_hh209
d182,d43_hh67
d182,d156_hh151
d182,d7_hh240
d182,d125_hh189
d182,d128_hh184
d182,d134_hh118
d182,d44_hh65
d182,d23_hh236
d182,d62_hh18
d182,d21_hh16
d182,d59_hh251
d182,d174_hh97
d182,d51_hh285
d182,d61_hh79
d182,d20_hh44
d182,d135_hh219
d182,d141_hh194
d182,d66_hh193
d182,d91_hh100
d182,d85_hh218
d182,d124_hh126
d182,d38_hh172
d182,d179_hh242
d182,d150_hh8
d182,d97_hh75
d182,d75_hh15
d182,d163_hh44
d182,d130_hh177
d182,d11_hh79
d182,d32_hh60
d182,d140_hh260
d182,d187_hh291
d182,d43_hh27
d182,d124_hh125
d182,d42_hh38
d182,d210_hh262
d182,d11_hh26
d182,d62_hh18
d182,d141_hh235
d182,d120_hh57
d182,d88_hh3
d182,d11_hh244
d182,d111_hh29
d182,d184_hh210
d182,d59_hh132
d182,d202_hh17
d182,d1_hh15
d182,d50_hh195
d182,d99_hh38
d182,d69_hh209
d182,d184_hh206
d182,d135_hh78
d182,d11_hh214
d182,d16_hh218
d182,d61_hh246
d182,d88_hh267
d182,d128_hh273
d182,d214_hh252
d182,d137_hh216
d182,d88_hh118
d182,d65_hh75
d182,d132_hh233
d182,d130_hh177
d182,d16_hh218
d182,d214_hh255
d182,d104_hh7
d182,d97_hh75
d182,d124_hh126
d182,d195_hh52
d182,d66_hh193
d182,d34_hh12
d182,d120_hh272
d182,d205_hh217
d182,d96_hh8
d182,d161_hh229
d182,d169_hh148
d182,d164_hh249
d182,d110_hh236
d182,d32_hh151
d182,d109_hh209
d182,d48_hh176
d182,d48_hh119
d182,d77_hh40
d182,d128_hh180
d182,d59_hh132
d182,d46_hh57
d182,d141_hh209
d182,d44_hh65
d182,d56_hh166
d182,d141_hh209
d182,d50_hh112
d182,d191_hh275
d182,d215_hh82
d182,d204_hh173
d182,d191_hh179
d182,d129_hh94
d182,d61_hh79
d182,d117_hh126
d182,d214_hh171
d182,d150_hh168
d182,d214_hh171
d182,d195_hh97
d182,d41_hh74
d182,d5_hh117
d182,d112_hh31
d182,d38_hh49
d182,d126_hh156
d182,d41_hh53
d182,d59_hh162
d182,d18_hh6
d182,d118_hh262
d182,d131_hh212
d182,d73_hh84
d182,d195_hh52
d182,d11_hh132
d182,d56_hh89
d182,d137_hh201
d182,d174_hh85
d182,d61_hh79
d182,d91_hh241
d182,d152_hh187
d182,d59_hh251
d182,d109_hh168
d182,d44_hh283
d182,d168_hh265
d182,d88_hh191
d182,d13_hh263
d182,d38_hh95
d182,d191_hh275
d182,d32_hh60
d182,d130_hh277
d182,d168_hh30
d182,d150_hh253
d182,d140_hh260
d182,d40_hh111
d182,d78_hh123
d182,d163_hh115
d182,d164_hh78
d182,d74_hh212
d182,d156_hh151
d182,d85_hh218
d182,d82_hh256
d182,d1_hh234
d182,d56_hh177
d182,d117_hh126
d182,d149_hh61
d182,d150_hh253
d182,d46_hh57
d182,d74_hh109
d182,d160_hh179
d182,d78_hh9
d182,d69_hh274
d182,d73_hh153
d182,d135_hh57
d182,d169_hh148
d182,d118_hh262
d182,d140_hh195
d182,d168_hh265
d182,d101_hh186
d182,d202_hh17
d182,d131_hh41
d182,d138_hh10
d182,d81_hh87
d182,d96_hh8
d182,d18_hh6
d182,d120_hh268
d182,d109_hh168
d182,d33_hh64
d182,d32_hh151
d181,d107_hh23
d181,d116_hh118
d181,d107_hh103
d181,d136_hh89
d181,d25_hh157
d181,d70_hh172
d181,d121_hh272
d181,d115_hh176
d181,d194_hh114
d181,d148_hh244
d181,d153_hh100
d181,d116_hh6
d181,d8_hh106
d181,d103_hh192
d181,d153_hh100
d181,d180_hh254
d181,d108_hh162
d181,d8_hh155
d181,d194_hh114
d181,d94_hh129
d181,d108_hh212
d181,d8_hh106
d181,d107_hh258
d181,d10_hh167
d181,d176_hh220
d181,d144_hh253
d181,d157_hh16
d181,d115_hh186
d181,d203_hh227
d181,d70_hh171
d181,d94_hh129
d181,d212_hh252
d181,d14_hh75
d181,d108_hh230
d181,d189_hh268
d181,d176_hh220
d181,d151_hh215
d181,d14_hh205
d181,d172_hh18
d181,d94_hh137
d181,d108_hh162
d181,d211_hh211
d181,d92_hh161
d181,d194_hh114
d181,d107_hh258
d181,d8_hh155
d181,d47_hh300
d181,d157_hh16
d181,d103_hh48
d181,d76_hh187
d181,d194_hh189
d181,d70_hh172
d181,d136_hh192
d181,d25_hh80
d181,d203_hh189
d181,d103_hh48
d181,d45_hh0
d181,d45_hh79
d181,d8_hh105
d181,d145_hh175
d181,d70_hh110
d181,d103_hh48
d181,d107_hh23
d181,d211_hh211
d181,d181_hh17
d181,d201_hh78
d181,d8_hh106
d181,d49_hh257
d181,d103_hh192
d181,d94_hh253
d181,d28_hh253
d181,d70_hh136
d181,d196_hh126
d181,d108_hh230
d181,d115_hh124
d181,d145_hh175
d181,d92_hh161
d181,d201_hh78
d181,d49_hh257
d181,d25_hh157
d181,d49_hh257
d181,d196_hh126
d181,d157_hh222
d181,d25_hh157
d181,d14_hh75
d181,d201_hh135
d181,d201_hh119
d181,d107_hh246
d181,d70_hh76
d181,d79_hh198
d181,d60_hh108
d181,d107_hh103
d181,d192_hh68
d181,d176_hh125
d181,d8_hh105
d181,d194_hh40
d181,d145_hh175
d181,d167_hh264
d181,d167_hh276
d181,d136_hh192
d181,d201_hh78
d181,d103_hh63
d181,d203_hh172
d181,d94_hh253
d181,d107_hh7
d181,d115_hh55
d181,d71_hh146
d181,d84_hh161
d181,d70_hh110
d181,d203_hh139
d181,d63_hh131
d181,d108_hh241
d181,d25_hh157
d181,d203_hh227
d181,d142_hh190
d181,d142_hh190
d181,d28_hh40
d181,d180_hh254
d181,d136_hh192
d181,d121_hh170
d181,d116_hh36
d181,d211_hh211
d181,d176_hh220
d181,d8_hh155
d181,d148_hh244
d181,d14_hh75
d181,d76_hh187
d181,d176_hh194
d181,d14_hh67
d181,d108_hh212
d181,d148_hh244
d181,d212_hh61
d181,d176_hh220
d181,d142_hh190
d181,d194_hh114
d181,d211_hh211
d181,d103_hh192
d181,d194_hh142
d181,d71_hh146
d181,d196_hh126
d181,d142_hh106
d181,d60_hh108
d181,d115_hh55
d181,d211_hh211
d181,d45_hh0
d181,d108_hh241
d181,d86_hh55
d181,d108_hh241
d181,d167_hh276
d181,d6_hh155
d181,d86_hh55
d181,d167_hh276
d181,d25_hh157
d181,d22_hh190
d181,d212_hh61
d181,d70_hh171
d181,d192_hh39
d181,d142_hh269
d181,d25_hh157
d181,d103_hh192
d181,d148_hh58
d181,d167_hh70
d181,d196_hh126
d181,d116_hh196
d181,d108_hh241
d181,d86_hh55
d181,d176_hh125
d181,d115_hh124
d181,d108_hh162
d181,d25_hh157
d181,d70_hh110
d181,d37_hh159
d181,d94_hh129
d181,d47_hh128
d181,d28_hh40
d181,d28_hh35
d181,d103_hh63
d181,d14_hh75
d181,d49_hh219
d181,d201_hh78
d181,d167_hh70
d181,d194_hh114
d181,d45_hh0
d181,d194_hh114
d181,d8_hh41
d181,d196_hh126
d181,d14_hh75
d181,d107_hh258
d181,d45_hh79
d181,d60_hh191
d181,d22_hh190
d181,d142_hh106
d181,d63_hh69
d181,d201_hh135
d181,d145_hh175
d181,d45_hh0
d181,d8_hh41
d181,d121_hh272
d181,d157_hh222
d181,d60_hh191
d181,d142_hh190
d181,d76_hh6
d181,d151_hh215
d181,d28_hh35
d181,d145_hh175
d181,d194_hh189
d181,d148_hh104
d181,d63_hh160
d181,d8_hh41
d181,d115_hh199
d181,d167_hh70
d181,d22_hh176
d181,d108_hh212
d181,d14_hh67
d181,d71_hh146
d181,d144_hh289
d181,d70_hh136
d181,d94_hh253
d181,d121_hh272
d181,d22_hh190
d181,d194_hh189
d181,d45_hh79
d181,d194_hh40
d181,d196_hh215
d181,d108_hh241
d181,d49_hh103
d181,d167_hh11
d181,d151_hh203
d181,d8_hh149
d181,d176_hh194
d181,d76_hh6
d181,d3_hh35
d181,d108_hh241
d181,d14_hh205
d181,d185_hh143
d181,d144_hh289
d181,d63_hh83
d181,d60_hh191
d181,d189_hh268
d181,d6_hh77
d181,d8_hh105
d181,d3_hh97
d181,d63_hh83
d181,d71_hh146
d181,d153_hh26
d181,d176_hh220
d181,d115_hh186
d181,d206_hh279
d181,d136_hh32
d181,d8_hh155
d181,d115_hh186
d181,d167_hh264
d181,d136_hh192
d181,d107_hh23
d181,d3_hh35
d181,d3_hh180
d181,d148_hh100
d181,d108_hh212
d181,d71_hh163
d181,d49_hh257
d181,d107_hh7
d181,d25_hh80
d181,d84_hh161
d181,d167_hh11
d181,d148_hh247
d181,d167_hh11
d181,d9_hh183
d181,d63_hh69
d180,d14_hh75
d180,d144_hh289
d180,d103_hh63
d180,d144_hh289
d180,d70_hh171
d180,d10_hh167
d180,d63_hh69
d180,d144_hh289
d180,d172_hh180
d180,d9_hh170
d180,d79_hh114
d180,d181_hh225
d180,d206_hh279
d180,d25_hh80
d180,d9_hh289
d180,d144_hh253
d180,d49_hh103
d180,d71_hh163
d180,d167_hh276
d180,d176_hh125
d180,d84_hh122
d180,d167_hh11
d180,d153_hh26
d180,d157_hh215
d180,d14_hh75
d180,d194_hh40
d180,d144_hh196
d180,d189_hh268
d180,d3_hh180
d180,d157_hh235
d180,d60_hh107
d180,d144_hh253
d180,d189_hh268
d180,d148_hh58
d180,d115_hh186
d180,d84_hh122
d180,d144_hh253
d180,d107_hh23
d180,d115_hh199
d180,d8_hh155
d180,d142_hh269
d180,d194_hh101
d180,d10_hh167
d180,d145_hh175
d180,d84_hh122
d180,d60_hh107
d180,d22_hh190
d180,d49_hh103
d180,d107_hh246
d180,d3_hh97
d180,d180_hh254
d180,d194_hh142
d180,d64_hh137
d180,d145_hh175
d180,d9_hh170
d180,d185_hh143
d180,d157_hh222
d180,d14_hh67
d180,d151_hh215
d180,d153_hh100
d180,d151_hh203
d180,d49_hh219
d180,d71_hh245
d180,d144_hh289
d180,d176_hh125
d180,d196_hh215
d180,d60_hh108
d180,d84_hh161
d180,d105_hh45
d180,d10_hh167
d180,d167_hh264
d180,d196_hh126
d180,d27_hh269
d180,d196_hh229
d180,d185_hh143
d180,d71_hh245
d180,d151_hh215
d180,d157_hh235
d180,d176_hh92
d180,d194_hh101
d180,d212_hh61
d180,d49_hh257
d180,d176_hh194
d180,d27_hh269
d180,d63_hh69
d180,d192_hh39
d180,d176_hh85
d180,d153_hh96
d180,d176_hh125
d180,d116_hh118
d180,d136_hh89
d180,d63_hh160
d180,d148_hh117
d180,d176_hh92
d180,d167_hh264
d180,d25_hh80
d180,d212_hh155
d180,d8_hh149
d180,d121_hh170
d180,d94_hh129
d180,d28_hh40
d180,d211_hh86
d180,d148_hh100
d180,d103_hh63
d180,d107_hh103
d180,d115_hh176
d180,d14_hh205
d180,d76_hh187
d180,d22_hh176
d180,d153_hh96
d180,d3_hh180
d180,d180_hh254
d180,d211_hh86
d180,d45_hh0
d180,d47_hh135
d180,d70_hh110
d180,d203_hh189
d180,d71_hh245
d180,d37_hh159
d180,d103_hh63
d180,d107_hh103
d180,d153_hh100
d180,d92_hh91
d180,d148_hh58
d180,d136_hh89
d180,d211_hh86
d180,d172_hh18
d180,d176_hh194
d180,d45_hh79
d180,d3_hh27
d180,d28_hh40
d180,d194_hh101
d180,d84_hh161
d180,d172_hh180
d180,d181_hh225
d180,d167_hh11
d180,d151_hh203
d180,d192_hh68
d180,d176_hh92
d180,d136_hh89
d180,d116_hh118
d180,d6_hh155
d180,d37_hh159
d180,d115_hh176
d180,d211_hh211
d180,d3_hh180
d180,d105_hh45
d180,d103_hh63
d180,d212_hh155
d180,d157_hh16
d180,d176_hh92
d180,d136_hh32
d180,d188_hh256
d180,d136_hh89
d180,d6_hh77
d180,d151_hh203
d180,d84_hh161
d180,d70_hh171
d180,d71_hh146
d180,d107_hh23
d180,d27_hh269
d180,d14_hh67
d180,d151_hh215
d180,d121_hh170
d180,d107_hh103
d180,d136_hh32
d180,d71_hh163
d180,d28_hh40
d180,d63_hh83
d180,d49_hh257
d180,d115_hh176
d180,d116_hh196
d180,d76_hh187
d180,d181_hh225
d180,d6_hh130
d180,d9_hh170
d180,d206_hh279
d180,d144_hh253
d180,d148_hh117
d180,d206_hh279
d180,d60_hh108
d180,d194_hh40
d180,d103_hh63
d180,d9_hh236
d180,d151_hh215
d180,d103_hh63
d180,d70_hh172
d180,d107_hh258
d180,d148_hh117
d180,d176_hh125
d180,d76_hh6
d180,d107_hh193
d180,d107_hh246
d180,d148_hh100
d180,d142_hh108
d180,d116_hh36
d180,d116_hh118
d180,d28_hh40
d180,d45_hh0
d180,d8_hh106
d180,d71_hh146
d180,d167_hh11
d180,d60_hh108
d180,d196_hh190
d180,d103_hh63
d180,d10_hh167
d180,d27_hh269
d180,d76_hh193
d180,d10_hh167
d180,d79_hh227
d180,d45_hh79
d180,d116_hh6
d180,d115_hh199
d180,d25_hh80
d180,d3_hh97
d180,d70_hh171
d180,d121_hh170
d180,d176_hh125
d180,d136_hh89
d180,d172_hh180
d180,d142_hh108
d180,d22_hh176
d180,d47_hh300
d180,d144_hh196
d180,d103_hh48
d180,d6_hh130
d180,d108_hh212
d180,d212_hh252
d180,d180_hh254
d180,d14_hh75
d180,d116_hh6
d180,d145_hh175
d180,d70_hh136
d180,d64_hh137
d180,d194_hh142
d180,d167_hh11
d180,d22_hh190
d180,d181_hh17
d180,d47_hh135
d180,d14_hh75
d180,d8_hh105
d180,d10_hh167
d180,d148_hh100
d180,d84_hh122
d180,d107_hh23
d180,d84_hh161
d180,d47_hh135
d180,d9_hh289
d180,d14_hh75
d180,d180_hh254
d180,d181_hh17
d180,d63_hh83
d180,d94_hh246
d180,d181_hh17
d180,d92_hh161
d180,d63_hh83
d180,d157_hh222
d180,d176_hh85
d180,d8_hh105
d180,d196_hh126
d180,d94_hh137
d180,d107_hh23
d180,d71_hh163
d180,d8_hh41
d180,d94_hh246
d180,d192_hh68
d180,d148_hh244
d180,d107_hh246
d180,d167_hh264
d180,d180_hh254
d180,d9_hh289
d180,d9_hh236
d180,d145_hh175
d180,d14_hh205
d180,d185_hh57
d180,d167_hh264
d180,d148_hh247
d180,d116_hh118
d183,d55_hh190
d183,d156_hh218
d183,d91_hh79
d183,d205_hh217
d183,d139_hh251
d183,d77_hh40
d183,d93_hh80
d183,d73_hh153
d183,d44_hh283
d183,d4_hh212
d183,d91_hh79
d183,d160_hh38
d183,d174_hh97
d183,d74_hh109
d183,d55_hh226
d183,d156_hh153
d183,d112_hh17
d183,d131_hh212
d183,d41_hh72
d183,d190_hh32
d183,d11_hh214
d183,d82_hh256
d183,d99_hh38
d183,d104_hh7
d183,d175_hh239
d183,d162_hh67
d183,d131_hh212
d183,d140_hh195
d183,d74_hh11
d183,d56_hh63
d183,d104_hh7
d183,d125_hh189
d183,d44_hh35
d183,d31_hh135
d183,d11_hh214
d183,d208_hh221
d183,d171_hh189
d183,d195_hh97
d183,d66_hh13
d183,d56_hh166
d183,d141_hh6
d183,d50_hh112
d183,d93_hh66
d183,d91_hh113
d183,d169_hh148
d183,d210_hh87
d183,d44_hh187
d183,d135_hh57
d183,d208_hh221
d183,d126_hh184
d183,d205_hh54
d183,d191_hh179
d183,d51_hh177
d183,d40_hh7
d183,d158_hh85
d183,d161_hh250
d183,d75_hh15
d183,d44_hh35
d183,d91_hh98
d183,d21_hh25
d183,d42_hh251
d183,d13_hh263
d183,d183_hh93
d183,d114_hh12
d183,d53_hh23
d183,d40_hh7
d183,d15_hh97
d183,d208_hh221
d183,d135_hh57
d183,d110_hh236
d183,d174_hh6
d183,d214_hh255
d183,d120_hh57
d183,d169_hh115
d183,d93_hh184
d183,d202_hh17
d183,d210_hh262
d183,d50_hh112
d183,d66_hh13
d183,d24_hh177
d183,d65_hh75
d183,d208_hh221
d183,d195_hh52
d183,d55_hh229
d183,d139_hh251
d183,d34_hh166
d183,d41_hh74
d183,d11_hh26
d183,d65_hh67
d183,d117_hh245
d183,d61_hh79
d183,d160_hh38
d183,d202_hh222
d183,d65_hh75
d183,d97_hh75
d183,d184_hh206
d183,d73_hh197
d183,d55_hh12
d183,d23_hh236
d183,d31_hh135
d183,d143_hh82
d183,d88_hh267
d183,d208_hh221
d183,d204_hh231
d183,d190_hh32
d183,d112_hh17
d183,d44_hh163
d183,d195_hh31
d183,d170_hh228
d183,d69_hh274
d183,d100_hh164
d183,d118_hh88
d183,d111_hh29
d183,d160_hh97
d183,d100_hh164
d183,d56_hh63
d183,d118_hh175
d183,d88_hh267
d183,d131_hh204
d183,d122_hh271
d183,d208_hh221
d183,d91_hh241
d183,d124_hh223
d183,d43_hh67
d183,d150_hh8
d183,d46_hh57
d183,d53_hh249
d183,d50_hh112
d183,d55_hh246
d183,d122_hh112
d183,d46_hh57
d183,d73_hh197
d183,d85_hh214
d183,d190_hh38
d183,d202_hh222
d183,d164_hh220
d183,d96_hh8
d183,d122_hh210
d183,d61_hh79
d183,d135_hh191
d183,d39_hh55
d183,d41_hh74
d183,d215_hh82
d183,d90_hh214
d183,d74_hh212
d183,d42_hh263
d183,d50_hh195
d183,d170_hh273
d183,d155_hh206
d183,d69_hh274
d183,d119_hh107
d183,d137_hh201
d183,d53_hh249
d183,d135_hh57
d183,d38_hh101
d183,d169_hh115
d183,d198_hh40
d183,d141_hh6
d183,d139_hh27
d183,d65_hh115
d183,d112_hh176
d183,d101_hh186
d183,d208_hh137
d183,d30_hh132
d183,d38_hh95
d183,d168_hh265
d183,d156_hh19
d183,d44_hh283
d183,d209_hh40
d183,d51_hh285
d183,d48_hh119
d183,d42_hh38
d183,d191_hh179
d183,d38_hh172
d183,d85_hh214
d183,d137_hh109
d183,d214_hh171
d183,d117_hh245
d183,d112_hh31
d183,d43_hh27
d183,d82_hh231
d183,d193_hh67
d183,d106_hh24
d183,d126_hh156
d183,d174_hh6
d183,d126_hh156
d183,d88_hh267
d183,d184_hh11
d183,d175_hh181
d183,d102_hh228
d183,d82_hh231
d183,d160_hh38
d183,d41_hh53
d183,d44_hh170
d183,d131_hh14
d183,d120_hh268
d183,d168_hh265
d183,d160_hh232
d183,d210_hh267
d183,d61_hh246
d183,d169_hh115
d183,d46_hh228
d183,d66_hh154
d183,d11_hh244
d183,d32_hh101
d183,d161_hh250
d183,d11_hh240
d183,d128_hh180
d183,d99_hh44
d183,d124_hh126
d183,d96_hh8
d183,d26_hh63
d183,d146_hh114
d183,d131_hh212
d183,d74_hh108
d183,d123_hh83
d183,d41_hh181
d183,d44_hh283
d183,d41_hh181
d183,d11_hh244
d183,d33_hh64
d183,d97_hh75
d183,d187_hh32
d183,d11_hh240
d183,d175_hh239
d183,d56_hh177
d183,d179_hh267
d183,d149_hh30
d183,d129_hh209
d183,d55_hh246
d183,d44_hh35
d183,d32_hh203
d183,d18_hh91
d183,d38_hh101
d183,d83_hh67
d183,d32_hh203
d183,d156_hh151
d183,d56_hh166
d183,d29_hh167
d183,d184_hh206
d183,d18_hh91
d183,d16_hh201
d183,d91_hh113
d183,d170_hh228
d183,d118_hh175
d183,d99_hh230
d183,d135_hh219
d183,d174_hh85
d183,d179_hh242
d183,d102_hh228
d183,d97_hh75
d183,d147_hh167
d183,d75_hh15
d183,d50_hh112
d183,d69_hh209
d183,d215_hh157
d183,d190_hh38
d183,d13_hh157
d183,d91_hh32
d183,d128_hh297
d183,d179_hh41
d196,d25_hh80
d196,d167_hh11
d196,d142_hh108
d196,d28_hh40
d196,d63_hh83
d196,d60_hh108
d196,d79_hh227
d196,d3_hh180
d196,d8_hh155
d196,d8_hh149
d196,d10_hh167
d196,d60_hh107
d196,d172_hh180
d196,d6_hh130
d196,d3_hh180
d196,d107_hh246
d196,d148_hh117
d196,d176_hh92
d196,d211_hh86
d196,d49_hh170
d196,d45_hh0
d196,d79_hh227
d196,d145_hh175
d196,d94_hh246
d196,d70_hh171
d196,d121_hh170
d196,d194_hh142
d196,d115_hh199
d196,d176_hh194
d196,d136_hh192
d196,d49_hh103
d196,d203_hh172
d196,d71_hh163
d196,d153_hh96
d196,d180_hh254
d196,d76_hh187
d196,d64_hh137
d196,d76_hh6
d196,d167_hh276
d196,d64_hh137
d196,d116_hh196
d196,d28_hh40
d196,d63_hh83
d196,d144_hh289
d196,d211_hh211
d196,d194_hh114
d196,d6_hh77
d196,d188_hh256
d196,d185_hh57
d196,d151_hh215
d196,d176_hh125
d196,d6_hh77
d196,d103_hh205
d196,d196_hh139
d196,d167_hh11
d196,d185_hh143
d196,d153_hh96
d196,d63_hh83
d196,d9_hh197
d196,d94_hh129
d196,d194_hh114
d196,d9_hh183
d196,d9_hh170
d196,d103_hh192
d196,d196_hh229
d196,d157_hh222
d196,d148_hh104
d196,d49_hh257
d196,d157_hh215
d196,d181_hh17
d196,d145_hh175
d196,d63_hh83
d196,d14_hh205
d196,d28_hh40
d196,d144_hh253
d196,d27_hh269
d196,d145_hh175
d196,d180_hh254
d196,d194_hh40
d196,d148_hh100
d196,d14_hh67
d196,d8_hh149
d196,d136_hh192
d196,d71_hh245
d196,d188_hh256
d196,d63_hh69
d196,d196_hh229
d196,d157_hh235
d196,d144_hh253
d196,d10_hh167
d196,d107_hh193
d196,d212_hh61
d196,d79_hh255
d196,d79_hh114
d196,d60_hh107
d196,d108_hh230
d196,d70_hh110
d196,d157_hh16
d196,d108_hh212
d196,d144_hh253
d196,d211_hh86
d196,d194_hh101
d196,d176_hh85
d196,d176_hh194
d196,d84_hh122
d196,d196_hh197
d196,d142_hh108
d196,d116_hh118
d196,d105_hh45
d196,d107_hh23
d196,d79_hh227
d196,d10_hh167
d196,d142_hh190
d196,d14_hh75
d196,d196_hh197
d196,d103_hh63
d196,d176_hh125
d196,d201_hh119
d196,d6_hh155
d196,d211_hh211
d196,d188_hh256
d196,d176_hh85
d196,d151_hh215
d196,d181_hh17
d196,d8_hh155
d196,d116_hh196
d196,d148_hh104
d196,d192_hh68
d196,d9_hh289
d196,d121_hh170
d196,d25_hh80
d196,d79_hh227
d196,d47_hh135
d196,d79_hh227
d196,d47_hh128
d196,d9_hh170
d196,d116_hh6
d196,d71_hh146
d196,d49_hh103
d196,d116_hh6
d196,d14_hh75
d196,d148_hh117
d196,d49_hh219
d196,d14_hh205
d196,d144_hh253
d196,d148_hh247
d196,d25_hh157
d196,d172_hh18
d196,d144_hh253
d196,d79_hh198
d196,d203_hh172
d196,d201_hh135
d196,d94_hh246
d196,d192_hh39
d196,d196_hh139
d196,d9_hh183
d196,d176_hh125
d196,d37_hh160
d196,d148_hh117
d196,d22_hh176
d196,d148_hh117
d196,d28_hh40
d196,d27_hh269
d196,d14_hh67
d196,d203_hh227
d196,d192_hh39
d196,d172_hh180
d196,d94_hh137
d196,d192_hh68
d196,d25_hh80
d196,d107_hh23
d196,d194_hh189
d196,d148_hh104
d196,d22_hh190
d196,d79_hh114
d196,d115_hh186
d196,d185_hh143
d196,d142_hh108
d196,d6_hh130
d196,d157_hh16
d196,d27_hh269
d196,d47_hh135
d196,d116_hh6
d196,d14_hh67
d196,d148_hh104
d196,d14_hh75
d196,d108_hh241
d196,d9_hh236
d196,d181_hh17
d196,d196_hh190
d196,d172_hh180
d196,d84_hh122
d196,d47_hh300
d196,d180_hh254
d196,d8_hh155
d196,d71_hh163
d196,d121_hh170
d196,d176_hh194
d196,d107_hh246
d196,d153_hh100
d196,d176_hh85
d196,d196_hh139
d196,d49_hh219
d196,d79_hh255
d196,d63_hh160
d196,d167_hh11
d196,d115_hh124
d196,d116_hh36
d196,d136_hh192
d196,d108_hh212
d196,d71_hh245
d196,d22_hh176
d196,d45_hh79
d196,d103_hh205
d196,d148_hh104
d196,d196_hh190
d196,d107_hh246
d196,d64_hh137
d196,d9_hh289
d196,d145_hh175
d196,d22_hh176
d196,d28_hh253
d196,d107_hh258
d196,d116_hh36
d196,d136_hh32
d196,d121_hh170
d196,d63_hh160
d196,d22_hh176
d196,d60_hh107
d196,d153_hh100
d196,d108_hh212
d196,d47_hh128
d196,d79_hh114
d196,d153_hh100
d196,d8_hh41
d196,d37_hh159
d196,d108_hh212
d196,d103_hh192
d196,d196_hh215
d196,d151_hh203
d196,d196_hh197
d196,d108_hh212
d196,d107_hh23
d196,d206_hh279
d196,d92_hh91
d196,d172_hh18
d196,d167_hh70
d196,d3_hh180
d196,d64_hh137
d196,d144_hh289
d196,d153_hh100
d196,d107_hh258
d196,d28_hh253
d196,d148_hh117
d196,d142_hh108
d196,d176_hh194
d196,d176_hh194
d196,d157_hh215
d196,d142_hh269
d196,d144_hh289
d196,d6_hh77
d196,d116_hh6
d196,d116_hh6
d196,d157_hh215
d196,d9_hh197
d196,d47_hh128
d196,d71_hh146
d196,d9_hh197
d196,d9_hh289
d196,d192_hh68
d196,d151_hh203
d196,d92_hh161
d196,d145_hh175
d196,d176_hh92
d196,d116_hh36
d196,d27_hh269
d196,d9_hh236
d196,d22_hh190
d196,d212_hh155
d196,d192_hh68
d196,d206_hh279
d187,d170_hh63
d187,d129_hh106
d187,d44_hh187
d187,d38_hh49
d187,d129_hh106
d187,d56_hh123
d187,d128_hh184
d187,d130_hh277
d187,d125_hh189
d187,d59_hh251
d187,d81_hh81
d187,d82_hh231
d187,d161_hh238
d187,d193_hh61
d187,d162_hh113
d187,d7_hh124
d187,d143_hh224
d187,d55_hh12
d187,d44_hh163
d187,d128_hh43
d187,d56_hh123
d187,d109_hh168
d187,d40_hh111
d187,d190_hh176
d187,d156_hh218
d187,d140_hh260
d187,d156_hh181
d187,d140_hh260
d187,d130_hh277
d187,d1_hh15
d187,d93_hh80
d187,d74_hh108
d187,d160_hh59
d187,d56_hh89
d187,d111_hh29
d187,d214_hh252
d187,d160_hh38
d187,d129_hh106
d187,d7_hh124
d187,d187_hh30
d187,d58_hh81
d187,d42_hh165
d187,d91_hh100
d187,d91_hh100
d187,d134_hh31
d187,d109_hh168
d187,d174_hh6
d187,d75_hh15
d187,d15_hh97
d187,d81_hh14
d187,d131_hh204
d187,d77_hh156
d187,d46_hh57
d187,d35_hh104
d187,d5_hh117
d187,d7_hh124
d187,d130_hh273
d187,d132_hh233
d187,d162_hh113
d187,d164_hh249
d187,d106_hh24
d187,d44_hh163
d187,d213_hh238
d187,d122_hh181
d187,d154_hh132
d187,d191_hh12
d187,d15_hh188
d187,d81_hh81
d187,d195_hh52
d187,d40_hh7
d187,d208_hh137
d187,d168_hh30
d187,d128_hh180
d187,d62_hh18
d187,d44_hh170
d187,d2_hh232
d187,d73_hh197
d187,d81_hh81
d187,d77_hh83
d187,d138_hh10
d187,d32_hh203
d187,d170_hh273
d187,d163_hh44
d187,d215_hh157
d187,d55_hh229
d187,d126_hh156
d187,d165_hh274
d187,d55_hh246
d187,d214_hh184
d187,d202_hh111
d187,d66_hh131
d187,d85_hh218
d187,d171_hh189
d187,d55_hh232
d187,d109_hh209
d187,d200_hh51
d187,d55_hh131
d187,d137_hh201
d187,d104_hh7
d187,d88_hh118
d187,d102_hh284
d187,d1_hh15
d187,d126_hh156
d187,d195_hh31
d187,d44_hh187
d187,d168_hh265
d187,d51_hh177
d187,d59_hh251
d187,d82_hh115
d187,d62_hh167
d187,d184_hh210
d187,d61_hh246
d187,d82_hh115
d187,d179_hh41
d187,d139_hh27
d187,d129_hh94
d187,d88_hh108
d187,d200_hh227
d187,d134_hh118
d187,d139_hh27
d187,d170_hh228
d187,d187_hh16
d187,d190_hh176
d187,d90_hh214
d187,d13_hh239
d187,d168_hh30
d187,d109_hh209
d187,d5_hh117
d187,d88_hh118
d187,d183_hh93
d187,d99_hh38
d187,d32_hh60
d187,d139_hh164
d187,d42_hh263
d187,d82_hh256
d187,d102_hh284
d187,d163_hh44
d187,d169_hh115
d187,d73_hh33
d187,d99_hh44
d187,d75_hh15
d187,d106_hh24
d187,d46_hh57
d187,d72_hh77
d187,d66_hh13
d187,d135_hh57
d187,d134_hh76
d187,d135_hh219
d187,d56_hh175
d187,d117_hh126
d187,d91_hh32
d187,d74_hh108
d187,d16_hh177
d187,d91_hh32
d187,d72_hh77
d187,d204_hh231
d187,d59_hh207
d187,d69_hh274
d187,d139_hh27
d187,d139_hh164
d187,d19_hh147
d187,d16_hh201
d187,d51_hh49
d187,d113_hh254
d187,d73_hh33
d187,d66_hh179
d187,d51_hh37
d187,d130_hh277
d187,d171_hh189
d187,d72_hh77
d187,d128_hh43
d187,d130_hh277
d187,d56_hh177
d187,d73_hh197
d187,d11_hh240
d187,d170_hh273
d187,d122_hh181
d187,d170_hh63
d187,d44_hh187
d187,d129_hh209
d187,d210_hh262
d187,d161_hh110
d187,d101_hh182
d187,d124_hh126
d187,d32_hh203
d187,d51_hh285
d187,d11_hh132
d187,d104_hh7
d187,d38_hh172
d187,d55_hh190
d187,d120_hh272
d187,d170_hh228
d187,d129_hh106
d187,d130_hh177
d187,d208_hh221
d187,d66_hh154
d187,d202_hh17
d187,d134_hh76
d187,d80_hh6
d187,d134_hh31
d187,d38_hh172
d187,d191_hh12
d187,d18_hh6
d187,d168_hh34
d187,d83_hh67
d187,d50_hh112
d187,d179_hh242
d187,d118_hh88
d187,d170_hh228
d187,d118_hh188
d187,d55_hh190
d187,d191_hh275
d187,d50_hh90
d187,d160_hh59
d187,d41_hh53
d187,d91_hh32
d187,d174_hh6
d187,d50_hh90
d187,d88_hh191
d187,d38_hh101
d187,d120_hh118
d187,d69_hh222
d187,d11_hh244
d187,d1_hh15
d187,d67_hh63
d187,d210_hh262
d187,d53_hh249
d187,d122_hh112
d187,d38_hh95
d187,d164_hh78
d187,d163_hh44
d187,d141_hh235
d187,d40_hh7
d187,d38_hh95
d187,d214_hh184
d187,d165_hh274
d187,d40_hh7
d187,d97_hh20
d187,d114_hh12
d187,d179_hh41
d187,d137_hh201
d187,d88_hh118
d187,d214_hh171
d187,d82_hh41
d187,d69_hh99
d187,d16_hh200
d187,d20_hh48
d187,d160_hh179
d187,d120_hh118
d187,d82_hh256
d187,d78_hh234
d187,d155_hh206
d187,d164_hh249
d187,d134_hh166
d187,d42_hh165
d187,d200_hh51
d187,d42_hh38
d187,d114_hh2
d187,d55_hh12
d187,d204_hh158
d187,d109_hh209
d187,d16_hh201
d187,d32_hh203
d187,d139_hh27
d187,d32_hh101
d187,d202_hh222
d187,d129_hh94
d187,d97_hh75
d187,d46_hh57
d187,d73_hh151
d187,d152_hh175
d187,d158_hh34
d187,d130_hh273
d187,d110_hh236
d187,d102_hh284
d187,d41_hh72
d187,d128_hh184
d187,d73_hh151
d187,d131_hh212
d187,d32_hh151
d187,d179_hh28
d187,d41_hh254
d187,d120_hh268
d187,d82_hh231
d187,d120_hh268
d187,d85_hh214
d187,d168_hh265
d187,d81_hh81
d187,d149_hh61
d187,d7_hh124
d187,d130_hh177
d187,d66_hh154
d187,d44_hh127
d187,d210_hh262
d193,d56_hh177
d193,d184_hh11
d193,d4_hh212
d193,d56_hh175
d193,d140_hh260
d193,d87_hh38
d193,d32_hh151
d193,d43_hh67
d193,d112_hh31
d193,d65_hh67
d193,d66_hh179
d193,d77_hh156
d193,d120_hh57
d193,d161_hh229
d193,d44_hh163
d193,d114_hh2
d193,d11_hh132
d193,d120_hh118
d193,d67_hh63
d193,d124_hh223
d193,d125_hh236
d193,d11_hh79
d193,d126_hh233
d193,d114_hh2
d193,d139_hh27
d193,d134_hh166
d193,d114_hh12
d193,d214_hh252
d193,d160_hh179
d193,d207_hh28
d193,d132_hh233
d193,d213_hh238
d193,d7_hh64
d193,d161_hh238
d193,d200_hh51
d193,d120_hh45
d193,d156_hh218
d193,d165_hh274
d193,d162_hh113
d193,d146_hh114
d193,d214_hh184
d193,d50_hh195
d193,d35_hh224
d193,d186_hh175
d193,d74_hh108
d193,d73_hh197
d193,d179_hh242
d193,d13_hh157
d193,d214_hh252
d193,d7_hh87
d193,d42_hh251
d193,d213_hh238
d193,d141_hh6
d193,d134_hh156
d193,d38_hh101
d193,d190_hh182
d193,d5_hh117
d193,d16_hh177
d193,d141_hh194
d193,d214_hh171
d193,d155_hh206
d193,d80_hh6
d193,d109_hh168
d193,d190_hh38
d193,d195_hh97
d193,d131_hh212
d193,d77_hh83
d193,d158_hh34
d193,d15_hh97
d193,d112_hh17
d193,d59_hh251
d193,d207_hh28
d193,d214_hh171
d193,d190_hh38
d193,d43_hh27
d193,d190_hh176
d193,d20_hh48
d193,d152_hh187
d193,d128_hh184
d193,d40_hh7
d193,d135_hh78
d193,d82_hh231
d193,d32_hh19
d193,d77_hh83
d193,d113_hh254
d193,d131_hh41
d193,d15_hh188
d193,d205_hh73
d193,d131_hh14
d193,d128_hh180
d193,d11_hh244
d193,d5_hh117
d193,d59_hh98
d193,d128_hh273
d193,d51_hh177
d193,d41_hh254
d193,d135_hh216
d193,d125_hh189
d193,d56_hh63
d193,d190_hh32
d193,d112_hh177
d193,d124_hh167
d193,d149_hh30
d193,d117_hh126
d193,d81_hh14
d193,d83_hh79
d193,d18_hh80
d193,d5_hh117
d193,d117_hh126
d193,d33_hh64
d193,d51_hh186
d193,d77_hh156
d193,d202_hh222
d193,d175_hh239
d193,d30_hh44
d193,d1_hh234
d193,d174_hh6
d193,d66_hh13
d193,d7_hh124
d193,d16_hh75
d193,d67_hh63
d193,d165_hh274
d193,d150_hh168
d193,d99_hh44
d193,d35_hh224
d193,d16_hh218
d193,d179_hh28
d193,d51_hh49
d193,d214_hh171
d193,d69_hh55
d193,d87_hh32
d193,d125_hh189
d193,d191_hh179
d193,d73_hh197
d193,d118_hh188
d193,d160_hh179
d193,d171_hh189
d193,d208_hh137
d193,d102_hh284
d193,d16_hh218
d193,d120_hh268
d193,d66_hh13
d193,d191_hh12
d193,d169_hh247
d193,d138_hh1
d193,d191_hh12
d193,d139_hh251
d193,d72_hh77
d193,d205_hh73
d193,d36_hh69
d193,d51_hh186
d193,d122_hh210
d193,d41_hh181
d193,d32_hh151
d193,d36_hh69
d193,d163_hh115
d193,d146_hh114
d193,d29_hh167
d193,d120_hh272
d193,d77_hh83
d193,d150_hh168
d193,d156_hh218
d193,d74_hh108
d193,d155_hh206
d193,d73_hh197
d193,d91_hh100
d193,d50_hh112
d193,d104_hh7
d193,d83_hh67
d193,d214_hh171
d193,d95_hh241
d193,d152_hh175
d193,d78_hh234
d193,d124_hh118
d193,d88_hh108
d193,d112_hh221
d193,d73_hh153
d193,d149_hh237
d193,d191_hh12
d193,d193_hh61
d193,d120_hh118
d193,d129_hh106
d193,d198_hh40
d193,d131_hh41
d193,d160_hh104
d193,d160_hh38
d193,d95_hh241
d193,d43_hh67
d193,d81_hh81
d193,d122_hh210
d193,d65_hh115
d193,d184_hh210
d193,d139_hh251
d193,d190_hh106
d193,d102_hh228
d193,d168_hh34
d193,d149_hh237
d193,d18_hh80
d193,d160_hh179
d193,d101_hh182
d193,d131_hh41
d193,d190_hh38
d193,d158_hh20
d193,d77_hh156
d193,d81_hh87
d193,d128_hh297
d193,d102_hh284
d193,d41_hh254
d193,d124_hh126
d193,d41_hh74
d193,d93_hh80
d193,d26_hh63
d193,d124_hh125
d193,d7_hh148
d193,d191_hh190
d193,d50_hh195
d193,d158_hh146
d193,d175_hh239
d193,d39_hh96
d193,d160_hh104
d193,d141_hh152
d193,d18_hh91
d193,d88_hh108
d193,d168_hh34
d193,d97_hh20
d193,d214_hh171
d193,d80_hh6
d193,d163_hh115
d193,d36_hh69
d193,d134_hh166
d193,d164_hh78
d193,d126_hh156
d193,d69_hh13
d193,d140_hh195
d193,d128_hh184
d193,d204_hh158
d193,d117_hh126
d193,d88_hh267
d193,d73_hh197
d193,d67_hh63
d193,d82_hh231
d193,d190_hh173
d193,d170_hh63
d193,d175_hh181
d193,d205_hh73
d193,d139_hh27
d193,d213_hh238
d193,d132_hh233
d193,d125_hh189
d193,d111_hh29
d193,d135_hh226
d193,d32_hh19
d193,d156_hh19
d193,d163_hh242
d193,d160_hh104
d193,d44_hh65
d193,d46_hh57
d193,d210_hh87
d193,d124_hh223
d193,d195_hh31
d193,d69_hh209
d193,d101_hh186
d193,d73_hh151
d193,d169_hh115
d193,d69_hh55
d193,d69_hh274
d193,d132_hh233
d190,d42_hh263
d190,d112_hh17
d190,d204_hh158
d190,d214_hh20
d190,d13_hh263
d190,d21_hh21
d190,d93_hh66
d190,d174_hh85
d190,d170_hh273
d190,d51_hh285
d190,d191_hh30
d190,d16_hh200
d190,d61_hh246
d190,d93_hh80
d190,d110_hh117
d190,d7_hh148
d190,d82_hh231
d190,d214_hh171
d190,d160_hh179
d190,d149_hh237
d190,d130_hh277
d190,d204_hh158
d190,d122_hh112
d190,d91_hh100
d190,d187_hh32
d190,d36_hh69
d190,d72_hh77
d190,d113_hh254
d190,d88_hh108
d190,d135_hh78
d190,d160_hh38
d190,d23_hh236
d190,d175_hh32
d190,d72_hh77
d190,d179_hh242
d190,d205_hh217
d190,d11_hh26
d190,d44_hh170
d190,d128_hh180
d190,d56_hh123
d190,d48_hh176
d190,d56_hh177
d190,d11_hh132
d190,d29_hh167
d190,d38_hh49
d190,d205_hh217
d190,d46_hh57
d190,d85_hh104
d190,d91_hh100
d190,d122_hh210
d190,d55_hh232
d190,d109_hh168
d190,d112_hh31
d190,d117_hh245
d190,d141_hh6
d190,d55_hh246
d190,d135_hh226
d190,d117_hh245
d190,d168_hh30
d190,d137_hh216
d190,d139_hh27
d190,d184_hh206
d190,d190_hh182
d190,d160_hh232
d190,d87_hh38
d190,d141_hh209
d190,d200_hh227
d190,d170_hh273
d190,d16_hh177
d190,d74_hh212
d190,d210_hh262
d190,d125_hh189
d190,d161_hh250
d190,d170_hh273
d190,d132_hh233
d190,d32_hh203
d190,d61_hh79
d190,d82_hh256
d190,d38_hh101
d190,d141_hh209
d190,d202_hh111
d190,d184_hh210
d190,d140_hh195
d190,d4_hh212
d190,d128_hh43
d190,d13_hh239
d190,d46_hh57
d190,d125_hh248
d190,d174_hh6
d190,d190_hh106
d190,d100_hh65
d190,d44_hh163
d190,d44_hh163
d190,d118_hh188
d190,d160_hh179
d190,d214_hh166
d190,d128_hh184
d190,d59_hh162
d190,d33_hh266
d190,d214_hh255
d190,d187_hh291
d190,d59_hh251
d190,d65_hh75
d190,d87_hh38
d190,d33_hh266
d190,d205_hh217
d190,d155_hh206
d190,d195_hh31
d190,d214_hh184
d190,d20_hh44
d190,d179_hh28
d190,d163_hh44
d190,d110_hh201
d190,d85_hh218
d190,d100_hh164
d190,d88_hh3
d190,d149_hh30
d190,d51_hh186
d190,d35_hh224
d190,d7_hh148
d190,d65_hh67
d190,d11_hh244
d190,d164_hh249
d190,d82_hh41
d190,d124_hh167
d190,d184_hh210
d190,d18_hh253
d190,d190_hh182
d190,d164_hh249
d190,d207_hh28
d190,d44_hh65
d190,d147_hh167
d190,d53_hh249
d190,d111_hh29
d190,d16_hh177
d190,d120_hh118
d190,d7_hh87
d190,d83_hh67
d190,d72_hh77
d190,d119_hh107
d190,d58_hh108
d190,d162_hh67
d190,d41_hh53
d190,d69_hh55
d190,d186_hh175
d190,d18_hh6
d190,d38_hh101
d190,d112_hh221
d190,d126_hh233
d190,d140_hh195
d190,d111_hh29
d190,d35_hh104
d190,d156_hh19
d190,d123_hh83
d190,d83_hh79
d190,d125_hh189
d190,d134_hh7
d190,d106_hh24
d190,d34_hh12
d190,d16_hh200
d190,d160_hh97
d190,d11_hh132
d190,d50_hh112
d190,d110_hh117
d190,d21_hh21
d190,d208_hh2
d190,d66_hh13
d190,d40_hh7
d190,d48_hh176
d190,d31_hh135
d190,d163_hh115
d190,d91_hh100
d190,d44_hh163
d190,d18_hh91
d190,d134_hh7
d190,d11_hh244
d190,d171_hh189
d190,d170_hh228
d190,d141_hh235
d190,d83_hh79
d190,d156_hh153
d190,d33_hh266
d190,d117_hh126
d190,d32_hh203
d190,d134_hh7
d190,d143_hh224
d190,d149_hh30
d190,d128_hh180
d190,d32_hh19
d190,d73_hh7
d190,d16_hh75
d190,d85_hh104
d190,d143_hh82
d190,d156_hh153
d190,d42_hh38
d190,d95_hh241
d190,d183_hh237
d190,d16_hh177
d190,d38_hh95
d190,d99_hh230
d190,d150_hh253
d190,d20_hh44
d190,d41_hh53
d190,d210_hh267
d190,d183_hh237
d190,d40_hh7
d190,d50_hh90
d190,d152_hh187
d190,d143_hh224
d190,d41_hh53
d190,d122_hh271
d190,d168_hh30
d190,d69_hh13
d190,d99_hh38
d190,d118_hh262
d190,d114_hh2
d190,d124_hh118
d190,d155_hh206
d190,d65_hh115
d190,d58_hh108
d190,d32_hh101
d190,d130_hh273
d190,d205_hh73
d190,d7_hh155
d190,d152_hh175
d190,d53_hh249
d190,d137_hh216
d190,d160_hh179
d190,d141_hh152
d190,d164_hh78
d190,d44_hh187
d190,d135_hh191
d190,d7_hh124
d190,d11_hh240
d190,d137_hh216
d190,d18_hh91
d190,d190_hh32
d190,d61_hh79
d190,d73_hh153
d190,d15_hh188
d190,d40_hh7
d190,d131_hh14
d190,d170_hh273
d190,d55_hh229
d190,d95_hh241
d190,d100_hh65
d190,d91_hh100
d190,d139_hh27
d190,d85_hh214
d190,d207_hh28
d190,d97_hh75
d190,d85_hh104
d190,d58_hh108
d190,d126_hh233
d190,d87_hh38
d190,d214_hh184
d190,d77_hh83
d190,d164_hh220
d190,d120_hh272
d190,d55_hh229
d190,d130_hh177
d190,d7_hh124
d190,d139_hh9
d190,d184_hh11
d190,d117_hh126
d190,d129_hh106
d191,d23_hh236
d191,d55_hh246
d191,d160_hh38
d191,d13_hh157
d191,d131_hh212
d191,d175_hh239
d191,d168_hh30
d191,d112_hh31
d191,d134_hh156
d191,d175_hh32
d191,d44_hh187
d191,d69_hh222
d191,d134_hh156
d191,d97_hh75
d191,d83_hh79
d191,d77_hh156
d191,d132_hh233
d191,d191_hh179
d191,d118_hh88
d191,d44_hh65
d191,d34_hh166
d191,d125_hh167
d191,d208_hh137
d191,d48_hh176
d191,d156_hh181
d191,d160_hh38
d191,d43_hh27
d191,d168_hh30
d191,d135_hh78
d191,d120_hh118
d191,d162_hh67
d191,d214_hh184
d191,d91_hh100
d191,d66_hh179
d191,d81_hh81
d191,d214_hh171
d191,d4_hh212
d191,d91_hh32
d191,d135_hh226
d191,d161_hh250
d191,d160_hh38
d191,d150_hh8
d191,d195_hh52
d191,d130_hh177
d191,d99_hh38
d191,d56_hh63
d191,d104_hh7
d191,d69_hh13
d191,d141_hh194
d191,d169_hh115
d191,d168_hh265
d191,d50_hh90
d191,d174_hh85
d191,d179_hh242
d191,d150_hh168
d191,d74_hh108
d191,d110_hh117
d191,d93_hh66
d191,d88_hh3
d191,d150_hh253
d191,d164_hh78
d191,d59_hh162
d191,d15_hh97
d191,d41_hh72
d191,d65_hh75
d191,d120_hh272
d191,d101_hh182
d191,d78_hh123
d191,d205_hh73
d191,d93_hh184
d191,d207_hh28
d191,d24_hh177
d191,d44_hh35
d191,d88_hh235
d191,d150_hh8
d191,d30_hh132
d191,d109_hh209
d191,d150_hh253
d191,d128_hh184
d191,d187_hh16
d191,d87_hh38
d191,d184_hh11
d191,d128_hh297
d191,d99_hh230
d191,d123_hh83
d191,d38_hh101
d191,d11_hh132
d191,d179_hh267
d191,d100_hh65
d191,d186_hh175
d191,d69_hh274
d191,d123_hh83
d191,d18_hh6
d191,d123_hh83
d191,d124_hh167
d191,d214_hh184
d191,d179_hh41
d191,d73_hh7
d191,d114_hh12
d191,d170_hh228
d191,d21_hh21
d191,d77_hh40
d191,d74_hh11
d191,d200_hh227
d191,d69_hh222
d191,d61_hh79
d191,d73_hh151
d191,d146_hh114
d191,d129_hh209
d191,d88_hh191
d191,d43_hh67
d191,d51_hh37
d191,d59_hh132
d191,d7_hh240
d191,d32_hh151
d191,d56_hh89
d191,d69_hh55
d191,d35_hh104
d191,d152_hh175
d191,d158_hh85
d191,d135_hh226
d191,d126_hh184
d191,d168_hh265
d191,d175_hh32
d191,d198_hh78
d191,d73_hh84
d191,d62_hh167
d191,d170_hh228
d191,d135_hh219
d191,d82_hh41
d191,d137_hh201
d191,d170_hh273
d191,d150_hh253
d191,d18_hh6
d191,d123_hh83
d191,d114_hh12
d191,d44_hh65
d191,d190_hh182
d191,d140_hh195
d191,d77_hh156
d191,d138_hh1
d191,d7_hh124
d191,d160_hh211
d191,d208_hh137
d191,d193_hh67
d191,d62_hh18
d191,d190_hh173
d191,d1_hh15
d191,d150_hh8
d191,d100_hh65
d191,d118_hh262
d191,d117_hh245
d191,d161_hh250
d191,d118_hh262
d191,d38_hh101
d191,d137_hh216
d191,d44_hh127
d191,d202_hh111
d191,d40_hh7
d191,d34_hh166
d191,d32_hh101
d191,d131_hh204
d191,d124_hh125
d191,d163_hh115
d191,d110_hh117
d191,d130_hh273
d191,d120_hh45
d191,d214_hh255
d191,d1_hh15
d191,d21_hh25
d191,d61_hh79
d191,d191_hh179
d191,d118_hh188
d191,d23_hh236
d191,d179_hh28
d191,d69_hh274
d191,d15_hh188
d191,d198_hh78
d191,d170_hh228
d191,d187_hh32
d191,d102_hh284
d191,d190_hh38
d191,d190_hh38
d191,d88_hh118
d191,d91_hh241
d191,d183_hh93
d191,d137_hh216
d191,d91_hh79
d191,d83_hh79
d191,d18_hh253
d191,d20_hh44
d191,d130_hh277
d191,d202_hh17
d191,d138_hh10
d191,d111_hh29
d191,d156_hh153
d191,d163_hh242
d191,d149_hh30
d191,d32_hh19
d191,d175_hh181
d191,d11_hh240
d191,d33_hh266
d191,d162_hh67
d191,d122_hh112
d191,d73_hh84
d191,d83_hh67
d191,d174_hh6
d191,d44_hh187
d191,d78_hh123
d191,d168_hh34
d191,d113_hh254
d191,d135_hh78
d191,d24_hh177
d191,d66_hh193
d191,d101_hh186
d191,d152_hh187
d191,d164_hh249
d191,d112_hh221
d191,d190_hh38
d191,d69_hh274
d191,d131_hh204
d191,d75_hh15
d191,d164_hh78
d191,d112_hh31
d191,d163_hh242
d191,d163_hh242
d191,d141_hh194
d191,d174_hh6
d191,d184_hh11
d191,d50_hh112
d191,d26_hh63
d191,d205_hh217
d191,d150_hh253
d191,d81_hh87
d191,d96_hh8
d191,d74_hh109
d191,d50_hh112
d191,d15_hh97
d191,d120_hh45
d191,d135_hh78
d191,d146_hh88
d191,d32_hh136
d191,d191_hh179
d191,d190_hh32
d191,d21_hh25
d191,d124_hh118
d191,d42_hh263
d191,d111_hh206
d191,d122_hh112
d191,d124_hh118
d191,d208_hh2
d191,d174_hh6
d191,d73_hh153
d191,d112_hh221
d191,d66_hh193
d191,d175_hh181
d191,d164_hh78
d191,d11_hh214
d191,d81_hh14
d191,d137_hh201
d191,d128_hh180
d191,d5_hh117
d191,d7_hh240
d191,d118_hh175
d191,d135_hh78
d191,d168_hh34
d191,d50_hh112
d191,d170_hh273
d191,d179_hh41
d191,d32_hh203
d191,d83_hh67
d191,d138_hh10
d191,d55_hh12
d191,d139_hh164
d191,d168_hh265
d191,d149_hh30
d191,d171_hh189
d191,d69_hh274
d191,d32_hh136
d191,d73_hh197
d191,d80_hh6
d191,d48_hh176
d191,d137_hh216
d191,d75_hh15
d191,d11_hh244
d191,d111_hh29
d191,d112_hh155
d191,d7_hh87
d191,d73_hh7
d191,d160_hh179
d186,d187_hh32
d186,d134_hh7
d186,d186_hh175
d186,d117_hh245
d186,d119_hh174
d186,d154_hh157
d186,d202_hh111
d186,d162_hh113
d186,d112_hh177
d186,d56_hh166
d186,d7_hh240
d186,d46_hh57
d186,d44_hh65
d186,d138_hh1
d186,d82_hh115
d186,d161_hh229
d186,d33_hh266
d186,d18_hh253
d186,d124_hh126
d186,d13_hh263
d186,d126_hh184
d186,d186_hh175
d186,d214_hh166
d186,d18_hh91
d186,d156_hh181
d186,d32_hh203
d186,d118_hh175
d186,d32_hh19
d186,d149_hh61
d186,d162_hh67
d186,d111_hh29
d186,d7_hh87
d186,d81_hh81
d186,d163_hh242
d186,d158_hh49
d186,d20_hh44
d186,d29_hh167
d186,d120_hh118
d186,d40_hh7
d186,d184_hh210
d186,d135_hh57
d186,d154_hh132
d186,d210_hh267
d186,d150_hh168
d186,d170_hh273
d186,d131_hh212
d186,d44_hh163
d186,d161_hh110
d186,d61_hh79
d186,d66_hh179
d186,d21_hh21
d186,d158_hh49
d186,d101_hh182
d186,d208_hh137
d186,d168_hh30
d186,d171_hh189
d186,d190_hh176
d186,d193_hh67
d186,d65_hh227
d186,d149_hh61
d186,d88_hh267
d186,d113_hh254
d186,d205_hh217
d186,d13_hh263
d186,d205_hh217
d186,d78_hh123
d186,d191_hh275
d186,d210_hh262
d186,d131_hh212
d186,d73_hh153
d186,d66_hh154
d186,d21_hh16
d186,d59_hh162
d186,d73_hh33
d186,d195_hh97
d186,d33_hh266
d186,d140_hh195
d186,d146_hh88
d186,d69_hh209
d186,d141_hh209
d186,d210_hh267
d186,d50_hh195
d186,d72_hh77
d186,d160_hh59
d186,d7_hh124
d186,d88_hh191
d186,d1_hh234
d186,d51_hh285
d186,d118_hh262
d186,d184_hh11
d186,d134_hh118
d186,d55_hh246
d186,d11_hh214
d186,d215_hh157
d186,d205_hh217
d186,d154_hh157
d186,d50_hh112
d186,d113_hh254
d186,d158_hh85
d186,d195_hh52
d186,d207_hh28
d186,d40_hh7
d186,d174_hh6
d186,d120_hh272
d186,d139_hh164
d186,d21_hh25
d186,d204_hh173
d186,d44_hh283
d186,d127_hh69
d186,d124_hh118
d186,d93_hh184
d186,d97_hh75
d186,d112_hh31
d186,d44_hh187
d186,d69_hh55
d186,d130_hh277
d186,d87_hh38
d186,d80_hh6
d186,d149_hh61
d186,d169_hh148
d186,d209_hh40
d186,d140_hh195
d186,d32_hh19
d186,d190_hh176
d186,d124_hh167
d186,d174_hh97
d186,d134_hh7
d186,d179_hh41
d186,d139_hh251
d186,d66_hh154
d186,d160_hh232
d186,d135_hh216
d186,d56_hh166
d186,d55_hh12
d186,d149_hh237
d186,d50_hh195
d186,d7_hh124
d186,d16_hh200
d186,d160_hh59
d186,d200_hh227
d186,d44_hh163
d186,d104_hh7
d186,d99_hh44
d186,d101_hh182
d186,d150_hh168
d186,d150_hh8
d186,d127_hh69
d186,d204_hh173
d186,d160_hh59
d186,d137_hh216
d186,d129_hh209
d186,d214_hh166
d186,d112_hh31
d186,d202_hh222
d186,d130_hh177
d186,d66_hh13
d186,d69_hh274
d186,d41_hh254
d186,d204_hh173
d186,d179_hh242
d186,d118_hh262
d186,d102_hh228
d186,d82_hh256
d186,d55_hh131
d186,d174_hh97
d186,d42_hh38
d186,d80_hh6
d186,d190_hh176
d186,d186_hh175
d186,d30_hh44
d186,d175_hh181
d186,d175_hh32
d186,d200_hh51
d186,d77_hh156
d186,d124_hh223
d186,d214_hh255
d186,d200_hh227
d186,d18_hh91
d186,d117_hh126
d186,d91_hh100
d186,d44_hh163
d186,d78_hh123
d186,d73_hh153
d186,d134_hh31
d186,d83_hh79
d186,d131_hh14
d186,d150_hh168
d186,d141_hh194
d186,d198_hh78
d186,d158_hh85
d186,d56_hh166
d186,d97_hh20
d186,d55_hh232
d186,d69_hh13
d186,d53_hh249
d186,d117_hh126
d186,d91_hh113
d186,d195_hh31
d186,d174_hh6
d186,d91_hh100
d186,d91_hh100
d186,d198_hh78
d186,d131_hh14
d186,d111_hh29
d186,d191_hh190
d186,d130_hh273
d186,d55_hh246
d186,d66_hh154
d186,d69_hh55
d186,d135_hh219
d186,d111_hh29
d186,d77_hh40
d186,d112_hh155
d186,d122_hh112
d186,d158_hh49
d186,d125_hh189
d186,d104_hh7
d186,d16_hh177
d186,d41_hh254
d186,d50_hh90
d186,d48_hh119
d186,d143_hh82
d186,d88_hh108
d186,d66_hh193
d186,d139_hh27
d186,d82_hh256
d186,d24_hh177
d186,d170_hh63
d186,d39_hh96
d186,d44_hh170
d186,d123_hh83
d186,d178_hh263
d186,d83_hh67
d186,d51_hh177
d186,d137_hh201
d186,d41_hh181
d186,d205_hh73
d186,d78_hh123
d186,d16_hh201
d186,d170_hh63
d186,d156_hh218
d186,d169_hh148
d186,d62_hh18
d186,d41_hh74
d186,d110_hh117
d186,d13_hh263
d186,d62_hh167
d186,d186_hh175
d186,d168_hh34
d186,d117_hh245
d186,d135_hh216
d186,d179_hh28
d186,d158_hh85
d186,d191_hh190
d186,d130_hh177
d186,d164_hh78
d186,d44_hh170
d186,d191_hh12
d186,d66_hh179
d189,d9_hh289
d189,d153_hh100
d189,d28_hh253
d189,d9_hh183
d189,d70_hh172
d189,d196_hh215
d189,d142_hh108
d189,d203_hh189
d189,d153_hh96
d189,d211_hh86
d189,d9_hh183
d189,d144_hh253
d189,d115_hh176
d189,d108_hh162
d189,d63_hh83
d189,d86_hh55
d189,d8_hh105
d189,d185_hh143
d189,d9_hh183
d189,d176_hh220
d189,d70_hh136
d189,d145_hh175
d189,d203_hh227
d189,d144_hh253
d189,d107_hh193
d189,d176_hh85
d189,d92_hh91
d189,d115_hh176
d189,d60_hh107
d189,d212_hh61
d189,d37_hh159
d189,d28_hh40
d189,d157_hh222
d189,d79_hh114
d189,d107_hh193
d189,d22_hh190
d189,d105_hh45
d189,d45_hh79
d189,d37_hh159
d189,d70_hh172
d189,d172_hh180
d189,d37_hh159
d189,d185_hh57
d189,d196_hh197
d189,d71_hh163
d189,d172_hh18
d189,d116_hh118
d189,d84_hh122
d189,d151_hh215
d189,d157_hh235
d189,d172_hh180
d189,d172_hh180
d189,d8_hh155
d189,d192_hh39
d189,d185_hh143
d189,d206_hh279
d189,d25_hh157
d189,d151_hh215
d189,d108_hh241
d189,d192_hh58
d189,d92_hh161
d189,d157_hh215
d189,d153_hh96
d189,d8_hh41
d189,d157_hh235
d189,d206_hh279
d189,d196_hh229
d189,d212_hh252
d189,d142_hh190
d189,d8_hh105
d189,d45_hh79
d189,d176_hh125
d189,d79_hh114
d189,d92_hh115
d189,d185_hh143
d189,d103_hh205
d189,d116_hh196
d189,d37_hh160
d189,d9_hh170
d189,d196_hh229
d189,d6_hh77
d189,d22_hh190
d189,d192_hh39
d189,d115_hh186
d189,d196_hh190
d189,d107_hh193
d189,d103_hh205
d189,d157_hh235
d189,d108_hh162
d189,d105_hh45
d189,d157_hh215
d189,d157_hh16
d189,d9_hh197
d189,d107_hh23
d189,d107_hh23
d189,d6_hh77
d189,d76_hh187
d189,d49_hh257
d189,d144_hh289
d189,d49_hh170
d189,d84_hh161
d189,d60_hh107
d189,d14_hh67
d189,d49_hh103
d189,d8_hh155
d189,d181_hh225
d189,d153_hh96
d189,d153_hh100
d189,d151_hh215
d189,d28_hh253
d189,d212_hh61
d189,d212_hh252
d189,d203_hh189
d189,d79_hh198
d189,d8_hh106
d189,d103_hh205
d189,d185_hh57
d189,d212_hh61
d189,d151_hh215
d189,d144_hh253
d189,d151_hh215
d189,d94_hh246
d189,d167_hh276
d189,d49_hh103
d189,d107_hh23
d189,d148_hh247
d189,d79_hh114
d189,d157_hh222
d189,d79_hh255
d189,d22_hh176
d189,d151_hh215
d189,d212_hh155
d189,d151_hh215
d189,d192_hh68
d189,d49_hh257
d189,d181_hh225
d189,d108_hh212
d189,d76_hh6
d189,d172_hh18
d189,d9_hh170
d189,d115_hh186
d189,d176_hh194
d189,d64_hh137
d189,d9_hh183
d189,d153_hh26
d189,d105_hh45
d189,d181_hh225
d189,d189_hh268
d189,d37_hh159
d189,d84_hh122
d189,d201_hh119
d189,d188_hh256
d189,d180_hh254
d189,d194_hh101
d189,d142_hh108
d189,d49_hh170
d189,d211_hh86
d189,d47_hh135
d189,d79_hh227
d189,d157_hh235
d189,d206_hh279
d189,d212_hh155
d189,d6_hh77
d189,d22_hh190
d189,d79_hh227
d189,d71_hh163
d189,d151_hh215
d189,d115_hh199
d189,d76_hh193
d189,d70_hh172
d189,d9_hh197
d189,d79_hh227
d189,d194_hh40
d189,d71_hh146
d189,d116_hh6
d189,d212_hh155
d189,d144_hh253
d189,d151_hh215
d189,d172_hh180
d189,d116_hh118
d189,d10_hh167
d189,d6_hh130
d189,d203_hh189
d189,d157_hh235
d189,d116_hh36
d189,d196_hh229
d189,d6_hh77
d189,d151_hh203
d189,d116_hh6
d189,d105_hh45
d189,d157_hh215
d189,d192_hh39
d189,d9_hh197
d189,d151_hh215
d189,d172_hh18
d189,d108_hh212
d189,d201_hh119
d189,d8_hh149
d189,d212_hh155
d189,d103_hh205
d189,d206_hh279
d189,d176_hh125
d189,d92_hh115
d189,d9_hh183
d189,d79_hh255
d189,d192_hh58
d189,d116_hh196
d189,d180_hh254
d189,d151_hh203
d189,d176_hh85
d189,d148_hh244
d189,d121_hh170
d189,d192_hh68
d189,d196_hh215
d189,d8_hh149
d189,d136_hh32
d189,d157_hh215
d189,d176_hh85
d189,d70_hh110
d189,d6_hh130
d189,d176_hh85
d189,d181_hh17
d189,d8_hh155
d189,d116_hh36
d189,d212_hh61
d189,d185_hh57
d189,d206_hh279
d189,d212_hh155
d189,d192_hh68
d189,d148_hh104
d189,d107_hh246
d189,d180_hh254
d189,d192_hh39
d189,d9_hh170
d189,d153_hh96
d189,d9_hh289
d189,d176_hh125
d189,d167_hh276
d189,d63_hh83
d189,d148_hh247
d189,d144_hh253
d189,d6_hh77
d189,d196_hh215
d189,d144_hh253
d189,d176_hh85
d189,d196_hh229
d189,d8_hh105
d189,d151_hh215
d189,d157_hh215
d189,d8_hh105
d189,d196_hh229
d189,d136_hh32
d189,d22_hh176
d189,d47_hh128
d189,d107_hh258
d189,d153_hh26
d189,d181_hh225
d189,d176_hh85
d189,d172_hh180
d189,d203_hh139
d189,d157_hh16
d189,d212_hh155
d189,d176_hh125
d189,d14_hh75
d189,d14_hh205
d189,d136_hh192
d189,d9_hh170
d189,d94_hh137
d189,d76_hh193
d189,d6_hh155
d189,d79_hh255
d189,d172_hh180
d189,d105_hh45
d189,d185_hh143
d189,d107_hh258
d189,d148_hh117
d189,d192_hh68
d192,d60_hh107
d192,d108_hh241
d192,d116_hh6
d192,d115_hh186
d192,d116_hh36
d192,d167_hh276
d192,d27_hh269
d192,d49_hh257
d192,d121_hh272
d192,d148_hh100
d192,d142_hh108
d192,d49_hh170
d192,d115_hh186
d192,d151_hh215
d192,d144_hh196
d192,d79_hh114
d192,d107_hh23
d192,d103_hh205
d192,d148_hh244
d192,d206_hh279
d192,d71_hh245
d192,d49_hh170
d192,d76_hh193
d192,d71_hh163
d192,d64_hh137
d192,d157_hh16
d192,d212_hh61
d192,d115_hh176
d192,d194_hh189
d192,d153_hh100
d192,d45_hh79
d192,d6_hh130
d192,d6_hh130
d192,d64_hh137
d192,d172_hh180
d192,d167_hh276
d192,d144_hh196
d192,d116_hh36
d192,d107_hh193
d192,d167_hh276
d192,d192_hh39
d192,d79_hh227
d192,d60_hh108
d192,d79_hh227
d192,d108_hh213
d192,d196_hh229
d192,d14_hh75
d192,d148_hh104
d192,d157_hh222
d192,d176_hh194
d192,d116_hh6
d192,d94_hh246
d192,d211_hh86
d192,d115_hh176
d192,d180_hh254
d192,d157_hh222
d192,d94_hh129
d192,d167_hh11
d192,d148_hh247
d192,d107_hh258
d192,d144_hh253
d192,d196_hh190
d192,d194_hh101
d192,d108_hh162
d192,d49_hh170
d192,d185_hh57
d192,d22_hh176
d192,d8_hh155
d192,d92_hh91
d192,d153_hh26
d192,d107_hh258
d192,d79_hh227
d192,d103_hh205
d192,d176_hh85
d192,d3_hh180
d192,d71_hh245
d192,d136_hh192
d192,d172_hh18
d192,d92_hh115
d192,d8_hh41
d192,d157_hh16
d192,d79_hh198
d192,d196_hh190
d192,d49_hh219
d192,d148_hh58
d192,d121_hh170
d192,d142_hh108
d192,d144_hh196
d192,d196_hh197
d192,d84_hh122
d192,d49_hh257
d192,d188_hh256
d192,d148_hh247
d192,d70_hh172
d192,d196_hh229
d192,d121_hh170
d192,d103_hh63
d192,d181_hh17
d192,d37_hh159
d192,d194_hh40
d192,d192_hh39
d192,d71_hh146
d192,d144_hh253
d192,d14_hh205
d192,d6_hh130
d192,d3_hh180
d192,d196_hh197
d192,d148_hh247
d192,d167_hh276
d192,d115_hh176
d192,d192_hh58
d192,d49_hh257
d192,d22_hh190
d192,d71_hh146
d192,d116_hh118
d192,d76_hh187
d192,d167_hh70
d192,d49_hh219
d192,d63_hh83
d192,d60_hh191
d192,d176_hh194
d192,d115_hh199
d192,d192_hh68
d192,d201_hh135
d192,d60_hh191
d192,d8_hh106
d192,d107_hh23
d192,d103_hh192
d192,d157_hh215
d192,d136_hh32
d192,d47_hh128
d192,d142_hh106
d192,d192_hh58
d192,d181_hh225
d192,d94_hh137
d192,d172_hh18
d192,d136_hh192
d192,d203_hh139
d192,d71_hh163
d192,d9_hh197
d192,d176_hh194
d192,d6_hh77
d192,d10_hh167
d192,d116_hh196
d192,d196_hh197
d192,d71_hh245
d192,d153_hh26
d192,d37_hh159
d192,d144_hh253
d192,d79_hh198
d192,d60_hh108
d192,d121_hh170
d192,d144_hh196
d192,d188_hh256
d192,d142_hh108
d192,d194_hh101
d192,d212_hh61
d192,d144_hh253
d192,d144_hh289
d192,d151_hh203
d192,d22_hh190
d192,d103_hh63
d192,d22_hh190
d192,d8_hh149
d192,d9_hh236
d192,d49_hh103
d192,d79_hh114
d192,d14_hh205
d192,d3_hh97
d192,d172_hh180
d192,d47_hh135
d192,d84_hh122
d192,d76_hh6
d192,d60_hh107
d192,d84_hh122
d192,d172_hh180
d192,d142_hh269
d192,d121_hh170
d192,d121_hh170
d192,d212_hh155
d192,d3_hh97
d192,d148_hh244
d192,d142_hh190
d192,d49_hh257
d192,d192_hh68
d192,d148_hh247
d192,d108_hh213
d192,d92_hh161
d192,d116_hh36
d192,d76_hh193
d192,d116_hh196
d192,d92_hh115
d192,d157_hh235
d192,d121_hh170
d192,d47_hh128
d192,d185_hh57
d192,d14_hh205
d192,d151_hh203
d192,d157_hh215
d192,d212_hh252
d192,d10_hh167
d192,d63_hh83
d192,d103_hh205
d192,d3_hh97
d192,d188_hh256
d192,d49_hh170
d192,d176_hh85
d192,d192_hh68
d192,d107_hh103
d192,d142_hh190
d192,d49_hh170
d192,d63_hh131
d192,d142_hh190
d192,d92_hh115
d192,d9_hh236
d192,d167_hh11
d192,d71_hh146
d192,d8_hh41
d192,d192_hh58
d192,d9_hh197
d192,d107_hh258
d192,d121_hh170
d192,d192_hh39
d192,d84_hh161
d192,d196_hh197
d192,d60_hh191
d192,d172_hh18
d192,d151_hh203
d192,d192_hh58
d192,d71_hh163
d192,d25_hh157
d192,d115_hh176
d192,d103_hh205
d192,d70_hh171
d192,d144_hh196
d192,d203_hh189
d192,d196_hh190
d192,d203_hh227
d192,d115_hh199
d192,d9_hh236
d192,d196_hh229
d192,d115_hh124
d192,d60_hh107
d192,d92_hh161
d192,d194_hh101
d192,d212_hh155
d192,d115_hh199
d192,d116_hh118
d192,d196_hh139
d192,d196_hh229
d192,d92_hh161
d192,d121_hh170
d192,d103_hh48
d192,d136_hh89
d192,d3_hh97
d192,d103_hh48
d192,d105_hh45
d192,d9_hh236
d192,d176_hh125
d192,d212_hh155
d192,d94_hh253
d192,d92_hh161
d192,d92_hh91
d192,d60_hh107
d192,d153_hh100
d192,d142_hh108
d192,d196_hh215
d192,d27_hh269
d192,d194_hh101
d192,d79_hh198
d192,d60_hh107
d192,d47_hh300
d192,d103_hh48
d192,d94_hh246
d192,d63_hh69
d192,d142_hh190
d192,d107_hh246
d195,d50_hh90
d195,d80_hh6
d195,d83_hh79
d195,d168_hh34
d195,d134_hh166
d195,d50_hh195
d195,d163_hh115
d195,d85_hh218
d195,d7_hh64
d195,d36_hh69
d195,d44_hh187
d195,d191_hh275
d195,d88_hh235
d195,d88_hh3
d195,d38_hh95
d195,d99_hh44
d195,d109_hh209
d195,d74_hh109
d195,d46_hh57
d195,d88_hh108
d195,d186_hh175
d195,d122_hh181
d195,d97_hh20
d195,d39_hh55
d195,d16_hh201
d195,d160_hh232
d195,d114_hh2
d195,d175_hh32
d195,d184_hh206
d195,d85_hh214
d195,d55_hh190
d195,d93_hh184
d195,d114_hh2
d195,d171_hh189
d195,d128_hh184
d195,d66_hh131
d195,d170_hh228
d195,d135_hh226
d195,d21_hh21
d195,d1_hh234
d195,d120_hh268
d195,d163_hh115
d195,d85_hh104
d195,d135_hh78
d195,d139_hh164
d195,d85_hh218
d195,d149_hh237
d195,d33_hh64
d195,d208_hh2
d195,d124_hh223
d195,d175_hh32
d195,d137_hh216
d195,d138_hh1
d195,d88_hh118
d195,d134_hh118
d195,d214_hh252
d195,d214_hh184
d195,d204_hh231
d195,d62_hh167
d195,d210_hh267
d195,d80_hh6
d195,d20_hh44
d195,d35_hh211
d195,d126_hh156
d195,d214_hh166
d195,d69_hh55
d195,d190_hh176
d195,d215_hh82
d195,d44_hh187
d195,d124_hh118
d195,d191_hh190
d195,d165_hh274
d195,d31_hh135
d195,d137_hh216
d195,d93_hh80
d195,d56_hh123
d195,d111_hh29
d195,d42_hh38
d195,d46_hh57
d195,d147_hh167
d195,d11_hh240
d195,d88_hh235
d195,d55_hh232
d195,d156_hh218
d195,d135_hh226
d195,d161_hh238
d195,d187_hh16
d195,d55_hh131
d195,d135_hh57
d195,d130_hh177
d195,d61_hh79
d195,d55_hh232
d195,d213_hh238
d195,d138_hh10
d195,d179_hh41
d195,d58_hh108
d195,d114_hh12
d195,d82_hh231
d195,d66_hh13
d195,d20_hh44
d195,d56_hh166
d195,d111_hh29
d195,d42_hh251
d195,d101_hh182
d195,d210_hh262
d195,d55_hh12
d195,d78_hh123
d195,d73_hh197
d195,d50_hh112
d195,d16_hh218
d195,d191_hh275
d195,d164_hh249
d195,d149_hh237
d195,d149_hh30
d195,d50_hh195
d195,d42_hh38
d195,d39_hh55
d195,d104_hh7
d195,d46_hh57
d195,d155_hh206
d195,d160_hh232
d195,d41_hh254
d195,d65_hh115
d195,d183_hh237
d195,d187_hh30
d195,d81_hh14
d195,d11_hh240
d195,d65_hh67
d195,d44_hh127
d195,d131_hh204
d195,d158_hh20
d195,d82_hh41
d195,d158_hh20
d195,d110_hh201
d195,d207_hh28
d195,d56_hh123
d195,d104_hh7
d195,d88_hh118
d195,d158_hh20
d195,d21_hh25
d195,d208_hh221
d195,d55_hh190
d195,d210_hh267
d195,d124_hh126
d195,d146_hh114
d195,d77_hh83
d195,d73_hh7
d195,d46_hh228
d195,d11_hh26
d195,d125_hh248
d195,d74_hh108
d195,d40_hh7
d195,d124_hh167
d195,d39_hh96
d195,d13_hh263
d195,d132_hh233
d195,d183_hh237
d195,d7_hh240
d195,d186_hh175
d195,d193_hh61
d195,d44_hh163
d195,d43_hh27
d195,d119_hh174
d195,d7_hh124
d195,d44_hh35
d195,d118_hh262
d195,d42_hh251
d195,d150_hh253
d195,d141_hh194
d195,d74_hh108
d195,d11_hh240
d195,d184_hh210
d195,d124_hh167
d195,d150_hh168
d195,d191_hh12
d195,d119_hh174
d195,d91_hh79
d195,d82_hh41
d195,d141_hh209
d195,d204_hh173
d195,d124_hh118
d195,d32_hh19
d195,d135_hh57
d195,d122_hh181
d195,d150_hh8
d195,d125_hh167
d195,d7_hh240
d195,d134_hh118
d195,d106_hh24
d195,d208_hh137
d195,d118_hh175
d195,d43_hh67
d195,d117_hh245
d195,d85_hh218
d195,d190_hh32
d195,d141_hh235
d195,d72_hh77
d195,d161_hh250
d195,d130_hh277
d195,d48_hh119
d195,d214_hh166
d195,d131_hh14
d195,d184_hh206
d195,d156_hh153
d195,d74_hh108
d195,d111_hh206
d195,d44_hh187
d195,d7_hh240
d195,d183_hh93
d195,d91_hh100
d195,d97_hh75
d195,d183_hh237
d195,d66_hh179
d195,d118_hh175
d195,d214_hh252
d195,d18_hh91
d195,d183_hh93
d195,d179_hh28
d195,d59_hh98
d195,d21_hh25
d195,d72_hh77
d195,d117_hh126
d195,d134_hh7
d195,d131_hh14
d195,d26_hh63
d195,d35_hh224
d195,d135_hh216
d195,d100_hh65
d195,d191_hh275
d195,d18_hh253
d195,d106_hh24
d195,d109_hh168
d195,d18_hh6
d195,d131_hh204
d195,d93_hh184
d195,d155_hh206
d195,d56_hh166
d195,d137_hh216
d195,d204_hh158
d195,d131_hh204
d195,d140_hh260
d195,d110_hh201
d195,d120_hh118
d195,d138_hh1
d195,d117_hh126
d195,d137_hh216
d195,d59_hh207
d195,d50_hh90
d195,d78_hh123
d195,d91_hh79
d195,d128_hh43
d195,d91_hh113
d195,d154_hh132
d195,d44_hh170
d195,d124_hh118
d195,d141_hh194
d195,d16_hh177
d195,d82_hh231
d195,d91_hh79
d195,d126_hh233
d195,d48_hh176
d197,d120_hh118
d197,d134_hh166
d197,d97_hh20
d197,d77_hh40
d197,d141_hh209
d197,d156_hh153
d197,d124_hh223
d197,d128_hh273
d197,d38_hh49
d197,d62_hh167
d197,d124_hh118
d197,d155_hh206
d197,d42_hh263
d197,d184_hh11
d197,d32_hh60
d197,d141_hh194
d197,d150_hh8
d197,d124_hh223
d197,d179_hh28
d197,d175_hh181
d197,d124_hh126
d197,d55_hh226
d197,d95_hh241
d197,d81_hh87
d197,d58_hh81
d197,d7_hh124
d197,d112_hh221
d197,d122_hh210
d197,d150_hh168
d197,d120_hh118
d197,d55_hh229
d197,d174_hh6
d197,d74_hh109
d197,d161_hh229
d197,d55_hh131
d197,d5_hh117
d197,d41_hh72
d197,d16_hh218
d197,d129_hh106
d197,d155_hh206
d197,d131_hh212
d197,d118_hh175
d197,d77_hh40
d197,d191_hh30
d197,d160_hh59
d197,d137_hh216
d197,d38_hh172
d197,d112_hh176
d197,d78_hh123
d197,d67_hh63
d197,d112_hh177
d197,d134_hh7
d197,d56_hh63
d197,d141_hh6
d197,d190_hh32
d197,d73_hh7
d197,d102_hh284
d197,d114_hh12
d197,d44_hh170
d197,d152_hh175
d197,d187_hh32
d197,d110_hh172
d197,d97_hh75
d197,d210_hh262
d197,d44_hh163
d197,d38_hh95
d197,d73_hh7
d197,d56_hh63
d197,d59_hh98
d197,d42_hh165
d197,d75_hh15
d197,d160_hh232
d197,d81_hh87
d197,d42_hh263
d197,d42_hh38
d197,d158_hh20
d197,d202_hh222
d197,d51_hh49
d197,d131_hh204
d197,d35_hh211
d197,d21_hh21
d197,d42_hh251
d197,d31_hh135
d197,d100_hh65
d197,d97_hh75
d197,d41_hh72
d197,d38_hh49
d197,d141_hh209
d197,d160_hh104
d197,d101_hh182
d197,d56_hh166
d197,d100_hh65
d197,d35_hh224
d197,d112_hh177
d197,d110_hh172
d197,d129_hh94
d197,d7_hh64
d197,d7_hh64
d197,d83_hh67
d197,d164_hh249
d197,d117_hh126
d197,d156_hh153
d197,d42_hh263
d197,d5_hh117
d197,d141_hh194
d197,d51_hh285
d197,d129_hh94
d197,d130_hh273
d197,d120_hh57
d197,d66_hh154
d197,d168_hh34
d197,d129_hh209
d197,d26_hh63
d197,d88_hh267
d197,d38_hh101
d197,d168_hh34
d197,d88_hh108
d197,d93_hh80
d197,d113_hh254
d197,d59_hh132
d197,d128_hh278
d197,d66_hh13
d197,d118_hh188
d197,d122_hh112
d197,d50_hh90
d197,d150_hh253
d197,d140_hh260
d197,d26_hh63
d197,d187_hh16
d197,d82_hh231
d197,d190_hh38
d197,d88_hh191
d197,d207_hh28
d197,d26_hh63
d197,d74_hh109
d197,d35_hh104
d197,d62_hh167
d197,d128_hh180
d197,d152_hh187
d197,d134_hh118
d197,d205_hh217
d197,d198_hh78
d197,d78_hh234
d197,d19_hh147
d197,d5_hh117
d197,d29_hh167
d197,d134_hh7
d197,d83_hh79
d197,d186_hh175
d197,d61_hh79
d197,d44_hh65
d197,d207_hh28
d197,d160_hh104
d197,d143_hh224
d197,d190_hh32
d197,d15_hh97
d197,d139_hh27
d197,d111_hh29
d197,d36_hh69
d197,d156_hh181
d197,d61_hh79
d197,d11_hh79
d197,d74_hh212
d197,d158_hh34
d197,d43_hh67
d197,d51_hh186
d197,d208_hh221
d197,d198_hh40
d197,d13_hh239
d197,d183_hh93
d197,d30_hh44
d197,d38_hh95
d197,d46_hh228
d197,d163_hh115
d197,d128_hh273
d197,d11_hh214
d197,d19_hh147
d197,d156_hh151
d197,d83_hh67
d197,d156_hh151
d197,d170_hh63
d197,d210_hh267
d197,d124_hh223
d197,d100_hh164
d197,d118_hh88
d197,d97_hh20
d197,d56_hh166
d197,d210_hh262
d197,d202_hh222
d197,d130_hh177
d197,d213_hh238
d197,d190_hh106
d197,d208_hh2
d197,d208_hh221
d197,d191_hh275
d197,d66_hh154
d197,d162_hh113
d197,d73_hh153
d197,d169_hh247
d197,d56_hh175
d197,d2_hh232
d197,d147_hh167
d197,d58_hh108
d197,d214_hh166
d197,d120_hh57
d197,d134_hh118
d197,d69_hh274
d197,d48_hh119
d197,d51_hh186
d197,d137_hh201
d197,d30_hh132
d197,d88_hh267
d197,d13_hh263
d197,d160_hh38
d197,d125_hh236
d197,d214_hh171
d197,d195_hh31
d197,d65_hh115
d197,d16_hh200
d197,d91_hh241
d197,d51_hh49
d197,d30_hh44
d197,d210_hh87
d197,d33_hh64
d197,d38_hh101
d197,d141_hh152
d197,d124_hh126
d197,d156_hh151
d197,d202_hh111
d197,d15_hh188
d197,d120_hh57
d197,d88_hh235
d197,d158_hh34
d197,d179_hh267
d197,d7_hh64
d197,d137_hh216
d197,d215_hh82
d197,d187_hh16
d197,d1_hh234
d197,d202_hh111
d197,d112_hh31
d197,d91_hh241
d197,d41_hh72
d197,d102_hh228
d197,d61_hh79
d197,d117_hh126
d197,d156_hh181
d197,d69_hh209
d197,d120_hh57
d197,d91_hh113
d197,d204_hh231
d197,d11_hh79
d197,d59_hh162
d197,d43_hh27
d197,d91_hh79
d197,d42_hh263
d197,d109_hh209
d197,d74_hh109
d197,d119_hh50
d197,d120_hh45
d197,d129_hh106
d197,d32_hh151
d197,d171_hh189
d197,d170_hh63
d197,d20_hh44
d197,d132_hh233
d197,d118_hh88
d197,d56_hh89
d197,d56_hh63
d197,d40_hh111
d197,d141_hh194
d197,d59_hh207
d197,d120_hh57
d197,d169_hh247
d197,d33_hh64
d197,d168_hh265
d197,d179_hh267
d197,d102_hh228
d197,d146_hh88
d197,d11_hh240
d197,d131_hh204
d197,d152_hh175
d197,d44_hh65
d197,d1_hh15
d200,d198_hh78
d200,d11_hh26
d200,d43_hh67
d200,d128_hh180
d200,d141_hh194
d200,d215_hh157
d200,d161_hh238
d200,d137_hh216
d200,d11_hh79
d200,d77_hh156
d200,d139_hh9
d200,d88_hh235
d200,d1_hh234
d200,d126_hh44
d200,d158_hh85
d200,d161_hh110
d200,d32_hh101
d200,d139_hh164
d200,d122_hh271
d200,d214_hh255
d200,d174_hh85
d200,d51_hh285
d200,d101_hh186
d200,d170_hh273
d200,d16_hh200
d200,d48_hh119
d200,d87_hh38
d200,d11_hh79
d200,d99_hh38
d200,d51_hh177
d200,d150_hh253
d200,d170_hh273
d200,d88_hh118
d200,d120_hh45
d200,d122_hh181
d200,d51_hh186
d200,d56_hh175
d200,d163_hh115
d200,d66_hh154
d200,d193_hh61
d200,d134_hh76
d200,d55_hh246
d200,d119_hh107
d200,d210_hh262
d200,d143_hh224
d200,d75_hh15
d200,d106_hh24
d200,d106_hh24
d200,d110_hh201
d200,d175_hh181
d200,d2_hh232
d200,d2_hh232
d200,d78_hh123
d200,d42_hh38
d200,d141_hh6
d200,d120_hh272
d200,d35_hh104
d200,d179_hh41
d200,d162_hh113
d200,d112_hh31
d200,d56_hh175
d200,d137_hh109
d200,d130_hh273
d200,d7_hh124
d200,d174_hh97
d200,d73_hh197
d200,d7_hh64
d200,d1_hh234
d200,d32_hh151
d200,d32_hh101
d200,d77_hh83
d200,d33_hh64
d200,d35_hh104
d200,d46_hh57
d200,d16_hh75
d200,d200_hh51
d200,d69_hh274
d200,d140_hh195
d200,d87_hh32
d200,d205_hh54
d200,d56_hh177
d200,d19_hh147
d200,d55_hh190
d200,d15_hh97
d200,d50_hh195
d200,d117_hh126
d200,d38_hh49
d200,d33_hh64
d200,d88_hh3
d200,d150_hh8
d200,d42_hh38
d200,d175_hh239
d200,d135_hh216
d200,d184_hh11
d200,d78_hh9
d200,d88_hh235
d200,d202_hh17
d200,d130_hh273
d200,d122_hh112
d200,d139_hh9
d200,d128_hh297
d200,d38_hh101
d200,d42_hh165
d200,d158_hh85
d200,d74_hh108
d200,d156_hh153
d200,d141_hh235
d200,d53_hh249
d200,d138_hh1
d200,d5_hh117
d200,d120_hh45
d200,d21_hh25
d200,d111_hh29
d200,d16_hh177
d200,d75_hh15
d200,d35_hh224
d200,d130_hh177
d200,d11_hh132
d200,d125_hh248
d200,d163_hh115
d200,d112_hh31
d200,d46_hh228
d200,d146_hh114
d200,d32_hh136
d200,d120_hh57
d200,d139_hh164
d200,d77_hh156
d200,d35_hh224
d200,d44_hh65
d200,d56_hh63
d200,d11_hh132
d200,d120_hh118
d200,d21_hh16
d200,d51_hh49
d200,d41_hh181
d200,d147_hh167
d200,d110_hh172
d200,d101_hh186
d200,d44_hh127
d200,d74_hh212
d200,d135_hh219
d200,d125_hh248
d200,d117_hh245
d200,d56_hh123
d200,d42_hh263
d200,d139_hh27
d200,d208_hh137
d200,d56_hh166
d200,d184_hh11
d200,d134_hh156
d200,d128_hh180
d200,d114_hh2
d200,d174_hh6
d200,d82_hh41
d200,d208_hh137
d200,d160_hh232
d200,d131_hh41
d200,d120_hh118
d200,d73_hh33
d200,d130_hh277
d200,d18_hh253
d200,d65_hh115
d200,d114_hh12
d200,d83_hh67
d200,d178_hh263
d200,d85_hh104
d200,d34_hh12
d200,d130_hh273
d200,d44_hh65
d200,d208_hh2
d200,d93_hh80
d200,d130_hh177
d200,d11_hh132
d200,d69_hh222
d200,d1_hh15
d200,d88_hh191
d200,d19_hh147
d200,d118_hh88
d200,d186_hh175
d200,d42_hh38
d200,d101_hh186
d200,d87_hh38
d200,d20_hh44
d200,d82_hh231
d200,d120_hh118
d200,d190_hh38
d200,d26_hh63
d200,d78_hh123
d200,d134_hh7
d200,d120_hh57
d200,d77_hh156
d200,d109_hh209
d200,d74_hh108
d200,d69_hh13
d200,d23_hh236
d200,d109_hh168
d200,d179_hh242
d200,d112_hh177
d200,d53_hh23
d200,d7_hh87
d200,d88_hh118
d200,d125_hh167
d200,d61_hh79
d200,d32_hh101
d200,d32_hh101
d200,d134_hh118
d200,d38_hh172
d200,d42_hh38
d200,d120_hh57
d200,d191_hh275
d200,d13_hh157
d200,d149_hh30
d200,d26_hh63
d200,d141_hh194
d200,d138_hh1
d200,d130_hh273
d200,d72_hh77
d200,d175_hh32
d200,d88_hh235
d200,d143_hh224
d200,d184_hh11
d200,d210_hh262
d200,d50_hh112
d200,d124_hh223
d200,d41_hh53
d200,d41_hh53
d200,d1_hh15
d200,d59_hh162
d200,d193_hh67
d200,d55_hh232
d200,d134_hh31
d200,d44_hh187
d200,d214_hh255
d200,d191_hh190
d200,d152_hh175
d200,d143_hh82
d200,d85_hh104
d200,d190_hh182
d200,d128_hh180
d200,d59_hh98
d200,d43_hh27
d200,d85_hh218
d200,d88_hh118
d200,d170_hh63
d200,d202_hh222
d200,d150_hh253
d200,d150_hh168
d200,d126_hh184
d200,d101_hh182
d200,d59_hh98
d200,d5_hh117
d200,d160_hh38
d200,d130_hh273
d200,d146_hh114
d200,d184_hh11
d200,d139_hh27
d200,d214_hh252
d200,d81_hh14
d200,d67_hh63
d200,d138_hh1
d200,d205_hh73
d200,d208_hh221
d200,d38_hh95
d200,d55_hh246
d200,d191_hh30
d200,d134_hh31
d200,d5_hh117
d200,d120_hh57
d200,d183_hh93
d200,d179_hh242
d200,d175_hh181
d200,d69_hh209
d200,d135_hh191
d194,d6_hh130
d194,d185_hh57
d194,d9_hh183
d194,d196_hh215
d194,d27_hh269
d194,d63_hh160
d194,d76_hh193
d194,d121_hh170
d194,d92_hh91
d194,d144_hh289
d194,d185_hh143
d194,d151_hh203
d194,d108_hh162
d194,d108_hh212
d194,d10_hh167
d194,d3_hh97
d194,d176_hh220
d194,d76_hh193
d194,d157_hh222
d194,d76_hh187
d194,d8_hh149
d194,d108_hh162
d194,d70_hh171
d194,d116_hh118
d194,d145_hh175
d194,d145_hh175
d194,d148_hh117
d194,d108_hh212
d194,d148_hh100
d194,d70_hh172
d194,d103_hh192
d194,d79_hh227
d194,d203_hh139
d194,d107_hh23
d194,d9_hh183
d194,d70_hh136
d194,d107_hh7
d194,d22_hh190
d194,d108_hh162
d194,d142_hh190
d194,d9_hh170
d194,d115_hh55
d194,d115_hh186
d194,d148_hh58
d194,d167_hh276
d194,d9_hh236
d194,d84_hh161
d194,d9_hh236
d194,d116_hh118
d194,d28_hh253
d194,d145_hh175
d194,d28_hh35
d194,d194_hh40
d194,d84_hh161
d194,d94_hh129
d194,d157_hh222
d194,d115_hh186
d194,d79_hh227
d194,d201_hh78
d194,d94_hh129
d194,d86_hh55
d194,d70_hh171
d194,d8_hh105
d194,d194_hh114
d194,d188_hh256
d194,d107_hh7
d194,d121_hh272
d194,d153_hh26
d194,d8_hh155
d194,d115_hh176
d194,d79_hh227
d194,d153_hh100
d194,d47_hh300
d194,d70_hh172
d194,d108_hh213
d194,d145_hh175
d194,d115_hh176
d194,d211_hh211
d194,d148_hh247
d194,d121_hh170
d194,d103_hh205
d194,d203_hh227
d194,d145_hh175
d194,d25_hh80
d194,d201_hh135
d194,d167_hh276
d194,d28_hh35
d194,d79_hh114
d194,d63_hh69
d194,d181_hh17
d194,d201_hh78
d194,d28_hh253
d194,d70_hh171
d194,d107_hh7
d194,d108_hh213
d194,d108_hh162
d194,d28_hh253
d194,d157_hh16
d194,d8_hh106
d194,d25_hh157
d194,d148_hh100
d194,d148_hh100
d194,d70_hh172
d194,d148_hh58
d194,d8_hh105
d194,d194_hh114
d194,d203_hh189
d194,d144_hh289
d194,d76_hh187
d194,d70_hh76
d194,d3_hh180
d194,d121_hh170
d194,d70_hh172
d194,d108_hh241
d194,d157_hh16
d194,d79_hh198
d194,d176_hh220
d194,d196_hh229
d194,d167_hh276
d194,d121_hh272
d194,d8_hh155
d194,d194_hh40
d194,d172_hh18
d194,d94_hh129
d194,d107_hh7
d194,d212_hh61
d194,d185_hh57
d194,d108_hh162
d194,d142_hh190
d194,d188_hh256
d194,d148_hh58
d194,d172_hh18
d194,d107_hh103
d194,d63_hh160
d194,d28_hh35
d194,d142_hh106
d194,d212_hh61
d194,d108_hh230
d194,d194_hh40
d194,d108_hh212
d194,d70_hh171
d194,d8_hh105
d194,d79_hh114
d194,d70_hh110
d194,d71_hh163
d194,d121_hh170
d194,d196_hh139
d194,d194_hh189
d194,d153_hh96
d194,d136_hh192
d194,d121_hh272
d194,d144_hh253
d194,d86_hh55
d194,d8_hh106
d194,d121_hh272
d194,d92_hh115
d194,d196_hh139
d194,d108_hh213
d194,d167_hh70
d194,d203_hh139
d194,d105_hh45
d194,d9_hh289
d194,d79_hh227
d194,d71_hh245
d194,d63_hh131
d194,d142_hh190
d194,d60_hh191
d194,d136_hh32
d194,d70_hh171
d194,d180_hh254
d194,d70_hh110
d194,d212_hh252
d194,d14_hh75
d194,d27_hh269
d194,d45_hh0
d194,d196_hh229
d194,d76_hh193
d194,d145_hh175
d194,d212_hh252
d194,d22_hh176
d194,d94_hh253
d194,d63_hh131
d194,d86_hh55
d194,d79_hh227
d194,d145_hh175
d194,d25_hh80
d194,d167_hh276
d194,d76_hh193
d194,d9_hh197
d194,d136_hh192
d194,d14_hh75
d194,d115_hh186
d194,d49_hh219
d194,d148_hh100
d194,d201_hh135
d194,d28_hh253
d194,d107_hh7
d194,d157_hh16
d194,d188_hh256
d194,d76_hh193
d194,d189_hh268
d194,d157_hh215
d194,d196_hh139
d194,d76_hh6
d194,d45_hh0
d194,d9_hh289
d194,d76_hh193
d194,d107_hh103
d194,d71_hh146
d194,d25_hh80
d194,d107_hh7
d194,d167_hh276
d194,d121_hh170
d194,d94_hh253
d194,d45_hh0
d194,d8_hh149
d194,d49_hh257
d194,d107_hh7
d194,d94_hh129
d194,d28_hh253
d194,d60_hh107
d194,d151_hh203
d194,d71_hh146
d194,d153_hh100
d194,d86_hh55
d194,d203_hh139
d194,d192_hh68
d194,d121_hh170
d194,d49_hh257
d194,d47_hh300
d194,d148_hh244
d194,d167_hh70
d194,d115_hh55
d194,d103_hh205
d194,d136_hh32
d194,d121_hh272
d194,d148_hh244
d194,d116_hh118
d194,d144_hh253
d194,d172_hh18
d194,d108_hh212
d194,d180_hh254
d194,d94_hh129
d194,d60_hh108
d194,d153_hh26
d194,d14_hh75
d194,d176_hh220
d194,d70_hh110
d194,d25_hh157
d194,d79_hh114
d194,d145_hh175
d194,d196_hh126
d194,d108_hh213
d194,d28_hh35
d194,d167_hh276
d194,d142_hh108
d194,d108_hh230
d194,d108_hh212
d194,d25_hh80
d194,d136_hh32
d194,d176_hh125
d198,d91_hh32
d198,d174_hh6
d198,d73_hh151
d198,d135_hh219
d198,d59_hh207
d198,d187_hh291
d198,d44_hh35
d198,d66_hh179
d198,d128_hh297
d198,d50_hh195
d198,d164_hh220
d198,d202_hh111
d198,d160_hh179
d198,d126_hh44
d198,d81_hh14
d198,d139_hh164
d198,d118_hh262
d198,d193_hh61
d198,d164_hh78
d198,d140_hh195
d198,d11_hh240
d198,d170_hh63
d198,d200_hh51
d198,d74_hh108
d198,d32_hh203
d198,d200_hh51
d198,d7_hh64
d198,d11_hh244
d198,d112_hh31
d198,d200_hh51
d198,d169_hh148
d198,d120_hh57
d198,d66_hh13
d198,d119_hh107
d198,d162_hh67
d198,d77_hh156
d198,d18_hh80
d198,d187_hh30
d198,d119_hh107
d198,d58_hh81
d198,d99_hh38
d198,d58_hh108
d198,d66_hh179
d198,d156_hh151
d198,d134_hh7
d198,d195_hh97
d198,d112_hh17
d198,d141_hh194
d198,d214_hh166
d198,d51_hh177
d198,d200_hh51
d198,d81_hh81
d198,d127_hh69
d198,d128_hh278
d198,d85_hh218
d198,d135_hh226
d198,d82_hh115
d198,d187_hh291
d198,d135_hh216
d198,d65_hh67
d198,d122_hh210
d198,d114_hh2
d198,d120_hh118
d198,d40_hh111
d198,d135_hh219
d198,d137_hh201
d198,d32_hh203
d198,d190_hh32
d198,d112_hh17
d198,d39_hh55
d198,d179_hh267
d198,d88_hh118
d198,d135_hh191
d198,d99_hh44
d198,d41_hh254
d198,d74_hh109
d198,d118_hh88
d198,d78_hh9
d198,d158_hh20
d198,d134_hh118
d198,d171_hh189
d198,d154_hh132
d198,d141_hh194
d198,d97_hh20
d198,d128_hh278
d198,d191_hh30
d198,d161_hh229
d198,d170_hh273
d198,d43_hh67
d198,d156_hh181
d198,d5_hh117
d198,d69_hh55
d198,d191_hh179
d198,d114_hh2
d198,d74_hh109
d198,d208_hh221
d198,d56_hh166
d198,d11_hh79
d198,d190_hh38
d198,d130_hh273
d198,d141_hh209
d198,d214_hh184
d198,d193_hh61
d198,d200_hh51
d198,d58_hh81
d198,d35_hh224
d198,d32_hh151
d198,d110_hh117
d198,d19_hh147
d198,d152_hh175
d198,d130_hh177
d198,d91_hh100
d198,d55_hh246
d198,d41_hh181
d198,d170_hh228
d198,d174_hh85
d198,d82_hh231
d198,d198_hh40
d198,d156_hh218
d198,d41_hh72
d198,d59_hh98
d198,d122_hh112
d198,d51_hh186
d198,d82_hh41
d198,d100_hh164
d198,d88_hh3
d198,d120_hh45
d198,d112_hh221
d198,d168_hh30
d198,d30_hh132
d198,d175_hh239
d198,d119_hh50
d198,d100_hh164
d198,d161_hh110
d198,d150_hh168
d198,d40_hh7
d198,d87_hh38
d198,d74_hh108
d198,d73_hh84
d198,d208_hh221
d198,d91_hh32
d198,d65_hh75
d198,d1_hh15
d198,d83_hh79
d198,d140_hh195
d198,d110_hh117
d198,d170_hh273
d198,d139_hh27
d198,d69_hh55
d198,d110_hh201
d198,d99_hh44
d198,d134_hh7
d198,d7_hh64
d198,d193_hh67
d198,d215_hh157
d198,d82_hh256
d198,d135_hh219
d198,d44_hh163
d198,d18_hh80
d198,d42_hh251
d198,d170_hh63
d198,d88_hh3
d198,d73_hh151
d198,d88_hh267
d198,d191_hh190
d198,d131_hh212
d198,d91_hh113
d198,d170_hh63
d198,d119_hh50
d198,d100_hh164
d198,d135_hh191
d198,d73_hh197
d198,d110_hh201
d198,d174_hh85
d198,d42_hh38
d198,d126_hh233
d198,d184_hh11
d198,d164_hh78
d198,d96_hh8
d198,d69_hh99
d198,d122_hh210
d198,d72_hh77
d198,d141_hh194
d198,d198_hh78
d198,d32_hh151
d198,d109_hh168
d198,d135_hh219
d198,d111_hh206
d198,d18_hh6
d198,d204_hh231
d198,d135_hh219
d198,d87_hh32
d198,d73_hh151
d198,d190_hh106
d198,d118_hh262
d198,d51_hh285
d198,d69_hh55
d198,d143_hh224
d198,d95_hh241
d198,d162_hh113
d198,d120_hh268
d198,d140_hh260
d198,d147_hh167
d198,d174_hh97
d198,d82_hh231
d198,d187_hh30
d198,d118_hh88
d198,d160_hh232
d198,d155_hh206
d198,d156_hh153
d198,d51_hh177
d198,d110_hh117
d198,d26_hh63
d198,d55_hh226
d198,d119_hh174
d198,d111_hh206
d198,d100_hh65
d198,d190_hh176
d198,d73_hh153
d198,d214_hh255
d198,d143_hh82
d198,d141_hh6
d198,d155_hh206
d198,d162_hh67
d198,d110_hh201
d198,d59_hh98
d198,d69_hh209
d198,d125_hh189
d198,d11_hh214
d198,d160_hh59
d198,d55_hh226
d198,d129_hh94
d198,d195_hh31
d198,d58_hh81
d198,d43_hh27
d198,d150_hh253
d198,d160_hh59
d198,d21_hh16
d198,d214_hh166
d198,d55_hh229
d198,d55_hh226
d198,d91_hh100
d198,d48_hh176
d198,d178_hh263
d198,d174_hh97
d198,d190_hh173
d198,d66_hh154
d198,d210_hh262
d198,d124_hh167
d198,d16_hh218
d198,d154_hh157
d198,d53_hh23
d198,d190_hh106
d198,d179_hh242
d198,d204_hh231
d198,d162_hh67
d198,d74_hh109
d198,d97_hh75
d198,d23_hh236
d198,d190_hh176
d198,d77_hh83
d198,d44_hh35
d198,d146_hh88
d198,d126_hh184
d198,d191_hh275
d198,d161_hh250
d198,d48_hh119
d198,d44_hh35
d172,d37_hh159
d172,d153_hh26
d172,d14_hh67
d172,d84_hh161
d172,d8_hh105
d172,d10_hh167
d172,d203_hh96
d172,d196_hh229
d172,d79_hh227
d172,d185_hh57
d172,d206_hh279
d172,d92_hh91
d172,d71_hh163
d172,d8_hh155
d172,d84_hh161
d172,d3_hh35
d172,d153_hh100
d172,d49_hh103
d172,d60_hh108
d172,d107_hh258
d172,d136_hh32
d172,d172_hh18
d172,d203_hh139
d172,d47_hh300
d172,d167_hh276
d172,d14_hh67
d172,d136_hh32
d172,d167_hh11
d172,d37_hh159
d172,d167_hh276
d172,d3_hh180
d172,d71_hh245
d172,d60_hh191
d172,d37_hh160
d172,d108_hh230
d172,d136_hh89
d172,d105_hh45
d172,d22_hh176
d172,d14_hh205
d172,d49_hh103
d172,d142_hh108
d172,d107_hh246
d172,d172_hh180
d172,d176_hh220
d172,d45_hh79
d172,d9_hh183
d172,d203_hh139
d172,d27_hh269
d172,d167_hh264
d172,d79_hh114
d172,d22_hh176
d172,d76_hh193
d172,d181_hh225
d172,d211_hh86
d172,d9_hh289
d172,d105_hh45
d172,d71_hh163
d172,d86_hh55
d172,d9_hh236
d172,d212_hh155
d172,d136_hh192
d172,d144_hh196
d172,d192_hh58
d172,d9_hh197
d172,d172_hh180
d172,d84_hh122
d172,d70_hh172
d172,d49_hh170
d172,d70_hh171
d172,d47_hh300
d172,d9_hh289
d172,d176_hh194
d172,d49_hh257
d172,d71_hh146
d172,d180_hh254
d172,d9_hh183
d172,d115_hh176
d172,d27_hh269
d172,d194_hh142
d172,d9_hh236
d172,d181_hh225
d172,d8_hh155
d172,d79_hh255
d172,d115_hh124
d172,d107_hh23
d172,d212_hh61
d172,d6_hh77
d172,d180_hh254
d172,d203_hh227
d172,d3_hh35
d172,d49_hh103
d172,d144_hh196
d172,d144_hh289
d172,d47_hh300
d172,d142_hh108
d172,d108_hh213
d172,d157_hh235
d172,d206_hh279
d172,d108_hh213
d172,d151_hh215
d172,d14_hh75
d172,d203_hh227
d172,d71_hh163
d172,d145_hh175
d172,d196_hh215
d172,d8_hh105
d172,d84_hh161
d172,d167_hh276
d172,d49_hh103
d172,d148_hh104
d172,d212_hh61
d172,d172_hh18
d172,d185_hh57
d172,d144_hh196
d172,d203_hh96
d172,d142_hh108
d172,d189_hh268
d172,d108_hh212
d172,d148_hh117
d172,d185_hh57
d172,d185_hh143
d172,d14_hh205
d172,d6_hh77
d172,d167_hh276
d172,d105_hh45
d172,d9_hh197
d172,d79_hh198
d172,d212_hh155
d172,d181_hh17
d172,d3_hh97
d172,d103_hh205
d172,d9_hh170
d172,d176_hh194
d172,d105_hh45
d172,d167_hh276
d172,d76_hh187
d172,d116_hh6
d172,d108_hh162
d172,d8_hh155
d172,d60_hh108
d172,d142_hh108
d172,d86_hh55
d172,d136_hh89
d172,d153_hh26
d172,d8_hh149
d172,d28_hh40
d172,d203_hh227
d172,d63_hh69
d172,d136_hh89
d172,d212_hh61
d172,d203_hh227
d172,d201_hh78
d172,d167_hh264
d172,d107_hh258
d172,d136_hh32
d172,d180_hh254
d172,d84_hh122
d172,d185_hh143
d172,d10_hh167
d172,d115_hh176
d172,d14_hh205
d172,d121_hh170
d172,d142_hh106
d172,d203_hh189
d172,d9_hh236
d172,d167_hh276
d172,d172_hh180
d172,d3_hh97
d172,d144_hh196
d172,d49_hh257
d172,d103_hh205
d172,d180_hh254
d172,d153_hh100
d172,d189_hh268
d172,d176_hh194
d172,d148_hh100
d172,d121_hh170
d172,d63_hh83
d172,d142_hh190
d172,d188_hh256
d172,d157_hh16
d172,d194_hh40
d172,d196_hh197
d172,d37_hh159
d172,d172_hh180
d172,d185_hh143
d172,d185_hh57
d172,d10_hh167
d172,d144_hh253
d172,d176_hh125
d172,d9_hh236
d172,d14_hh67
d172,d22_hh176
d172,d196_hh197
d172,d176_hh125
d172,d176_hh125
d172,d9_hh236
d172,d71_hh163
d172,d176_hh85
d172,d64_hh137
d172,d181_hh17
d172,d10_hh167
d172,d142_hh106
d172,d9_hh170
d172,d9_hh236
d172,d116_hh36
d172,d121_hh170
d172,d71_hh163
d172,d64_hh137
d172,d8_hh41
d172,d49_hh219
d172,d185_hh57
d172,d107_hh103
d172,d10_hh167
d172,d64_hh137
d172,d60_hh108
d172,d142_hh108
d172,d6_hh77
d172,d136_hh192
d172,d148_hh247
d172,d63_hh160
d172,d14_hh75
d172,d8_hh155
d172,d153_hh96
d172,d180_hh254
d172,d103_hh63
d172,d116_hh196
d172,d115_hh176
d172,d176_hh125
d172,d181_hh17
d172,d92_hh161
d172,d70_hh171
d172,d14_hh75
d172,d192_hh58
d172,d49_hh257
d172,d172_hh18
d172,d71_hh245
d172,d9_hh289
d172,d108_hh212
d172,d157_hh222
d172,d10_hh167
d172,d8_hh106
d172,d185_hh57
d172,d142_hh106
d172,d167_hh11
d172,d157_hh16
d172,d206_hh279
d172,d63_hh83
d172,d172_hh18
d172,d206_hh279
d172,d108_hh212
d172,d144_hh289
d172,d167_hh276
d172,d49_hh170
d172,d148_hh244
d172,d212_hh155
d172,d8_hh41
d172,d76_hh193
d172,d8_hh155
d172,d76_hh187
d172,d70_hh171
d172,d194_hh101
d172,d22_hh190
d172,d153_hh96
d172,d47_hh300
d172,d136_hh89
d172,d3_hh97
d172,d148_hh100
d172,d28_hh253
d172,d79_hh227
d172,d176_hh85
d172,d49_hh257
d172,d71_hh146
d172,d103_hh192
d172,d151_hh215
d172,d115_hh199
d172,d185_hh143
d172,d212_hh61
d202,d51_hh177
d202,d58_hh108
d202,d208_hh2
d202,d1_hh234
d202,d162_hh113
d202,d160_hh211
d202,d190_hh173
d202,d135_hh191
d202,d38_hh172
d202,d135_hh226
d202,d59_hh251
d202,d119_hh50
d202,d87_hh32
d202,d186_hh175
d202,d158_hh34
d202,d46_hh57
d202,d72_hh77
d202,d35_hh224
d202,d106_hh24
d202,d59_hh132
d202,d161_hh229
d202,d126_hh156
d202,d82_hh231
d202,d111_hh206
d202,d66_hh193
d202,d51_hh285
d202,d131_hh212
d202,d88_hh118
d202,d183_hh237
d202,d110_hh236
d202,d161_hh110
d202,d88_hh108
d202,d118_hh188
d202,d202_hh17
d202,d160_hh232
d202,d62_hh167
d202,d183_hh237
d202,d62_hh18
d202,d38_hh172
d202,d32_hh203
d202,d162_hh67
d202,d141_hh209
d202,d1_hh234
d202,d160_hh104
d202,d51_hh37
d202,d7_hh87
d202,d156_hh151
d202,d119_hh50
d202,d131_hh212
d202,d91_hh32
d202,d35_hh104
d202,d91_hh32
d202,d191_hh179
d202,d35_hh211
d202,d130_hh177
d202,d34_hh166
d202,d44_hh283
d202,d55_hh229
d202,d112_hh31
d202,d69_hh55
d202,d179_hh242
d202,d118_hh262
d202,d91_hh79
d202,d169_hh115
d202,d101_hh182
d202,d82_hh256
d202,d16_hh75
d202,d85_hh104
d202,d65_hh67
d202,d160_hh232
d202,d110_hh201
d202,d175_hh181
d202,d130_hh177
d202,d93_hh66
d202,d100_hh164
d202,d48_hh119
d202,d193_hh61
d202,d91_hh100
d202,d69_hh222
d202,d65_hh75
d202,d160_hh97
d202,d81_hh87
d202,d135_hh57
d202,d35_hh104
d202,d147_hh167
d202,d141_hh152
d202,d164_hh78
d202,d146_hh88
d202,d32_hh19
d202,d61_hh79
d202,d91_hh113
d202,d160_hh232
d202,d161_hh110
d202,d135_hh57
d202,d40_hh7
d202,d138_hh10
d202,d91_hh32
d202,d119_hh50
d202,d200_hh51
d202,d69_hh13
d202,d1_hh15
d202,d30_hh44
d202,d190_hh182
d202,d56_hh166
d202,d135_hh226
d202,d38_hh95
d202,d124_hh126
d202,d191_hh179
d202,d208_hh221
d202,d120_hh45
d202,d23_hh236
d202,d55_hh246
d202,d58_hh81
d202,d126_hh44
d202,d78_hh123
d202,d30_hh132
d202,d204_hh231
d202,d156_hh19
d202,d156_hh151
d202,d214_hh171
d202,d32_hh136
d202,d1_hh15
d202,d87_hh32
d202,d58_hh81
d202,d204_hh173
d202,d214_hh20
d202,d34_hh12
d202,d195_hh31
d202,d74_hh109
d202,d208_hh221
d202,d33_hh266
d202,d41_hh72
d202,d44_hh187
d202,d21_hh16
d202,d205_hh217
d202,d38_hh101
d202,d184_hh206
d202,d87_hh38
d202,d18_hh253
d202,d118_hh88
d202,d161_hh110
d202,d99_hh38
d202,d15_hh97
d202,d56_hh166
d202,d169_hh115
d202,d125_hh248
d202,d39_hh55
d202,d34_hh12
d202,d102_hh284
d202,d131_hh204
d202,d139_hh27
d202,d78_hh234
d202,d20_hh48
d202,d44_hh127
d202,d134_hh7
d202,d1_hh15
d202,d139_hh27
d202,d191_hh179
d202,d150_hh8
d202,d29_hh167
d202,d7_hh64
d202,d110_hh201
d202,d122_hh112
d202,d91_hh32
d202,d33_hh64
d202,d73_hh197
d202,d87_hh32
d202,d141_hh235
d202,d91_hh79
d202,d191_hh12
d202,d186_hh175
d202,d50_hh195
d202,d112_hh17
d202,d141_hh235
d202,d77_hh156
d202,d131_hh14
d202,d73_hh197
d202,d165_hh274
d202,d18_hh253
d202,d168_hh265
d202,d56_hh166
d202,d91_hh100
d202,d114_hh12
d202,d112_hh177
d202,d38_hh172
d202,d129_hh106
d202,d118_hh262
d202,d55_hh246
d202,d69_hh13
d202,d81_hh87
d202,d69_hh222
d202,d186_hh175
d202,d174_hh85
d202,d35_hh224
d202,d50_hh195
d202,d156_hh181
d202,d156_hh19
d202,d210_hh267
d202,d72_hh77
d202,d120_hh268
d202,d50_hh195
d202,d110_hh117
d202,d140_hh195
d202,d174_hh6
d202,d56_hh166
d202,d78_hh123
d202,d88_hh235
d202,d55_hh229
d202,d18_hh91
d202,d65_hh67
d202,d82_hh115
d202,d69_hh274
d202,d125_hh167
d202,d123_hh83
d202,d40_hh111
d202,d7_hh240
d202,d56_hh177
d202,d128_hh273
d202,d99_hh44
d202,d93_hh66
d202,d55_hh190
d202,d149_hh30
d202,d66_hh154
d202,d195_hh31
d202,d43_hh67
d202,d51_hh37
d202,d128_hh43
d202,d78_hh9
d202,d186_hh175
d202,d53_hh23
d202,d191_hh30
d202,d4_hh212
d202,d179_hh267
d202,d33_hh266
d202,d156_hh218
d202,d120_hh268
d202,d141_hh194
d202,d32_hh151
d202,d169_hh247
d202,d163_hh242
d202,d135_hh57
d202,d11_hh132
d202,d81_hh87
d202,d1_hh15
d202,d38_hh101
d202,d55_hh131
d202,d150_hh8
d202,d131_hh41
d202,d169_hh247
d202,d134_hh31
d202,d130_hh273
d202,d187_hh291
d202,d65_hh67
d202,d120_hh272
d202,d213_hh238
d202,d19_hh147
d202,d38_hh172
d202,d43_hh27
d202,d33_hh266
d202,d187_hh30
d202,d128_hh184
d202,d149_hh30
d202,d112_hh177
d202,d191_hh190
d202,d190_hh176
d202,d156_hh151
d202,d66_hh131
d202,d66_hh131
d202,d174_hh6
d202,d21_hh25
d202,d120_hh57
d202,d149_hh61
d202,d19_hh147
d202,d43_hh67
d202,d51_hh285
d202,d191_hh190
d201,d211_hh211
d201,d25_hh157
d201,d8_hh105
d201,d201_hh135
d201,d121_hh272
d201,d115_hh176
d201,d115_hh199
d201,d108_hh162
d201,d108_hh213
d201,d107_hh246
d201,d9_hh236
d201,d70_hh171
d201,d196_hh215
d201,d115_hh55
d201,d201_hh78
d201,d45_hh0
d201,d148_hh100
d201,d172_hh180
d201,d70_hh172
d201,d211_hh211
d201,d94_hh129
d201,d49_hh257
d201,d63_hh131
d201,d148_hh100
d201,d70_hh171
d201,d167_hh11
d201,d176_hh125
d201,d201_hh119
d201,d196_hh215
d201,d92_hh161
d201,d94_hh253
d201,d63_hh160
d201,d115_hh55
d201,d9_hh236
d201,d167_hh276
d201,d167_hh276
d201,d167_hh11
d201,d103_hh205
d201,d148_hh244
d201,d70_hh136
d201,d103_hh48
d201,d212_hh252
d201,d70_hh110
d201,d28_hh253
d201,d70_hh172
d201,d157_hh222
d201,d115_hh199
d201,d196_hh190
d201,d115_hh55
d201,d148_hh100
d201,d108_hh213
d201,d9_hh183
d201,d172_hh18
d201,d176_hh125
d201,d176_hh194
d201,d172_hh180
d201,d63_hh83
d201,d121_hh170
d201,d8_hh155
d201,d63_hh83
d201,d45_hh0
d201,d103_hh63
d201,d176_hh220
d201,d196_hh229
d201,d108_hh241
d201,d185_hh57
d201,d211_hh211
d201,d108_hh162
d201,d45_hh79
d201,d47_hh300
d201,d194_hh189
d201,d8_hh41
d201,d185_hh143
d201,d201_hh119
d201,d9_hh289
d201,d8_hh149
d201,d148_hh58
d201,d63_hh160
d201,d47_hh135
d201,d201_hh135
d201,d108_hh213
d201,d37_hh160
d201,d84_hh161
d201,d167_hh276
d201,d172_hh18
d201,d151_hh215
d201,d86_hh55
d201,d116_hh196
d201,d211_hh211
d201,d148_hh117
d201,d37_hh160
d201,d79_hh255
d201,d192_hh58
d201,d103_hh192
d201,d148_hh58
d201,d8_hh106
d201,d189_hh268
d201,d25_hh157
d201,d45_hh79
d201,d194_hh40
d201,d70_hh76
d201,d92_hh161
d201,d115_hh55
d201,d22_hh190
d201,d108_hh241
d201,d157_hh215
d201,d194_hh40
d201,d8_hh106
d201,d194_hh40
d201,d172_hh18
d201,d70_hh76
d201,d196_hh190
d201,d63_hh83
d201,d115_hh55
d201,d201_hh78
d201,d70_hh171
d201,d86_hh55
d201,d45_hh0
d201,d28_hh35
d201,d167_hh276
d201,d108_hh213
d201,d76_hh6
d201,d22_hh190
d201,d194_hh189
d201,d203_hh189
d201,d201_hh119
d201,d196_hh215
d201,d115_hh186
d201,d63_hh131
d201,d70_hh136
d201,d201_hh135
d201,d8_hh155
d201,d108_hh230
d201,d201_hh78
d201,d47_hh128
d201,d107_hh7
d201,d196_hh126
d201,d14_hh75
d201,d121_hh272
d201,d211_hh211
d201,d196_hh126
d201,d63_hh160
d201,d172_hh18
d201,d148_hh100
d201,d115_hh199
d201,d116_hh6
d201,d3_hh97
d201,d148_hh104
d201,d108_hh212
d201,d49_hh103
d201,d153_hh100
d201,d92_hh115
d201,d212_hh155
d201,d45_hh0
d201,d167_hh276
d201,d196_hh139
d201,d115_hh176
d201,d6_hh130
d201,d103_hh48
d201,d103_hh48
d201,d148_hh58
d201,d121_hh272
d201,d144_hh253
d201,d201_hh135
d201,d3_hh35
d201,d45_hh0
d201,d148_hh104
d201,d196_hh215
d201,d142_hh190
d201,d148_hh244
d201,d9_hh170
d201,d203_hh227
d201,d194_hh40
d201,d8_hh105
d201,d22_hh176
d201,d212_hh252
d201,d14_hh75
d201,d25_hh80
d201,d108_hh230
d201,d71_hh245
d201,d45_hh79
d201,d194_hh114
d201,d108_hh213
d201,d194_hh114
d201,d9_hh170
d201,d116_hh6
d201,d121_hh272
d201,d70_hh171
d201,d103_hh192
d201,d63_hh160
d201,d121_hh272
d201,d172_hh180
d201,d148_hh244
d201,d8_hh105
d201,d185_hh143
d201,d45_hh0
d201,d196_hh126
d201,d63_hh160
d201,d157_hh215
d201,d148_hh58
d201,d203_hh189
d201,d108_hh241
d201,d201_hh135
d201,d8_hh105
d201,d180_hh254
d201,d76_hh6
d201,d189_hh268
d201,d145_hh175
d201,d167_hh276
d201,d181_hh17
d201,d64_hh137
d201,d176_hh125
d201,d63_hh83
d201,d176_hh220
d201,d103_hh63
d201,d107_hh193
d201,d192_hh68
d201,d142_hh108
d201,d28_hh253
d201,d153_hh26
d201,d76_hh193
d201,d148_hh58
d201,d201_hh135
d201,d25_hh157
d201,d8_hh149
d201,d107_hh7
d201,d196_hh215
d201,d157_hh215
d201,d211_hh211
d201,d203_hh189
d201,d70_hh136
d201,d45_hh0
d201,d49_hh257
d201,d145_hh175
d201,d70_hh110
d201,d194_hh114
d201,d25_hh80
d201,d8_hh106
d201,d108_hh162
d201,d3_hh180
d201,d103_hh63
d201,d116_hh196
d201,d116_hh6
d201,d194_hh40
d201,d94_hh253
d201,d3_hh97
d201,d148_hh100
d201,d212_hh61
d201,d136_hh192
d201,d94_hh129
d201,d194_hh189
d204,d135_hh216
d204,d183_hh93
d204,d46_hh228
d204,d125_hh248
d204,d198_hh40
d204,d124_hh118
d204,d66_hh193
d204,d120_hh57
d204,d106_hh24
d204,d126_hh156
d204,d69_hh55
d204,d160_hh97
d204,d44_hh170
d204,d55_hh229
d204,d16_hh200
d204,d55_hh226
d204,d170_hh228
d204,d11_hh240
d204,d162_hh113
d204,d160_hh97
d204,d59_hh207
d204,d141_hh209
d204,d124_hh126
d204,d135_hh226
d204,d58_hh108
d204,d91_hh241
d204,d200_hh51
d204,d69_hh55
d204,d193_hh67
d204,d214_hh166
d204,d95_hh241
d204,d135_hh191
d204,d16_hh200
d204,d130_hh177
d204,d88_hh235
d204,d198_hh78
d204,d205_hh73
d204,d143_hh224
d204,d58_hh81
d204,d147_hh167
d204,d44_hh65
d204,d53_hh23
d204,d124_hh223
d204,d16_hh218
d204,d46_hh228
d204,d44_hh187
d204,d83_hh79
d204,d56_hh177
d204,d21_hh21
d204,d150_hh168
d204,d193_hh61
d204,d50_hh90
d204,d154_hh157
d204,d161_hh229
d204,d114_hh2
d204,d135_hh57
d204,d161_hh229
d204,d156_hh153
d204,d184_hh206
d204,d164_hh249
d204,d126_hh44
d204,d11_hh26
d204,d88_hh191
d204,d2_hh232
d204,d85_hh104
d204,d208_hh137
d204,d42_hh251
d204,d147_hh167
d204,d135_hh191
d204,d205_hh54
d204,d74_hh11
d204,d109_hh168
d204,d32_hh19
d204,d56_hh177
d204,d191_hh179
d204,d73_hh153
d204,d110_hh117
d204,d137_hh216
d204,d43_hh67
d204,d158_hh34
d204,d73_hh153
d204,d35_hh224
d204,d32_hh203
d204,d62_hh167
d204,d128_hh43
d204,d214_hh184
d204,d78_hh234
d204,d18_hh91
d204,d62_hh167
d204,d198_hh40
d204,d163_hh115
d204,d46_hh57
d204,d165_hh274
d204,d129_hh94
d204,d175_hh239
d204,d5_hh117
d204,d123_hh83
d204,d91_hh98
d204,d160_hh232
d204,d195_hh52
d204,d171_hh189
d204,d65_hh67
d204,d78_hh234
d204,d69_hh13
d204,d1_hh234
d204,d11_hh240
d204,d73_hh7
d204,d32_hh19
d204,d41_hh181
d204,d20_hh44
d204,d56_hh63
d204,d131_hh14
d204,d44_hh163
d204,d35_hh224
d204,d38_hh172
d204,d156_hh19
d204,d124_hh223
d204,d190_hh32
d204,d1_hh15
d204,d127_hh69
d204,d80_hh6
d204,d56_hh63
d204,d127_hh69
d204,d43_hh67
d204,d146_hh88
d204,d132_hh233
d204,d208_hh137
d204,d174_hh6
d204,d158_hh34
d204,d43_hh67
d204,d124_hh167
d204,d112_hh155
d204,d50_hh195
d204,d120_hh272
d204,d135_hh57
d204,d93_hh80
d204,d150_hh168
d204,d120_hh272
d204,d134_hh166
d204,d65_hh67
d204,d174_hh97
d204,d113_hh254
d204,d150_hh253
d204,d125_hh248
d204,d175_hh181
d204,d5_hh117
d204,d158_hh34
d204,d118_hh88
d204,d140_hh260
d204,d138_hh1
d204,d175_hh239
d204,d126_hh44
d204,d59_hh162
d204,d129_hh94
d204,d43_hh27
d204,d46_hh57
d204,d18_hh253
d204,d169_hh115
d204,d190_hh182
d204,d102_hh284
d204,d56_hh89
d204,d214_hh255
d204,d214_hh171
d204,d183_hh93
d204,d99_hh38
d204,d130_hh273
d204,d184_hh206
d204,d210_hh87
d204,d134_hh166
d204,d126_hh44
d204,d158_hh49
d204,d204_hh231
d204,d97_hh75
d204,d179_hh28
d204,d163_hh242
d204,d30_hh44
d204,d69_hh209
d204,d38_hh49
d204,d135_hh226
d204,d43_hh27
d204,d30_hh44
d204,d209_hh40
d204,d186_hh175
d204,d198_hh78
d204,d65_hh115
d204,d146_hh114
d204,d44_hh65
d204,d91_hh32
d204,d187_hh32
d204,d62_hh167
d204,d131_hh41
d204,d122_hh112
d204,d48_hh119
d204,d131_hh204
d204,d93_hh184
d204,d42_hh251
d204,d174_hh97
d204,d55_hh131
d204,d101_hh186
d204,d213_hh238
d204,d88_hh3
d204,d11_hh244
d204,d149_hh61
d204,d163_hh115
d204,d134_hh76
d204,d111_hh29
d204,d65_hh75
d204,d66_hh154
d204,d88_hh235
d204,d43_hh67
d204,d178_hh263
d204,d18_hh253
d204,d125_hh189
d204,d124_hh125
d204,d69_hh209
d204,d74_hh212
d204,d132_hh233
d204,d75_hh15
d204,d55_hh12
d204,d51_hh177
d204,d122_hh271
d204,d51_hh177
d204,d43_hh67
d204,d112_hh31
d204,d21_hh16
d204,d164_hh249
d204,d137_hh216
d204,d1_hh234
d204,d126_hh44
d204,d128_hh278
d204,d56_hh123
d204,d111_hh29
d204,d204_hh231
d204,d44_hh35
d204,d158_hh49
d204,d114_hh2
d204,d73_hh153
d204,d139_hh27
d204,d202_hh222
d204,d158_hh85
d204,d214_hh184
d204,d106_hh24
d204,d32_hh19
d204,d126_hh44
d204,d193_hh61
d204,d128_hh180
d204,d59_hh162
d204,d109_hh209
d204,d163_hh44
d204,d141_hh6
d204,d32_hh151
d204,d99_hh38
d204,d32_hh19
d204,d158_hh49
d204,d210_hh262
d204,d16_hh201
d204,d138_hh10
d204,d137_hh216
d204,d215_hh82
d204,d88_hh267
d204,d179_hh28
d204,d146_hh114
d204,d75_hh15
d204,d55_hh246
d204,d190_hh182
d204,d124_hh125
d204,d42_hh263
d204,d191_hh275
d204,d62_hh167
d204,d111_hh29
d204,d168_hh265
d204,d58_hh81
d204,d170_hh273
d204,d190_hh32
d204,d209_hh40
d204,d7_hh87
d204,d193_hh61
d204,d164_hh78
d204,d210_hh262
d204,d174_hh6
d204,d58_hh81
d204,d119_hh50
d204,d56_hh166
d204,d130_hh273
d204,d137_hh216
d204,d69_hh274
d204,d191_hh30
d204,d50_hh195
d204,d38_hh172
d204,d7_hh124
d204,d214_hh184
d204,d160_hh179
d204,d109_hh168
d199,d77_hh83
d199,d16_hh218
d199,d69_hh274
d199,d90_hh214
d199,d50_hh195
d199,d149_hh237
d199,d130_hh177
d199,d150_hh253
d199,d175_hh239
d199,d91_hh100
d199,d91_hh241
d199,d111_hh29
d199,d93_hh184
d199,d184_hh11
d199,d55_hh246
d199,d34_hh12
d199,d87_hh32
d199,d44_hh283
d199,d74_hh11
d199,d158_hh34
d199,d168_hh30
d199,d102_hh284
d199,d87_hh38
d199,d170_hh273
d199,d127_hh69
d199,d97_hh20
d199,d122_hh112
d199,d11_hh132
d199,d44_hh163
d199,d65_hh67
d199,d120_hh268
d199,d38_hh172
d199,d125_hh236
d199,d120_hh272
d199,d200_hh51
d199,d61_hh79
d199,d20_hh48
d199,d66_hh154
d199,d16_hh200
d199,d214_hh255
d199,d190_hh32
d199,d158_hh20
d199,d126_hh156
d199,d93_hh66
d199,d114_hh2
d199,d168_hh34
d199,d111_hh206
d199,d42_hh38
d199,d141_hh6
d199,d46_hh57
d199,d112_hh221
d199,d42_hh251
d199,d118_hh88
d199,d32_hh136
d199,d129_hh94
d199,d202_hh222
d199,d141_hh194
d199,d42_hh165
d199,d120_hh45
d199,d59_hh207
d199,d7_hh87
d199,d56_hh63
d199,d100_hh164
d199,d193_hh61
d199,d204_hh173
d199,d184_hh11
d199,d124_hh126
d199,d112_hh31
d199,d178_hh263
d199,d7_hh148
d199,d139_hh9
d199,d91_hh79
d199,d83_hh79
d199,d120_hh268
d199,d161_hh110
d199,d65_hh115
d199,d11_hh26
d199,d18_hh91
d199,d150_hh253
d199,d99_hh44
d199,d139_hh9
d199,d214_hh252
d199,d128_hh297
d199,d5_hh117
d199,d1_hh234
d199,d126_hh156
d199,d170_hh228
d199,d65_hh75
d199,d78_hh9
d199,d154_hh132
d199,d69_hh222
d199,d214_hh20
d199,d88_hh108
d199,d208_hh221
d199,d78_hh123
d199,d61_hh246
d199,d20_hh48
d199,d69_hh274
d199,d69_hh209
d199,d101_hh182
d199,d158_hh49
d199,d81_hh81
d199,d66_hh193
d199,d120_hh118
d199,d82_hh41
d199,d124_hh125
d199,d75_hh15
d199,d205_hh54
d199,d62_hh18
d199,d77_hh40
d199,d214_hh171
d199,d202_hh111
d199,d125_hh189
d199,d122_hh271
d199,d42_hh263
d199,d214_hh252
d199,d91_hh113
d199,d77_hh40
d199,d191_hh275
d199,d200_hh227
d199,d128_hh43
d199,d56_hh175
d199,d205_hh73
d199,d78_hh123
d199,d204_hh158
d199,d160_hh104
d199,d118_hh175
d199,d31_hh135
d199,d11_hh132
d199,d81_hh87
d199,d69_hh274
d199,d42_hh38
d199,d106_hh24
d199,d65_hh115
d199,d44_hh35
d199,d91_hh79
d199,d110_hh117
d199,d62_hh18
d199,d65_hh227
d199,d77_hh40
d199,d101_hh186
d199,d207_hh28
d199,d73_hh153
d199,d110_hh172
d199,d7_hh64
d199,d50_hh90
d199,d16_hh218
d199,d175_hh32
d199,d55_hh232
d199,d187_hh291
d199,d32_hh151
d199,d179_hh28
d199,d150_hh168
d199,d65_hh227
d199,d128_hh180
d199,d55_hh131
d199,d119_hh107
d199,d138_hh10
d199,d134_hh156
d199,d4_hh212
d199,d124_hh118
d199,d109_hh168
d199,d190_hh176
d199,d53_hh23
d199,d82_hh41
d199,d73_hh153
d199,d43_hh67
d199,d198_hh78
d199,d104_hh7
d199,d137_hh216
d199,d5_hh117
d199,d32_hh203
d199,d46_hh57
d199,d202_hh111
d199,d129_hh209
d199,d65_hh67
d199,d114_hh12
d199,d69_hh13
d199,d88_hh108
d199,d5_hh117
d199,d149_hh237
d199,d162_hh113
d199,d191_hh190
d199,d143_hh224
d199,d143_hh224
d199,d32_hh203
d199,d16_hh200
d199,d112_hh221
d199,d82_hh256
d199,d175_hh32
d199,d91_hh100
d199,d99_hh38
d199,d191_hh190
d199,d184_hh210
d199,d34_hh166
d199,d132_hh233
d199,d7_hh148
d199,d69_hh274
d199,d34_hh166
d199,d208_hh221
d199,d128_hh278
d199,d156_hh218
d199,d7_hh124
d199,d56_hh175
d199,d161_hh110
d199,d93_hh66
d199,d164_hh220
d199,d204_hh158
d199,d143_hh224
d199,d13_hh157
d199,d33_hh266
d199,d117_hh245
d199,d135_hh78
d199,d141_hh194
d199,d39_hh55
d199,d146_hh114
d199,d81_hh87
d199,d214_hh255
d199,d143_hh82
d199,d118_hh88
d199,d126_hh44
d199,d69_hh274
d199,d77_hh156
d199,d18_hh253
d199,d44_hh283
d199,d7_hh148
d199,d73_hh33
d199,d120_hh45
d199,d131_hh14
d199,d7_hh240
d199,d88_hh3
d199,d93_hh80
d199,d215_hh82
d199,d102_hh284
d199,d110_hh201
d199,d214_hh252
d199,d120_hh57
d199,d162_hh113
d199,d46_hh57
d199,d11_hh244
d199,d15_hh188
d199,d207_hh28
d199,d131_hh14
d199,d163_hh242
d199,d137_hh201
d199,d75_hh15
d199,d90_hh214
d199,d135_hh57
d199,d7_hh124
d199,d59_hh251
d199,d99_hh230
d199,d119_hh107
d199,d163_hh242
d199,d134_hh76
d199,d51_hh186
d199,d82_hh231
d199,d184_hh210
d199,d109_hh168
d199,d134_hh118
d199,d154_hh132
d199,d56_hh177
d199,d39_hh55
d199,d111_hh29
d199,d96_hh8
d199,d99_hh38
d205,d205_hh54
d205,d91_hh113
d205,d191_hh12
d205,d156_hh153
d205,d73_hh7
d205,d175_hh32
d205,d74_hh109
d205,d125_hh236
d205,d61_hh246
d205,d42_hh38
d205,d140_hh260
d205,d134_hh118
d205,d134_hh76
d205,d195_hh97
d205,d128_hh180
d205,d112_hh155
d205,d128_hh180
d205,d164_hh78
d205,d127_hh69
d205,d56_hh89
d205,d41_hh72
d205,d202_hh222
d205,d111_hh206
d205,d160_hh59
d205,d7_hh124
d205,d66_hh154
d205,d158_hh85
d205,d156_hh151
d205,d82_hh231
d205,d154_hh132
d205,d11_hh244
d205,d88_hh3
d205,d58_hh108
d205,d67_hh63
d205,d7_hh64
d205,d46_hh228
d205,d141_hh152
d205,d16_hh200
d205,d209_hh40
d205,d163_hh242
d205,d141_hh6
d205,d7_hh148
d205,d32_hh151
d205,d91_hh98
d205,d137_hh109
d205,d59_hh132
d205,d59_hh98
d205,d88_hh235
d205,d174_hh85
d205,d32_hh136
d205,d156_hh218
d205,d11_hh132
d205,d78_hh234
d205,d11_hh26
d205,d126_hh156
d205,d91_hh32
d205,d34_hh12
d205,d135_hh78
d205,d179_hh267
d205,d38_hh172
d205,d210_hh87
d205,d184_hh11
d205,d30_hh44
d205,d39_hh55
d205,d13_hh239
d205,d164_hh78
d205,d101_hh186
d205,d135_hh219
d205,d130_hh277
d205,d15_hh97
d205,d168_hh265
d205,d11_hh26
d205,d190_hh106
d205,d131_hh41
d205,d131_hh212
d205,d191_hh30
d205,d18_hh91
d205,d191_hh12
d205,d119_hh174
d205,d120_hh272
d205,d112_hh17
d205,d69_hh55
d205,d163_hh44
d205,d11_hh79
d205,d169_hh115
d205,d214_hh252
d205,d168_hh30
d205,d124_hh167
d205,d21_hh21
d205,d155_hh206
d205,d183_hh93
d205,d114_hh12
d205,d112_hh31
d205,d83_hh79
d205,d193_hh61
d205,d91_hh32
d205,d122_hh181
d205,d55_hh226
d205,d141_hh235
d205,d35_hh211
d205,d7_hh87
d205,d183_hh237
d205,d160_hh232
d205,d87_hh32
d205,d65_hh75
d205,d202_hh222
d205,d164_hh220
d205,d112_hh31
d205,d124_hh118
d205,d53_hh249
d205,d120_hh45
d205,d127_hh69
d205,d135_hh78
d205,d187_hh291
d205,d104_hh7
d205,d51_hh186
d205,d169_hh148
d205,d13_hh157
d205,d34_hh12
d205,d150_hh253
d205,d95_hh241
d205,d162_hh67
d205,d119_hh174
d205,d65_hh67
d205,d53_hh23
d205,d120_hh57
d205,d128_hh184
d205,d73_hh197
d205,d110_hh117
d205,d88_hh108
d205,d82_hh231
d205,d138_hh10
d205,d112_hh31
d205,d120_hh272
d205,d137_hh201
d205,d85_hh214
d205,d170_hh228
d205,d126_hh156
d205,d160_hh232
d205,d147_hh167
d205,d158_hh49
d205,d11_hh26
d205,d110_hh201
d205,d210_hh262
d205,d135_hh78
d205,d32_hh19
d205,d162_hh113
d205,d135_hh216
d205,d126_hh184
d205,d31_hh135
d205,d74_hh109
d205,d74_hh108
d205,d184_hh210
d205,d214_hh252
d205,d149_hh30
d205,d165_hh274
d205,d184_hh11
d205,d190_hh176
d205,d33_hh266
d205,d125_hh189
d205,d178_hh263
d205,d55_hh232
d205,d69_hh222
d205,d155_hh206
d205,d214_hh255
d205,d161_hh250
d205,d210_hh262
d205,d156_hh19
d205,d160_hh211
d205,d96_hh8
d205,d72_hh77
d205,d210_hh262
d205,d101_hh182
d205,d87_hh38
d205,d1_hh15
d205,d77_hh156
d205,d91_hh241
d205,d183_hh93
d205,d18_hh80
d205,d146_hh88
d205,d208_hh137
d205,d81_hh87
d205,d191_hh275
d205,d175_hh32
d205,d156_hh19
d205,d120_hh118
d205,d7_hh64
d205,d131_hh14
d205,d41_hh72
d205,d190_hh176
d205,d85_hh214
d205,d112_hh31
d205,d97_hh75
d205,d125_hh167
d205,d112_hh221
d205,d81_hh81
d205,d168_hh34
d205,d208_hh137
d205,d137_hh201
d205,d152_hh175
d205,d99_hh44
d205,d209_hh40
d205,d32_hh101
d205,d5_hh117
d205,d41_hh72
d205,d164_hh220
d205,d179_hh28
d205,d125_hh248
d205,d178_hh263
d205,d184_hh206
d205,d99_hh230
d205,d170_hh273
d205,d141_hh194
d205,d62_hh18
d205,d41_hh74
d205,d131_hh41
d205,d207_hh28
d205,d56_hh166
d205,d73_hh151
d205,d183_hh237
d205,d51_hh177
d205,d18_hh6
d205,d44_hh163
d205,d190_hh38
d205,d73_hh153
d205,d110_hh236
d205,d59_hh251
d205,d213_hh238
d205,d209_hh40
d205,d124_hh126
d205,d204_hh173
d205,d193_hh67
d205,d175_hh239
d205,d202_hh111
d205,d102_hh284
d205,d125_hh189
d205,d91_hh98
d205,d138_hh10
d205,d114_hh12
d205,d174_hh6
d205,d122_hh210
d205,d129_hh106
d205,d18_hh91
d205,d155_hh206
d205,d41_hh254
d205,d51_hh186
d205,d141_hh194
d205,d56_hh123
d205,d18_hh6
d205,d208_hh221
d205,d190_hh106
d205,d208_hh137
d205,d169_hh115
d205,d128_hh278
d205,d74_hh109
d205,d187_hh16
d205,d111_hh29
d205,d65_hh75
d205,d126_hh44
d205,d85_hh104
d205,d134_hh118
d205,d135_hh57
d205,d88_hh235
d205,d44_hh187
d205,d78_hh9
d205,d190_hh173
d205,d120_hh57
d205,d175_hh32
d205,d198_hh78
d205,d87_hh32
d205,d146_hh88
d205,d195_hh97
d205,d137_hh201
d205,d35_hh211
d205,d160_hh232
d205,d51_hh49
d205,d168_hh265
d205,d24_hh177
d205,d169_hh115
d203,d25_hh80
d203,d142_hh190
d203,d86_hh55
d203,d201_hh135
d203,d157_hh215
d203,d63_hh131
d203,d148_hh244
d203,d76_hh6
d203,d76_hh193
d203,d108_hh213
d203,d121_hh272
d203,d189_hh268
d203,d8_hh149
d203,d49_hh170
d203,d203_hh189
d203,d70_hh136
d203,d28_hh40
d203,d107_hh7
d203,d14_hh75
d203,d196_hh190
d203,d194_hh101
d203,d176_hh220
d203,d71_hh245
d203,d3_hh180
d203,d107_hh7
d203,d136_hh32
d203,d64_hh137
d203,d76_hh187
d203,d115_hh55
d203,d47_hh300
d203,d196_hh126
d203,d63_hh160
d203,d70_hh110
d203,d212_hh61
d203,d86_hh55
d203,d212_hh61
d203,d203_hh189
d203,d203_hh189
d203,d14_hh75
d203,d176_hh220
d203,d49_hh103
d203,d167_hh70
d203,d157_hh16
d203,d194_hh189
d203,d103_hh192
d203,d148_hh244
d203,d108_hh241
d203,d49_hh257
d203,d45_hh0
d203,d211_hh211
d203,d25_hh80
d203,d70_hh136
d203,d3_hh35
d203,d121_hh170
d203,d196_hh126
d203,d70_hh172
d203,d194_hh114
d203,d157_hh16
d203,d25_hh157
d203,d108_hh230
d203,d49_hh257
d203,d157_hh16
d203,d25_hh80
d203,d196_hh126
d203,d108_hh241
d203,d108_hh241
d203,d176_hh220
d203,d107_hh23
d203,d76_hh193
d203,d142_hh108
d203,d8_hh106
d203,d142_hh190
d203,d45_hh0
d203,d86_hh55
d203,d28_hh253
d203,d103_hh192
d203,d189_hh268
d203,d151_hh215
d203,d84_hh161
d203,d79_hh114
d203,d70_hh136
d203,d188_hh256
d203,d92_hh161
d203,d107_hh23
d203,d108_hh162
d203,d194_hh114
d203,d203_hh189
d203,d108_hh162
d203,d8_hh106
d203,d8_hh105
d203,d103_hh192
d203,d108_hh241
d203,d103_hh192
d203,d192_hh68
d203,d8_hh105
d203,d136_hh192
d203,d148_hh104
d203,d211_hh211
d203,d115_hh176
d203,d157_hh222
d203,d8_hh155
d203,d212_hh61
d203,d103_hh192
d203,d148_hh117
d203,d115_hh186
d203,d22_hh190
d203,d8_hh106
d203,d45_hh0
d203,d8_hh106
d203,d189_hh268
d203,d201_hh119
d203,d79_hh255
d203,d151_hh215
d203,d116_hh6
d203,d203_hh227
d203,d145_hh175
d203,d92_hh161
d203,d212_hh61
d203,d103_hh192
d203,d153_hh96
d203,d192_hh68
d203,d115_hh176
d203,d136_hh32
d203,d212_hh61
d203,d196_hh215
d203,d84_hh161
d203,d63_hh83
d203,d196_hh190
d203,d148_hh104
d203,d49_hh103
d203,d136_hh32
d203,d71_hh245
d203,d136_hh32
d203,d194_hh114
d203,d108_hh213
d203,d108_hh213
d203,d203_hh189
d203,d84_hh122
d203,d45_hh79
d203,d60_hh108
d203,d94_hh137
d203,d107_hh246
d203,d121_hh272
d203,d107_hh23
d203,d196_hh197
d203,d70_hh110
d203,d196_hh126
d203,d107_hh7
d203,d185_hh57
d203,d10_hh167
d203,d8_hh149
d203,d3_hh97
d203,d108_hh212
d203,d148_hh58
d203,d196_hh190
d203,d148_hh58
d203,d25_hh80
d203,d22_hh190
d203,d148_hh104
d203,d194_hh114
d203,d92_hh161
d203,d115_hh186
d203,d167_hh70
d203,d107_hh7
d203,d92_hh161
d203,d14_hh75
d203,d108_hh213
d203,d25_hh80
d203,d3_hh180
d203,d45_hh0
d203,d212_hh61
d203,d194_hh114
d203,d121_hh272
d203,d108_hh241
d203,d194_hh114
d203,d25_hh157
d203,d108_hh213
d203,d14_hh75
d203,d203_hh189
d203,d181_hh17
d203,d8_hh106
d203,d167_hh276
d203,d76_hh187
d203,d176_hh194
d203,d70_hh172
d203,d108_hh212
d203,d70_hh110
d203,d28_hh253
d203,d157_hh235
d203,d84_hh161
d203,d167_hh276
d203,d148_hh117
d203,d70_hh171
d203,d145_hh175
d203,d142_hh108
d203,d185_hh57
d203,d176_hh194
d203,d167_hh70
d203,d28_hh40
d203,d63_hh160
d203,d47_hh300
d203,d196_hh190
d203,d28_hh35
d203,d45_hh79
d203,d201_hh119
d203,d136_hh32
d203,d14_hh75
d203,d14_hh75
d203,d37_hh159
d203,d108_hh230
d203,d185_hh57
d203,d76_hh6
d203,d37_hh159
d203,d63_hh160
d203,d212_hh252
d203,d70_hh171
d203,d8_hh105
d203,d196_hh139
d203,d108_hh213
d203,d70_hh136
d203,d176_hh85
d203,d60_hh107
d203,d115_hh176
d203,d8_hh106
d203,d108_hh213
d203,d103_hh205
d203,d94_hh253
d203,d148_hh244
d203,d115_hh55
d203,d196_hh139
d203,d203_hh227
d203,d9_hh170
d203,d70_hh110
d203,d194_hh40
d203,d172_hh180
d203,d79_hh198
d203,d115_hh55
d203,d8_hh106
d203,d107_hh7
d203,d185_hh143
d203,d189_hh268
d203,d28_hh253
d203,d136_hh192
d203,d144_hh253
d203,d115_hh186
d207,d62_hh18
d207,d11_hh240
d207,d42_hh38
d207,d191_hh12
d207,d174_hh97
d207,d18_hh91
d207,d46_hh228
d207,d51_hh186
d207,d91_hh113
d207,d35_hh104
d207,d39_hh55
d207,d190_hh32
d207,d59_hh251
d207,d113_hh254
d207,d137_hh109
d207,d4_hh212
d207,d114_hh2
d207,d112_hh17
d207,d31_hh135
d207,d168_hh265
d207,d154_hh132
d207,d11_hh132
d207,d215_hh157
d207,d11_hh214
d207,d122_hh112
d207,d140_hh195
d207,d187_hh30
d207,d110_hh117
d207,d59_hh162
d207,d41_hh72
d207,d21_hh21
d207,d210_hh87
d207,d99_hh38
d207,d41_hh74
d207,d156_hh181
d207,d135_hh78
d207,d124_hh167
d207,d146_hh114
d207,d59_hh207
d207,d88_hh191
d207,d88_hh235
d207,d126_hh156
d207,d124_hh118
d207,d38_hh172
d207,d146_hh88
d207,d39_hh55
d207,d150_hh253
d207,d205_hh73
d207,d46_hh57
d207,d101_hh186
d207,d31_hh135
d207,d1_hh15
d207,d183_hh237
d207,d42_hh165
d207,d112_hh221
d207,d78_hh123
d207,d193_hh61
d207,d73_hh153
d207,d214_hh20
d207,d31_hh135
d207,d129_hh209
d207,d69_hh55
d207,d40_hh111
d207,d44_hh127
d207,d193_hh67
d207,d56_hh63
d207,d195_hh97
d207,d101_hh182
d207,d7_hh155
d207,d138_hh1
d207,d36_hh69
d207,d55_hh12
d207,d112_hh17
d207,d30_hh44
d207,d4_hh212
d207,d163_hh115
d207,d168_hh30
d207,d42_hh251
d207,d82_hh231
d207,d69_hh222
d207,d114_hh2
d207,d55_hh229
d207,d175_hh32
d207,d73_hh197
d207,d95_hh241
d207,d126_hh44
d207,d135_hh78
d207,d41_hh254
d207,d42_hh251
d207,d109_hh168
d207,d191_hh275
d207,d134_hh7
d207,d190_hh176
d207,d149_hh61
d207,d143_hh82
d207,d91_hh100
d207,d120_hh272
d207,d114_hh12
d207,d73_hh7
d207,d141_hh6
d207,d82_hh256
d207,d40_hh7
d207,d120_hh118
d207,d44_hh187
d207,d140_hh195
d207,d59_hh132
d207,d82_hh256
d207,d38_hh49
d207,d95_hh241
d207,d88_hh108
d207,d11_hh244
d207,d38_hh172
d207,d202_hh17
d207,d34_hh12
d207,d34_hh12
d207,d198_hh78
d207,d207_hh28
d207,d113_hh254
d207,d91_hh32
d207,d41_hh53
d207,d93_hh184
d207,d20_hh48
d207,d135_hh216
d207,d135_hh57
d207,d77_hh40
d207,d193_hh61
d207,d36_hh69
d207,d77_hh156
d207,d61_hh79
d207,d124_hh167
d207,d184_hh11
d207,d11_hh244
d207,d164_hh78
d207,d7_hh240
d207,d117_hh126
d207,d73_hh197
d207,d62_hh18
d207,d44_hh283
d207,d126_hh156
d207,d91_hh32
d207,d7_hh148
d207,d75_hh15
d207,d44_hh283
d207,d130_hh177
d207,d55_hh12
d207,d174_hh6
d207,d150_hh168
d207,d7_hh240
d207,d200_hh51
d207,d7_hh148
d207,d143_hh224
d207,d73_hh33
d207,d66_hh193
d207,d35_hh224
d207,d32_hh101
d207,d129_hh94
d207,d2_hh232
d207,d200_hh51
d207,d78_hh9
d207,d83_hh79
d207,d160_hh59
d207,d135_hh216
d207,d91_hh113
d207,d81_hh14
d207,d114_hh2
d207,d168_hh30
d207,d62_hh167
d207,d125_hh248
d207,d112_hh177
d207,d195_hh52
d207,d18_hh6
d207,d120_hh272
d207,d41_hh254
d207,d51_hh186
d207,d11_hh132
d207,d200_hh51
d207,d147_hh167
d207,d208_hh2
d207,d178_hh263
d207,d193_hh67
d207,d20_hh44
d207,d208_hh137
d207,d137_hh109
d207,d122_hh271
d207,d44_hh170
d207,d73_hh197
d207,d100_hh164
d207,d93_hh80
d207,d83_hh67
d207,d122_hh181
d207,d55_hh190
d207,d59_hh162
d207,d41_hh53
d207,d91_hh100
d207,d85_hh104
d207,d11_hh244
d207,d42_hh263
d207,d190_hh176
d207,d42_hh263
d207,d66_hh193
d207,d214_hh184
d207,d124_hh126
d207,d21_hh16
d207,d33_hh64
d207,d158_hh20
d207,d135_hh219
d207,d32_hh151
d207,d156_hh218
d207,d11_hh240
d207,d207_hh28
d207,d160_hh211
d207,d190_hh182
d207,d171_hh189
d207,d209_hh40
d207,d96_hh8
d207,d1_hh15
d207,d46_hh57
d207,d137_hh201
d207,d208_hh2
d207,d195_hh97
d207,d101_hh182
d207,d44_hh127
d207,d205_hh217
d207,d51_hh285
d207,d184_hh210
d207,d43_hh67
d207,d112_hh17
d207,d88_hh108
d207,d13_hh157
d207,d88_hh235
d207,d195_hh52
d207,d124_hh125
d207,d56_hh166
d207,d1_hh15
d207,d183_hh237
d207,d209_hh40
d207,d140_hh195
d207,d168_hh265
d207,d55_hh232
d207,d21_hh21
d207,d34_hh12
d207,d120_hh57
d207,d161_hh238
d207,d208_hh137
d207,d78_hh9
d207,d187_hh291
d207,d13_hh157
d207,d184_hh11
d207,d163_hh44
d207,d50_hh195
d207,d129_hh106
d207,d19_hh147
d207,d204_hh158
d207,d175_hh239
d207,d36_hh69
d207,d131_hh212
d207,d139_hh27
d207,d149_hh30
d207,d175_hh239
d207,d39_hh55
d207,d128_hh180
d207,d41_hh181
d207,d50_hh195
d207,d213_hh238
d207,d16_hh201
d207,d114_hh2
d207,d56_hh177
d207,d16_hh218
d207,d187_hh16
d207,d215_hh157
d207,d75_hh15
d207,d72_hh77
d208,d210_hh267
d208,d162_hh113
d208,d126_hh44
d208,d149_hh237
d208,d69_hh99
d208,d160_hh97
d208,d80_hh6
d208,d128_hh278
d208,d160_hh211
d208,d33_hh266
d208,d18_hh80
d208,d170_hh273
d208,d20_hh44
d208,d215_hh82
d208,d202_hh222
d208,d149_hh61
d208,d59_hh207
d208,d122_hh112
d208,d131_hh14
d208,d174_hh97
d208,d179_hh267
d208,d147_hh167
d208,d124_hh126
d208,d32_hh101
d208,d141_hh6
d208,d5_hh117
d208,d135_hh216
d208,d69_hh13
d208,d91_hh79
d208,d112_hh17
d208,d43_hh27
d208,d118_hh262
d208,d59_hh207
d208,d168_hh265
d208,d164_hh249
d208,d131_hh204
d208,d38_hh49
d208,d170_hh273
d208,d213_hh238
d208,d110_hh201
d208,d140_hh260
d208,d169_hh148
d208,d135_hh57
d208,d198_hh40
d208,d50_hh112
d208,d56_hh89
d208,d155_hh206
d208,d5_hh117
d208,d205_hh73
d208,d106_hh24
d208,d205_hh54
d208,d1_hh15
d208,d69_hh13
d208,d73_hh197
d208,d88_hh108
d208,d168_hh30
d208,d143_hh224
d208,d122_hh271
d208,d56_hh123
d208,d66_hh179
d208,d140_hh260
d208,d32_hh136
d208,d88_hh3
d208,d195_hh97
d208,d131_hh204
d208,d81_hh81
d208,d33_hh266
d208,d193_hh67
d208,d169_hh115
d208,d55_hh226
d208,d50_hh195
d208,d141_hh194
d208,d149_hh237
d208,d191_hh190
d208,d168_hh265
d208,d78_hh123
d208,d122_hh271
d208,d120_hh118
d208,d44_hh170
d208,d209_hh40
d208,d127_hh69
d208,d131_hh212
d208,d41_hh254
d208,d20_hh44
d208,d135_hh219
d208,d125_hh248
d208,d158_hh146
d208,d119_hh107
d208,d118_hh175
d208,d88_hh235
d208,d42_hh38
d208,d114_hh2
d208,d190_hh176
d208,d160_hh211
d208,d11_hh79
d208,d93_hh184
d208,d118_hh175
d208,d77_hh40
d208,d193_hh67
d208,d168_hh34
d208,d58_hh81
d208,d110_hh117
d208,d158_hh20
d208,d101_hh186
d208,d65_hh67
d208,d114_hh2
d208,d85_hh214
d208,d155_hh206
d208,d65_hh115
d208,d58_hh108
d208,d132_hh233
d208,d163_hh44
d208,d186_hh175
d208,d134_hh76
d208,d163_hh242
d208,d184_hh11
d208,d128_hh43
d208,d130_hh273
d208,d160_hh179
d208,d158_hh146
d208,d135_hh78
d208,d137_hh109
d208,d39_hh96
d208,d78_hh234
d208,d65_hh75
d208,d56_hh177
d208,d82_hh115
d208,d44_hh187
d208,d141_hh152
d208,d126_hh156
d208,d88_hh235
d208,d44_hh127
d208,d140_hh260
d208,d163_hh242
d208,d124_hh125
d208,d38_hh95
d208,d160_hh59
d208,d128_hh297
d208,d174_hh97
d208,d202_hh222
d208,d125_hh248
d208,d131_hh14
d208,d214_hh171
d208,d83_hh67
d208,d30_hh132
d208,d11_hh244
d208,d31_hh135
d208,d100_hh164
d208,d55_hh232
d208,d88_hh191
d208,d2_hh232
d208,d61_hh246
d208,d38_hh172
d208,d35_hh224
d208,d154_hh157
d208,d168_hh30
d208,d65_hh67
d208,d56_hh177
d208,d113_hh254
d208,d150_hh168
d208,d65_hh227
d208,d202_hh222
d208,d152_hh175
d208,d118_hh262
d208,d210_hh267
d208,d18_hh91
d208,d55_hh226
d208,d87_hh38
d208,d191_hh12
d208,d169_hh115
d208,d78_hh123
d208,d109_hh168
d208,d33_hh266
d208,d62_hh18
d208,d190_hh32
d208,d41_hh72
d208,d40_hh111
d208,d87_hh32
d208,d15_hh97
d208,d33_hh266
d208,d81_hh81
d208,d112_hh31
d208,d44_hh283
d208,d109_hh209
d208,d77_hh83
d208,d137_hh109
d208,d160_hh97
d208,d93_hh80
d208,d74_hh11
d208,d149_hh237
d208,d161_hh238
d208,d77_hh40
d208,d66_hh154
d208,d190_hh106
d208,d124_hh118
d208,d110_hh117
d208,d124_hh223
d208,d56_hh63
d208,d210_hh267
d208,d26_hh63
d208,d32_hh203
d208,d55_hh246
d208,d101_hh186
d208,d77_hh83
d208,d149_hh237
d208,d168_hh265
d208,d48_hh176
d208,d5_hh117
d208,d135_hh219
d208,d170_hh273
d208,d11_hh79
d208,d95_hh241
d208,d110_hh117
d208,d190_hh38
d208,d81_hh87
d208,d58_hh81
d208,d39_hh96
d208,d128_hh180
d208,d138_hh1
d208,d112_hh17
d208,d7_hh64
d208,d112_hh177
d208,d139_hh9
d208,d113_hh254
d208,d109_hh209
d208,d44_hh127
d208,d88_hh235
d208,d138_hh1
d208,d184_hh11
d208,d128_hh180
d208,d210_hh262
d208,d123_hh83
d208,d134_hh7
d208,d83_hh67
d208,d85_hh104
d208,d41_hh254
d208,d32_hh151
d208,d41_hh53
d208,d198_hh78
d208,d139_hh27
d208,d210_hh262
d208,d69_hh55
d208,d193_hh61
d208,d53_hh249
d208,d80_hh6
d208,d125_hh167
d208,d30_hh132
d208,d104_hh7
d208,d184_hh210
d208,d139_hh164
d208,d21_hh25
d208,d191_hh275
d208,d184_hh210
d208,d161_hh110
d208,d141_hh209
d208,d44_hh283
d208,d129_hh106
d208,d56_hh166
d208,d35_hh104
d208,d82_hh41
d208,d147_hh167
d208,d129_hh94
d208,d18_hh253
d208,d137_hh201
d208,d114_hh2
d208,d120_hh45
d208,d119_hh174
d208,d160_hh179
d208,d160_hh38
d208,d112_hh221
d208,d24_hh177
d208,d127_hh69
d208,d53_hh23
d208,d150_hh253
d208,d78_hh9
d208,d200_hh227
d208,d150_hh168
d208,d143_hh224
d208,d160_hh179
d206,d145_hh175
d206,d167_hh276
d206,d153_hh96
d206,d9_hh183
d206,d157_hh222
d206,d37_hh159
d206,d49_hh103
d206,d142_hh108
d206,d103_hh48
d206,d167_hh264
d206,d49_hh170
d206,d196_hh229
d206,d79_hh255
d206,d196_hh126
d206,d71_hh146
d206,d64_hh137
d206,d60_hh108
d206,d145_hh175
d206,d212_hh155
d206,d27_hh269
d206,d9_hh197
d206,d116_hh6
d206,d180_hh254
d206,d71_hh163
d206,d188_hh256
d206,d176_hh85
d206,d194_hh101
d206,d108_hh230
d206,d92_hh91
d206,d9_hh197
d206,d60_hh107
d206,d212_hh252
d206,d92_hh115
d206,d144_hh289
d206,d188_hh256
d206,d47_hh135
d206,d192_hh58
d206,d192_hh39
d206,d86_hh55
d206,d115_hh176
d206,d76_hh193
d206,d176_hh125
d206,d3_hh27
d206,d108_hh230
d206,d28_hh35
d206,d9_hh289
d206,d167_hh264
d206,d71_hh146
d206,d22_hh190
d206,d115_hh176
d206,d70_hh171
d206,d167_hh11
d206,d107_hh103
d206,d192_hh68
d206,d45_hh0
d206,d203_hh189
d206,d107_hh23
d206,d211_hh86
d206,d107_hh246
d206,d49_hh103
d206,d115_hh176
d206,d194_hh101
d206,d3_hh97
d206,d14_hh75
d206,d115_hh199
d206,d153_hh96
d206,d49_hh257
d206,d167_hh264
d206,d22_hh176
d206,d167_hh264
d206,d116_hh6
d206,d148_hh244
d206,d121_hh170
d206,d94_hh137
d206,d25_hh80
d206,d201_hh119
d206,d116_hh36
d206,d108_hh241
d206,d145_hh175
d206,d144_hh196
d206,d6_hh130
d206,d176_hh125
d206,d108_hh230
d206,d203_hh189
d206,d71_hh163
d206,d153_hh26
d206,d153_hh26
d206,d25_hh80
d206,d157_hh235
d206,d63_hh69
d206,d107_hh103
d206,d63_hh160
d206,d8_hh149
d206,d8_hh149
d206,d63_hh160
d206,d8_hh41
d206,d157_hh215
d206,d60_hh191
d206,d49_hh219
d206,d105_hh45
d206,d212_hh155
d206,d189_hh268
d206,d47_hh300
d206,d47_hh135
d206,d153_hh96
d206,d108_hh230
d206,d9_hh197
d206,d115_hh176
d206,d151_hh203
d206,d153_hh26
d206,d142_hh108
d206,d9_hh183
d206,d3_hh180
d206,d37_hh159
d206,d196_hh190
d206,d37_hh159
d206,d8_hh155
d206,d37_hh160
d206,d136_hh192
d206,d145_hh175
d206,d192_hh58
d206,d49_hh219
d206,d194_hh101
d206,d116_hh36
d206,d176_hh85
d206,d103_hh205
d206,d22_hh190
d206,d176_hh92
d206,d94_hh253
d206,d136_hh192
d206,d70_hh76
d206,d176_hh85
d206,d144_hh196
d206,d144_hh196
d206,d176_hh85
d206,d203_hh227
d206,d76_hh187
d206,d176_hh92
d206,d194_hh101
d206,d79_hh255
d206,d167_hh264
d206,d9_hh289
d206,d151_hh215
d206,d63_hh83
d206,d107_hh258
d206,d176_hh125
d206,d79_hh198
d206,d79_hh198
d206,d60_hh108
d206,d153_hh96
d206,d203_hh139
d206,d3_hh97
d206,d49_hh103
d206,d151_hh203
d206,d196_hh190
d206,d60_hh108
d206,d79_hh198
d206,d116_hh118
d206,d196_hh215
d206,d206_hh279
d206,d8_hh155
d206,d145_hh175
d206,d176_hh125
d206,d212_hh155
d206,d172_hh180
d206,d14_hh67
d206,d92_hh115
d206,d8_hh41
d206,d148_hh117
d206,d148_hh100
d206,d136_hh32
d206,d181_hh17
d206,d107_hh246
d206,d153_hh26
d206,d94_hh246
d206,d176_hh85
d206,d94_hh137
d206,d157_hh16
d206,d212_hh61
d206,d37_hh160
d206,d115_hh186
d206,d79_hh114
d206,d47_hh300
d206,d176_hh92
d206,d49_hh170
d206,d103_hh48
d206,d14_hh75
d206,d212_hh155
d206,d76_hh187
d206,d203_hh189
d206,d176_hh125
d206,d47_hh128
d206,d27_hh269
d206,d153_hh96
d206,d142_hh108
d206,d196_hh139
d206,d212_hh61
d206,d103_hh205
d206,d188_hh256
d206,d153_hh96
d206,d10_hh167
d206,d151_hh203
d206,d151_hh203
d206,d196_hh197
d206,d84_hh122
d206,d71_hh163
d206,d194_hh101
d206,d203_hh189
d206,d8_hh155
d206,d71_hh163
d206,d60_hh108
d206,d47_hh135
d206,d28_hh40
d206,d107_hh193
d206,d201_hh78
d206,d116_hh118
d206,d79_hh114
d206,d192_hh58
d206,d196_hh215
d206,d212_hh61
d206,d167_hh11
d206,d49_hh219
d206,d116_hh36
d206,d108_hh212
d206,d107_hh258
d206,d201_hh119
d206,d9_hh236
d206,d92_hh161
d206,d148_hh117
d206,d167_hh264
d206,d64_hh137
d206,d49_hh170
d206,d194_hh142
d206,d136_hh32
d206,d115_hh186
d206,d60_hh108
d206,d194_hh189
d206,d8_hh105
d206,d185_hh143
d206,d14_hh67
d206,d180_hh254
d206,d145_hh175
d206,d206_hh279
d206,d196_hh197
d206,d203_hh139
d206,d47_hh128
d206,d211_hh86
d206,d196_hh190
d206,d27_hh269
d206,d3_hh97
d206,d185_hh57
d206,d14_hh205
d206,d115_hh176
d206,d212_hh155
d206,d196_hh197
d206,d107_hh103
d206,d64_hh137
d206,d37_hh160
d206,d167_hh264
d206,d28_hh253
d206,d196_hh139
d206,d45_hh79
d206,d153_hh96
d206,d92_hh161
d206,d49_hh103
d206,d196_hh197
d206,d63_hh69
d206,d107_hh258
d206,d108_hh230
d206,d153_hh26
d206,d63_hh69
d206,d206_hh279
d206,d181_hh225
d206,d63_hh160
d206,d103_hh48
d206,d107_hh193
d206,d142_hh190
d206,d203_hh227
d206,d116_hh118
d206,d3_hh97
d206,d8_hh149
d206,d63_hh83
d206,d6_hh77
d206,d116_hh118
d206,d194_hh142
d206,d37_hh159
d206,d116_hh118
d206,d157_hh222
d206,d121_hh170
d206,d60_hh191
d209,d7_hh148
d209,d190_hh106
d209,d77_hh83
d209,d129_hh106
d209,d135_hh57
d209,d137_hh109
d209,d18_hh253
d209,d56_hh63
d209,d11_hh240
d209,d143_hh82
d209,d208_hh137
d209,d1_hh15
d209,d75_hh15
d209,d117_hh126
d209,d122_hh112
d209,d85_hh104
d209,d140_hh195
d209,d29_hh167
d209,d61_hh79
d209,d152_hh175
d209,d78_hh123
d209,d154_hh132
d209,d168_hh30
d209,d50_hh195
d209,d88_hh267
d209,d190_hh106
d209,d33_hh266
d209,d190_hh182
d209,d110_hh117
d209,d13_hh263
d209,d132_hh233
d209,d43_hh67
d209,d202_hh111
d209,d21_hh25
d209,d33_hh266
d209,d38_hh101
d209,d13_hh239
d209,d112_hh221
d209,d150_hh168
d209,d38_hh172
d209,d131_hh212
d209,d66_hh179
d209,d1_hh234
d209,d158_hh146
d209,d69_hh209
d209,d78_hh9
d209,d135_hh57
d209,d78_hh123
d209,d195_hh97
d209,d114_hh2
d209,d120_hh45
d209,d18_hh253
d209,d205_hh73
d209,d61_hh79
d209,d74_hh108
d209,d147_hh167
d209,d41_hh254
d209,d190_hh173
d209,d124_hh167
d209,d175_hh239
d209,d190_hh38
d209,d149_hh237
d209,d42_hh165
d209,d134_hh76
d209,d128_hh297
d209,d5_hh117
d209,d109_hh209
d209,d61_hh79
d209,d171_hh189
d209,d40_hh7
d209,d140_hh260
d209,d59_hh207
d209,d69_hh55
d209,d128_hh43
d209,d120_hh118
d209,d83_hh79
d209,d135_hh78
d209,d104_hh7
d209,d38_hh95
d209,d20_hh44
d209,d38_hh49
d209,d110_hh201
d209,d122_hh181
d209,d42_hh165
d209,d210_hh262
d209,d66_hh193
d209,d66_hh193
d209,d93_hh80
d209,d131_hh212
d209,d43_hh27
d209,d48_hh119
d209,d131_hh204
d209,d122_hh271
d209,d187_hh32
d209,d69_hh209
d209,d56_hh177
d209,d118_hh175
d209,d168_hh34
d209,d33_hh266
d209,d82_hh256
d209,d140_hh260
d209,d168_hh34
d209,d69_hh209
d209,d11_hh244
d209,d69_hh13
d209,d190_hh173
d209,d114_hh2
d209,d120_hh118
d209,d75_hh15
d209,d42_hh263
d209,d143_hh224
d209,d141_hh235
d209,d175_hh32
d209,d110_hh201
d209,d134_hh156
d209,d66_hh131
d209,d154_hh157
d209,d160_hh211
d209,d190_hh38
d209,d56_hh177
d209,d38_hh101
d209,d170_hh273
d209,d128_hh43
d209,d162_hh67
d209,d18_hh91
d209,d214_hh255
d209,d51_hh37
d209,d184_hh11
d209,d184_hh11
d209,d161_hh229
d209,d11_hh244
d209,d149_hh237
d209,d11_hh240
d209,d193_hh67
d209,d16_hh75
d209,d139_hh27
d209,d200_hh227
d209,d117_hh245
d209,d112_hh221
d209,d138_hh1
d209,d202_hh222
d209,d81_hh87
d209,d110_hh172
d209,d117_hh126
d209,d35_hh211
d209,d85_hh214
d209,d130_hh277
d209,d163_hh242
d209,d149_hh61
d209,d204_hh158
d209,d85_hh104
d209,d210_hh87
d209,d53_hh23
d209,d59_hh132
d209,d149_hh30
d209,d190_hh32
d209,d38_hh49
d209,d126_hh44
d209,d126_hh184
d209,d51_hh186
d209,d198_hh78
d209,d56_hh175
d209,d35_hh224
d209,d122_hh271
d209,d170_hh273
d209,d101_hh186
d209,d114_hh12
d209,d59_hh98
d209,d131_hh212
d209,d33_hh266
d209,d35_hh104
d209,d38_hh95
d209,d126_hh156
d209,d34_hh166
d209,d193_hh67
d209,d156_hh19
d209,d24_hh177
d209,d41_hh74
d209,d164_hh78
d209,d7_hh148
d209,d11_hh132
d209,d163_hh242
d209,d174_hh97
d209,d40_hh111
d209,d161_hh229
d209,d134_hh156
d209,d33_hh64
d209,d122_hh112
d209,d169_hh247
d209,d139_hh27
d209,d39_hh55
d209,d69_hh99
d209,d122_hh181
d209,d59_hh132
d209,d41_hh74
d209,d112_hh221
d209,d147_hh167
d209,d118_hh262
d209,d193_hh61
d209,d91_hh100
d209,d42_hh263
d209,d35_hh104
d209,d210_hh262
d209,d198_hh78
d209,d132_hh233
d209,d202_hh111
d209,d88_hh267
d209,d110_hh172
d209,d88_hh191
d209,d186_hh175
d209,d59_hh98
d209,d174_hh85
d209,d16_hh75
d209,d139_hh164
d209,d134_hh156
d209,d87_hh32
d209,d59_hh98
d209,d35_hh224
d209,d131_hh212
d209,d69_hh13
d209,d186_hh175
d209,d193_hh61
d209,d170_hh63
d209,d129_hh94
d209,d164_hh78
d209,d152_hh187
d209,d205_hh217
d209,d18_hh253
d209,d190_hh173
d209,d51_hh285
d209,d83_hh79
d209,d35_hh104
d209,d158_hh34
d209,d69_hh274
d209,d74_hh108
d209,d34_hh12
d209,d80_hh6
d209,d30_hh44
d209,d51_hh49
d209,d137_hh216
d209,d102_hh228
d209,d65_hh115
d209,d124_hh118
d209,d132_hh233
d209,d174_hh97
d209,d141_hh194
d209,d204_hh158
d209,d97_hh20
d209,d23_hh236
d209,d36_hh69
d209,d56_hh123
d209,d208_hh137
d210,d15_hh188
d210,d165_hh274
d210,d112_hh155
d210,d46_hh57
d210,d55_hh229
d210,d119_hh107
d210,d191_hh30
d210,d88_hh191
d210,d120_hh118
d210,d69_hh55
d210,d32_hh19
d210,d124_hh118
d210,d112_hh17
d210,d101_hh186
d210,d215_hh82
d210,d168_hh30
d210,d174_hh97
d210,d160_hh211
d210,d163_hh115
d210,d128_hh278
d210,d1_hh234
d210,d160_hh211
d210,d128_hh43
d210,d18_hh6
d210,d73_hh197
d210,d73_hh33
d210,d174_hh97
d210,d59_hh251
d210,d158_hh20
d210,d120_hh45
d210,d82_hh256
d210,d202_hh17
d210,d149_hh30
d210,d147_hh167
d210,d56_hh166
d210,d104_hh7
d210,d11_hh132
d210,d39_hh96
d210,d88_hh3
d210,d128_hh43
d210,d56_hh123
d210,d158_hh34
d210,d11_hh132
d210,d7_hh124
d210,d87_hh32
d210,d91_hh100
d210,d143_hh82
d210,d164_hh78
d210,d112_hh155
d210,d154_hh157
d210,d50_hh90
d210,d46_hh57
d210,d195_hh97
d210,d129_hh94
d210,d202_hh222
d210,d56_hh166
d210,d109_hh168
d210,d120_hh118
d210,d128_hh180
d210,d160_hh38
d210,d99_hh230
d210,d208_hh2
d210,d82_hh256
d210,d85_hh104
d210,d30_hh44
d210,d38_hh101
d210,d35_hh224
d210,d74_hh108
d210,d198_hh78
d210,d208_hh2
d210,d161_hh110
d210,d7_hh148
d210,d56_hh89
d210,d100_hh164
d210,d87_hh38
d210,d72_hh77
d210,d51_hh49
d210,d59_hh207
d210,d51_hh186
d210,d59_hh132
d210,d66_hh193
d210,d161_hh110
d210,d147_hh167
d210,d21_hh16
d210,d117_hh126
d210,d41_hh181
d210,d135_hh191
d210,d81_hh87
d210,d88_hh108
d210,d205_hh217
d210,d131_hh204
d210,d88_hh235
d210,d129_hh106
d210,d78_hh234
d210,d65_hh227
d210,d141_hh235
d210,d56_hh177
d210,d44_hh170
d210,d122_hh112
d210,d134_hh156
d210,d205_hh54
d210,d147_hh167
d210,d114_hh2
d210,d111_hh29
d210,d122_hh271
d210,d26_hh63
d210,d18_hh91
d210,d91_hh241
d210,d7_hh240
d210,d5_hh117
d210,d214_hh255
d210,d72_hh77
d210,d205_hh217
d210,d51_hh37
d210,d112_hh221
d210,d50_hh90
d210,d58_hh108
d210,d66_hh154
d210,d48_hh176
d210,d69_hh274
d210,d190_hh106
d210,d135_hh219
d210,d191_hh275
d210,d38_hh101
d210,d112_hh177
d210,d134_hh166
d210,d13_hh263
d210,d160_hh104
d210,d39_hh96
d210,d135_hh219
d210,d41_hh74
d210,d32_hh19
d210,d40_hh111
d210,d112_hh17
d210,d56_hh166
d210,d88_hh108
d210,d117_hh245
d210,d135_hh57
d210,d120_hh45
d210,d73_hh7
d210,d111_hh29
d210,d35_hh224
d210,d112_hh176
d210,d158_hh34
d210,d51_hh186
d210,d168_hh30
d210,d141_hh209
d210,d30_hh132
d210,d183_hh237
d210,d169_hh148
d210,d56_hh177
d210,d101_hh186
d210,d53_hh249
d210,d59_hh207
d210,d160_hh38
d210,d132_hh233
d210,d164_hh220
d210,d59_hh251
d210,d36_hh69
d210,d21_hh21
d210,d32_hh151
d210,d18_hh253
d210,d32_hh101
d210,d42_hh38
d210,d18_hh253
d210,d51_hh49
d210,d117_hh245
d210,d82_hh256
d210,d87_hh32
d210,d132_hh233
d210,d141_hh194
d210,d129_hh209
d210,d113_hh254
d210,d74_hh212
d210,d18_hh253
d210,d179_hh41
d210,d11_hh240
d210,d69_hh274
d210,d120_hh45
d210,d55_hh229
d210,d164_hh220
d210,d32_hh101
d210,d210_hh262
d210,d66_hh131
d210,d205_hh54
d210,d137_hh109
d210,d43_hh67
d210,d56_hh177
d210,d138_hh1
d210,d158_hh146
d210,d51_hh285
d210,d140_hh260
d210,d140_hh260
d210,d205_hh54
d210,d74_hh212
d210,d170_hh63
d210,d91_hh32
d210,d32_hh203
d210,d44_hh65
d210,d128_hh278
d210,d183_hh237
d210,d141_hh194
d210,d112_hh155
d210,d91_hh32
d210,d162_hh67
d210,d174_hh6
d210,d16_hh218
d210,d33_hh266
d210,d128_hh273
d210,d141_hh194
d210,d137_hh201
d210,d137_hh109
d210,d138_hh10
d210,d126_hh184
d210,d130_hh273
d210,d30_hh132
d210,d91_hh32
d210,d119_hh50
d210,d74_hh108
d210,d114_hh2
d210,d165_hh274
d210,d75_hh15
d210,d191_hh190
d210,d164_hh249
d210,d125_hh189
d210,d109_hh168
d210,d174_hh97
d210,d147_hh167
d210,d141_hh6
d210,d91_hh100
d210,d214_hh166
d210,d113_hh254
d210,d154_hh157
d210,d190_hh106
d210,d198_hh40
d210,d51_hh186
d210,d114_hh2
d210,d18_hh80
d210,d46_hh228
d210,d65_hh67
d210,d38_hh95
d210,d73_hh84
d210,d87_hh32
d210,d81_hh87
d210,d190_hh176
d210,d191_hh190
d210,d174_hh97
d210,d193_hh67
d210,d44_hh163
d210,d122_hh112
d210,d88_hh118
d210,d161_hh250
d210,d35_hh224
d210,d73_hh153
d210,d112_hh177
d210,d152_hh175
d210,d156_hh181
d210,d44_hh35
d210,d120_hh272
d210,d43_hh67
d210,d55_hh232
d210,d156_hh218
d210,d83_hh67
d210,d85_hh218
d210,d154_hh132
d210,d138_hh10
d210,d110_hh117
d210,d55_hh232
d210,d38_hh101
d210,d41_hh74
d210,d59_hh132
d210,d131_hh212
d210,d90_hh214
d210,d59_hh251
d210,d110_hh117
d210,d114_hh12
d210,d119_hh50
d210,d134_hh156
d210,d160_hh211
d210,d140_hh260
d210,d66_hh193
d210,d210_hh262
d210,d41_hh72
d210,d207_hh28
d210,d69_hh222
d210,d208_hh137
d210,d34_hh166
d210,d72_hh77
d210,d88_hh118
d212,d189_hh268
d212,d148_hh100
d212,d37_hh160
d212,d28_hh253
d212,d8_hh149
d212,d203_hh189
d212,d176_hh92
d212,d8_hh41
d212,d116_hh6
d212,d194_hh40
d212,d172_hh180
d212,d10_hh167
d212,d136_hh192
d212,d185_hh57
d212,d167_hh11
d212,d144_hh289
d212,d148_hh104
d212,d25_hh80
d212,d151_hh215
d212,d151_hh215
d212,d136_hh192
d212,d70_hh110
d212,d49_hh257
d212,d22_hh176
d212,d115_hh199
d212,d107_hh246
d212,d212_hh61
d212,d63_hh160
d212,d151_hh203
d212,d47_hh128
d212,d63_hh69
d212,d9_hh197
d212,d116_hh196
d212,d116_hh36
d212,d94_hh253
d212,d212_hh155
d212,d108_hh230
d212,d181_hh225
d212,d8_hh41
d212,d153_hh100
d212,d136_hh32
d212,d203_hh227
d212,d94_hh137
d212,d116_hh36
d212,d76_hh193
d212,d49_hh257
d212,d148_hh247
d212,d148_hh104
d212,d8_hh155
d212,d63_hh83
d212,d94_hh137
d212,d144_hh196
d212,d148_hh244
d212,d151_hh215
d212,d71_hh146
d212,d206_hh279
d212,d3_hh97
d212,d196_hh215
d212,d22_hh176
d212,d107_hh246
d212,d60_hh191
d212,d194_hh142
d212,d76_hh6
d212,d115_hh186
d212,d194_hh40
d212,d9_hh197
d212,d153_hh100
d212,d107_hh246
d212,d79_hh198
d212,d9_hh183
d212,d176_hh85
d212,d70_hh172
d212,d49_hh170
d212,d63_hh160
d212,d9_hh289
d212,d60_hh191
d212,d10_hh167
d212,d157_hh16
d212,d92_hh91
d212,d144_hh289
d212,d196_hh229
d212,d142_hh108
d212,d116_hh6
d212,d176_hh92
d212,d63_hh69
d212,d196_hh197
d212,d172_hh18
d212,d144_hh289
d212,d47_hh300
d212,d28_hh253
d212,d8_hh155
d212,d185_hh143
d212,d157_hh235
d212,d60_hh108
d212,d188_hh256
d212,d136_hh32
d212,d79_hh227
d212,d76_hh187
d212,d76_hh187
d212,d157_hh235
d212,d189_hh268
d212,d116_hh196
d212,d45_hh79
d212,d157_hh222
d212,d37_hh159
d212,d115_hh124
d212,d211_hh86
d212,d60_hh107
d212,d192_hh68
d212,d27_hh269
d212,d10_hh167
d212,d116_hh36
d212,d14_hh67
d212,d8_hh105
d212,d176_hh92
d212,d157_hh215
d212,d10_hh167
d212,d192_hh39
d212,d157_hh222
d212,d144_hh289
d212,d60_hh191
d212,d8_hh155
d212,d185_hh57
d212,d196_hh190
d212,d94_hh137
d212,d107_hh246
d212,d192_hh39
d212,d63_hh69
d212,d142_hh108
d212,d60_hh107
d212,d64_hh137
d212,d192_hh68
d212,d49_hh257
d212,d153_hh26
d212,d63_hh83
d212,d92_hh115
d212,d14_hh205
d212,d103_hh205
d212,d153_hh96
d212,d22_hh190
d212,d142_hh190
d212,d107_hh246
d212,d60_hh107
d212,d176_hh125
d212,d9_hh289
d212,d212_hh155
d212,d63_hh69
d212,d9_hh197
d212,d107_hh258
d212,d181_hh17
d212,d116_hh6
d212,d25_hh80
d212,d92_hh161
d212,d167_hh276
d212,d107_hh23
d212,d157_hh215
d212,d22_hh190
d212,d148_hh117
d212,d196_hh215
d212,d63_hh83
d212,d92_hh91
d212,d49_hh170
d212,d211_hh86
d212,d192_hh39
d212,d172_hh18
d212,d49_hh103
d212,d37_hh160
d212,d115_hh199
d212,d157_hh222
d212,d148_hh104
d212,d142_hh108
d212,d9_hh197
d212,d212_hh61
d212,d107_hh246
d212,d79_hh255
d212,d167_hh276
d212,d157_hh16
d212,d8_hh41
d212,d212_hh61
d212,d142_hh108
d212,d148_hh247
d212,d151_hh215
d212,d148_hh247
d212,d47_hh128
d212,d148_hh117
d212,d76_hh187
d212,d107_hh193
d212,d180_hh254
d212,d115_hh199
d212,d37_hh159
d212,d194_hh40
d212,d107_hh246
d212,d60_hh108
d212,d47_hh300
d212,d148_hh247
d212,d167_hh11
d212,d176_hh92
d212,d181_hh17
d212,d76_hh6
d212,d192_hh58
d212,d196_hh197
d212,d144_hh196
d212,d148_hh104
d212,d107_hh193
d212,d185_hh143
d212,d70_hh136
d212,d121_hh170
d212,d103_hh205
d212,d192_hh39
d212,d185_hh143
d212,d212_hh155
d212,d92_hh115
d212,d212_hh155
d212,d60_hh108
d212,d157_hh215
d212,d60_hh191
d212,d148_hh244
d212,d79_hh255
d212,d116_hh36
d212,d9_hh170
d212,d148_hh247
d212,d176_hh92
d212,d196_hh190
d212,d86_hh55
d212,d60_hh107
d212,d49_hh103
d212,d181_hh17
d212,d115_hh199
d212,d172_hh18
d212,d47_hh128
d212,d196_hh215
d212,d105_hh45
d212,d37_hh160
d212,d22_hh190
d212,d70_hh136
d212,d192_hh58
d212,d151_hh203
d212,d116_hh196
d212,d103_hh63
d212,d192_hh39
d212,d115_hh199
d212,d176_hh85
d212,d9_hh197
d212,d176_hh92
d212,d49_hh103
d212,d9_hh197
d212,d144_hh196
d212,d47_hh300
d212,d107_hh258
d212,d14_hh75
d212,d37_hh160
d212,d116_hh196
d212,d108_hh162
d212,d25_hh80
d212,d181_hh17
d212,d27_hh269
d212,d142_hh108
d212,d172_hh180
d212,d9_hh197
d212,d116_hh6
d212,d79_hh114
d212,d211_hh86
d212,d167_hh264
d212,d28_hh40
d212,d92_hh115
d212,d196_hh229
d212,d196_hh229
d212,d136_hh192
d212,d107_hh246
d212,d3_hh97
d212,d194_hh142
d212,d8_hh41
d212,d84_hh122
d212,d105_hh45
d212,d71_hh163
d212,d212_hh155
d212,d192_hh39
d212,d8_hh41
d212,d8_hh106
d212,d181_hh17
d212,d49_hh103
d212,d142_hh190
d212,d203_hh189
d212,d157_hh222
d212,d192_hh58
d213,d13_hh239
d213,d112_hh17
d213,d150_hh253
d213,d164_hh249
d213,d7_hh64
d213,d112_hh176
d213,d58_hh108
d213,d191_hh190
d213,d56_hh123
d213,d42_hh251
d213,d65_hh227
d213,d66_hh179
d213,d82_hh231
d213,d134_hh156
d213,d150_hh253
d213,d106_hh24
d213,d66_hh131
d213,d95_hh241
d213,d208_hh137
d213,d137_hh216
d213,d4_hh212
d213,d87_hh38
d213,d65_hh67
d213,d50_hh112
d213,d69_hh99
d213,d168_hh265
d213,d106_hh24
d213,d132_hh233
d213,d112_hh31
d213,d38_hh101
d213,d150_hh168
d213,d124_hh125
d213,d29_hh167
d213,d161_hh229
d213,d56_hh63
d213,d158_hh20
d213,d35_hh224
d213,d65_hh67
d213,d131_hh41
d213,d69_hh99
d213,d129_hh209
d213,d198_hh40
d213,d69_hh222
d213,d169_hh115
d213,d187_hh30
d213,d124_hh125
d213,d40_hh111
d213,d56_hh89
d213,d112_hh176
d213,d122_hh271
d213,d109_hh209
d213,d18_hh80
d213,d190_hh173
d213,d13_hh157
d213,d175_hh32
d213,d134_hh118
d213,d11_hh244
d213,d208_hh221
d213,d122_hh181
d213,d163_hh115
d213,d78_hh234
d213,d32_hh151
d213,d134_hh7
d213,d134_hh156
d213,d150_hh168
d213,d39_hh55
d213,d43_hh67
d213,d23_hh236
d213,d11_hh79
d213,d126_hh44
d213,d83_hh67
d213,d202_hh17
d213,d41_hh53
d213,d190_hh32
d213,d190_hh32
d213,d118_hh188
d213,d78_hh234
d213,d210_hh267
d213,d73_hh153
d213,d213_hh238
d213,d82_hh256
d213,d150_hh253
d213,d210_hh267
d213,d154_hh132
d213,d160_hh97
d213,d112_hh17
d213,d51_hh186
d213,d48_hh176
d213,d42_hh38
d213,d35_hh104
d213,d104_hh7
d213,d33_hh64
d213,d16_hh200
d213,d7_hh240
d213,d59_hh132
d213,d139_hh27
d213,d100_hh164
d213,d156_hh153
d213,d55_hh12
d213,d174_hh85
d213,d141_hh194
d213,d191_hh12
d213,d51_hh285
d213,d191_hh179
d213,d122_hh181
d213,d38_hh101
d213,d110_hh201
d213,d32_hh151
d213,d7_hh240
d213,d210_hh87
d213,d156_hh218
d213,d125_hh167
d213,d202_hh111
d213,d195_hh31
d213,d66_hh13
d213,d126_hh44
d213,d50_hh195
d213,d72_hh77
d213,d143_hh82
d213,d73_hh153
d213,d42_hh38
d213,d69_hh55
d213,d156_hh181
d213,d13_hh239
d213,d16_hh201
d213,d97_hh20
d213,d91_hh241
d213,d131_hh41
d213,d15_hh188
d213,d41_hh254
d213,d35_hh104
d213,d130_hh273
d213,d164_hh220
d213,d42_hh165
d213,d155_hh206
d213,d41_hh72
d213,d152_hh175
d213,d104_hh7
d213,d18_hh253
d213,d19_hh147
d213,d204_hh158
d213,d174_hh85
d213,d85_hh218
d213,d160_hh59
d213,d88_hh3
d213,d88_hh108
d213,d69_hh99
d213,d34_hh12
d213,d140_hh195
d213,d11_hh244
d213,d32_hh19
d213,d213_hh238
d213,d13_hh157
d213,d109_hh209
d213,d88_hh191
d213,d106_hh24
d213,d67_hh63
d213,d135_hh57
d213,d36_hh69
d213,d56_hh89
d213,d128_hh278
d213,d205_hh73
d213,d69_hh55
d213,d163_hh115
d213,d73_hh7
d213,d124_hh118
d213,d164_hh78
d213,d134_hh31
d213,d210_hh87
d213,d122_hh181
d213,d141_hh209
d213,d119_hh50
d213,d120_hh118
d213,d164_hh78
d213,d164_hh220
d213,d160_hh179
d213,d11_hh132
d213,d44_hh127
d213,d56_hh166
d213,d128_hh180
d213,d128_hh184
d213,d69_hh222
d213,d42_hh165
d213,d73_hh153
d213,d111_hh29
d213,d18_hh253
d213,d200_hh51
d213,d16_hh200
d213,d44_hh127
d213,d95_hh241
d213,d100_hh65
d213,d169_hh148
d213,d140_hh195
d213,d164_hh78
d213,d66_hh193
d213,d58_hh108
d213,d81_hh14
d213,d55_hh12
d213,d207_hh28
d213,d109_hh168
d213,d32_hh151
d213,d69_hh209
d213,d77_hh156
d213,d55_hh232
d213,d124_hh118
d213,d39_hh55
d213,d161_hh110
d213,d39_hh96
d213,d168_hh265
d213,d59_hh162
d213,d134_hh156
d213,d162_hh113
d213,d43_hh67
d213,d195_hh52
d213,d56_hh177
d213,d41_hh181
d213,d16_hh75
d213,d123_hh83
d213,d80_hh6
d213,d32_hh101
d213,d15_hh188
d213,d204_hh158
d213,d51_hh186
d213,d112_hh31
d213,d11_hh244
d213,d128_hh297
d213,d30_hh44
d213,d81_hh14
d213,d131_hh204
d213,d126_hh184
d213,d137_hh109
d213,d158_hh146
d213,d39_hh96
d213,d128_hh180
d213,d91_hh32
d213,d35_hh211
d213,d120_hh57
d213,d91_hh79
d213,d83_hh67
d213,d174_hh6
d213,d55_hh246
d213,d155_hh206
d213,d7_hh148
d213,d38_hh101
d213,d131_hh204
d213,d191_hh179
d213,d1_hh15
d213,d88_hh191
d213,d140_hh260
d213,d149_hh61
d213,d174_hh97
d213,d102_hh284
d213,d66_hh13
d213,d20_hh44
d213,d97_hh20
d213,d56_hh63
d213,d41_hh72
d213,d39_hh55
d213,d44_hh127
d213,d69_hh209
d213,d16_hh218
d213,d44_hh65
d213,d32_hh101
d213,d41_hh53
d213,d18_hh91
d213,d32_hh19
d213,d149_hh237
d213,d114_hh2
d213,d114_hh2
d213,d34_hh12
d213,d97_hh75
d213,d11_hh26
d213,d87_hh32
d213,d88_hh3
d213,d139_hh164
d213,d106_hh24
d213,d50_hh90
d213,d56_hh166
d213,d124_hh125
d213,d187_hh32
d215,d73_hh84
d215,d91_hh113
d215,d123_hh83
d215,d16_hh218
d215,d7_hh64
d215,d152_hh175
d215,d214_hh255
d215,d135_hh57
d215,d149_hh30
d215,d18_hh80
d215,d110_hh201
d215,d44_hh127
d215,d205_hh217
d215,d80_hh6
d215,d126_hh44
d215,d184_hh11
d215,d190_hh173
d215,d35_hh104
d215,d214_hh255
d215,d69_hh13
d215,d66_hh179
d215,d93_hh80
d215,d44_hh170
d215,d46_hh57
d215,d169_hh115
d215,d160_hh179
d215,d204_hh231
d215,d43_hh67
d215,d62_hh18
d215,d160_hh179
d215,d127_hh69
d215,d124_hh118
d215,d171_hh189
d215,d66_hh154
d215,d56_hh123
d215,d131_hh41
d215,d62_hh167
d215,d74_hh109
d215,d56_hh175
d215,d138_hh10
d215,d156_hh181
d215,d73_hh153
d215,d110_hh117
d215,d40_hh7
d215,d11_hh26
d215,d83_hh67
d215,d69_hh13
d215,d100_hh164
d215,d110_hh117
d215,d149_hh30
d215,d191_hh179
d215,d140_hh260
d215,d56_hh177
d215,d179_hh41
d215,d19_hh147
d215,d46_hh57
d215,d1_hh15
d215,d1_hh15
d215,d124_hh118
d215,d163_hh242
d215,d164_hh78
d215,d160_hh104
d215,d88_hh235
d215,d66_hh193
d215,d134_hh118
d215,d69_hh55
d215,d82_hh256
d215,d163_hh242
d215,d119_hh50
d215,d56_hh89
d215,d130_hh273
d215,d7_hh87
d215,d163_hh115
d215,d56_hh166
d215,d131_hh204
d215,d73_hh197
d215,d125_hh248
d215,d35_hh211
d215,d40_hh111
d215,d65_hh75
d215,d191_hh179
d215,d112_hh221
d215,d119_hh174
d215,d73_hh153
d215,d190_hh182
d215,d7_hh87
d215,d161_hh238
d215,d13_hh157
d215,d77_hh40
d215,d40_hh111
d215,d35_hh224
d215,d114_hh12
d215,d91_hh32
d215,d11_hh26
d215,d208_hh221
d215,d29_hh167
d215,d66_hh193
d215,d38_hh172
d215,d125_hh248
d215,d160_hh179
d215,d7_hh124
d215,d190_hh32
d215,d137_hh216
d215,d24_hh177
d215,d160_hh59
d215,d16_hh201
d215,d168_hh30
d215,d38_hh49
d215,d174_hh85
d215,d33_hh64
d215,d88_hh267
d215,d65_hh67
d215,d99_hh44
d215,d66_hh13
d215,d158_hh34
d215,d59_hh207
d215,d32_hh101
d215,d30_hh132
d215,d187_hh291
d215,d125_hh189
d215,d128_hh184
d215,d112_hh31
d215,d208_hh221
d215,d69_hh209
d215,d160_hh59
d215,d113_hh254
d215,d110_hh201
d215,d187_hh291
d215,d18_hh91
d215,d128_hh297
d215,d187_hh32
d215,d35_hh224
d215,d59_hh207
d215,d81_hh14
d215,d169_hh115
d215,d155_hh206
d215,d59_hh132
d215,d35_hh224
d215,d158_hh146
d215,d55_hh246
d215,d32_hh101
d215,d95_hh241
d215,d129_hh106
d215,d13_hh239
d215,d170_hh228
d215,d208_hh137
d215,d179_hh41
d215,d210_hh262
d215,d93_hh184
d215,d7_hh64
d215,d78_hh123
d215,d61_hh79
d215,d208_hh137
d215,d74_hh108
d215,d174_hh97
d215,d178_hh263
d215,d126_hh184
d215,d156_hh153
d215,d56_hh177
d215,d141_hh235
d215,d125_hh189
d215,d39_hh96
d215,d146_hh88
d215,d131_hh14
d215,d23_hh236
d215,d154_hh157
d215,d56_hh63
d215,d191_hh30
d215,d214_hh252
d215,d55_hh12
d215,d21_hh25
d215,d118_hh262
d215,d150_hh168
d215,d131_hh204
d215,d110_hh117
d215,d134_hh156
d215,d149_hh61
d215,d101_hh182
d215,d16_hh200
d215,d130_hh273
d215,d50_hh90
d215,d214_hh255
d215,d155_hh206
d215,d30_hh44
d215,d69_hh209
d215,d18_hh91
d215,d129_hh94
d215,d30_hh44
d215,d66_hh193
d215,d7_hh64
d215,d190_hh32
d215,d184_hh210
d215,d141_hh235
d215,d48_hh176
d215,d161_hh110
d215,d87_hh32
d215,d135_hh57
d215,d134_hh166
d215,d191_hh30
d215,d95_hh241
d215,d160_hh211
d215,d140_hh260
d215,d99_hh38
d215,d87_hh38
d215,d134_hh7
d215,d127_hh69
d215,d135_hh191
d215,d130_hh273
d215,d134_hh118
d215,d161_hh229
d215,d32_hh60
d215,d66_hh131
d215,d82_hh231
d215,d135_hh216
d215,d77_hh156
d215,d162_hh67
d215,d207_hh28
d215,d44_hh170
d215,d55_hh232
d215,d26_hh63
d215,d200_hh227
d215,d40_hh7
d215,d67_hh63
d215,d1_hh15
d215,d69_hh55
d215,d131_hh14
d215,d77_hh40
d215,d85_hh104
d215,d21_hh25
d215,d18_hh80
d215,d13_hh263
d215,d124_hh125
d215,d16_hh75
d215,d119_hh174
d215,d18_hh91
d215,d126_hh184
d215,d175_hh181
d215,d158_hh49
d215,d141_hh194
d215,d88_hh191
d215,d168_hh265
d215,d85_hh104
d215,d141_hh6
d215,d16_hh218
d215,d215_hh157
d215,d69_hh99
d215,d11_hh26
d215,d80_hh6
d215,d163_hh115
d215,d128_hh43
d215,d91_hh241
d215,d195_hh97
d215,d128_hh184
d215,d88_hh235
d215,d69_hh13
d215,d33_hh64
d215,d125_hh189
d215,d132_hh233
d215,d179_hh267
d215,d154_hh157
d215,d139_hh251
d215,d134_hh7
d215,d141_hh209
d215,d112_hh176
d215,d50_hh195
d215,d100_hh164
d215,d164_hh78
d215,d43_hh67
d215,d41_hh74
d215,d165_hh274
d215,d160_hh97
d215,d11_hh244
d215,d61_hh79
d215,d50_hh90
d215,d73_hh153
d215,d163_hh115
d215,d53_hh23
d215,d90_hh214
d215,d106_hh24
d215,d139_hh164
d211,d84_hh161
d211,d8_hh155
d211,d9_hh289
d211,d211_hh211
d211,d107_hh193
d211,d70_hh110
d211,d28_hh253
d211,d196_hh126
d211,d194_hh40
d211,d192_hh39
d211,d142_hh190
d211,d148_hh104
d211,d203_hh139
d211,d86_hh55
d211,d45_hh0
d211,d194_hh189
d211,d3_hh27
d211,d108_hh212
d211,d142_hh108
d211,d60_hh107
d211,d8_hh41
d211,d108_hh230
d211,d3_hh97
d211,d206_hh279
d211,d176_hh85
d211,d70_hh110
d211,d63_hh83
d211,d47_hh128
d211,d70_hh136
d211,d86_hh55
d211,d70_hh110
d211,d196_hh126
d211,d9_hh236
d211,d47_hh300
d211,d103_hh192
d211,d70_hh136
d211,d108_hh241
d211,d212_hh61
d211,d71_hh245
d211,d167_hh11
d211,d70_hh171
d211,d63_hh160
d211,d151_hh203
d211,d196_hh139
d211,d192_hh58
d211,d196_hh190
d211,d148_hh244
d211,d136_hh89
d211,d107_hh7
d211,d45_hh0
d211,d71_hh146
d211,d145_hh175
d211,d148_hh58
d211,d116_hh36
d211,d25_hh157
d211,d103_hh48
d211,d28_hh35
d211,d142_hh190
d211,d194_hh101
d211,d45_hh0
d211,d63_hh131
d211,d86_hh55
d211,d201_hh135
d211,d14_hh205
d211,d196_hh139
d211,d167_hh11
d211,d108_hh241
d211,d70_hh171
d211,d145_hh175
d211,d212_hh155
d211,d22_hh190
d211,d105_hh45
d211,d142_hh108
d211,d37_hh160
d211,d176_hh220
d211,d63_hh160
d211,d115_hh199
d211,d25_hh80
d211,d45_hh79
d211,d71_hh146
d211,d192_hh58
d211,d3_hh27
d211,d79_hh227
d211,d167_hh70
d211,d3_hh27
d211,d6_hh130
d211,d194_hh189
d211,d28_hh253
d211,d108_hh241
d211,d103_hh48
d211,d136_hh192
d211,d108_hh162
d211,d188_hh256
d211,d115_hh199
d211,d103_hh63
d211,d176_hh125
d211,d142_hh190
d211,d115_hh186
d211,d45_hh0
d211,d108_hh213
d211,d8_hh106
d211,d47_hh128
d211,d107_hh258
d211,d185_hh143
d211,d8_hh149
d211,d76_hh6
d211,d37_hh160
d211,d142_hh108
d211,d108_hh241
d211,d167_hh276
d211,d167_hh276
d211,d115_hh186
d211,d167_hh70
d211,d167_hh70
d211,d115_hh55
d211,d167_hh11
d211,d45_hh0
d211,d194_hh114
d211,d70_hh172
d211,d28_hh35
d211,d94_hh253
d211,d176_hh85
d211,d9_hh236
d211,d45_hh79
d211,d196_hh126
d211,d148_hh104
d211,d203_hh189
d211,d76_hh6
d211,d121_hh272
d211,d188_hh256
d211,d212_hh252
d211,d103_hh48
d211,d49_hh257
d211,d148_hh244
d211,d116_hh196
d211,d115_hh186
d211,d28_hh40
d211,d45_hh0
d211,d28_hh253
d211,d70_hh136
d211,d115_hh186
d211,d63_hh131
d211,d60_hh191
d211,d167_hh70
d211,d8_hh149
d211,d144_hh253
d211,d185_hh143
d211,d28_hh253
d211,d71_hh245
d211,d70_hh136
d211,d3_hh180
d211,d203_hh189
d211,d107_hh7
d211,d94_hh129
d211,d148_hh58
d211,d201_hh119
d211,d194_hh101
d211,d181_hh225
d211,d167_hh276
d211,d103_hh48
d211,d70_hh136
d211,d47_hh135
d211,d94_hh253
d211,d107_hh103
d211,d153_hh26
d211,d3_hh35
d211,d76_hh187
d211,d167_hh264
d211,d25_hh80
d211,d203_hh139
d211,d201_hh135
d211,d153_hh26
d211,d201_hh78
d211,d86_hh55
d211,d136_hh32
d211,d148_hh104
d211,d86_hh55
d211,d71_hh163
d211,d70_hh110
d211,d107_hh258
d211,d103_hh48
d211,d8_hh105
d211,d9_hh183
d211,d63_hh160
d211,d192_hh68
d211,d203_hh227
d211,d103_hh205
d211,d8_hh106
d211,d144_hh253
d211,d22_hh190
d211,d28_hh253
d211,d115_hh186
d211,d108_hh241
d211,d63_hh69
d211,d157_hh215
d211,d63_hh131
d211,d167_hh276
d211,d172_hh18
d211,d105_hh45
d211,d47_hh300
d211,d108_hh213
d211,d45_hh0
d211,d206_hh279
d211,d167_hh70
d211,d107_hh7
d211,d194_hh40
d211,d211_hh86
d211,d8_hh149
d211,d107_hh258
d211,d63_hh131
d211,d188_hh256
d211,d3_hh97
d211,d194_hh189
d211,d203_hh139
d211,d8_hh41
d211,d192_hh68
d211,d176_hh85
d211,d86_hh55
d211,d121_hh272
d211,d108_hh212
d211,d176_hh220
d211,d192_hh68
d211,d107_hh7
d211,d115_hh55
d211,d8_hh149
d211,d63_hh83
d211,d107_hh258
d211,d194_hh40
d211,d107_hh193
d211,d201_hh119
d211,d115_hh186
d211,d115_hh55
d211,d70_hh136
d211,d92_hh161
d211,d103_hh48
d211,d121_hh272
d211,d94_hh137
d211,d8_hh149
d211,d49_hh257
d211,d49_hh257
d211,d136_hh192
d211,d148_hh117
d211,d107_hh7
d211,d176_hh220
d211,d136_hh32
d211,d157_hh235
d211,d71_hh146
d211,d176_hh194
d211,d3_hh35
d211,d8_hh155
d211,d63_hh160
d211,d63_hh160
d211,d71_hh245
d211,d201_hh135
d211,d28_hh253
d211,d108_hh212
d211,d60_hh107
d211,d107_hh258
d211,d70_hh171
d211,d211_hh211
d211,d172_hh18
d211,d148_hh244
d211,d203_hh189
d211,d70_hh172
d211,d167_hh70
d211,d144_hh289
d211,d142_hh190
d211,d8_hh149
d211,d108_hh212
d211,d107_hh103
d211,d45_hh0
d211,d108_hh162
d211,d28_hh40
d211,d108_hh230
d211,d70_hh110
d211,d3_hh97
d211,d192_hh58
d211,d71_hh245
d211,d70_hh136
d211,d148_hh117
d211,d3_hh97
d211,d92_hh161
d211,d212_hh61
d211,d60_hh191
d211,d142_hh190
d211,d185_hh143
d211,d196_hh126
d211,d201_hh135
d211,d142_hh190
d211,d176_hh85
d211,d8_hh106
d211,d107_hh103
d211,d115_hh186
d211,d70_hh171
d211,d84_hh122
d214,d160_hh179
d214,d150_hh8
d214,d65_hh67
d214,d187_hh16
d214,d169_hh115
d214,d141_hh6
d214,d18_hh6
d214,d91_hh241
d214,d32_hh101
d214,d137_hh109
d214,d55_hh12
d214,d53_hh249
d214,d161_hh110
d214,d66_hh193
d214,d175_hh181
d214,d93_hh66
d214,d118_hh262
d214,d20_hh48
d214,d4_hh212
d214,d48_hh119
d214,d163_hh242
d214,d190_hh32
d214,d34_hh12
d214,d156_hh218
d214,d110_hh236
d214,d139_hh9
d214,d112_hh176
d214,d178_hh263
d214,d55_hh229
d214,d104_hh7
d214,d208_hh221
d214,d102_hh228
d214,d128_hh273
d214,d128_hh297
d214,d140_hh260
d214,d78_hh234
d214,d131_hh212
d214,d150_hh8
d214,d69_hh55
d214,d190_hh176
d214,d128_hh278
d214,d111_hh29
d214,d74_hh212
d214,d19_hh147
d214,d35_hh224
d214,d78_hh123
d214,d48_hh119
d214,d66_hh154
d214,d69_hh99
d214,d32_hh19
d214,d32_hh203
d214,d112_hh176
d214,d125_hh248
d214,d160_hh232
d214,d179_hh41
d214,d190_hh106
d214,d150_hh168
d214,d56_hh166
d214,d124_hh126
d214,d184_hh11
d214,d55_hh226
d214,d141_hh194
d214,d55_hh131
d214,d16_hh177
d214,d191_hh179
d214,d138_hh1
d214,d88_hh108
d214,d38_hh95
d214,d74_hh109
d214,d143_hh82
d214,d15_hh97
d214,d119_hh174
d214,d156_hh153
d214,d15_hh188
d214,d156_hh151
d214,d111_hh29
d214,d29_hh167
d214,d156_hh218
d214,d130_hh277
d214,d214_hh184
d214,d158_hh49
d214,d55_hh246
d214,d210_hh267
d214,d134_hh166
d214,d7_hh148
d214,d1_hh15
d214,d184_hh210
d214,d81_hh81
d214,d21_hh21
d214,d124_hh167
d214,d11_hh132
d214,d41_hh74
d214,d128_hh297
d214,d150_hh8
d214,d168_hh265
d214,d147_hh167
d214,d55_hh190
d214,d120_hh45
d214,d112_hh221
d214,d42_hh38
d214,d21_hh21
d214,d97_hh75
d214,d16_hh218
d214,d113_hh254
d214,d193_hh67
d214,d184_hh206
d214,d11_hh244
d214,d59_hh207
d214,d126_hh156
d214,d18_hh80
d214,d109_hh168
d214,d183_hh93
d214,d7_hh148
d214,d164_hh249
d214,d160_hh232
d214,d128_hh180
d214,d128_hh43
d214,d90_hh214
d214,d169_hh247
d214,d161_hh238
d214,d214_hh255
d214,d66_hh193
d214,d143_hh224
d214,d101_hh182
d214,d66_hh179
d214,d140_hh260
d214,d41_hh72
d214,d130_hh277
d214,d195_hh31
d214,d32_hh101
d214,d59_hh98
d214,d56_hh63
d214,d59_hh251
d214,d39_hh55
d214,d140_hh195
d214,d11_hh132
d214,d85_hh218
d214,d32_hh101
d214,d187_hh16
d214,d125_hh167
d214,d160_hh97
d214,d44_hh283
d214,d126_hh156
d214,d146_hh114
d214,d44_hh170
d214,d99_hh230
d214,d131_hh204
d214,d44_hh170
d214,d128_hh43
d214,d29_hh167
d214,d141_hh209
d214,d139_hh27
d214,d41_hh254
d214,d129_hh209
d214,d32_hh203
d214,d125_hh248
d214,d72_hh77
d214,d160_hh232
d214,d61_hh246
d214,d65_hh75
d214,d59_hh207
d214,d200_hh51
d214,d124_hh126
d214,d191_hh179
d214,d69_hh99
d214,d82_hh115
d214,d100_hh164
d214,d81_hh81
d214,d2_hh232
d214,d160_hh59
d214,d31_hh135
d214,d215_hh82
d214,d7_hh155
d214,d18_hh253
d214,d134_hh118
d214,d26_hh63
d214,d32_hh60
d214,d40_hh7
d214,d100_hh164
d214,d214_hh20
d214,d127_hh69
d214,d139_hh27
d214,d205_hh217
d214,d35_hh104
d214,d129_hh106
d214,d134_hh7
d214,d69_hh209
d214,d101_hh182
d214,d44_hh163
d214,d160_hh211
d214,d137_hh216
d214,d5_hh117
d214,d160_hh104
d214,d205_hh54
d214,d7_hh155
d214,d72_hh77
d214,d82_hh115
d214,d46_hh57
d214,d59_hh207
d214,d74_hh212
d214,d7_hh148
d214,d184_hh206
d214,d179_hh242
d214,d66_hh193
d214,d149_hh61
d214,d132_hh233
d214,d72_hh77
d214,d154_hh132
d214,d139_hh9
d214,d69_hh209
d214,d208_hh221
d214,d44_hh163
d214,d141_hh194
d214,d122_hh181
d214,d16_hh177
d214,d33_hh266
d214,d38_hh95
d214,d191_hh275
d214,d128_hh184
d214,d170_hh273
d214,d174_hh6
d214,d129_hh106
d214,d135_hh57
d214,d97_hh75
d214,d88_hh118
d214,d110_hh236
d214,d85_hh214
d214,d65_hh115
d214,d35_hh224
d214,d191_hh179
d214,d55_hh131
d214,d97_hh20
d214,d119_hh107
d214,d102_hh228
d214,d118_hh262
d214,d82_hh41
d214,d111_hh29
d214,d168_hh265
d214,d152_hh187
d214,d99_hh38
d214,d119_hh174
d214,d143_hh82
d214,d100_hh65
d214,d96_hh8
d214,d190_hh173
d214,d69_hh274
d214,d91_hh241
d214,d146_hh88
d214,d128_hh297
d214,d81_hh87
d214,d38_hh101
d214,d110_hh117
d214,d82_hh231
d214,d140_hh195
d214,d81_hh14
d214,d128_hh180
d214,d120_hh268
d214,d16_hh177
d214,d91_hh98
d214,d72_hh77
d214,d141_hh152
d214,d65_hh67
d214,d160_hh211
d214,d88_hh235
d214,d118_hh188
d214,d65_hh227
d214,d74_hh212
d214,d43_hh27
d214,d174_hh6
d214,d91_hh98
d214,d7_hh124
d214,d187_hh16
d214,d106_hh24
d214,d135_hh191
d214,d137_hh109
d214,d122_hh181
d214,d160_hh211
d214,d13_hh239
d214,d99_hh230
d214,d155_hh206
d214,d83_hh79
d214,d208_hh137
d214,d55_hh131
d214,d130_hh177
d214,d124_hh223
d214,d55_hh226
d214,d82_hh256
d214,d91_hh32
d214,d109_hh168
d214,d29_hh167
d214,d202_hh222
d214,d78_hh123
