geography_code,variable,synth_fraction,constraint_fraction
d3,location_urban,1,1
d3,location_rural,0,0
d3,hh_size1,0.25766871165644173,0.25609756097560976
d3,hh_size2,0.5920245398773006,0.5884146341463414
d3,hh_size3,0.03374233128834356,0.03353658536585366
d3,hh_size4,0.1165644171779141,0.12195121951219512
d3,m_0_to_29,0.033271719038817,0.03314917127071823
d3,f_0_to_29,0.06469500924214418,0.06445672191528545
d3,m_30_to_59,0.3142329020332717,0.3149171270718232
d3,f_30_to_59,0.36414048059149723,0.36464088397790057
d3,m_gt_60,0.1256931608133087,0.1252302025782689
d3,f_gt_60,0.09796672828096119,0.09760589318600368
d3,edu_non,0.04961832061068702,0.05
d3,edu_low,0.3893129770992366,0.3903846153846154
d3,edu_middle,0.5209923664122137,0.5192307692307693
d3,edu_high,0.04007633587786259,0.04038461538461539
d1,location_urban,0,0
d1,location_rural,1,1
d1,hh_size1,0.18892508143322476,0.19218241042345277
d1,hh_size2,0.5700325732899023,0.5732899022801303
d1,hh_size3,0.06840390879478828,0.06840390879478828
d1,hh_size4,0.17263843648208468,0.16612377850162866
d1,m_0_to_29,0.06870229007633588,0.06857142857142857
d1,f_0_to_29,0.04007633587786259,0.04
d1,m_30_to_59,0.2900763358778626,0.2895238095238095
d1,f_30_to_59,0.2958015267175573,0.29523809523809524
d1,m_gt_60,0.13740458015267176,0.13714285714285715
d1,f_gt_60,0.16793893129770993,0.16952380952380952
d1,edu_non,0.13114754098360656,0.12955465587044535
d1,edu_low,0.5225409836065574,0.5263157894736842
d1,edu_middle,0.3176229508196721,0.3157894736842105
d1,edu_high,0.028688524590163935,0.02834008097165992
d2,location_urban,0,0
d2,location_rural,1,1
d2,hh_size1,0.19705882352941176,0.19883040935672514
d2,hh_size2,0.5352941176470588,0.5321637426900585
d2,hh_size3,0.07647058823529412,0.07602339181286549
d2,hh_size4,0.19117647058823528,0.19298245614035087
d2,m_0_to_29,0.05400696864111498,0.05381944444444445
d2,f_0_to_29,0.06620209059233449,0.06597222222222222
d2,m_30_to_59,0.29094076655052264,0.2899305555555556
d2,f_30_to_59,0.3310104529616725,0.3333333333333333
d2,m_gt_60,0.10801393728222997,0.1076388888888889
d2,f_gt_60,0.14982578397212543,0.14930555555555555
d2,edu_non,0.12213740458015267,0.11895910780669144
d2,edu_low,0.5553435114503816,0.5613382899628253
d2,edu_middle,0.2862595419847328,0.2843866171003718
d2,edu_high,0.03625954198473282,0.03531598513011153
d5,location_urban,0,0
d5,location_rural,1,1
d5,hh_size1,0.19090909090909092,0.19090909090909092
d5,hh_size2,0.5393939393939394,0.5454545454545454
d5,hh_size3,0.07272727272727272,0.07272727272727272
d5,hh_size4,0.19696969696969696,0.19090909090909092
d5,m_0_to_29,0.052158273381294966,0.05197132616487455
d5,f_0_to_29,0.04316546762589928,0.043010752688172046
d5,m_30_to_59,0.3147482014388489,0.3154121863799283
d5,f_30_to_59,0.32014388489208634,0.3207885304659498
d5,m_gt_60,0.12410071942446044,0.12365591397849462
d5,f_gt_60,0.14568345323741008,0.14516129032258066
d5,edu_non,0.13127413127413126,0.13051823416506717
d5,edu_low,0.5482625482625483,0.5470249520153551
d5,edu_middle,0.30694980694980695,0.30902111324376197
d5,edu_high,0.013513513513513514,0.013435700575815739
d4,location_urban,0,0
d4,location_rural,1,1
d4,hh_size1,0.17880794701986755,0.17880794701986755
d4,hh_size2,0.5927152317880795,0.5993377483443708
d4,hh_size3,0.06291390728476821,0.06291390728476821
d4,hh_size4,0.16556291390728478,0.15894039735099338
d4,m_0_to_29,0.07321772639691715,0.07293666026871401
d4,f_0_to_29,0.05202312138728324,0.05182341650671785
d4,m_30_to_59,0.3159922928709056,0.31477927063339733
d4,f_30_to_59,0.3044315992292871,0.30710172744721687
d4,m_gt_60,0.1252408477842004,0.12476007677543186
d4,f_gt_60,0.12909441233140656,0.12859884836852206
d4,edu_non,0.0875,0.0875
d4,edu_low,0.5291666666666667,0.5291666666666667
d4,edu_middle,0.35208333333333336,0.35208333333333336
d4,edu_high,0.03125,0.03125
d6,location_urban,1,1
d6,location_rural,0,0
d6,hh_size1,0.2597402597402597,0.255663430420712
d6,hh_size2,0.5551948051948052,0.5533980582524272
d6,hh_size3,0.03571428571428571,0.03559870550161812
d6,hh_size4,0.14935064935064934,0.1553398058252427
d6,m_0_to_29,0.06786427145708583,0.06772908366533864
d6,f_0_to_29,0.06187624750499002,0.061752988047808766
d6,m_30_to_59,0.3033932135728543,0.30278884462151395
d6,f_30_to_59,0.281437125748503,0.28087649402390436
d6,m_gt_60,0.1377245508982036,0.13745019920318724
d6,f_gt_60,0.14770459081836326,0.14940239043824702
d6,edu_non,0.07724425887265135,0.07956989247311828
d6,edu_low,0.42379958246346555,0.4236559139784946
d6,edu_middle,0.453027139874739,0.44946236559139785
d6,edu_high,0.04592901878914405,0.047311827956989246
d7,location_urban,0,0
d7,location_rural,1,1
d7,hh_size1,0.20735785953177258,0.2059800664451827
d7,hh_size2,0.6053511705685619,0.6013289036544851
d7,hh_size3,0.06354515050167224,0.06312292358803986
d7,hh_size4,0.12374581939799331,0.12956810631229235
d7,m_0_to_29,0.04247104247104247,0.04230769230769231
d7,f_0_to_29,0.03088803088803089,0.03076923076923077
d7,m_30_to_59,0.333976833976834,0.3346153846153846
d7,f_30_to_59,0.3204633204633205,0.3192307692307692
d7,m_gt_60,0.11003861003861004,0.10961538461538461
d7,f_gt_60,0.16216216216216217,0.16346153846153846
d7,edu_non,0.11538461538461539,0.11515151515151516
d7,edu_low,0.5506072874493927,0.5515151515151515
d7,edu_middle,0.31983805668016196,0.3191919191919192
d7,edu_high,0.01417004048582996,0.014141414141414142
d8,location_urban,1,1
d8,location_rural,0,0
d8,hh_size1,0.24146981627296588,0.24210526315789474
d8,hh_size2,0.3438320209973753,0.34210526315789475
d8,hh_size3,0.049868766404199474,0.05
d8,hh_size4,0.3648293963254593,0.36578947368421055
d8,m_0_to_29,0.17272727272727273,0.17153284671532848
d8,f_0_to_29,0.13818181818181818,0.1386861313868613
d8,m_30_to_59,0.26545454545454544,0.2645985401459854
d8,f_30_to_59,0.3145454545454546,0.3156934306569343
d8,m_gt_60,0.06,0.060218978102189784
d8,f_gt_60,0.04909090909090909,0.04927007299270073
d8,edu_non,0.08080808080808081,0.07920792079207921
d8,edu_low,0.22424242424242424,0.21782178217821782
d8,edu_middle,0.6060606060606061,0.6158415841584158
d8,edu_high,0.08888888888888889,0.08712871287128712
d9,location_urban,1,1
d9,location_rural,0,0
d9,hh_size1,0.258160237388724,0.25671641791044775
d9,hh_size2,0.5281899109792285,0.5343283582089552
d9,hh_size3,0.04154302670623145,0.041791044776119404
d9,hh_size4,0.17210682492581603,0.16716417910447762
d9,m_0_to_29,0.058931860036832415,0.05904059040590406
d9,f_0_to_29,0.04604051565377532,0.046125461254612546
d9,m_30_to_59,0.31860036832412525,0.3173431734317343
d9,f_30_to_59,0.3333333333333333,0.3339483394833948
d9,m_gt_60,0.12338858195211787,0.12361623616236163
d9,f_gt_60,0.11970534069981584,0.11992619926199262
d9,edu_non,0.05758157389635317,0.058365758754863814
d9,edu_low,0.4491362763915547,0.4474708171206226
d9,edu_middle,0.4510556621880998,0.45136186770428016
d9,edu_high,0.04222648752399232,0.042801556420233464
d10,location_urban,1,1
d10,location_rural,0,0
d10,hh_size1,0.2680722891566265,0.2680722891566265
d10,hh_size2,0.5301204819277109,0.5271084337349398
d10,hh_size3,0.060240963855421686,0.06325301204819277
d10,hh_size4,0.14156626506024098,0.14156626506024098
d10,m_0_to_29,0.06569343065693431,0.06375227686703097
d10,f_0_to_29,0.043795620437956206,0.04371584699453552
d10,m_30_to_59,0.33394160583941607,0.33515482695810567
d10,f_30_to_59,0.3156934306569343,0.31693989071038253
d10,m_gt_60,0.12773722627737227,0.12750455373406194
d10,f_gt_60,0.11313868613138686,0.11293260473588343
d10,edu_non,0.0673076923076923,0.068359375
d10,edu_low,0.3923076923076923,0.392578125
d10,edu_middle,0.49230769230769234,0.490234375
d10,edu_high,0.04807692307692308,0.048828125
d11,location_urban,0,0
d11,location_rural,1,1
d11,hh_size1,0.20743034055727555,0.20615384615384616
d11,hh_size2,0.5820433436532507,0.5784615384615385
d11,hh_size3,0.04953560371517028,0.04923076923076923
d11,hh_size4,0.1609907120743034,0.16615384615384615
d11,m_0_to_29,0.040515653775322284,0.04036697247706422
d11,f_0_to_29,0.04604051565377532,0.045871559633027525
d11,m_30_to_59,0.27071823204419887,0.27155963302752295
d11,f_30_to_59,0.3462246777163904,0.3467889908256881
d11,m_gt_60,0.141804788213628,0.14128440366972478
d11,f_gt_60,0.15469613259668508,0.15412844036697249
d11,edu_non,0.12379110251450677,0.12427184466019417
d11,edu_low,0.5415860735009671,0.5398058252427185
d11,edu_middle,0.31334622823984526,0.3145631067961165
d11,edu_high,0.02127659574468085,0.021359223300970873
d12,location_urban,0,0
d12,location_rural,1,1
d12,hh_size1,0.20748299319727892,0.20748299319727892
d12,hh_size2,0.5510204081632653,0.5510204081632653
d12,hh_size3,0.08163265306122448,0.08163265306122448
d12,hh_size4,0.1598639455782313,0.1598639455782313
d12,m_0_to_29,0.04365079365079365,0.04365079365079365
d12,f_0_to_29,0.06349206349206349,0.06349206349206349
d12,m_30_to_59,0.30357142857142855,0.30357142857142855
d12,f_30_to_59,0.30753968253968256,0.30753968253968256
d12,m_gt_60,0.13690476190476192,0.13690476190476192
d12,f_gt_60,0.14484126984126985,0.14484126984126985
d12,edu_non,0.09012875536480687,0.08936170212765958
d12,edu_low,0.5214592274678111,0.5234042553191489
d12,edu_middle,0.37124463519313305,0.3702127659574468
d12,edu_high,0.017167381974248927,0.01702127659574468
d13,location_urban,0,0
d13,location_rural,1,1
d13,hh_size1,0.23278688524590163,0.23278688524590163
d13,hh_size2,0.5180327868852459,0.5180327868852459
d13,hh_size3,0.09508196721311475,0.09508196721311475
d13,hh_size4,0.1540983606557377,0.1540983606557377
d13,m_0_to_29,0.0690978886756238,0.0690978886756238
d13,f_0_to_29,0.04222648752399232,0.04222648752399232
d13,m_30_to_59,0.31861804222648754,0.31861804222648754
d13,f_30_to_59,0.28598848368522073,0.28598848368522073
d13,m_gt_60,0.15355086372360843,0.15355086372360843
d13,f_gt_60,0.13051823416506717,0.13051823416506717
d13,edu_non,0.10721649484536082,0.10766045548654245
d13,edu_low,0.5257731958762887,0.525879917184265
d13,edu_middle,0.3443298969072165,0.34368530020703936
d13,edu_high,0.02268041237113402,0.022774327122153208
d14,location_urban,1,1
d14,location_rural,0,0
d14,hh_size1,0.24390243902439024,0.24242424242424243
d14,hh_size2,0.3983739837398374,0.4022038567493113
d14,hh_size3,0.05420054200542006,0.05509641873278237
d14,hh_size4,0.3035230352303523,0.3002754820936639
d14,m_0_to_29,0.20323741007194246,0.2040072859744991
d14,f_0_to_29,0.16366906474820145,0.1657559198542805
d14,m_30_to_59,0.2733812949640288,0.27140255009107467
d14,f_30_to_59,0.26618705035971224,0.2641165755919854
d14,m_gt_60,0.046762589928057555,0.04735883424408015
d14,f_gt_60,0.046762589928057555,0.04735883424408015
d14,edu_non,0.06187624750499002,0.0625
d14,edu_low,0.22554890219560877,0.22379032258064516
d14,edu_middle,0.6207584830339321,0.6209677419354839
d14,edu_high,0.09181636726546906,0.09274193548387097
d16,location_urban,0,0
d16,location_rural,1,1
d16,hh_size1,0.22551928783382788,0.2261904761904762
d16,hh_size2,0.5548961424332344,0.5565476190476191
d16,hh_size3,0.05637982195845697,0.05654761904761905
d16,hh_size4,0.1632047477744807,0.16071428571428573
d16,m_0_to_29,0.051601423487544484,0.05169340463458111
d16,f_0_to_29,0.05338078291814947,0.053475935828877004
d16,m_30_to_59,0.304270462633452,0.30303030303030304
d16,f_30_to_59,0.28647686832740216,0.28698752228163993
d16,m_gt_60,0.14412811387900357,0.1443850267379679
d16,f_gt_60,0.1601423487544484,0.16042780748663102
d16,edu_non,0.1049618320610687,0.10516252390057361
d16,edu_low,0.5381679389312977,0.5372848948374761
d16,edu_middle,0.33587786259541985,0.3365200764818356
d16,edu_high,0.02099236641221374,0.021032504780114723
d17,location_urban,0,0
d17,location_rural,1,1
d17,hh_size1,0.17507418397626112,0.17455621301775148
d17,hh_size2,0.5786350148367952,0.5769230769230769
d17,hh_size3,0.04451038575667656,0.04437869822485207
d17,hh_size4,0.20178041543026706,0.20414201183431951
d17,m_0_to_29,0.06227758007117438,0.06216696269982238
d17,f_0_to_29,0.03914590747330961,0.03907637655417407
d17,m_30_to_59,0.3202846975088968,0.32149200710479575
d17,f_30_to_59,0.2900355871886121,0.2895204262877442
d17,m_gt_60,0.14056939501779359,0.14031971580817051
d17,f_gt_60,0.14768683274021352,0.14742451154529307
d17,edu_non,0.09848484848484848,0.09848484848484848
d17,edu_low,0.5549242424242424,0.5549242424242424
d17,edu_middle,0.3333333333333333,0.3333333333333333
d17,edu_high,0.013257575757575758,0.013257575757575758
d18,location_urban,0,0
d18,location_rural,1,1
d18,hh_size1,0.190625,0.18944099378881987
d18,hh_size2,0.58125,0.577639751552795
d18,hh_size3,0.053125,0.052795031055900624
d18,hh_size4,0.175,0.18012422360248448
d18,m_0_to_29,0.05925925925925926,0.05904059040590406
d18,f_0_to_29,0.05,0.04981549815498155
d18,m_30_to_59,0.26666666666666666,0.2656826568265683
d18,f_30_to_59,0.3351851851851852,0.3376383763837638
d18,m_gt_60,0.1648148148148148,0.16420664206642066
d18,f_gt_60,0.12407407407407407,0.12361623616236163
d18,edu_non,0.09722222222222222,0.09664694280078895
d18,edu_low,0.5396825396825397,0.5404339250493096
d18,edu_middle,0.3492063492063492,0.34911242603550297
d18,edu_high,0.013888888888888888,0.013806706114398421
d20,location_urban,0,0
d20,location_rural,1,1
d20,hh_size1,0.24509803921568626,0.24509803921568626
d20,hh_size2,0.5915032679738562,0.5882352941176471
d20,hh_size3,0.049019607843137254,0.049019607843137254
d20,hh_size4,0.11437908496732026,0.11764705882352941
d20,m_0_to_29,0.03288201160541586,0.03294573643410853
d20,f_0_to_29,0.05222437137330754,0.05232558139534884
d20,m_30_to_59,0.30947775628626695,0.3081395348837209
d20,f_30_to_59,0.29206963249516443,0.2926356589147287
d20,m_gt_60,0.15667311411992263,0.1569767441860465
d20,f_gt_60,0.15667311411992263,0.1569767441860465
d20,edu_non,0.10472279260780287,0.10344827586206896
d20,edu_low,0.5523613963039015,0.5557809330628803
d20,edu_middle,0.3264887063655031,0.32454361054766734
d20,edu_high,0.01642710472279261,0.016227180527383367
d19,location_urban,0,0
d19,location_rural,1,1
d19,hh_size1,0.21428571428571427,0.21362229102167182
d19,hh_size2,0.5341614906832298,0.5294117647058824
d19,hh_size3,0.043478260869565216,0.043343653250773995
d19,hh_size4,0.2080745341614907,0.21362229102167182
d19,m_0_to_29,0.05747126436781609,0.05747126436781609
d19,f_0_to_29,0.05938697318007663,0.05938697318007663
d19,m_30_to_59,0.31226053639846746,0.31226053639846746
d19,f_30_to_59,0.2796934865900383,0.2796934865900383
d19,m_gt_60,0.14559386973180077,0.14559386973180077
d19,f_gt_60,0.14559386973180077,0.14559386973180077
d19,edu_non,0.11618257261410789,0.11498973305954825
d19,edu_low,0.5435684647302904,0.5482546201232033
d19,edu_middle,0.3112033195020747,0.3080082135523614
d19,edu_high,0.029045643153526972,0.028747433264887063
d21,location_urban,0,0
d21,location_rural,1,1
d21,hh_size1,0.20477815699658702,0.20408163265306123
d21,hh_size2,0.552901023890785,0.5510204081632653
d21,hh_size3,0.06484641638225255,0.06462585034013606
d21,hh_size4,0.17747440273037543,0.18027210884353742
d21,m_0_to_29,0.05476673427991886,0.05465587044534413
d21,f_0_to_29,0.056795131845841784,0.05668016194331984
d21,m_30_to_59,0.2839756592292089,0.2834008097165992
d21,f_30_to_59,0.29817444219066935,0.29959514170040485
d21,m_gt_60,0.15821501014198783,0.15789473684210525
d21,f_gt_60,0.14807302231237324,0.14777327935222673
d21,edu_non,0.11471861471861472,0.11447084233261338
d21,edu_low,0.5281385281385281,0.5291576673866091
d21,edu_middle,0.3354978354978355,0.3347732181425486
d21,edu_high,0.021645021645021644,0.02159827213822894
d22,location_urban,1,1
d22,location_rural,0,0
d22,hh_size1,0.24203821656050956,0.24126984126984127
d22,hh_size2,0.5477707006369427,0.546031746031746
d22,hh_size3,0.06369426751592357,0.06349206349206349
d22,hh_size4,0.1464968152866242,0.1492063492063492
d22,m_0_to_29,0.060836501901140684,0.06072106261859583
d22,f_0_to_29,0.055133079847908745,0.05502846299810247
d22,m_30_to_59,0.3269961977186312,0.32637571157495254
d22,f_30_to_59,0.30228136882129275,0.3036053130929791
d22,m_gt_60,0.13498098859315588,0.1347248576850095
d22,f_gt_60,0.11977186311787072,0.11954459203036052
d22,edu_non,0.0642570281124498,0.06477732793522267
d22,edu_low,0.41967871485943775,0.42105263157894735
d22,edu_middle,0.4718875502008032,0.46963562753036436
d22,edu_high,0.04417670682730924,0.044534412955465584
d23,location_urban,0,0
d23,location_rural,1,1
d23,hh_size1,0.1853035143769968,0.1853035143769968
d23,hh_size2,0.597444089456869,0.6006389776357828
d23,hh_size3,0.051118210862619806,0.051118210862619806
d23,hh_size4,0.16613418530351437,0.16293929712460065
d23,m_0_to_29,0.041353383458646614,0.04127579737335835
d23,f_0_to_29,0.04887218045112782,0.04878048780487805
d23,m_30_to_59,0.3026315789473684,0.30206378986866794
d23,f_30_to_59,0.31954887218045114,0.32082551594746717
d23,m_gt_60,0.15225563909774437,0.15196998123827393
d23,f_gt_60,0.13533834586466165,0.1350844277673546
d23,edu_non,0.10934393638170974,0.10826771653543307
d23,edu_low,0.5705765407554672,0.5728346456692913
d23,edu_middle,0.3061630218687873,0.3051181102362205
d23,edu_high,0.013916500994035786,0.013779527559055118
d24,location_urban,0,0
d24,location_rural,1,1
d24,hh_size1,0.203125,0.20376175548589343
d24,hh_size2,0.53125,0.5360501567398119
d24,hh_size3,0.053125,0.05329153605015674
d24,hh_size4,0.2125,0.20689655172413793
d24,m_0_to_29,0.05152671755725191,0.05152671755725191
d24,f_0_to_29,0.05152671755725191,0.05152671755725191
d24,m_30_to_59,0.3053435114503817,0.30725190839694655
d24,f_30_to_59,0.2958015267175573,0.29389312977099236
d24,m_gt_60,0.16793893129770993,0.16793893129770993
d24,f_gt_60,0.12786259541984732,0.12786259541984732
d24,edu_non,0.12704918032786885,0.12653061224489795
d24,edu_low,0.5368852459016393,0.5408163265306123
d24,edu_middle,0.3155737704918033,0.3122448979591837
d24,edu_high,0.020491803278688523,0.02040816326530612
d25,location_urban,1,1
d25,location_rural,0,0
d25,hh_size1,0.22674418604651161,0.2303206997084548
d25,hh_size2,0.4127906976744186,0.4139941690962099
d25,hh_size3,0.09011627906976744,0.09037900874635568
d25,hh_size4,0.2703488372093023,0.2653061224489796
d25,m_0_to_29,0.16970802919708028,0.170018281535649
d25,f_0_to_29,0.19343065693430658,0.1956124314442413
d25,m_30_to_59,0.2737226277372263,0.2687385740402194
d25,f_30_to_59,0.2718978102189781,0.2742230347349177
d25,m_gt_60,0.04562043795620438,0.04570383912248629
d25,f_gt_60,0.04562043795620438,0.04570383912248629
d25,edu_non,0.08108108108108109,0.07847082494969819
d25,edu_low,0.20997920997921,0.2052313883299799
d25,edu_middle,0.604989604989605,0.6156941649899397
d25,edu_high,0.10395010395010396,0.1006036217303823
d15,location_urban,0,0
d15,location_rural,1,1
d15,hh_size1,0.22330097087378642,0.22186495176848875
d15,hh_size2,0.56957928802589,0.5691318327974276
d15,hh_size3,0.06472491909385113,0.06430868167202572
d15,hh_size4,0.1423948220064725,0.14469453376205788
d15,m_0_to_29,0.049523809523809526,0.04924242424242424
d15,f_0_to_29,0.049523809523809526,0.04924242424242424
d15,m_30_to_59,0.32,0.32007575757575757
d15,f_30_to_59,0.29523809523809524,0.29734848484848486
d15,m_gt_60,0.14476190476190476,0.14393939393939395
d15,f_gt_60,0.14095238095238094,0.14015151515151514
d15,edu_non,0.12121212121212122,0.11857707509881422
d15,edu_low,0.5373737373737374,0.541501976284585
d15,edu_middle,0.32323232323232326,0.3221343873517787
d15,edu_high,0.01818181818181818,0.017786561264822136
d26,location_urban,0,0
d26,location_rural,1,1
d26,hh_size1,0.2465753424657534,0.24914675767918087
d26,hh_size2,0.5684931506849316,0.5665529010238908
d26,hh_size3,0.07534246575342465,0.07508532423208192
d26,hh_size4,0.1095890410958904,0.10921501706484642
d26,m_0_to_29,0.037848605577689244,0.03777335984095427
d26,f_0_to_29,0.06374501992031872,0.0636182902584493
d26,m_30_to_59,0.33266932270916333,0.33399602385685884
d26,f_30_to_59,0.2868525896414343,0.28628230616302186
d26,m_gt_60,0.14143426294820718,0.1411530815109344
d26,f_gt_60,0.13745019920318724,0.13717693836978131
d26,edu_non,0.15778251599147122,0.15611814345991562
d26,edu_low,0.5010660980810234,0.5042194092827004
d26,edu_middle,0.32409381663113007,0.3227848101265823
d26,edu_high,0.017057569296375266,0.016877637130801686
d27,location_urban,1,1
d27,location_rural,0,0
d27,hh_size1,0.2602739726027397,0.2602739726027397
d27,hh_size2,0.6267123287671232,0.6232876712328768
d27,hh_size3,0.0684931506849315,0.07191780821917808
d27,hh_size4,0.04452054794520548,0.04452054794520548
d27,m_0_to_29,0.04271844660194175,0.040697674418604654
d27,f_0_to_29,0.06407766990291262,0.060077519379844964
d27,m_30_to_59,0.32815533980582523,0.3333333333333333
d27,f_30_to_59,0.3359223300970874,0.33527131782945735
d27,m_gt_60,0.1145631067961165,0.11434108527131782
d27,f_gt_60,0.1145631067961165,0.11627906976744186
d27,edu_non,0.09406952965235174,0.09406952965235174
d27,edu_low,0.3987730061349693,0.3946830265848671
d27,edu_middle,0.46830265848670755,0.4723926380368098
d27,edu_high,0.03885480572597137,0.03885480572597137
d28,location_urban,1,1
d28,location_rural,0,0
d28,hh_size1,0.27298850574712646,0.2745664739884393
d28,hh_size2,0.4224137931034483,0.42485549132947975
d28,hh_size3,0.05747126436781609,0.057803468208092484
d28,hh_size4,0.2471264367816092,0.24277456647398843
d28,m_0_to_29,0.15327102803738318,0.15384615384615385
d28,f_0_to_29,0.14018691588785046,0.14071294559099437
d28,m_30_to_59,0.3383177570093458,0.33771106941838647
d28,f_30_to_59,0.29345794392523367,0.2926829268292683
d28,m_gt_60,0.03925233644859813,0.039399624765478425
d28,f_gt_60,0.03551401869158879,0.03564727954971857
d28,edu_non,0.07216494845360824,0.07113821138211382
d28,edu_low,0.24329896907216494,0.24390243902439024
d28,edu_middle,0.5525773195876289,0.5548780487804879
d28,edu_high,0.13195876288659794,0.13008130081300814
d29,location_urban,0,0
d29,location_rural,1,1
d29,hh_size1,0.1791530944625407,0.17857142857142858
d29,hh_size2,0.5537459283387622,0.551948051948052
d29,hh_size3,0.09446254071661238,0.09415584415584416
d29,hh_size4,0.17263843648208468,0.17532467532467533
d29,m_0_to_29,0.05420560747663551,0.054104477611940295
d29,f_0_to_29,0.041121495327102804,0.041044776119402986
d29,m_30_to_59,0.28785046728971964,0.2873134328358209
d29,f_30_to_59,0.32897196261682243,0.3302238805970149
d29,m_gt_60,0.16261682242990655,0.1623134328358209
d29,f_gt_60,0.1252336448598131,0.125
d29,edu_non,0.12650602409638553,0.1254980079681275
d29,edu_low,0.536144578313253,0.5378486055776892
d29,edu_middle,0.3172690763052209,0.31673306772908366
d29,edu_high,0.020080321285140562,0.0199203187250996
d30,location_urban,0,0
d30,location_rural,1,1
d30,hh_size1,0.2485207100591716,0.2485207100591716
d30,hh_size2,0.5502958579881657,0.5532544378698225
d30,hh_size3,0.05917159763313609,0.05917159763313609
d30,hh_size4,0.14201183431952663,0.1390532544378698
d30,m_0_to_29,0.04609929078014184,0.04601769911504425
d30,f_0_to_29,0.040780141843971635,0.04070796460176991
d30,m_30_to_59,0.2765957446808511,0.2761061946902655
d30,f_30_to_59,0.30141843971631205,0.30265486725663715
d30,m_gt_60,0.18617021276595744,0.18584070796460178
d30,f_gt_60,0.14893617021276595,0.1486725663716814
d30,edu_non,0.13883677298311445,0.1393596986817326
d30,edu_low,0.5572232645403377,0.5555555555555556
d30,edu_middle,0.28893058161350843,0.2900188323917137
d30,edu_high,0.0150093808630394,0.015065913370998116
d31,location_urban,0,0
d31,location_rural,1,1
d31,hh_size1,0.21451104100946372,0.21316614420062696
d31,hh_size2,0.5899053627760252,0.5862068965517241
d31,hh_size3,0.07886435331230283,0.07836990595611286
d31,hh_size4,0.1167192429022082,0.12225705329153605
d31,m_0_to_29,0.05415162454873646,0.0539568345323741
d31,f_0_to_29,0.04332129963898917,0.04316546762589928
d31,m_30_to_59,0.2779783393501805,0.2787769784172662
d31,f_30_to_59,0.3249097472924188,0.3255395683453237
d31,m_gt_60,0.148014440433213,0.1474820143884892
d31,f_gt_60,0.15162454873646208,0.1510791366906475
d31,edu_non,0.11923076923076924,0.1180952380952381
d31,edu_low,0.5480769230769231,0.5485714285714286
d31,edu_middle,0.31153846153846154,0.31238095238095237
d31,edu_high,0.021153846153846155,0.02095238095238095
d32,location_urban,0,0
d32,location_rural,1,1
d32,hh_size1,0.1986970684039088,0.19934640522875818
d32,hh_size2,0.5407166123778502,0.5424836601307189
d32,hh_size3,0.09120521172638436,0.0915032679738562
d32,hh_size4,0.16938110749185667,0.16666666666666666
d32,m_0_to_29,0.04725897920604915,0.04734848484848485
d32,f_0_to_29,0.05671077504725898,0.056818181818181816
d32,m_30_to_59,0.31758034026465026,0.3181818181818182
d32,f_30_to_59,0.33081285444234404,0.32954545454545453
d32,m_gt_60,0.13799621928166353,0.13825757575757575
d32,f_gt_60,0.10964083175803403,0.10984848484848485
d32,edu_non,0.1390593047034765,0.13934426229508196
d32,edu_low,0.5010224948875256,0.4979508196721312
d32,edu_middle,0.3476482617586912,0.35040983606557374
d32,edu_high,0.012269938650306749,0.012295081967213115
d36,location_urban,0,0
d36,location_rural,1,1
d36,hh_size1,0.19692307692307692,0.19692307692307692
d36,hh_size2,0.5292307692307693,0.5292307692307693
d36,hh_size3,0.09846153846153846,0.09846153846153846
d36,hh_size4,0.1753846153846154,0.1753846153846154
d36,m_0_to_29,0.07130124777183601,0.07130124777183601
d36,f_0_to_29,0.0677361853832442,0.0677361853832442
d36,m_30_to_59,0.30303030303030304,0.30303030303030304
d36,f_30_to_59,0.32620320855614976,0.32620320855614976
d36,m_gt_60,0.11764705882352941,0.11764705882352941
d36,f_gt_60,0.1140819964349376,0.1140819964349376
d36,edu_non,0.1015625,0.10097087378640776
d36,edu_low,0.533203125,0.5320388349514563
d36,edu_middle,0.3359375,0.3378640776699029
d36,edu_high,0.029296875,0.02912621359223301
d33,location_urban,0,0
d33,location_rural,1,1
d33,hh_size1,0.21283783783783783,0.21212121212121213
d33,hh_size2,0.5945945945945946,0.5892255892255892
d33,hh_size3,0.06756756756756757,0.06734006734006734
d33,hh_size4,0.125,0.13131313131313133
d33,m_0_to_29,0.046875,0.046875
d33,f_0_to_29,0.046875,0.046875
d33,m_30_to_59,0.3359375,0.333984375
d33,f_30_to_59,0.275390625,0.275390625
d33,m_gt_60,0.169921875,0.171875
d33,f_gt_60,0.125,0.125
d33,edu_non,0.10602910602910603,0.10472279260780287
d33,edu_low,0.5509355509355509,0.5523613963039015
d33,edu_middle,0.3264033264033264,0.3264887063655031
d33,edu_high,0.016632016632016633,0.01642710472279261
d34,location_urban,0,0
d34,location_rural,1,1
d34,hh_size1,0.1832797427652733,0.1832797427652733
d34,hh_size2,0.5755627009646302,0.572347266881029
d34,hh_size3,0.07395498392282958,0.07395498392282958
d34,hh_size4,0.16720257234726688,0.17041800643086816
d34,m_0_to_29,0.033582089552238806,0.03364485981308411
d34,f_0_to_29,0.055970149253731345,0.056074766355140186
d34,m_30_to_59,0.31902985074626866,0.3177570093457944
d34,f_30_to_59,0.3208955223880597,0.32149532710280376
d34,m_gt_60,0.13992537313432835,0.14018691588785046
d34,f_gt_60,0.13059701492537312,0.1308411214953271
d34,edu_non,0.15643564356435644,0.15863453815261044
d34,edu_low,0.5108910891089109,0.5080321285140562
d34,edu_middle,0.3108910891089109,0.3112449799196787
d34,edu_high,0.02178217821782178,0.02208835341365462
d35,location_urban,0,0
d35,location_rural,1,1
d35,hh_size1,0.19141914191419143,0.19269102990033224
d35,hh_size2,0.6303630363036303,0.6345514950166113
d35,hh_size3,0.0627062706270627,0.06312292358803986
d35,hh_size4,0.11551155115511551,0.10963455149501661
d35,m_0_to_29,0.03383458646616541,0.033962264150943396
d35,f_0_to_29,0.05075187969924812,0.0509433962264151
d35,m_30_to_59,0.29135338345864664,0.29245283018867924
d35,f_30_to_59,0.33646616541353386,0.3339622641509434
d35,m_gt_60,0.14661654135338345,0.1471698113207547
d35,f_gt_60,0.14097744360902256,0.14150943396226415
d35,edu_non,0.12079207920792079,0.12127236580516898
d35,edu_low,0.5168316831683168,0.5149105367793241
d35,edu_middle,0.3306930693069307,0.3320079522862823
d35,edu_high,0.031683168316831684,0.03180914512922465
d38,location_urban,0,0
d38,location_rural,1,1
d38,hh_size1,0.23548387096774193,0.23548387096774193
d38,hh_size2,0.5483870967741935,0.5516129032258065
d38,hh_size3,0.05806451612903226,0.05806451612903226
d38,hh_size4,0.15806451612903225,0.15483870967741936
d38,m_0_to_29,0.05232558139534884,0.05222437137330754
d38,f_0_to_29,0.04844961240310078,0.048355899419729204
d38,m_30_to_59,0.313953488372093,0.3152804642166344
d38,f_30_to_59,0.313953488372093,0.31334622823984526
d38,m_gt_60,0.1434108527131783,0.14313346228239845
d38,f_gt_60,0.12790697674418605,0.1276595744680851
d38,edu_non,0.12114989733059549,0.12114989733059549
d38,edu_low,0.5605749486652978,0.5605749486652978
d38,edu_middle,0.29568788501026694,0.29568788501026694
d38,edu_high,0.022587268993839837,0.022587268993839837
d37,location_urban,1,1
d37,location_rural,0,0
d37,hh_size1,0.19322033898305085,0.19387755102040816
d37,hh_size2,0.6372881355932203,0.6326530612244898
d37,hh_size3,0.06440677966101695,0.07142857142857142
d37,hh_size4,0.10508474576271186,0.10204081632653061
d37,m_0_to_29,0.05182341650671785,0.04789272030651341
d37,f_0_to_29,0.036468330134357005,0.03639846743295019
d37,m_30_to_59,0.3416506717850288,0.34099616858237547
d37,f_30_to_59,0.3435700575815739,0.34674329501915707
d37,m_gt_60,0.13051823416506717,0.13218390804597702
d37,f_gt_60,0.09596928982725528,0.09578544061302682
d37,edu_non,0.06854838709677419,0.06882591093117409
d37,edu_low,0.41330645161290325,0.4149797570850202
d37,edu_middle,0.4717741935483871,0.46963562753036436
d37,edu_high,0.046370967741935484,0.0465587044534413
d39,location_urban,0,0
d39,location_rural,1,1
d39,hh_size1,0.20245398773006135,0.20245398773006135
d39,hh_size2,0.48773006134969327,0.49079754601226994
d39,hh_size3,0.06134969325153374,0.06134969325153374
d39,hh_size4,0.24846625766871167,0.24539877300613497
d39,m_0_to_29,0.06476190476190476,0.06463878326996197
d39,f_0_to_29,0.05333333333333334,0.053231939163498096
d39,m_30_to_59,0.2876190476190476,0.2870722433460076
d39,f_30_to_59,0.29904761904761906,0.30038022813688214
d39,m_gt_60,0.15428571428571428,0.15399239543726237
d39,f_gt_60,0.14095238095238094,0.14068441064638784
d39,edu_non,0.10082304526748971,0.1
d39,edu_low,0.5370370370370371,0.5387755102040817
d39,edu_middle,0.3395061728395062,0.33877551020408164
d39,edu_high,0.02263374485596708,0.022448979591836733
d41,location_urban,0,0
d41,location_rural,1,1
d41,hh_size1,0.190625,0.19003115264797507
d41,hh_size2,0.528125,0.5264797507788161
d41,hh_size3,0.06875,0.06853582554517133
d41,hh_size4,0.2125,0.21495327102803738
d41,m_0_to_29,0.05628517823639775,0.056179775280898875
d41,f_0_to_29,0.058161350844277676,0.05805243445692884
d41,m_30_to_59,0.300187617260788,0.299625468164794
d41,f_30_to_59,0.3133208255159475,0.3146067415730337
d41,m_gt_60,0.1275797373358349,0.12734082397003746
d41,f_gt_60,0.14446529080675422,0.1441947565543071
d41,edu_non,0.12040816326530612,0.11967545638945233
d41,edu_low,0.5265306122448979,0.5273833671399595
d41,edu_middle,0.32653061224489793,0.3265720081135903
d41,edu_high,0.026530612244897958,0.02636916835699797
d42,location_urban,0,0
d42,location_rural,1,1
d42,hh_size1,0.22686567164179106,0.22686567164179106
d42,hh_size2,0.5194029850746269,0.5194029850746269
d42,hh_size3,0.050746268656716415,0.050746268656716415
d42,hh_size4,0.20298507462686566,0.20298507462686566
d42,m_0_to_29,0.0847145488029466,0.0847145488029466
d42,f_0_to_29,0.053406998158379376,0.053406998158379376
d42,m_30_to_59,0.2596685082872928,0.2596685082872928
d42,f_30_to_59,0.30386740331491713,0.30386740331491713
d42,m_gt_60,0.13812154696132597,0.13812154696132597
d42,f_gt_60,0.16022099447513813,0.16022099447513813
d42,edu_non,0.11904761904761904,0.12072434607645875
d42,edu_low,0.5138888888888888,0.5130784708249497
d42,edu_middle,0.3333333333333333,0.3319919517102616
d42,edu_high,0.03373015873015873,0.03420523138832998
d40,location_urban,0,0
d40,location_rural,1,1
d40,hh_size1,0.23550724637681159,0.23465703971119134
d40,hh_size2,0.5398550724637681,0.5379061371841155
d40,hh_size3,0.07608695652173914,0.07581227436823104
d40,hh_size4,0.14855072463768115,0.15162454873646208
d40,m_0_to_29,0.057815845824411134,0.057692307692307696
d40,f_0_to_29,0.03854389721627409,0.038461538461538464
d40,m_30_to_59,0.3297644539614561,0.3311965811965812
d40,f_30_to_59,0.3083511777301927,0.3076923076923077
d40,m_gt_60,0.10920770877944326,0.10897435897435898
d40,f_gt_60,0.15631691648822268,0.15598290598290598
d40,edu_non,0.10114942528735632,0.09932279909706546
d40,edu_low,0.5126436781609195,0.5146726862302483
d40,edu_middle,0.3632183908045977,0.36343115124153497
d40,edu_high,0.022988505747126436,0.022573363431151242
d43,location_urban,0,0
d43,location_rural,1,1
d43,hh_size1,0.1780821917808219,0.17747440273037543
d43,hh_size2,0.613013698630137,0.6075085324232082
d43,hh_size3,0.07534246575342465,0.07508532423208192
d43,hh_size4,0.13356164383561644,0.13993174061433447
d43,m_0_to_29,0.027184466019417475,0.027184466019417475
d43,f_0_to_29,0.05048543689320388,0.05048543689320388
d43,m_30_to_59,0.32038834951456313,0.31844660194174756
d43,f_30_to_59,0.2912621359223301,0.29320388349514565
d43,m_gt_60,0.1145631067961165,0.1145631067961165
d43,f_gt_60,0.19611650485436893,0.19611650485436893
d43,edu_non,0.13131313131313133,0.13238289205702647
d43,edu_low,0.5414141414141415,0.539714867617108
d43,edu_middle,0.30707070707070705,0.3075356415478615
d43,edu_high,0.020202020202020204,0.020366598778004074
d49,location_urban,1,1
d49,location_rural,0,0
d49,hh_size1,0.21710526315789475,0.21782178217821782
d49,hh_size2,0.5953947368421053,0.5973597359735974
d49,hh_size3,0.039473684210526314,0.039603960396039604
d49,hh_size4,0.14802631578947367,0.14521452145214522
d49,m_0_to_29,0.07269155206286837,0.07283464566929133
d49,f_0_to_29,0.05108055009823183,0.051181102362204724
d49,m_30_to_59,0.29862475442043224,0.297244094488189
d49,f_30_to_59,0.32220039292730845,0.3228346456692913
d49,m_gt_60,0.1237721021611002,0.12401574803149606
d49,f_gt_60,0.13163064833005894,0.13188976377952755
d49,edu_non,0.07422680412371134,0.07531380753138076
d49,edu_low,0.3917525773195876,0.39330543933054396
d49,edu_middle,0.4948453608247423,0.4916317991631799
d49,edu_high,0.03917525773195876,0.0397489539748954
d53,location_urban,0,0
d53,location_rural,1,1
d53,hh_size1,0.20535714285714285,0.20474777448071216
d53,hh_size2,0.5416666666666666,0.543026706231454
d53,hh_size3,0.06547619047619048,0.06528189910979229
d53,hh_size4,0.1875,0.18694362017804153
d53,m_0_to_29,0.05871886120996441,0.05851063829787234
d53,f_0_to_29,0.051601423487544484,0.051418439716312055
d53,m_30_to_59,0.2722419928825623,0.2712765957446808
d53,f_30_to_59,0.297153024911032,0.2978723404255319
d53,m_gt_60,0.14056939501779359,0.1400709219858156
d53,f_gt_60,0.1797153024911032,0.18085106382978725
d53,edu_non,0.11663479923518165,0.1157495256166983
d53,edu_low,0.5468451242829828,0.5483870967741935
d53,edu_middle,0.3173996175908222,0.31688804554079697
d53,edu_high,0.019120458891013385,0.018975332068311195
d51,location_urban,0,0
d51,location_rural,1,1
d51,hh_size1,0.20760233918128654,0.20760233918128654
d51,hh_size2,0.5497076023391813,0.5526315789473685
d51,hh_size3,0.06725146198830409,0.06725146198830409
d51,hh_size4,0.17543859649122806,0.17251461988304093
d51,m_0_to_29,0.046875,0.04679376083188908
d51,f_0_to_29,0.05555555555555555,0.05545927209705372
d51,m_30_to_59,0.3177083333333333,0.317157712305026
d51,f_30_to_59,0.296875,0.29809358752166376
d51,m_gt_60,0.13541666666666666,0.13518197573656845
d51,f_gt_60,0.14756944444444445,0.14731369150779897
d51,edu_non,0.11152416356877323,0.11194029850746269
d51,edu_low,0.5223048327137546,0.5223880597014925
d51,edu_middle,0.34386617100371747,0.34328358208955223
d51,edu_high,0.022304832713754646,0.022388059701492536
d52,location_urban,0,0
d52,location_rural,1,1
d52,hh_size1,0.1396103896103896,0.13870967741935483
d52,hh_size2,0.5324675324675324,0.532258064516129
d52,hh_size3,0.07467532467532467,0.07419354838709677
d52,hh_size4,0.2532467532467532,0.25483870967741934
d52,m_0_to_29,0.052123552123552123,0.05182341650671785
d52,f_0_to_29,0.0637065637065637,0.06333973128598848
d52,m_30_to_59,0.305019305019305,0.30518234165067176
d52,f_30_to_59,0.2876447876447876,0.28790786948176583
d52,m_gt_60,0.15444015444015444,0.15355086372360843
d52,f_gt_60,0.13706563706563707,0.1381957773512476
d52,edu_non,0.1407563025210084,0.1392931392931393
d52,edu_low,0.5168067226890757,0.5197505197505198
d52,edu_middle,0.31932773109243695,0.3180873180873181
d52,edu_high,0.023109243697478993,0.02286902286902287
d54,location_urban,0,0
d54,location_rural,1,1
d54,hh_size1,0.19594594594594594,0.19798657718120805
d54,hh_size2,0.5067567567567568,0.5033557046979866
d54,hh_size3,0.09121621621621621,0.09060402684563758
d54,hh_size4,0.20608108108108109,0.2080536912751678
d54,m_0_to_29,0.054,0.053784860557768925
d54,f_0_to_29,0.058,0.05776892430278884
d54,m_30_to_59,0.292,0.29282868525896416
d54,f_30_to_59,0.312,0.31274900398406374
d54,m_gt_60,0.14,0.1394422310756972
d54,f_gt_60,0.144,0.14342629482071714
d54,edu_non,0.11827956989247312,0.11702127659574468
d54,edu_low,0.5032258064516129,0.5042553191489362
d54,edu_middle,0.36989247311827955,0.3702127659574468
d54,edu_high,0.008602150537634409,0.00851063829787234
d55,location_urban,0,0
d55,location_rural,1,1
d55,hh_size1,0.2711864406779661,0.2702702702702703
d55,hh_size2,0.5796610169491525,0.5777027027027027
d55,hh_size3,0.09152542372881356,0.09121621621621621
d55,hh_size4,0.0576271186440678,0.060810810810810814
d55,m_0_to_29,0.032692307692307694,0.03262955854126679
d55,f_0_to_29,0.057692307692307696,0.05758157389635317
d55,m_30_to_59,0.27692307692307694,0.2763915547024952
d55,f_30_to_59,0.3403846153846154,0.3416506717850288
d55,m_gt_60,0.15,0.14971209213051823
d55,f_gt_60,0.1423076923076923,0.1420345489443378
d55,edu_non,0.11812627291242363,0.11670020120724346
d55,edu_low,0.5417515274949084,0.545271629778672
d55,edu_middle,0.3136456211812627,0.3118712273641851
d55,edu_high,0.026476578411405296,0.026156941649899398
d47,location_urban,1,1
d47,location_rural,0,0
d47,hh_size1,0.2560240963855422,0.2537764350453172
d47,hh_size2,0.5813253012048193,0.5861027190332326
d47,hh_size3,0.04216867469879518,0.04229607250755287
d47,hh_size4,0.12048192771084337,0.11782477341389729
d47,m_0_to_29,0.06871609403254973,0.06871609403254973
d47,f_0_to_29,0.04701627486437613,0.04701627486437613
d47,m_30_to_59,0.3074141048824593,0.3092224231464738
d47,f_30_to_59,0.35985533453887886,0.35804701627486435
d47,m_gt_60,0.10849909584086799,0.10849909584086799
d47,f_gt_60,0.10849909584086799,0.10849909584086799
d47,edu_non,0.08969465648854962,0.09090909090909091
d47,edu_low,0.4026717557251908,0.40038684719535783
d47,edu_middle,0.45038167938931295,0.4506769825918762
d47,edu_high,0.05725190839694656,0.058027079303675046
d46,location_urban,0,0
d46,location_rural,1,1
d46,hh_size1,0.2326283987915408,0.23123123123123124
d46,hh_size2,0.5498489425981873,0.5465465465465466
d46,hh_size3,0.05740181268882175,0.057057057057057055
d46,hh_size4,0.16012084592145015,0.16516516516516516
d46,m_0_to_29,0.0544464609800363,0.054249547920433995
d46,f_0_to_29,0.050816696914700546,0.05063291139240506
d46,m_30_to_59,0.294010889292196,0.29475587703435807
d46,f_30_to_59,0.29038112522686027,0.2911392405063291
d46,m_gt_60,0.17604355716878403,0.17540687160940324
d46,f_gt_60,0.13430127041742287,0.13381555153707053
d46,edu_non,0.11346153846153846,0.1138996138996139
d46,edu_low,0.5673076923076923,0.5656370656370656
d46,edu_middle,0.29423076923076924,0.2953667953667954
d46,edu_high,0.025,0.025096525096525095
d44,location_urban,0,0
d44,location_rural,1,1
d44,hh_size1,0.21364985163204747,0.21238938053097345
d44,hh_size2,0.5400593471810089,0.5368731563421829
d44,hh_size3,0.06231454005934718,0.061946902654867256
d44,hh_size4,0.18397626112759644,0.1887905604719764
d44,m_0_to_29,0.0481283422459893,0.047957371225577264
d44,f_0_to_29,0.05169340463458111,0.05150976909413854
d44,m_30_to_59,0.3493761140819964,0.34991119005328597
d44,f_30_to_59,0.30303030303030304,0.3037300177619893
d44,m_gt_60,0.14260249554367202,0.14209591474245115
d44,f_gt_60,0.1051693404634581,0.10479573712255773
d44,edu_non,0.10576923076923077,0.1049618320610687
d44,edu_low,0.5269230769230769,0.5286259541984732
d44,edu_middle,0.34615384615384615,0.34541984732824427
d44,edu_high,0.021153846153846155,0.02099236641221374
d63,location_urban,1,1
d63,location_rural,0,0
d63,hh_size1,0.2508038585209003,0.24838709677419354
d63,hh_size2,0.5787781350482315,0.5838709677419355
d63,hh_size3,0.0707395498392283,0.07096774193548387
d63,hh_size4,0.09967845659163987,0.0967741935483871
d63,m_0_to_29,0.0616822429906542,0.0616822429906542
d63,f_0_to_29,0.037383177570093455,0.037383177570093455
d63,m_30_to_59,0.30654205607476637,0.30467289719626167
d63,f_30_to_59,0.3177570093457944,0.31962616822429907
d63,m_gt_60,0.14579439252336449,0.14579439252336449
d63,f_gt_60,0.1308411214953271,0.1308411214953271
d63,edu_non,0.0703125,0.07128712871287128
d63,edu_low,0.4140625,0.41188118811881186
d63,edu_middle,0.466796875,0.46732673267326735
d63,edu_high,0.048828125,0.04950495049504951
d61,location_urban,0,0
d61,location_rural,1,1
d61,hh_size1,0.1941747572815534,0.1967741935483871
d61,hh_size2,0.517799352750809,0.5193548387096775
d61,hh_size3,0.0744336569579288,0.07419354838709677
d61,hh_size4,0.21359223300970873,0.20967741935483872
d61,m_0_to_29,0.04854368932038835,0.048355899419729204
d61,f_0_to_29,0.06601941747572816,0.06576402321083172
d61,m_30_to_59,0.32815533980582523,0.3288201160541586
d61,f_30_to_59,0.2970873786407767,0.2978723404255319
d61,m_gt_60,0.13203883495145632,0.13152804642166344
d61,f_gt_60,0.12815533980582525,0.1276595744680851
d61,edu_non,0.12869198312236288,0.12655601659751037
d61,edu_low,0.5358649789029536,0.5394190871369294
d61,edu_middle,0.3143459915611814,0.3132780082987552
d61,edu_high,0.02109704641350211,0.02074688796680498
d62,location_urban,0,0
d62,location_rural,1,1
d62,hh_size1,0.23355263157894737,0.23202614379084968
d62,hh_size2,0.5855263157894737,0.5816993464052288
d62,hh_size3,0.05592105263157895,0.05555555555555555
d62,hh_size4,0.125,0.13071895424836602
d62,m_0_to_29,0.044573643410852716,0.0444015444015444
d62,f_0_to_29,0.03875968992248062,0.03861003861003861
d62,m_30_to_59,0.3643410852713178,0.36486486486486486
d62,f_30_to_59,0.2868217054263566,0.2876447876447876
d62,m_gt_60,0.1375968992248062,0.13706563706563707
d62,f_gt_60,0.12790697674418605,0.1274131274131274
d62,edu_non,0.1214574898785425,0.12320328542094455
d62,edu_low,0.5566801619433198,0.5544147843942505
d62,edu_middle,0.305668016194332,0.3059548254620123
d62,edu_high,0.016194331983805668,0.01642710472279261
d50,location_urban,0,0
d50,location_rural,1,1
d50,hh_size1,0.20245398773006135,0.2018348623853211
d50,hh_size2,0.5429447852760736,0.5443425076452599
d50,hh_size3,0.0705521472392638,0.07033639143730887
d50,hh_size4,0.18404907975460122,0.1834862385321101
d50,m_0_to_29,0.07103825136612021,0.07078039927404718
d50,f_0_to_29,0.04735883424408015,0.047186932849364795
d50,m_30_to_59,0.273224043715847,0.27404718693284935
d50,f_30_to_59,0.3242258652094718,0.3248638838475499
d50,m_gt_60,0.14389799635701275,0.14337568058076225
d50,f_gt_60,0.14025500910746813,0.1397459165154265
d50,edu_non,0.10588235294117647,0.10505836575875487
d50,edu_low,0.5529411764705883,0.5544747081712063
d50,edu_middle,0.3215686274509804,0.321011673151751
d50,edu_high,0.0196078431372549,0.019455252918287938
d56,location_urban,0,0
d56,location_rural,1,1
d56,hh_size1,0.21316614420062696,0.2138364779874214
d56,hh_size2,0.5391849529780565,0.5440251572327044
d56,hh_size3,0.06269592476489028,0.06289308176100629
d56,hh_size4,0.18495297805642633,0.1792452830188679
d56,m_0_to_29,0.03954802259887006,0.03954802259887006
d56,f_0_to_29,0.062146892655367235,0.062146892655367235
d56,m_30_to_59,0.2617702448210923,0.263653483992467
d56,f_30_to_59,0.3220338983050847,0.32015065913371
d56,m_gt_60,0.1694915254237288,0.1694915254237288
d56,f_gt_60,0.14500941619585686,0.14500941619585686
d56,edu_non,0.10707070707070707,0.106
d56,edu_low,0.5737373737373738,0.576
d56,edu_middle,0.301010101010101,0.3
d56,edu_high,0.01818181818181818,0.018
d58,location_urban,0,0
d58,location_rural,1,1
d58,hh_size1,0.22392638036809817,0.22699386503067484
d58,hh_size2,0.5398773006134969,0.5398773006134969
d58,hh_size3,0.06134969325153374,0.06134969325153374
d58,hh_size4,0.17484662576687116,0.17177914110429449
d58,m_0_to_29,0.05904059040590406,0.05904059040590406
d58,f_0_to_29,0.04981549815498155,0.04981549815498155
d58,m_30_to_59,0.2878228782287823,0.2878228782287823
d58,f_30_to_59,0.34317343173431736,0.34317343173431736
d58,m_gt_60,0.13099630996309963,0.13099630996309963
d58,f_gt_60,0.12915129151291513,0.12915129151291513
d58,edu_non,0.12648221343873517,0.12427184466019417
d58,edu_low,0.5375494071146245,0.541747572815534
d58,edu_middle,0.3221343873517787,0.32038834951456313
d58,edu_high,0.01383399209486166,0.013592233009708738
d57,location_urban,0,0
d57,location_rural,1,1
d57,hh_size1,0.15789473684210525,0.15789473684210525
d57,hh_size2,0.543859649122807,0.5497076023391813
d57,hh_size3,0.05263157894736842,0.05263157894736842
d57,hh_size4,0.24561403508771928,0.23976608187134502
d57,m_0_to_29,0.06205673758865248,0.061837455830388695
d57,f_0_to_29,0.05319148936170213,0.053003533568904596
d57,m_30_to_59,0.2854609929078014,0.2862190812720848
d57,f_30_to_59,0.3049645390070922,0.30565371024734983
d57,m_gt_60,0.15780141843971632,0.15724381625441697
d57,f_gt_60,0.13652482269503546,0.13604240282685512
d57,edu_non,0.11089866156787763,0.11005692599620494
d57,edu_low,0.5812619502868069,0.5806451612903226
d57,edu_middle,0.28680688336520077,0.2884250474383302
d57,edu_high,0.021032504780114723,0.020872865275142316
d45,location_urban,1,1
d45,location_rural,0,0
d45,hh_size1,0.26126126126126126,0.25825825825825827
d45,hh_size2,0.5705705705705706,0.5705705705705706
d45,hh_size3,0.036036036036036036,0.036036036036036036
d45,hh_size4,0.13213213213213212,0.13513513513513514
d45,m_0_to_29,0.04936014625228519,0.04936014625228519
d45,f_0_to_29,0.051188299817184646,0.051188299817184646
d45,m_30_to_59,0.3546617915904936,0.3546617915904936
d45,f_30_to_59,0.2979890310786106,0.2979890310786106
d45,m_gt_60,0.11517367458866545,0.11517367458866545
d45,f_gt_60,0.1316270566727605,0.1316270566727605
d45,edu_non,0.08097928436911488,0.08349514563106795
d45,edu_low,0.3672316384180791,0.37087378640776697
d45,edu_middle,0.5084745762711864,0.5009708737864078
d45,edu_high,0.04331450094161959,0.04466019417475728
d64,location_urban,1,1
d64,location_rural,0,0
d64,hh_size1,0.21753246753246752,0.2161290322580645
d64,hh_size2,0.5876623376623377,0.5870967741935483
d64,hh_size3,0.05519480519480519,0.054838709677419356
d64,hh_size4,0.1396103896103896,0.14193548387096774
d64,m_0_to_29,0.05736137667304015,0.057034220532319393
d64,f_0_to_29,0.07648183556405354,0.07604562737642585
d64,m_30_to_59,0.31166347992351817,0.30988593155893535
d64,f_30_to_59,0.3078393881453155,0.311787072243346
d64,m_gt_60,0.12810707456978968,0.12737642585551331
d64,f_gt_60,0.11854684512428298,0.11787072243346007
d64,edu_non,0.09879032258064516,0.10040983606557377
d64,edu_low,0.3810483870967742,0.3790983606557377
d64,edu_middle,0.45564516129032256,0.45491803278688525
d64,edu_high,0.06451612903225806,0.06557377049180328
d48,location_urban,0,0
d48,location_rural,1,1
d48,hh_size1,0.18404907975460122,0.1834862385321101
d48,hh_size2,0.5521472392638037,0.5504587155963303
d48,hh_size3,0.06134969325153374,0.06116207951070336
d48,hh_size4,0.20245398773006135,0.20489296636085627
d48,m_0_to_29,0.056776556776556776,0.056672760511883
d48,f_0_to_29,0.05311355311355311,0.05301645338208409
d48,m_30_to_59,0.304029304029304,0.30347349177330896
d48,f_30_to_59,0.31684981684981683,0.3180987202925046
d48,m_gt_60,0.1282051282051282,0.12797074954296161
d48,f_gt_60,0.14102564102564102,0.14076782449725778
d48,edu_non,0.11984282907662082,0.11937377690802348
d48,edu_low,0.5147347740667977,0.5146771037181996
d48,edu_middle,0.32612966601178783,0.3268101761252446
d48,edu_high,0.03929273084479371,0.03913894324853229
d59,location_urban,0,0
d59,location_rural,1,1
d59,hh_size1,0.1887905604719764,0.187683284457478
d59,hh_size2,0.5191740412979351,0.5161290322580645
d59,hh_size3,0.061946902654867256,0.06158357771260997
d59,hh_size4,0.23008849557522124,0.23460410557184752
d59,m_0_to_29,0.059245960502693,0.059033989266547404
d59,f_0_to_29,0.05565529622980251,0.055456171735241505
d59,m_30_to_59,0.3267504488330341,0.32737030411449014
d59,f_30_to_59,0.29084380610412924,0.29159212880143115
d59,m_gt_60,0.1310592459605027,0.13059033989266547
d59,f_gt_60,0.13644524236983843,0.13595706618962433
d59,edu_non,0.11411992263056092,0.1145631067961165
d59,edu_low,0.5802707930367504,0.5805825242718446
d59,edu_middle,0.28239845261121854,0.2815533980582524
d59,edu_high,0.02321083172147002,0.02330097087378641
d66,location_urban,0,0
d66,location_rural,1,1
d66,hh_size1,0.19626168224299065,0.1956521739130435
d66,hh_size2,0.5077881619937694,0.5062111801242236
d66,hh_size3,0.07476635514018691,0.07453416149068323
d66,hh_size4,0.22118380062305296,0.2236024844720497
d66,m_0_to_29,0.05263157894736842,0.054409005628517824
d66,f_0_to_29,0.06766917293233082,0.0675422138836773
d66,m_30_to_59,0.31203007518796994,0.31144465290806755
d66,f_30_to_59,0.3082706766917293,0.3076923076923077
d66,m_gt_60,0.12781954887218044,0.1275797373358349
d66,f_gt_60,0.13157894736842105,0.13133208255159476
d66,edu_non,0.1273100616016427,0.12525252525252525
d66,edu_low,0.5256673511293635,0.5272727272727272
d66,edu_middle,0.32238193018480493,0.32323232323232326
d66,edu_high,0.024640657084188913,0.024242424242424242
d68,location_urban,1,1
d68,location_rural,0,0
d68,hh_size1,0.2469879518072289,0.24924924924924924
d68,hh_size2,0.40963855421686746,0.4084084084084084
d68,hh_size3,0.06325301204819277,0.06306306306306306
d68,hh_size4,0.28012048192771083,0.27927927927927926
d68,m_0_to_29,0.12745098039215685,0.12720156555772993
d68,f_0_to_29,0.15098039215686274,0.15264187866927592
d68,m_30_to_59,0.3,0.299412915851272
d68,f_30_to_59,0.32941176470588235,0.3287671232876712
d68,m_gt_60,0.049019607843137254,0.04892367906066536
d68,f_gt_60,0.043137254901960784,0.043052837573385516
d68,edu_non,0.07096774193548387,0.06875
d68,edu_low,0.24516129032258063,0.24166666666666667
d68,edu_middle,0.5634408602150538,0.5729166666666666
d68,edu_high,0.12043010752688173,0.11666666666666667
d67,location_urban,0,0
d67,location_rural,1,1
d67,hh_size1,0.19471947194719472,0.19536423841059603
d67,hh_size2,0.5643564356435643,0.5695364238410596
d67,hh_size3,0.056105610561056105,0.056291390728476824
d67,hh_size4,0.1848184818481848,0.17880794701986755
d67,m_0_to_29,0.06496062992125984,0.06496062992125984
d67,f_0_to_29,0.03740157480314961,0.03740157480314961
d67,m_30_to_59,0.2795275590551181,0.2795275590551181
d67,f_30_to_59,0.3090551181102362,0.3090551181102362
d67,m_gt_60,0.1673228346456693,0.1673228346456693
d67,f_gt_60,0.14173228346456693,0.14173228346456693
d67,edu_non,0.14437367303609341,0.1431578947368421
d67,edu_low,0.49469214437367304,0.4968421052631579
d67,edu_middle,0.346072186836518,0.3452631578947368
d67,edu_high,0.014861995753715499,0.014736842105263158
d70,location_urban,1,1
d70,location_rural,0,0
d70,hh_size1,0.2434017595307918,0.2434017595307918
d70,hh_size2,0.41935483870967744,0.41935483870967744
d70,hh_size3,0.0967741935483871,0.0967741935483871
d70,hh_size4,0.2404692082111437,0.2404692082111437
d70,m_0_to_29,0.15636363636363637,0.15818181818181817
d70,f_0_to_29,0.17272727272727273,0.17272727272727273
d70,m_30_to_59,0.30363636363636365,0.3018181818181818
d70,f_30_to_59,0.2727272727272727,0.2727272727272727
d70,m_gt_60,0.06545454545454546,0.06545454545454546
d70,f_gt_60,0.02909090909090909,0.02909090909090909
d70,edu_non,0.07024793388429752,0.06813627254509018
d70,edu_low,0.21074380165289255,0.21042084168336672
d70,edu_middle,0.6012396694214877,0.6072144288577155
d70,edu_high,0.11776859504132231,0.11422845691382766
d72,location_urban,0,0
d72,location_rural,1,1
d72,hh_size1,0.2113095238095238,0.21194029850746268
d72,hh_size2,0.5773809523809523,0.582089552238806
d72,hh_size3,0.05357142857142857,0.05373134328358209
d72,hh_size4,0.15773809523809523,0.15223880597014924
d72,m_0_to_29,0.0636042402826855,0.0636042402826855
d72,f_0_to_29,0.0353356890459364,0.0353356890459364
d72,m_30_to_59,0.2791519434628975,0.2791519434628975
d72,f_30_to_59,0.30212014134275617,0.30212014134275617
d72,m_gt_60,0.1519434628975265,0.1519434628975265
d72,f_gt_60,0.16784452296819788,0.16784452296819788
d72,edu_non,0.12641509433962264,0.125
d72,edu_low,0.5490566037735849,0.5541044776119403
d72,edu_middle,0.3018867924528302,0.29850746268656714
d72,edu_high,0.022641509433962263,0.022388059701492536
d75,location_urban,0,0
d75,location_rural,1,1
d75,hh_size1,0.17142857142857143,0.17142857142857143
d75,hh_size2,0.5428571428571428,0.5428571428571428
d75,hh_size3,0.05396825396825397,0.05396825396825397
d75,hh_size4,0.23174603174603176,0.23174603174603176
d75,m_0_to_29,0.03461538461538462,0.03461538461538462
d75,f_0_to_29,0.023076923076923078,0.023076923076923078
d75,m_30_to_59,0.3230769230769231,0.3230769230769231
d75,f_30_to_59,0.34423076923076923,0.34423076923076923
d75,m_gt_60,0.13076923076923078,0.13076923076923078
d75,f_gt_60,0.14423076923076922,0.14423076923076922
d75,edu_non,0.11623246492985972,0.11530815109343936
d75,edu_low,0.5390781563126252,0.5407554671968191
d75,edu_middle,0.3166332665330661,0.31610337972166996
d75,edu_high,0.028056112224448898,0.027833001988071572
d77,location_urban,0,0
d77,location_rural,1,1
d77,hh_size1,0.18006430868167203,0.18064516129032257
d77,hh_size2,0.5659163987138264,0.5709677419354838
d77,hh_size3,0.05787781350482315,0.05806451612903226
d77,hh_size4,0.19614147909967847,0.19032258064516128
d77,m_0_to_29,0.0497131931166348,0.0497131931166348
d77,f_0_to_29,0.06500956022944551,0.06500956022944551
d77,m_30_to_59,0.30019120458891013,0.30019120458891013
d77,f_30_to_59,0.2944550669216061,0.2944550669216061
d77,m_gt_60,0.14149139579349904,0.14149139579349904
d77,f_gt_60,0.1491395793499044,0.1491395793499044
d77,edu_non,0.129979035639413,0.128099173553719
d77,edu_low,0.5303983228511531,0.5330578512396694
d77,edu_middle,0.3165618448637317,0.31611570247933884
d77,edu_high,0.023060796645702306,0.022727272727272728
d78,location_urban,0,0
d78,location_rural,1,1
d78,hh_size1,0.18811881188118812,0.1875
d78,hh_size2,0.5544554455445545,0.555921052631579
d78,hh_size3,0.0627062706270627,0.0625
d78,hh_size4,0.19471947194719472,0.19407894736842105
d78,m_0_to_29,0.029469548133595286,0.029354207436399216
d78,f_0_to_29,0.04518664047151277,0.04500978473581213
d78,m_30_to_59,0.32023575638506874,0.32093933463796476
d78,f_30_to_59,0.2770137524557957,0.27788649706457924
d78,m_gt_60,0.1787819253438114,0.1780821917808219
d78,f_gt_60,0.14931237721021612,0.1487279843444227
d78,edu_non,0.1487603305785124,0.14937759336099585
d78,edu_low,0.5082644628099173,0.508298755186722
d78,edu_middle,0.3181818181818182,0.31742738589211617
d78,edu_high,0.024793388429752067,0.024896265560165973
d76,location_urban,1,1
d76,location_rural,0,0
d76,hh_size1,0.20972644376899696,0.20606060606060606
d76,hh_size2,0.5227963525835866,0.5212121212121212
d76,hh_size3,0.04559270516717325,0.045454545454545456
d76,hh_size4,0.22188449848024316,0.22727272727272727
d76,m_0_to_29,0.07721280602636535,0.07706766917293233
d76,f_0_to_29,0.06779661016949153,0.06766917293233082
d76,m_30_to_59,0.3050847457627119,0.30451127819548873
d76,f_30_to_59,0.3239171374764595,0.325187969924812
d76,m_gt_60,0.11487758945386065,0.11466165413533834
d76,f_gt_60,0.1111111111111111,0.11090225563909774
d76,edu_non,0.06048387096774194,0.06224066390041494
d76,edu_low,0.3810483870967742,0.3817427385892116
d76,edu_middle,0.5020161290322581,0.4979253112033195
d76,edu_high,0.056451612903225805,0.058091286307053944
d79,location_urban,1,1
d79,location_rural,0,0
d79,hh_size1,0.24920127795527156,0.25
d79,hh_size2,0.5463258785942492,0.5480769230769231
d79,hh_size3,0.054313099041533544,0.05448717948717949
d79,hh_size4,0.1501597444089457,0.14743589743589744
d79,m_0_to_29,0.06563706563706563,0.06576402321083172
d79,f_0_to_29,0.06177606177606178,0.061895551257253385
d79,m_30_to_59,0.3223938223938224,0.32108317214700194
d79,f_30_to_59,0.2915057915057915,0.29206963249516443
d79,m_gt_60,0.138996138996139,0.13926499032882012
d79,f_gt_60,0.11969111969111969,0.11992263056092843
d79,edu_non,0.06504065040650407,0.06611570247933884
d79,edu_low,0.3902439024390244,0.390495867768595
d79,edu_middle,0.49390243902439024,0.49173553719008267
d79,edu_high,0.0508130081300813,0.05165289256198347
d81,location_urban,0,0
d81,location_rural,1,1
d81,hh_size1,0.23870967741935484,0.2379421221864952
d81,hh_size2,0.5451612903225806,0.5466237942122186
d81,hh_size3,0.06451612903225806,0.06430868167202572
d81,hh_size4,0.15161290322580645,0.15112540192926044
d81,m_0_to_29,0.06358381502890173,0.06333973128598848
d81,f_0_to_29,0.028901734104046242,0.028790786948176585
d81,m_30_to_59,0.2909441233140655,0.28982725527831094
d81,f_30_to_59,0.2909441233140655,0.29174664107485604
d81,m_gt_60,0.15221579961464354,0.15163147792706333
d81,f_gt_60,0.17341040462427745,0.1746641074856046
d81,edu_non,0.10344827586206896,0.10450819672131148
d81,edu_low,0.539553752535497,0.5368852459016393
d81,edu_middle,0.31237322515212984,0.3135245901639344
d81,edu_high,0.04462474645030426,0.045081967213114756
d83,location_urban,0,0
d83,location_rural,1,1
d83,hh_size1,0.20597014925373133,0.20535714285714285
d83,hh_size2,0.5582089552238806,0.5565476190476191
d83,hh_size3,0.07164179104477612,0.07142857142857142
d83,hh_size4,0.16417910447761194,0.16666666666666666
d83,m_0_to_29,0.04736842105263158,0.047285464098073555
d83,f_0_to_29,0.05263157894736842,0.05253940455341506
d83,m_30_to_59,0.3298245614035088,0.3309982486865149
d83,f_30_to_59,0.27017543859649124,0.26970227670753066
d83,m_gt_60,0.14385964912280702,0.1436077057793345
d83,f_gt_60,0.156140350877193,0.15586690017513136
d83,edu_non,0.13011152416356878,0.13108614232209737
d83,edu_low,0.533457249070632,0.5318352059925093
d83,edu_middle,0.31784386617100374,0.31835205992509363
d83,edu_high,0.01858736059479554,0.018726591760299626
d82,location_urban,0,0
d82,location_rural,1,1
d82,hh_size1,0.228486646884273,0.228486646884273
d82,hh_size2,0.6023738872403561,0.6053412462908012
d82,hh_size3,0.04154302670623145,0.04154302670623145
d82,hh_size4,0.12759643916913946,0.12462908011869436
d82,m_0_to_29,0.04929577464788732,0.0492091388400703
d82,f_0_to_29,0.05457746478873239,0.054481546572934976
d82,m_30_to_59,0.31161971830985913,0.31282952548330406
d82,f_30_to_59,0.2975352112676056,0.29701230228471004
d82,m_gt_60,0.1426056338028169,0.14235500878734622
d82,f_gt_60,0.1443661971830986,0.14411247803163443
d82,edu_non,0.13594040968342644,0.13594040968342644
d82,edu_low,0.527001862197393,0.527001862197393
d82,edu_middle,0.30726256983240224,0.30726256983240224
d82,edu_high,0.0297951582867784,0.0297951582867784
d85,location_urban,0,0
d85,location_rural,1,1
d85,hh_size1,0.20257234726688103,0.20512820512820512
d85,hh_size2,0.5369774919614148,0.5384615384615384
d85,hh_size3,0.05144694533762058,0.05128205128205128
d85,hh_size4,0.2090032154340836,0.20512820512820512
d85,m_0_to_29,0.043137254901960784,0.04296875
d85,f_0_to_29,0.056862745098039215,0.056640625
d85,m_30_to_59,0.3196078431372549,0.3203125
d85,f_30_to_59,0.27450980392156865,0.275390625
d85,m_gt_60,0.12156862745098039,0.12109375
d85,f_gt_60,0.1843137254901961,0.18359375
d85,edu_non,0.11691022964509394,0.11642411642411643
d85,edu_low,0.534446764091858,0.5343035343035343
d85,edu_middle,0.33194154488517746,0.33264033264033266
d85,edu_high,0.016701461377870562,0.016632016632016633
d84,location_urban,1,1
d84,location_rural,0,0
d84,hh_size1,0.26490066225165565,0.26245847176079734
d84,hh_size2,0.6291390728476821,0.6345514950166113
d84,hh_size3,0.033112582781456956,0.03322259136212625
d84,hh_size4,0.0728476821192053,0.06976744186046512
d84,m_0_to_29,0.06640625,0.06640625
d84,f_0_to_29,0.03515625,0.03515625
d84,m_30_to_59,0.365234375,0.365234375
d84,f_30_to_59,0.2890625,0.2890625
d84,m_gt_60,0.123046875,0.123046875
d84,f_gt_60,0.12109375,0.12109375
d84,edu_non,0.06868686868686869,0.06967213114754098
d84,edu_low,0.4161616161616162,0.41598360655737704
d84,edu_middle,0.46060606060606063,0.45901639344262296
d84,edu_high,0.05454545454545454,0.055327868852459015
d86,location_urban,1,1
d86,location_rural,0,0
d86,hh_size1,0.24258760107816713,0.24128686327077747
d86,hh_size2,0.3504043126684636,0.3512064343163539
d86,hh_size3,0.0862533692722372,0.08579088471849866
d86,hh_size4,0.32075471698113206,0.32171581769436997
d86,m_0_to_29,0.18761061946902655,0.18838028169014084
d86,f_0_to_29,0.1752212389380531,0.176056338028169
d86,m_30_to_59,0.2991150442477876,0.2975352112676056
d86,f_30_to_59,0.25663716814159293,0.25704225352112675
d86,m_gt_60,0.035398230088495575,0.035211267605633804
d86,f_gt_60,0.04601769911504425,0.045774647887323945
d86,edu_non,0.06560636182902585,0.06547619047619048
d86,edu_low,0.220675944333996,0.2222222222222222
d86,edu_middle,0.6003976143141153,0.5992063492063492
d86,edu_high,0.11332007952286283,0.1130952380952381
d60,location_urban,1,1
d60,location_rural,0,0
d60,hh_size1,0.26666666666666666,0.2684563758389262
d60,hh_size2,0.5333333333333333,0.5369127516778524
d60,hh_size3,0.04,0.040268456375838924
d60,hh_size4,0.16,0.15436241610738255
d60,m_0_to_29,0.05785123966942149,0.058091286307053944
d60,f_0_to_29,0.05371900826446281,0.05394190871369295
d60,m_30_to_59,0.3243801652892562,0.3236514522821577
d60,f_30_to_59,0.3305785123966942,0.32987551867219916
d60,m_gt_60,0.12190082644628099,0.12240663900414937
d60,f_gt_60,0.1115702479338843,0.11203319502074689
d60,edu_non,0.06073752711496746,0.06073752711496746
d60,edu_low,0.39045553145336226,0.3926247288503254
d60,edu_middle,0.5032537960954447,0.5010845986984815
d60,edu_high,0.0455531453362256,0.0455531453362256
d71,location_urban,1,1
d71,location_rural,0,0
d71,hh_size1,0.2077922077922078,0.2064516129032258
d71,hh_size2,0.6655844155844156,0.6612903225806451
d71,hh_size3,0.032467532467532464,0.03225806451612903
d71,hh_size4,0.09415584415584416,0.1
d71,m_0_to_29,0.043151969981238276,0.04299065420560748
d71,f_0_to_29,0.0375234521575985,0.037383177570093455
d71,m_30_to_59,0.3227016885553471,0.3233644859813084
d71,f_30_to_59,0.32833020637898686,0.32897196261682243
d71,m_gt_60,0.11632270168855535,0.11588785046728972
d71,f_gt_60,0.15196998123827393,0.15140186915887852
d71,edu_non,0.08365758754863813,0.08333333333333333
d71,edu_low,0.37937743190661477,0.3798449612403101
d71,edu_middle,0.48249027237354086,0.48255813953488375
d71,edu_high,0.054474708171206226,0.05426356589147287
d87,location_urban,0,0
d87,location_rural,1,1
d87,hh_size1,0.15772870662460567,0.15772870662460567
d87,hh_size2,0.580441640378549,0.583596214511041
d87,hh_size3,0.07570977917981073,0.07570977917981073
d87,hh_size4,0.1861198738170347,0.1829652996845426
d87,m_0_to_29,0.0546448087431694,0.05454545454545454
d87,f_0_to_29,0.052823315118397086,0.05272727272727273
d87,m_30_to_59,0.3114754098360656,0.3109090909090909
d87,f_30_to_59,0.2877959927140255,0.28909090909090907
d87,m_gt_60,0.13479052823315119,0.13454545454545455
d87,f_gt_60,0.15846994535519127,0.15818181818181817
d87,edu_non,0.10916179337231968,0.10894941634241245
d87,edu_low,0.5048732943469786,0.5038910505836576
d87,edu_middle,0.36257309941520466,0.3638132295719844
d87,edu_high,0.023391812865497075,0.023346303501945526
d88,location_urban,0,0
d88,location_rural,1,1
d88,hh_size1,0.23384615384615384,0.23384615384615384
d88,hh_size2,0.5107692307692308,0.5107692307692308
d88,hh_size3,0.08307692307692308,0.08307692307692308
d88,hh_size4,0.1723076923076923,0.1723076923076923
d88,m_0_to_29,0.062385321100917435,0.062385321100917435
d88,f_0_to_29,0.06788990825688074,0.06788990825688074
d88,m_30_to_59,0.29174311926605506,0.29174311926605506
d88,f_30_to_59,0.3174311926605505,0.3174311926605505
d88,m_gt_60,0.13027522935779817,0.13027522935779817
d88,f_gt_60,0.13027522935779817,0.13027522935779817
d88,edu_non,0.122,0.12398373983739837
d88,edu_low,0.538,0.532520325203252
d88,edu_middle,0.318,0.32113821138211385
d88,edu_high,0.022,0.022357723577235773
d90,location_urban,0,0
d90,location_rural,1,1
d90,hh_size1,0.20382165605095542,0.20317460317460317
d90,hh_size2,0.5414012738853503,0.5396825396825397
d90,hh_size3,0.07006369426751592,0.06984126984126984
d90,hh_size4,0.18471337579617833,0.1873015873015873
d90,m_0_to_29,0.03977272727272727,0.03969754253308128
d90,f_0_to_29,0.06060606060606061,0.06049149338374291
d90,m_30_to_59,0.2935606060606061,0.29300567107750475
d90,f_30_to_59,0.30303030303030304,0.30434782608695654
d90,m_gt_60,0.12878787878787878,0.1285444234404537
d90,f_gt_60,0.17424242424242425,0.17391304347826086
d90,edu_non,0.12574850299401197,0.12701612903225806
d90,edu_low,0.5429141716566867,0.5403225806451613
d90,edu_middle,0.2934131736526946,0.29435483870967744
d90,edu_high,0.03792415169660679,0.038306451612903226
d69,location_urban,0,0
d69,location_rural,1,1
d69,hh_size1,0.23170731707317074,0.23404255319148937
d69,hh_size2,0.5426829268292683,0.5440729483282675
d69,hh_size3,0.06402439024390244,0.06382978723404255
d69,hh_size4,0.16158536585365854,0.1580547112462006
d69,m_0_to_29,0.06204379562043796,0.06181818181818182
d69,f_0_to_29,0.04744525547445255,0.04727272727272727
d69,m_30_to_59,0.2591240875912409,0.26
d69,f_30_to_59,0.34854014598540145,0.3490909090909091
d69,m_gt_60,0.12773722627737227,0.12727272727272726
d69,f_gt_60,0.1551094890510949,0.15454545454545454
d69,edu_non,0.10805500982318271,0.10700389105058365
d69,edu_low,0.5206286836935167,0.5233463035019456
d69,edu_middle,0.3555992141453831,0.3540856031128405
d69,edu_high,0.015717092337917484,0.01556420233463035
d89,location_urban,1,1
d89,location_rural,0,0
d89,hh_size1,0.24930747922437674,0.25555555555555554
d89,hh_size2,0.3767313019390582,0.37777777777777777
d89,hh_size3,0.09695290858725762,0.09722222222222222
d89,hh_size4,0.2770083102493075,0.26944444444444443
d89,m_0_to_29,0.15343915343915343,0.15371024734982333
d89,f_0_to_29,0.18694885361552027,0.1872791519434629
d89,m_30_to_59,0.2804232804232804,0.2773851590106007
d89,f_30_to_59,0.2839506172839506,0.2862190812720848
d89,m_gt_60,0.04938271604938271,0.04946996466431095
d89,f_gt_60,0.04585537918871252,0.045936395759717315
d89,edu_non,0.06944444444444445,0.06756756756756757
d89,edu_low,0.2222222222222222,0.22007722007722008
d89,edu_middle,0.6150793650793651,0.6216216216216216
d89,edu_high,0.09325396825396826,0.09073359073359073
d91,location_urban,0,0
d91,location_rural,1,1
d91,hh_size1,0.21951219512195122,0.2188449848024316
d91,hh_size2,0.5609756097560976,0.5592705167173252
d91,hh_size3,0.07621951219512195,0.07598784194528875
d91,hh_size4,0.14329268292682926,0.1458966565349544
d91,m_0_to_29,0.06405693950177936,0.06394316163410302
d91,f_0_to_29,0.060498220640569395,0.06039076376554174
d91,m_30_to_59,0.2704626334519573,0.2699822380106572
d91,f_30_to_59,0.30604982206405695,0.30728241563055064
d91,m_gt_60,0.16370106761565836,0.16341030195381884
d91,f_gt_60,0.13523131672597866,0.1349911190053286
d91,edu_non,0.10597302504816955,0.10617760617760617
d91,edu_low,0.558766859344894,0.5579150579150579
d91,edu_middle,0.3159922928709056,0.3166023166023166
d91,edu_high,0.019267822736030827,0.019305019305019305
d65,location_urban,0,0
d65,location_rural,1,1
d65,hh_size1,0.2792207792207792,0.2783171521035599
d65,hh_size2,0.577922077922078,0.5760517799352751
d65,hh_size3,0.06493506493506493,0.06472491909385113
d65,hh_size4,0.07792207792207792,0.08090614886731391
d65,m_0_to_29,0.055133079847908745,0.05502846299810247
d65,f_0_to_29,0.03612167300380228,0.036053130929791274
d65,m_30_to_59,0.2623574144486692,0.2618595825426945
d65,f_30_to_59,0.3231939163498099,0.32447817836812143
d65,m_gt_60,0.15019011406844107,0.14990512333965844
d65,f_gt_60,0.17300380228136883,0.17267552182163187
d65,edu_non,0.136,0.1349206349206349
d65,edu_low,0.52,0.5218253968253969
d65,edu_middle,0.322,0.32142857142857145
d65,edu_high,0.022,0.021825396825396824
d93,location_urban,0,0
d93,location_rural,1,1
d93,hh_size1,0.20454545454545456,0.2032258064516129
d93,hh_size2,0.5422077922077922,0.5387096774193548
d93,hh_size3,0.06818181818181818,0.06774193548387097
d93,hh_size4,0.18506493506493507,0.19032258064516128
d93,m_0_to_29,0.048355899419729204,0.04816955684007707
d93,f_0_to_29,0.05609284332688588,0.055876685934489405
d93,m_30_to_59,0.3288201160541586,0.32755298651252407
d93,f_30_to_59,0.2978723404255319,0.29865125240847784
d93,m_gt_60,0.1276595744680851,0.12909441233140656
d93,f_gt_60,0.14119922630560927,0.14065510597302505
d93,edu_non,0.10743801652892562,0.10810810810810811
d93,edu_low,0.5247933884297521,0.5239085239085239
d93,edu_middle,0.33884297520661155,0.3388773388773389
d93,edu_high,0.028925619834710745,0.029106029106029108
d92,location_urban,1,1
d92,location_rural,0,0
d92,hh_size1,0.20833333333333334,0.20689655172413793
d92,hh_size2,0.65625,0.6517241379310345
d92,hh_size3,0.03819444444444445,0.03793103448275862
d92,hh_size4,0.09722222222222222,0.10344827586206896
d92,m_0_to_29,0.04208416833667335,0.041916167664670656
d92,f_0_to_29,0.052104208416833664,0.05189620758483034
d92,m_30_to_59,0.342685370741483,0.3413173652694611
d92,f_30_to_59,0.3106212424849699,0.313373253493014
d92,m_gt_60,0.13226452905811623,0.1317365269461078
d92,f_gt_60,0.12024048096192384,0.11976047904191617
d92,edu_non,0.08677685950413223,0.08731808731808732
d92,edu_low,0.390495867768595,0.3908523908523909
d92,edu_middle,0.4628099173553719,0.46153846153846156
d92,edu_high,0.05991735537190083,0.060291060291060294
d80,location_urban,0,0
d80,location_rural,1,1
d80,hh_size1,0.19808306709265175,0.2012779552715655
d80,hh_size2,0.5942492012779552,0.5942492012779552
d80,hh_size3,0.07348242811501597,0.07348242811501597
d80,hh_size4,0.134185303514377,0.13099041533546327
d80,m_0_to_29,0.05321100917431193,0.05321100917431193
d80,f_0_to_29,0.05688073394495413,0.05688073394495413
d80,m_30_to_59,0.3192660550458716,0.3192660550458716
d80,f_30_to_59,0.28990825688073396,0.28990825688073396
d80,m_gt_60,0.11926605504587157,0.11926605504587157
d80,f_gt_60,0.1614678899082569,0.1614678899082569
d80,edu_non,0.1141732283464567,0.11218568665377177
d80,edu_low,0.531496062992126,0.5338491295938105
d80,edu_middle,0.3169291338582677,0.31721470019342357
d80,edu_high,0.03740157480314961,0.0367504835589942
d95,location_urban,0,0
d95,location_rural,1,1
d95,hh_size1,0.23780487804878048,0.23780487804878048
d95,hh_size2,0.5304878048780488,0.5335365853658537
d95,hh_size3,0.057926829268292686,0.057926829268292686
d95,hh_size4,0.17378048780487804,0.17073170731707318
d95,m_0_to_29,0.06296296296296296,0.06284658040665435
d95,f_0_to_29,0.044444444444444446,0.04436229205175601
d95,m_30_to_59,0.31666666666666665,0.3179297597042514
d95,f_30_to_59,0.30925925925925923,0.30868761552680224
d95,m_gt_60,0.13703703703703704,0.1367837338262477
d95,f_gt_60,0.12962962962962962,0.12939001848428835
d95,edu_non,0.10379241516966067,0.10297029702970296
d95,edu_low,0.5888223552894212,0.5900990099009901
d95,edu_middle,0.2834331337325349,0.28316831683168314
d95,edu_high,0.023952095808383235,0.023762376237623763
d97,location_urban,0,0
d97,location_rural,1,1
d97,hh_size1,0.21631205673758866,0.21554770318021202
d97,hh_size2,0.5354609929078015,0.5371024734982333
d97,hh_size3,0.07092198581560284,0.0706713780918728
d97,hh_size4,0.1773049645390071,0.17667844522968199
d97,m_0_to_29,0.0507399577167019,0.05052631578947368
d97,f_0_to_29,0.046511627906976744,0.04631578947368421
d97,m_30_to_59,0.3086680761099366,0.3094736842105263
d97,f_30_to_59,0.3403805496828753,0.3410526315789474
d97,m_gt_60,0.11839323467230443,0.11789473684210526
d97,f_gt_60,0.13530655391120508,0.13473684210526315
d97,edu_non,0.1366742596810934,0.13544018058690746
d97,edu_low,0.5558086560364465,0.5575620767494357
d97,edu_middle,0.296127562642369,0.29571106094808125
d97,edu_high,0.011389521640091117,0.011286681715575621
d96,location_urban,0,0
d96,location_rural,1,1
d96,hh_size1,0.18729096989966554,0.18666666666666668
d96,hh_size2,0.5886287625418061,0.5866666666666667
d96,hh_size3,0.05016722408026756,0.05
d96,hh_size4,0.17391304347826086,0.17666666666666667
d96,m_0_to_29,0.055445544554455446,0.05533596837944664
d96,f_0_to_29,0.04356435643564356,0.043478260869565216
d96,m_30_to_59,0.33861386138613864,0.33794466403162055
d96,f_30_to_59,0.27722772277227725,0.27865612648221344
d96,m_gt_60,0.15643564356435644,0.15612648221343872
d96,f_gt_60,0.12871287128712872,0.12845849802371542
d96,edu_non,0.15157894736842106,0.14937759336099585
d96,edu_low,0.4926315789473684,0.49377593360995853
d96,edu_middle,0.3473684210526316,0.34854771784232363
d96,edu_high,0.008421052631578947,0.008298755186721992
d100,location_urban,0,0
d100,location_rural,1,1
d100,hh_size1,0.21301775147928995,0.21597633136094674
d100,hh_size2,0.5473372781065089,0.5473372781065089
d100,hh_size3,0.03550295857988166,0.03550295857988166
d100,hh_size4,0.20414201183431951,0.20118343195266272
d100,m_0_to_29,0.03290676416819013,0.03290676416819013
d100,f_0_to_29,0.051188299817184646,0.051188299817184646
d100,m_30_to_59,0.29981718464351004,0.29981718464351004
d100,f_30_to_59,0.3235831809872029,0.3235831809872029
d100,m_gt_60,0.12979890310786105,0.12979890310786105
d100,f_gt_60,0.16270566727605118,0.16270566727605118
d100,edu_non,0.12572533849129594,0.12404580152671756
d100,edu_low,0.5106382978723404,0.5114503816793893
d100,edu_middle,0.33849129593810445,0.33969465648854963
d100,edu_high,0.025145067698259187,0.02480916030534351
d98,location_urban,0,0
d98,location_rural,1,1
d98,hh_size1,0.2138364779874214,0.21451104100946372
d98,hh_size2,0.5377358490566038,0.5394321766561514
d98,hh_size3,0.08176100628930817,0.08201892744479496
d98,hh_size4,0.16666666666666666,0.1640378548895899
d98,m_0_to_29,0.04805914972273567,0.04814814814814815
d98,f_0_to_29,0.051756007393715345,0.05185185185185185
d98,m_30_to_59,0.3142329020332717,0.31296296296296294
d98,f_30_to_59,0.3049907578558225,0.3055555555555556
d98,m_gt_60,0.1423290203327172,0.1425925925925926
d98,f_gt_60,0.13863216266173753,0.1388888888888889
d98,edu_non,0.10495049504950495,0.10557768924302789
d98,edu_low,0.5544554455445545,0.5537848605577689
d98,edu_middle,0.3108910891089109,0.3107569721115538
d98,edu_high,0.0297029702970297,0.029880478087649404
d101,location_urban,0,0
d101,location_rural,1,1
d101,hh_size1,0.23024054982817868,0.23024054982817868
d101,hh_size2,0.5567010309278351,0.5532646048109966
d101,hh_size3,0.08934707903780069,0.08934707903780069
d101,hh_size4,0.12371134020618557,0.12714776632302405
d101,m_0_to_29,0.053465346534653464,0.05357142857142857
d101,f_0_to_29,0.055445544554455446,0.05555555555555555
d101,m_30_to_59,0.3089108910891089,0.30753968253968256
d101,f_30_to_59,0.297029702970297,0.2976190476190476
d101,m_gt_60,0.16237623762376238,0.1626984126984127
d101,f_gt_60,0.12277227722772277,0.12301587301587301
d101,edu_non,0.11563169164882227,0.11320754716981132
d101,edu_low,0.5182012847965739,0.5241090146750524
d101,edu_middle,0.33190578158458245,0.32914046121593293
d101,edu_high,0.034261241970021415,0.033542976939203356
d102,location_urban,0,0
d102,location_rural,1,1
d102,hh_size1,0.19047619047619047,0.19047619047619047
d102,hh_size2,0.6253968253968254,0.6253968253968254
d102,hh_size3,0.06031746031746032,0.06031746031746032
d102,hh_size4,0.12380952380952381,0.12380952380952381
d102,m_0_to_29,0.04909090909090909,0.04909090909090909
d102,f_0_to_29,0.034545454545454546,0.034545454545454546
d102,m_30_to_59,0.29454545454545455,0.29454545454545455
d102,f_30_to_59,0.30363636363636365,0.30363636363636365
d102,m_gt_60,0.15454545454545454,0.15454545454545454
d102,f_gt_60,0.16363636363636364,0.16363636363636364
d102,edu_non,0.11494252873563218,0.11450381679389313
d102,edu_low,0.5306513409961686,0.5324427480916031
d102,edu_middle,0.32950191570881227,0.3282442748091603
d102,edu_high,0.02490421455938697,0.02480916030534351
d94,location_urban,1,1
d94,location_rural,0,0
d94,hh_size1,0.26243093922651933,0.26243093922651933
d94,hh_size2,0.3784530386740331,0.3784530386740331
d94,hh_size3,0.06906077348066299,0.06906077348066299
d94,hh_size4,0.2900552486187845,0.2900552486187845
d94,m_0_to_29,0.1657559198542805,0.1657559198542805
d94,f_0_to_29,0.16939890710382513,0.16939890710382513
d94,m_30_to_59,0.3005464480874317,0.3005464480874317
d94,f_30_to_59,0.2786885245901639,0.2786885245901639
d94,m_gt_60,0.03642987249544627,0.03642987249544627
d94,f_gt_60,0.04918032786885246,0.04918032786885246
d94,edu_non,0.07644628099173553,0.07520325203252033
d94,edu_low,0.19834710743801653,0.19715447154471544
d94,edu_middle,0.621900826446281,0.6260162601626016
d94,edu_high,0.10330578512396695,0.1016260162601626
d73,location_urban,0,0
d73,location_rural,1,1
d73,hh_size1,0.21316614420062696,0.2138364779874214
d73,hh_size2,0.4952978056426332,0.5
d73,hh_size3,0.0438871473354232,0.0440251572327044
d73,hh_size4,0.2476489028213166,0.24213836477987422
d73,m_0_to_29,0.05148514851485148,0.05148514851485148
d73,f_0_to_29,0.06336633663366337,0.06336633663366337
d73,m_30_to_59,0.31287128712871287,0.31287128712871287
d73,f_30_to_59,0.2871287128712871,0.2871287128712871
d73,m_gt_60,0.14455445544554454,0.14455445544554454
d73,f_gt_60,0.1405940594059406,0.1405940594059406
d73,edu_non,0.1047008547008547,0.1044776119402985
d73,edu_low,0.5277777777777778,0.5287846481876333
d73,edu_middle,0.3482905982905983,0.34754797441364604
d73,edu_high,0.019230769230769232,0.019189765458422176
d107,location_urban,1,1
d107,location_rural,0,0
d107,hh_size1,0.22865853658536586,0.22796352583586627
d107,hh_size2,0.5823170731707317,0.5805471124620061
d107,hh_size3,0.054878048780487805,0.0547112462006079
d107,hh_size4,0.13414634146341464,0.13677811550151975
d107,m_0_to_29,0.07747747747747748,0.07733812949640288
d107,f_0_to_29,0.04864864864864865,0.048561151079136694
d107,m_30_to_59,0.27927927927927926,0.2787769784172662
d107,f_30_to_59,0.34054054054054056,0.34172661870503596
d107,m_gt_60,0.12612612612612611,0.12589928057553956
d107,f_gt_60,0.12792792792792793,0.12769784172661872
d107,edu_non,0.08604206500956023,0.08754863813229571
d107,edu_low,0.4091778202676864,0.4085603112840467
d107,edu_middle,0.45315487571701724,0.45136186770428016
d107,edu_high,0.05162523900573614,0.05252918287937743
d108,location_urban,1,1
d108,location_rural,0,0
d108,hh_size1,0.24932249322493225,0.25405405405405407
d108,hh_size2,0.3902439024390244,0.3891891891891892
d108,hh_size3,0.07317073170731707,0.07297297297297298
d108,hh_size4,0.2872628726287263,0.28378378378378377
d108,m_0_to_29,0.1657848324514991,0.16549295774647887
d108,f_0_to_29,0.164021164021164,0.1637323943661972
d108,m_30_to_59,0.291005291005291,0.2904929577464789
d108,f_30_to_59,0.26455026455026454,0.2658450704225352
d108,m_gt_60,0.06701940035273368,0.06690140845070422
d108,f_gt_60,0.047619047619047616,0.04753521126760563
d108,edu_non,0.09702970297029703,0.0945945945945946
d108,edu_low,0.25544554455445545,0.2548262548262548
d108,edu_middle,0.5564356435643565,0.5617760617760618
d108,edu_high,0.09108910891089109,0.0888030888030888
d109,location_urban,0,0
d109,location_rural,1,1
d109,hh_size1,0.20743034055727555,0.2080745341614907
d109,hh_size2,0.5294117647058824,0.5279503105590062
d109,hh_size3,0.03715170278637771,0.037267080745341616
d109,hh_size4,0.2260061919504644,0.2267080745341615
d109,m_0_to_29,0.032818532818532815,0.03294573643410853
d109,f_0_to_29,0.05405405405405406,0.05426356589147287
d109,m_30_to_59,0.30115830115830117,0.3003875968992248
d109,f_30_to_59,0.3185328185328185,0.3178294573643411
d109,m_gt_60,0.14478764478764478,0.14534883720930233
d109,f_gt_60,0.14864864864864866,0.14922480620155038
d109,edu_non,0.09730848861283643,0.09572301425661914
d109,edu_low,0.5383022774327122,0.5417515274949084
d109,edu_middle,0.3498964803312629,0.34826883910386963
d109,edu_high,0.014492753623188406,0.014256619144602852
d99,location_urban,0,0
d99,location_rural,1,1
d99,hh_size1,0.20634920634920634,0.20569620253164558
d99,hh_size2,0.5206349206349207,0.5189873417721519
d99,hh_size3,0.06984126984126984,0.06962025316455696
d99,hh_size4,0.20317460317460317,0.20569620253164558
d99,m_0_to_29,0.04780114722753346,0.04770992366412214
d99,f_0_to_29,0.05736137667304015,0.05725190839694656
d99,m_30_to_59,0.3154875717017208,0.3148854961832061
d99,f_30_to_59,0.28489483747609945,0.2862595419847328
d99,m_gt_60,0.14531548757170173,0.1450381679389313
d99,f_gt_60,0.1491395793499044,0.14885496183206107
d99,edu_non,0.1337448559670782,0.13238289205702647
d99,edu_low,0.5288065843621399,0.5315682281059063
d99,edu_middle,0.32098765432098764,0.319755600814664
d99,edu_high,0.01646090534979424,0.016293279022403257
d110,location_urban,0,0
d110,location_rural,1,1
d110,hh_size1,0.18506493506493507,0.18770226537216828
d110,hh_size2,0.5422077922077922,0.5436893203883495
d110,hh_size3,0.08766233766233766,0.08737864077669903
d110,hh_size4,0.18506493506493507,0.18122977346278318
d110,m_0_to_29,0.06427221172022685,0.064030131826742
d110,f_0_to_29,0.06049149338374291,0.060263653483992465
d110,m_30_to_59,0.28544423440453687,0.2862523540489642
d110,f_30_to_59,0.30812854442344045,0.3088512241054614
d110,m_gt_60,0.16824196597353497,0.16760828625235405
d110,f_gt_60,0.11342155009451796,0.11299435028248588
d110,edu_non,0.10040983606557377,0.09959349593495935
d110,edu_low,0.5717213114754098,0.573170731707317
d110,edu_middle,0.3114754098360656,0.31097560975609756
d110,edu_high,0.01639344262295082,0.016260162601626018
d74,location_urban,0,0
d74,location_rural,1,1
d74,hh_size1,0.1895424836601307,0.18892508143322476
d74,hh_size2,0.5947712418300654,0.5928338762214984
d74,hh_size3,0.07516339869281045,0.0749185667752443
d74,hh_size4,0.14052287581699346,0.14332247557003258
d74,m_0_to_29,0.05056179775280899,0.05046728971962617
d74,f_0_to_29,0.04307116104868914,0.04299065420560748
d74,m_30_to_59,0.3202247191011236,0.32149532710280376
d74,f_30_to_59,0.301498127340824,0.30093457943925234
d74,m_gt_60,0.12359550561797752,0.1233644859813084
d74,f_gt_60,0.16104868913857678,0.16074766355140188
d74,edu_non,0.11044176706827309,0.10912698412698413
d74,edu_low,0.5341365461847389,0.5357142857142857
d74,edu_middle,0.3413654618473896,0.3412698412698413
d74,edu_high,0.014056224899598393,0.013888888888888888
d112,location_urban,0,0
d112,location_rural,1,1
d112,hh_size1,0.20376175548589343,0.20440251572327045
d112,hh_size2,0.567398119122257,0.5660377358490566
d112,hh_size3,0.08463949843260188,0.08490566037735849
d112,hh_size4,0.14420062695924765,0.14465408805031446
d112,m_0_to_29,0.05054151624548736,0.050724637681159424
d112,f_0_to_29,0.05956678700361011,0.059782608695652176
d112,m_30_to_59,0.2888086642599278,0.28804347826086957
d112,f_30_to_59,0.33935018050541516,0.338768115942029
d112,m_gt_60,0.13537906137184116,0.1358695652173913
d112,f_gt_60,0.1263537906137184,0.12681159420289856
d112,edu_non,0.09784735812133072,0.09746588693957114
d112,edu_low,0.5596868884540117,0.5594541910331384
d112,edu_middle,0.33072407045009783,0.3313840155945419
d112,edu_high,0.011741682974559686,0.011695906432748537
d116,location_urban,1,1
d116,location_rural,0,0
d116,hh_size1,0.2972972972972973,0.2921686746987952
d116,hh_size2,0.5465465465465466,0.5542168674698795
d116,hh_size3,0.06006006006006006,0.060240963855421686
d116,hh_size4,0.0960960960960961,0.09337349397590361
d116,m_0_to_29,0.05225225225225225,0.052158273381294966
d116,f_0_to_29,0.04144144144144144,0.04136690647482014
d116,m_30_to_59,0.35135135135135137,0.35071942446043164
d116,f_30_to_59,0.3027027027027027,0.302158273381295
d116,m_gt_60,0.12072072072072072,0.12050359712230216
d116,f_gt_60,0.13153153153153152,0.13309352517985612
d116,edu_non,0.06766917293233082,0.06844106463878327
d116,edu_low,0.40789473684210525,0.41064638783269963
d116,edu_middle,0.4774436090225564,0.47338403041825095
d116,edu_high,0.046992481203007516,0.04752851711026616
d115,location_urban,1,1
d115,location_rural,0,0
d115,hh_size1,0.22253521126760564,0.22408963585434175
d115,hh_size2,0.37464788732394366,0.37254901960784315
d115,hh_size3,0.09295774647887324,0.09243697478991597
d115,hh_size4,0.30985915492957744,0.31092436974789917
d115,m_0_to_29,0.17870036101083034,0.17985611510791366
d115,f_0_to_29,0.16606498194945848,0.16546762589928057
d115,m_30_to_59,0.26895306859205775,0.2697841726618705
d115,f_30_to_59,0.2888086642599278,0.28776978417266186
d115,m_gt_60,0.05054151624548736,0.050359712230215826
d115,f_gt_60,0.04693140794223827,0.046762589928057555
d115,edu_non,0.048879837067209775,0.04838709677419355
d115,edu_low,0.23625254582484725,0.23588709677419356
d115,edu_middle,0.6272912423625254,0.6290322580645161
d115,edu_high,0.08757637474541752,0.08669354838709678
d114,location_urban,0,0
d114,location_rural,1,1
d114,hh_size1,0.19407894736842105,0.19407894736842105
d114,hh_size2,0.5394736842105263,0.5394736842105263
d114,hh_size3,0.09539473684210527,0.09539473684210527
d114,hh_size4,0.17105263157894737,0.17105263157894737
d114,m_0_to_29,0.043726235741444866,0.043726235741444866
d114,f_0_to_29,0.04182509505703422,0.04182509505703422
d114,m_30_to_59,0.2965779467680608,0.2965779467680608
d114,f_30_to_59,0.3060836501901141,0.3060836501901141
d114,m_gt_60,0.14258555133079848,0.14258555133079848
d114,f_gt_60,0.16920152091254753,0.16920152091254753
d114,edu_non,0.10101010101010101,0.10121457489878542
d114,edu_low,0.5717171717171717,0.5728744939271255
d114,edu_middle,0.298989898989899,0.2975708502024291
d114,edu_high,0.028282828282828285,0.02834008097165992
d117,location_urban,0,0
d117,location_rural,1,1
d117,hh_size1,0.17699115044247787,0.17699115044247787
d117,hh_size2,0.504424778761062,0.5073746312684366
d117,hh_size3,0.0855457227138643,0.0855457227138643
d117,hh_size4,0.23303834808259588,0.23008849557522124
d117,m_0_to_29,0.08098591549295775,0.08084358523725835
d117,f_0_to_29,0.08098591549295775,0.08084358523725835
d117,m_30_to_59,0.3028169014084507,0.3022847100175747
d117,f_30_to_59,0.27992957746478875,0.281195079086116
d117,m_gt_60,0.11619718309859155,0.11599297012302284
d117,f_gt_60,0.13908450704225353,0.13884007029876977
d117,edu_non,0.12180746561886051,0.12277227722772277
d117,edu_low,0.5481335952848723,0.5465346534653466
d117,edu_middle,0.3025540275049116,0.30297029702970296
d117,edu_high,0.0275049115913556,0.027722772277227723
d118,location_urban,0,0
d118,location_rural,1,1
d118,hh_size1,0.19230769230769232,0.19230769230769232
d118,hh_size2,0.5502958579881657,0.5532544378698225
d118,hh_size3,0.047337278106508875,0.047337278106508875
d118,hh_size4,0.21005917159763313,0.20710059171597633
d118,m_0_to_29,0.052158273381294966,0.05206463195691203
d118,f_0_to_29,0.046762589928057555,0.0466786355475763
d118,m_30_to_59,0.29856115107913667,0.2980251346499102
d118,f_30_to_59,0.329136690647482,0.3303411131059246
d118,m_gt_60,0.12050359712230216,0.12028725314183124
d118,f_gt_60,0.1528776978417266,0.1526032315978456
d118,edu_non,0.11153846153846154,0.11153846153846154
d118,edu_low,0.5269230769230769,0.5269230769230769
d118,edu_middle,0.3423076923076923,0.3423076923076923
d118,edu_high,0.019230769230769232,0.019230769230769232
d119,location_urban,0,0
d119,location_rural,1,1
d119,hh_size1,0.17747440273037543,0.17627118644067796
d119,hh_size2,0.6109215017064846,0.6101694915254238
d119,hh_size3,0.08873720136518772,0.08813559322033898
d119,hh_size4,0.12286689419795221,0.12542372881355932
d119,m_0_to_29,0.061068702290076333,0.06072106261859583
d119,f_0_to_29,0.04580152671755725,0.04554079696394687
d119,m_30_to_59,0.32061068702290074,0.3225806451612903
d119,f_30_to_59,0.2881679389312977,0.2884250474383302
d119,m_gt_60,0.183206106870229,0.18216318785578747
d119,f_gt_60,0.10114503816793893,0.10056925996204934
d119,edu_non,0.0975609756097561,0.09836065573770492
d119,edu_low,0.556910569105691,0.555327868852459
d119,edu_middle,0.3333333333333333,0.33401639344262296
d119,edu_high,0.012195121951219513,0.012295081967213115
d120,location_urban,0,0
d120,location_rural,1,1
d120,hh_size1,0.17684887459807075,0.17684887459807075
d120,hh_size2,0.617363344051447,0.617363344051447
d120,hh_size3,0.10289389067524116,0.10289389067524116
d120,hh_size4,0.10289389067524116,0.10289389067524116
d120,m_0_to_29,0.04938271604938271,0.04938271604938271
d120,f_0_to_29,0.04938271604938271,0.04938271604938271
d120,m_30_to_59,0.3262786596119929,0.3262786596119929
d120,f_30_to_59,0.291005291005291,0.291005291005291
d120,m_gt_60,0.13227513227513227,0.13227513227513227
d120,f_gt_60,0.15167548500881833,0.15167548500881833
d120,edu_non,0.12686567164179105,0.12878787878787878
d120,edu_low,0.4869402985074627,0.48295454545454547
d120,edu_middle,0.36007462686567165,0.36174242424242425
d120,edu_high,0.026119402985074626,0.026515151515151516
d121,location_urban,1,1
d121,location_rural,0,0
d121,hh_size1,0.2865853658536585,0.29141104294478526
d121,hh_size2,0.4420731707317073,0.44171779141104295
d121,hh_size3,0.07926829268292683,0.07975460122699386
d121,hh_size4,0.19207317073170732,0.18711656441717792
d121,m_0_to_29,0.15619047619047619,0.15708812260536398
d121,f_0_to_29,0.1619047619047619,0.16091954022988506
d121,m_30_to_59,0.3047619047619048,0.3045977011494253
d121,f_30_to_59,0.2857142857142857,0.28544061302681994
d121,m_gt_60,0.0419047619047619,0.0421455938697318
d121,f_gt_60,0.049523809523809526,0.04980842911877394
d121,edu_non,0.07872340425531915,0.07581967213114754
d121,edu_low,0.2723404255319149,0.26844262295081966
d121,edu_middle,0.5702127659574469,0.5799180327868853
d121,edu_high,0.07872340425531915,0.07581967213114754
d124,location_urban,0,0
d124,location_rural,1,1
d124,hh_size1,0.19090909090909092,0.19207317073170732
d124,hh_size2,0.5212121212121212,0.524390243902439
d124,hh_size3,0.06666666666666667,0.06707317073170732
d124,hh_size4,0.22121212121212122,0.21646341463414634
d124,m_0_to_29,0.05128205128205128,0.051470588235294115
d124,f_0_to_29,0.047619047619047616,0.04779411764705882
d124,m_30_to_59,0.3076923076923077,0.3069852941176471
d124,f_30_to_59,0.31135531135531136,0.31066176470588236
d124,m_gt_60,0.13553113553113552,0.13602941176470587
d124,f_gt_60,0.14652014652014653,0.14705882352941177
d124,edu_non,0.09922178988326848,0.10059171597633136
d124,edu_low,0.5719844357976653,0.5680473372781065
d124,edu_middle,0.30739299610894943,0.3096646942800789
d124,edu_high,0.021400778210116732,0.021696252465483234
d126,location_urban,0,0
d126,location_rural,1,1
d126,hh_size1,0.2085889570552147,0.2073170731707317
d126,hh_size2,0.49079754601226994,0.49085365853658536
d126,hh_size3,0.0736196319018405,0.07317073170731707
d126,hh_size4,0.22699386503067484,0.22865853658536586
d126,m_0_to_29,0.054307116104868915,0.054003724394785846
d126,f_0_to_29,0.06179775280898876,0.061452513966480445
d126,m_30_to_59,0.3052434456928839,0.30726256983240224
d126,f_30_to_59,0.27340823970037453,0.2737430167597765
d126,m_gt_60,0.1441947565543071,0.14338919925512103
d126,f_gt_60,0.16104868913857678,0.1601489757914339
d126,edu_non,0.1194331983805668,0.11895161290322581
d126,edu_low,0.5121457489878543,0.5120967741935484
d126,edu_middle,0.34210526315789475,0.34274193548387094
d126,edu_high,0.02631578947368421,0.02620967741935484
d127,location_urban,0,0
d127,location_rural,1,1
d127,hh_size1,0.1858108108108108,0.18456375838926176
d127,hh_size2,0.6081081081081081,0.6073825503355704
d127,hh_size3,0.07094594594594594,0.07046979865771812
d127,hh_size4,0.13513513513513514,0.13758389261744966
d127,m_0_to_29,0.055984555984555984,0.05566218809980806
d127,f_0_to_29,0.04054054054054054,0.04030710172744722
d127,m_30_to_59,0.3223938223938224,0.32437619961612285
d127,f_30_to_59,0.30115830115830117,0.30134357005758156
d127,m_gt_60,0.15057915057915058,0.14971209213051823
d127,f_gt_60,0.12934362934362933,0.12859884836852206
d127,edu_non,0.12269938650306748,0.12195121951219512
d127,edu_low,0.5132924335378323,0.5142276422764228
d127,edu_middle,0.3374233128834356,0.33739837398373984
d127,edu_high,0.026584867075664622,0.026422764227642278
d125,location_urban,0,0
d125,location_rural,1,1
d125,hh_size1,0.19805194805194806,0.19741100323624594
d125,hh_size2,0.5551948051948052,0.5533980582524272
d125,hh_size3,0.06818181818181818,0.06796116504854369
d125,hh_size4,0.17857142857142858,0.18122977346278318
d125,m_0_to_29,0.04222648752399232,0.0421455938697318
d125,f_0_to_29,0.05566218809980806,0.05555555555555555
d125,m_30_to_59,0.2783109404990403,0.2796934865900383
d125,f_30_to_59,0.31669865642994244,0.3160919540229885
d125,m_gt_60,0.14779270633397312,0.1475095785440613
d125,f_gt_60,0.15930902111324377,0.15900383141762453
d125,edu_non,0.1115702479338843,0.10931174089068826
d125,edu_low,0.5,0.5040485829959515
d125,edu_middle,0.359504132231405,0.3582995951417004
d125,edu_high,0.028925619834710745,0.02834008097165992
d129,location_urban,0,0
d129,location_rural,1,1
d129,hh_size1,0.21003134796238246,0.209375
d129,hh_size2,0.5799373040752351,0.58125
d129,hh_size3,0.0438871473354232,0.04375
d129,hh_size4,0.16614420062695925,0.165625
d129,m_0_to_29,0.041353383458646614,0.04119850187265917
d129,f_0_to_29,0.06578947368421052,0.06554307116104868
d129,m_30_to_59,0.31390977443609025,0.3146067415730337
d129,f_30_to_59,0.2744360902255639,0.2752808988764045
d129,m_gt_60,0.16353383458646617,0.16292134831460675
d129,f_gt_60,0.14097744360902256,0.1404494382022472
d129,edu_non,0.10609037328094302,0.10714285714285714
d129,edu_low,0.5736738703339882,0.5714285714285714
d129,edu_middle,0.3045186640471513,0.3055555555555556
d129,edu_high,0.015717092337917484,0.015873015873015872
d131,location_urban,0,0
d131,location_rural,1,1
d131,hh_size1,0.2111801242236025,0.21052631578947367
d131,hh_size2,0.5341614906832298,0.5356037151702786
d131,hh_size3,0.046583850931677016,0.04643962848297214
d131,hh_size4,0.2080745341614907,0.20743034055727555
d131,m_0_to_29,0.05152671755725191,0.051330798479087454
d131,f_0_to_29,0.04198473282442748,0.04182509505703422
d131,m_30_to_59,0.30725190839694655,0.30798479087452474
d131,f_30_to_59,0.32061068702290074,0.32129277566539927
d131,m_gt_60,0.13358778625954199,0.13307984790874525
d131,f_gt_60,0.1450381679389313,0.1444866920152091
d131,edu_non,0.11561866125760649,0.11608961303462322
d131,edu_low,0.5598377281947262,0.5580448065173116
d131,edu_middle,0.30831643002028397,0.3095723014256619
d131,edu_high,0.016227180527383367,0.016293279022403257
d123,location_urban,0,0
d123,location_rural,1,1
d123,hh_size1,0.190625,0.19122257053291536
d123,hh_size2,0.521875,0.5235109717868338
d123,hh_size3,0.065625,0.06583072100313479
d123,hh_size4,0.221875,0.219435736677116
d123,m_0_to_29,0.05860113421550094,0.058712121212121215
d123,f_0_to_29,0.052930056710775046,0.05303030303030303
d123,m_30_to_59,0.29678638941398866,0.29734848484848486
d123,f_30_to_59,0.277882797731569,0.2765151515151515
d123,m_gt_60,0.16068052930056712,0.16098484848484848
d123,f_gt_60,0.15311909262759923,0.1534090909090909
d123,edu_non,0.125,0.12525667351129363
d123,edu_low,0.5573770491803278,0.5564681724845996
d123,edu_middle,0.29713114754098363,0.29774127310061604
d123,edu_high,0.020491803278688523,0.02053388090349076
d105,location_urban,1,1
d105,location_rural,0,0
d105,hh_size1,0.24149659863945577,0.23389830508474577
d105,hh_size2,0.6020408163265306,0.6033898305084746
d105,hh_size3,0.07482993197278912,0.07457627118644068
d105,hh_size4,0.08163265306122448,0.08813559322033898
d105,m_0_to_29,0.05631067961165048,0.05609284332688588
d105,f_0_to_29,0.06601941747572816,0.06576402321083172
d105,m_30_to_59,0.33980582524271846,0.3404255319148936
d105,f_30_to_59,0.3048543689320388,0.3056092843326886
d105,m_gt_60,0.11650485436893204,0.11605415860735009
d105,f_gt_60,0.11650485436893204,0.11605415860735009
d105,edu_non,0.08641975308641975,0.08731808731808732
d105,edu_low,0.37037037037037035,0.37214137214137216
d105,edu_middle,0.5164609053497943,0.5135135135135135
d105,edu_high,0.026748971193415638,0.02702702702702703
d134,location_urban,0,0
d134,location_rural,1,1
d134,hh_size1,0.2225705329153605,0.221875
d134,hh_size2,0.5611285266457681,0.559375
d134,hh_size3,0.05642633228840126,0.05625
d134,hh_size4,0.15987460815047022,0.1625
d134,m_0_to_29,0.04868913857677903,0.048598130841121495
d134,f_0_to_29,0.04681647940074907,0.04672897196261682
d134,m_30_to_59,0.3146067415730337,0.31588785046728973
d134,f_30_to_59,0.31273408239700373,0.3121495327102804
d134,m_gt_60,0.149812734082397,0.14953271028037382
d134,f_gt_60,0.12734082397003746,0.12710280373831775
d134,edu_non,0.11904761904761904,0.11952191235059761
d134,edu_low,0.5376984126984127,0.5378486055776892
d134,edu_middle,0.32142857142857145,0.3207171314741036
d134,edu_high,0.021825396825396824,0.021912350597609563
d135,location_urban,0,0
d135,location_rural,1,1
d135,hh_size1,0.21676300578034682,0.21739130434782608
d135,hh_size2,0.4884393063583815,0.4927536231884058
d135,hh_size3,0.08092485549132948,0.08115942028985507
d135,hh_size4,0.2138728323699422,0.20869565217391303
d135,m_0_to_29,0.06129597197898424,0.06129597197898424
d135,f_0_to_29,0.0542907180385289,0.0542907180385289
d135,m_30_to_59,0.2504378283712785,0.2504378283712785
d135,f_30_to_59,0.3239929947460595,0.3239929947460595
d135,m_gt_60,0.138353765323993,0.138353765323993
d135,f_gt_60,0.17162872154115585,0.17162872154115585
d135,edu_non,0.09732824427480916,0.09622641509433963
d135,edu_low,0.5477099236641222,0.5490566037735849
d135,edu_middle,0.3244274809160305,0.32452830188679244
d135,edu_high,0.030534351145038167,0.03018867924528302
d104,location_urban,0,0
d104,location_rural,1,1
d104,hh_size1,0.2,0.20136518771331058
d104,hh_size2,0.6305084745762712,0.6348122866894198
d104,hh_size3,0.07796610169491526,0.07849829351535836
d104,hh_size4,0.09152542372881356,0.08532423208191127
d104,m_0_to_29,0.04554079696394687,0.045714285714285714
d104,f_0_to_29,0.04933586337760911,0.049523809523809526
d104,m_30_to_59,0.31688804554079697,0.3161904761904762
d104,f_30_to_59,0.2827324478178368,0.2819047619047619
d104,m_gt_60,0.12144212523719165,0.1219047619047619
d104,f_gt_60,0.1840607210626186,0.18476190476190477
d104,edu_non,0.12804878048780488,0.1267605633802817
d104,edu_low,0.5060975609756098,0.5090543259557344
d104,edu_middle,0.3434959349593496,0.3420523138832998
d104,edu_high,0.022357723577235773,0.022132796780684104
d103,location_urban,1,1
d103,location_rural,0,0
d103,hh_size1,0.29003021148036257,0.2891566265060241
d103,hh_size2,0.5649546827794562,0.5662650602409639
d103,hh_size3,0.030211480362537766,0.030120481927710843
d103,hh_size4,0.1148036253776435,0.1144578313253012
d103,m_0_to_29,0.05018587360594796,0.05
d103,f_0_to_29,0.040892193308550186,0.040740740740740744
d103,m_30_to_59,0.2936802973977695,0.29444444444444445
d103,f_30_to_59,0.35315985130111527,0.3537037037037037
d103,m_gt_60,0.13568773234200743,0.13518518518518519
d103,f_gt_60,0.12639405204460966,0.1259259259259259
d103,edu_non,0.08190476190476191,0.08333333333333333
d103,edu_low,0.37142857142857144,0.37209302325581395
d103,edu_middle,0.49333333333333335,0.4903100775193798
d103,edu_high,0.05333333333333334,0.05426356589147287
d137,location_urban,0,0
d137,location_rural,1,1
d137,hh_size1,0.23417721518987342,0.23270440251572327
d137,hh_size2,0.5379746835443038,0.5377358490566038
d137,hh_size3,0.05379746835443038,0.05345911949685535
d137,hh_size4,0.17405063291139242,0.1761006289308176
d137,m_0_to_29,0.046153846153846156,0.045889101338432124
d137,f_0_to_29,0.051923076923076926,0.05162523900573614
d137,m_30_to_59,0.27692307692307694,0.27724665391969405
d137,f_30_to_59,0.3326923076923077,0.33460803059273425
d137,m_gt_60,0.15384615384615385,0.15296367112810708
d137,f_gt_60,0.13846153846153847,0.13766730401529637
d137,edu_non,0.1120162932790224,0.1120162932790224
d137,edu_low,0.560081466395112,0.560081466395112
d137,edu_middle,0.29938900203665986,0.29938900203665986
d137,edu_high,0.028513238289205704,0.028513238289205704
d133,location_urban,0,0
d133,location_rural,1,1
d133,hh_size1,0.20833333333333334,0.208955223880597
d133,hh_size2,0.5386904761904762,0.5432835820895522
d133,hh_size3,0.050595238095238096,0.050746268656716415
d133,hh_size4,0.20238095238095238,0.19701492537313434
d133,m_0_to_29,0.0544464609800363,0.0544464609800363
d133,f_0_to_29,0.041742286751361164,0.041742286751361164
d133,m_30_to_59,0.3176043557168784,0.3176043557168784
d133,f_30_to_59,0.30671506352087113,0.30671506352087113
d133,m_gt_60,0.13430127041742287,0.13430127041742287
d133,f_gt_60,0.14519056261343014,0.14519056261343014
d133,edu_non,0.10444874274661509,0.10384615384615385
d133,edu_low,0.5667311411992263,0.5673076923076923
d133,edu_middle,0.30754352030947774,0.3076923076923077
d133,edu_high,0.02127659574468085,0.021153846153846155
d113,location_urban,0,0
d113,location_rural,1,1
d113,hh_size1,0.2040133779264214,0.20333333333333334
d113,hh_size2,0.5384615384615384,0.5366666666666666
d113,hh_size3,0.07357859531772576,0.07333333333333333
d113,hh_size4,0.18394648829431437,0.18666666666666668
d113,m_0_to_29,0.047619047619047616,0.047524752475247525
d113,f_0_to_29,0.04563492063492063,0.04554455445544554
d113,m_30_to_59,0.32142857142857145,0.3227722772277228
d113,f_30_to_59,0.3134920634920635,0.31287128712871287
d113,m_gt_60,0.1388888888888889,0.13861386138613863
d113,f_gt_60,0.13293650793650794,0.13267326732673268
d113,edu_non,0.11157894736842106,0.11205073995771671
d113,edu_low,0.5410526315789473,0.5412262156448203
d113,edu_middle,0.3410526315789474,0.3403805496828753
d113,edu_high,0.00631578947368421,0.006342494714587738
d138,location_urban,0,0
d138,location_rural,1,1
d138,hh_size1,0.1895424836601307,0.1895424836601307
d138,hh_size2,0.5424836601307189,0.5424836601307189
d138,hh_size3,0.0784313725490196,0.0784313725490196
d138,hh_size4,0.1895424836601307,0.1895424836601307
d138,m_0_to_29,0.06153846153846154,0.06153846153846154
d138,f_0_to_29,0.051923076923076926,0.051923076923076926
d138,m_30_to_59,0.34807692307692306,0.34615384615384615
d138,f_30_to_59,0.28076923076923077,0.2826923076923077
d138,m_gt_60,0.12115384615384615,0.12115384615384615
d138,f_gt_60,0.13653846153846153,0.13653846153846153
d138,edu_non,0.08559498956158663,0.08453608247422681
d138,edu_low,0.511482254697286,0.511340206185567
d138,edu_middle,0.37995824634655534,0.38144329896907214
d138,edu_high,0.022964509394572025,0.02268041237113402
d122,location_urban,0,0
d122,location_rural,1,1
d122,hh_size1,0.17765042979942694,0.1781609195402299
d122,hh_size2,0.5071633237822349,0.5057471264367817
d122,hh_size3,0.05730659025787966,0.05747126436781609
d122,hh_size4,0.25787965616045844,0.25862068965517243
d122,m_0_to_29,0.07773851590106007,0.07801418439716312
d122,f_0_to_29,0.07243816254416961,0.0726950354609929
d122,m_30_to_59,0.2950530035335689,0.29432624113475175
d122,f_30_to_59,0.31095406360424027,0.3102836879432624
d122,m_gt_60,0.1166077738515901,0.11702127659574468
d122,f_gt_60,0.127208480565371,0.1276595744680851
d122,edu_non,0.14257425742574256,0.140625
d122,edu_low,0.4910891089108911,0.494140625
d122,edu_middle,0.3485148514851485,0.34765625
d122,edu_high,0.01782178217821782,0.017578125
d139,location_urban,0,0
d139,location_rural,1,1
d139,hh_size1,0.17880794701986755,0.17763157894736842
d139,hh_size2,0.5496688741721855,0.5460526315789473
d139,hh_size3,0.08609271523178808,0.08552631578947369
d139,hh_size4,0.18543046357615894,0.19078947368421054
d139,m_0_to_29,0.07115384615384615,0.07088122605363985
d139,f_0_to_29,0.06923076923076923,0.06896551724137931
d139,m_30_to_59,0.31346153846153846,0.31226053639846746
d139,f_30_to_59,0.3057692307692308,0.30842911877394635
d139,m_gt_60,0.11923076923076924,0.11877394636015326
d139,f_gt_60,0.12115384615384615,0.1206896551724138
d139,edu_non,0.12025316455696203,0.11974789915966387
d139,edu_low,0.5590717299578059,0.5588235294117647
d139,edu_middle,0.29535864978902954,0.296218487394958
d139,edu_high,0.02531645569620253,0.025210084033613446
d140,location_urban,0,0
d140,location_rural,1,1
d140,hh_size1,0.21587301587301588,0.21656050955414013
d140,hh_size2,0.5682539682539682,0.5700636942675159
d140,hh_size3,0.09523809523809523,0.09554140127388536
d140,hh_size4,0.12063492063492064,0.1178343949044586
d140,m_0_to_29,0.0703971119133574,0.0705244122965642
d140,f_0_to_29,0.05415162454873646,0.054249547920433995
d140,m_30_to_59,0.30866425992779783,0.3074141048824593
d140,f_30_to_59,0.2815884476534296,0.2820976491862568
d140,m_gt_60,0.13898916967509026,0.13924050632911392
d140,f_gt_60,0.14620938628158844,0.14647377938517178
d140,edu_non,0.12596899224806202,0.1267056530214425
d140,edu_low,0.5658914728682171,0.5653021442495126
d140,edu_middle,0.2810077519379845,0.2807017543859649
d140,edu_high,0.027131782945736434,0.02729044834307992
d141,location_urban,0,0
d141,location_rural,1,1
d141,hh_size1,0.15142857142857144,0.150997150997151
d141,hh_size2,0.46285714285714286,0.4700854700854701
d141,hh_size3,0.05142857142857143,0.05128205128205128
d141,hh_size4,0.3342857142857143,0.32763532763532766
d141,m_0_to_29,0.08029197080291971,0.07971014492753623
d141,f_0_to_29,0.05291970802919708,0.05253623188405797
d141,m_30_to_59,0.29744525547445255,0.29891304347826086
d141,f_30_to_59,0.29014598540145986,0.2916666666666667
d141,m_gt_60,0.14963503649635038,0.14855072463768115
d141,f_gt_60,0.12956204379562045,0.1286231884057971
d141,edu_non,0.09859154929577464,0.09819639278557114
d141,edu_low,0.5352112676056338,0.5350701402805611
d141,edu_middle,0.34808853118712274,0.3486973947895792
d141,edu_high,0.018108651911468814,0.018036072144288578
d144,location_urban,1,1
d144,location_rural,0,0
d144,hh_size1,0.2586750788643533,0.2578616352201258
d144,hh_size2,0.6056782334384858,0.6037735849056604
d144,hh_size3,0.04416403785488959,0.0440251572327044
d144,hh_size4,0.0914826498422713,0.09433962264150944
d144,m_0_to_29,0.0595903165735568,0.05947955390334572
d144,f_0_to_29,0.04283054003724395,0.04275092936802974
d144,m_30_to_59,0.3258845437616387,0.3252788104089219
d144,f_30_to_59,0.3240223463687151,0.3252788104089219
d144,m_gt_60,0.12849162011173185,0.12825278810408922
d144,f_gt_60,0.1191806331471136,0.11895910780669144
d144,edu_non,0.08875739644970414,0.08875739644970414
d144,edu_low,0.3767258382642998,0.3767258382642998
d144,edu_middle,0.48520710059171596,0.48520710059171596
d144,edu_high,0.04930966469428008,0.04930966469428008
d142,location_urban,1,1
d142,location_rural,0,0
d142,hh_size1,0.2608695652173913,0.26229508196721313
d142,hh_size2,0.3695652173913043,0.36885245901639346
d142,hh_size3,0.0625,0.06284153005464481
d142,hh_size4,0.3070652173913043,0.30601092896174864
d142,m_0_to_29,0.15818181818181817,0.1590493601462523
d142,f_0_to_29,0.16545454545454547,0.1663619744058501
d142,m_30_to_59,0.28909090909090907,0.28884826325411334
d142,f_30_to_59,0.3,0.2979890310786106
d142,m_gt_60,0.045454545454545456,0.04570383912248629
d142,f_gt_60,0.04181818181818182,0.04204753199268738
d142,edu_non,0.059880239520958084,0.0594059405940594
d142,edu_low,0.26147704590818366,0.2613861386138614
d142,edu_middle,0.564870259481038,0.5663366336633663
d142,edu_high,0.11377245508982035,0.11287128712871287
d143,location_urban,0,0
d143,location_rural,1,1
d143,hh_size1,0.24024024024024024,0.24024024024024024
d143,hh_size2,0.5255255255255256,0.5285285285285285
d143,hh_size3,0.06306306306306306,0.06306306306306306
d143,hh_size4,0.17117117117117117,0.16816816816816818
d143,m_0_to_29,0.06727272727272728,0.06715063520871144
d143,f_0_to_29,0.04909090909090909,0.04900181488203267
d143,m_30_to_59,0.29454545454545455,0.2958257713248639
d143,f_30_to_59,0.29454545454545455,0.294010889292196
d143,m_gt_60,0.13454545454545455,0.13430127041742287
d143,f_gt_60,0.16,0.15970961887477314
d143,edu_non,0.122568093385214,0.123046875
d143,edu_low,0.5778210116731517,0.576171875
d143,edu_middle,0.2840466926070039,0.28515625
d143,edu_high,0.01556420233463035,0.015625
d145,location_urban,1,1
d145,location_rural,0,0
d145,hh_size1,0.2329192546583851,0.22910216718266255
d145,hh_size2,0.6055900621118012,0.6068111455108359
d145,hh_size3,0.059006211180124224,0.058823529411764705
d145,hh_size4,0.10248447204968944,0.10526315789473684
d145,m_0_to_29,0.055855855855855854,0.05565529622980251
d145,f_0_to_29,0.07387387387387387,0.07360861759425494
d145,m_30_to_59,0.3387387387387387,0.3393177737881508
d145,f_30_to_59,0.3099099099099099,0.3105924596050269
d145,m_gt_60,0.12072072072072072,0.12028725314183124
d145,f_gt_60,0.1009009009009009,0.10053859964093358
d145,edu_non,0.07633587786259542,0.07766990291262135
d145,edu_low,0.37404580152671757,0.37475728155339805
d145,edu_middle,0.5095419847328244,0.5067961165048543
d145,edu_high,0.04007633587786259,0.040776699029126215
d146,location_urban,0,0
d146,location_rural,1,1
d146,hh_size1,0.17549668874172186,0.17491749174917492
d146,hh_size2,0.6456953642384106,0.6435643564356436
d146,hh_size3,0.033112582781456956,0.033003300330033
d146,hh_size4,0.1456953642384106,0.1485148514851485
d146,m_0_to_29,0.03288201160541586,0.032818532818532815
d146,f_0_to_29,0.03288201160541586,0.032818532818532815
d146,m_30_to_59,0.30174081237911027,0.30115830115830117
d146,f_30_to_59,0.29980657640232106,0.30115830115830117
d146,m_gt_60,0.14893617021276595,0.14864864864864866
d146,f_gt_60,0.18375241779497098,0.1833976833976834
d146,edu_non,0.10578842315369262,0.10642570281124498
d146,edu_low,0.5369261477045908,0.536144578313253
d146,edu_middle,0.3413173652694611,0.3413654618473896
d146,edu_high,0.015968063872255488,0.01606425702811245
d147,location_urban,0,0
d147,location_rural,1,1
d147,hh_size1,0.18122977346278318,0.18122977346278318
d147,hh_size2,0.5533980582524272,0.5533980582524272
d147,hh_size3,0.08737864077669903,0.08737864077669903
d147,hh_size4,0.1779935275080906,0.1779935275080906
d147,m_0_to_29,0.04681647940074907,0.04681647940074907
d147,f_0_to_29,0.06179775280898876,0.06179775280898876
d147,m_30_to_59,0.31647940074906367,0.31647940074906367
d147,f_30_to_59,0.30711610486891383,0.30711610486891383
d147,m_gt_60,0.1441947565543071,0.1441947565543071
d147,f_gt_60,0.12359550561797752,0.12359550561797752
d147,edu_non,0.11382113821138211,0.11405295315682282
d147,edu_low,0.532520325203252,0.5315682281059063
d147,edu_middle,0.32926829268292684,0.329938900203666
d147,edu_high,0.024390243902439025,0.024439918533604887
d148,location_urban,1,1
d148,location_rural,0,0
d148,hh_size1,0.22792022792022792,0.23076923076923078
d148,hh_size2,0.42165242165242167,0.4188034188034188
d148,hh_size3,0.07692307692307693,0.07692307692307693
d148,hh_size4,0.27350427350427353,0.27350427350427353
d148,m_0_to_29,0.16998191681735986,0.17028985507246377
d148,f_0_to_29,0.16636528028933092,0.16666666666666666
d148,m_30_to_59,0.28933092224231466,0.28804347826086957
d148,f_30_to_59,0.28390596745027125,0.28442028985507245
d148,m_gt_60,0.048824593128390596,0.04891304347826087
d148,f_gt_60,0.04159132007233273,0.041666666666666664
d148,edu_non,0.05555555555555555,0.0536779324055666
d148,edu_low,0.24691358024691357,0.24254473161033796
d148,edu_middle,0.5823045267489712,0.5924453280318092
d148,edu_high,0.11522633744855967,0.11133200795228629
d149,location_urban,0,0
d149,location_rural,1,1
d149,hh_size1,0.19543973941368079,0.19480519480519481
d149,hh_size2,0.5732899022801303,0.5714285714285714
d149,hh_size3,0.05863192182410423,0.05844155844155844
d149,hh_size4,0.17263843648208468,0.17532467532467533
d149,m_0_to_29,0.05973025048169557,0.05961538461538462
d149,f_0_to_29,0.055876685934489405,0.05576923076923077
d149,m_30_to_59,0.29672447013487474,0.2980769230769231
d149,f_30_to_59,0.28901734104046245,0.28846153846153844
d149,m_gt_60,0.13872832369942195,0.13846153846153847
d149,f_gt_60,0.1599229287090559,0.1596153846153846
d149,edu_non,0.12962962962962962,0.13179916317991633
d149,edu_low,0.5329218106995884,0.5292887029288703
d149,edu_middle,0.3065843621399177,0.3075313807531381
d149,edu_high,0.030864197530864196,0.03138075313807531
d150,location_urban,0,0
d150,location_rural,1,1
d150,hh_size1,0.20132013201320131,0.20065789473684212
d150,hh_size2,0.5808580858085809,0.5789473684210527
d150,hh_size3,0.066006600660066,0.06578947368421052
d150,hh_size4,0.15181518151815182,0.15460526315789475
d150,m_0_to_29,0.06551059730250482,0.06538461538461539
d150,f_0_to_29,0.046242774566473986,0.046153846153846156
d150,m_30_to_59,0.28516377649325625,0.2865384615384615
d150,f_30_to_59,0.32755298651252407,0.3269230769230769
d150,m_gt_60,0.15028901734104047,0.15
d150,f_gt_60,0.1252408477842004,0.125
d150,edu_non,0.128099173553719,0.12783505154639174
d150,edu_low,0.53099173553719,0.5319587628865979
d150,edu_middle,0.32231404958677684,0.3216494845360825
d150,edu_high,0.01859504132231405,0.018556701030927835
d106,location_urban,0,0
d106,location_rural,1,1
d106,hh_size1,0.2,0.2
d106,hh_size2,0.5245901639344263,0.521311475409836
d106,hh_size3,0.08852459016393442,0.08852459016393442
d106,hh_size4,0.18688524590163935,0.1901639344262295
d106,m_0_to_29,0.038535645472061654,0.03861003861003861
d106,f_0_to_29,0.05973025048169557,0.059845559845559844
d106,m_30_to_59,0.29865125240847784,0.29922779922779924
d106,f_30_to_59,0.3236994219653179,0.3223938223938224
d106,m_gt_60,0.16377649325626203,0.1640926640926641
d106,f_gt_60,0.11560693641618497,0.11583011583011583
d106,edu_non,0.11875,0.11899791231732777
d106,edu_low,0.5208333333333334,0.5198329853862212
d106,edu_middle,0.33541666666666664,0.33611691022964507
d106,edu_high,0.025,0.025052192066805846
d136,location_urban,1,1
d136,location_rural,0,0
d136,hh_size1,0.2222222222222222,0.22163588390501318
d136,hh_size2,0.37566137566137564,0.3720316622691293
d136,hh_size3,0.07407407407407407,0.07387862796833773
d136,hh_size4,0.328042328042328,0.3324538258575198
d136,m_0_to_29,0.16666666666666666,0.16666666666666666
d136,f_0_to_29,0.1684027777777778,0.1684027777777778
d136,m_30_to_59,0.2829861111111111,0.2829861111111111
d136,f_30_to_59,0.2934027777777778,0.2934027777777778
d136,m_gt_60,0.03993055555555555,0.03993055555555555
d136,f_gt_60,0.04861111111111111,0.04861111111111111
d136,edu_non,0.07157057654075547,0.06976744186046512
d136,edu_low,0.23658051689860835,0.23062015503875968
d136,edu_middle,0.5984095427435387,0.6085271317829457
d136,edu_high,0.09343936381709742,0.09108527131782945
d111,location_urban,0,0
d111,location_rural,1,1
d111,hh_size1,0.2222222222222222,0.22151898734177214
d111,hh_size2,0.5746031746031746,0.569620253164557
d111,hh_size3,0.05714285714285714,0.056962025316455694
d111,hh_size4,0.14603174603174604,0.1518987341772152
d111,m_0_to_29,0.05075187969924812,0.05075187969924812
d111,f_0_to_29,0.03571428571428571,0.03571428571428571
d111,m_30_to_59,0.3101503759398496,0.3101503759398496
d111,f_30_to_59,0.2894736842105263,0.2894736842105263
d111,m_gt_60,0.16541353383458646,0.16541353383458646
d111,f_gt_60,0.14849624060150377,0.14849624060150377
d111,edu_non,0.09486166007905138,0.09561752988047809
d111,edu_low,0.5612648221343873,0.5597609561752988
d111,edu_middle,0.33201581027667987,0.33266932270916333
d111,edu_high,0.011857707509881422,0.01195219123505976
d153,location_urban,1,1
d153,location_rural,0,0
d153,hh_size1,0.23809523809523808,0.23595505617977527
d153,hh_size2,0.38375350140056025,0.38202247191011235
d153,hh_size3,0.0784313725490196,0.07865168539325842
d153,hh_size4,0.29971988795518206,0.30337078651685395
d153,m_0_to_29,0.19090909090909092,0.19160583941605838
d153,f_0_to_29,0.13454545454545455,0.13503649635036497
d153,m_30_to_59,0.29454545454545455,0.2956204379562044
d153,f_30_to_59,0.3,0.29744525547445255
d153,m_gt_60,0.05090909090909091,0.051094890510948905
d153,f_gt_60,0.02909090909090909,0.029197080291970802
d153,edu_non,0.06451612903225806,0.06490872210953347
d153,edu_low,0.22580645161290322,0.22718052738336714
d153,edu_middle,0.6028225806451613,0.6004056795131846
d153,edu_high,0.10685483870967742,0.1075050709939148
d154,location_urban,0,0
d154,location_rural,1,1
d154,hh_size1,0.24671052631578946,0.247557003257329
d154,hh_size2,0.5197368421052632,0.5146579804560261
d154,hh_size3,0.08552631578947369,0.08469055374592833
d154,hh_size4,0.14802631578947367,0.15309446254071662
d154,m_0_to_29,0.0622568093385214,0.061895551257253385
d154,f_0_to_29,0.054474708171206226,0.05415860735009671
d154,m_30_to_59,0.2782101167315175,0.2804642166344294
d154,f_30_to_59,0.29766536964980544,0.2978723404255319
d154,m_gt_60,0.1614785992217899,0.16054158607350097
d154,f_gt_60,0.14591439688715954,0.1450676982591876
d154,edu_non,0.09473684210526316,0.09473684210526316
d154,edu_low,0.5389473684210526,0.5389473684210526
d154,edu_middle,0.3452631578947368,0.3452631578947368
d154,edu_high,0.021052631578947368,0.021052631578947368
d156,location_urban,0,0
d156,location_rural,1,1
d156,hh_size1,0.19218241042345277,0.19281045751633988
d156,hh_size2,0.5765472312703583,0.5784313725490197
d156,hh_size3,0.0749185667752443,0.07516339869281045
d156,hh_size4,0.1563517915309446,0.15359477124183007
d156,m_0_to_29,0.04150943396226415,0.04158790170132325
d156,f_0_to_29,0.05471698113207547,0.054820415879017016
d156,m_30_to_59,0.3018867924528302,0.3005671077504726
d156,f_30_to_59,0.3150943396226415,0.31568998109640833
d156,m_gt_60,0.1641509433962264,0.16446124763705103
d156,f_gt_60,0.12264150943396226,0.12287334593572778
d156,edu_non,0.10772357723577236,0.10578842315369262
d156,edu_low,0.5548780487804879,0.5568862275449101
d156,edu_middle,0.30691056910569103,0.3073852295409182
d156,edu_high,0.03048780487804878,0.029940119760479042
d157,location_urban,1,1
d157,location_rural,0,0
d157,hh_size1,0.21908127208480566,0.21554770318021202
d157,hh_size2,0.5936395759717314,0.5971731448763251
d157,hh_size3,0.07773851590106007,0.07773851590106007
d157,hh_size4,0.10954063604240283,0.10954063604240283
d157,m_0_to_29,0.08484848484848485,0.08266129032258064
d157,f_0_to_29,0.04242424242424243,0.04233870967741935
d157,m_30_to_59,0.31313131313131315,0.31451612903225806
d157,f_30_to_59,0.29494949494949496,0.2963709677419355
d157,m_gt_60,0.12323232323232323,0.12298387096774194
d157,f_gt_60,0.1414141414141414,0.14112903225806453
d157,edu_non,0.06638115631691649,0.06768558951965066
d157,edu_low,0.3747323340471092,0.37554585152838427
d157,edu_middle,0.5096359743040685,0.5065502183406113
d157,edu_high,0.04925053533190578,0.05021834061135371
d158,location_urban,0,0
d158,location_rural,1,1
d158,hh_size1,0.26198083067092653,0.2611464968152866
d158,hh_size2,0.5303514376996805,0.5318471337579618
d158,hh_size3,0.054313099041533544,0.054140127388535034
d158,hh_size4,0.15335463258785942,0.15286624203821655
d158,m_0_to_29,0.04873294346978557,0.04854368932038835
d158,f_0_to_29,0.04483430799220273,0.04466019417475728
d158,m_30_to_59,0.3138401559454191,0.3145631067961165
d158,f_30_to_59,0.31189083820662766,0.312621359223301
d158,m_gt_60,0.15204678362573099,0.15145631067961166
d158,f_gt_60,0.1286549707602339,0.12815533980582525
d158,edu_non,0.10743801652892562,0.10699588477366255
d158,edu_low,0.5330578512396694,0.5329218106995884
d158,edu_middle,0.33264462809917356,0.3333333333333333
d158,edu_high,0.026859504132231406,0.026748971193415638
d159,location_urban,0,0
d159,location_rural,1,1
d159,hh_size1,0.20743034055727555,0.20743034055727555
d159,hh_size2,0.5758513931888545,0.5789473684210527
d159,hh_size3,0.06191950464396285,0.06191950464396285
d159,hh_size4,0.15479876160990713,0.15170278637770898
d159,m_0_to_29,0.052823315118397086,0.05272727272727273
d159,f_0_to_29,0.04918032786885246,0.04909090909090909
d159,m_30_to_59,0.29508196721311475,0.29454545454545455
d159,f_30_to_59,0.3333333333333333,0.33454545454545453
d159,m_gt_60,0.14389799635701275,0.14363636363636365
d159,f_gt_60,0.12568306010928962,0.12545454545454546
d159,edu_non,0.11545988258317025,0.115234375
d159,edu_low,0.538160469667319,0.5390625
d159,edu_middle,0.33072407045009783,0.330078125
d159,edu_high,0.015655577299412915,0.015625
d160,location_urban,0,0
d160,location_rural,1,1
d160,hh_size1,0.20771513353115728,0.21068249258160238
d160,hh_size2,0.5311572700296736,0.5341246290801187
d160,hh_size3,0.06528189910979229,0.06528189910979229
d160,hh_size4,0.19584569732937684,0.18991097922848665
d160,m_0_to_29,0.060714285714285714,0.06060606060606061
d160,f_0_to_29,0.03571428571428571,0.035650623885918005
d160,m_30_to_59,0.32142857142857145,0.3226381461675579
d160,f_30_to_59,0.2785714285714286,0.27807486631016043
d160,m_gt_60,0.16071428571428573,0.16042780748663102
d160,f_gt_60,0.14285714285714285,0.14260249554367202
d160,edu_non,0.11068702290076336,0.11026615969581749
d160,edu_low,0.5057251908396947,0.5057034220532319
d160,edu_middle,0.36259541984732824,0.36311787072243346
d160,edu_high,0.02099236641221374,0.02091254752851711
d162,location_urban,0,0
d162,location_rural,1,1
d162,hh_size1,0.17363344051446947,0.17307692307692307
d162,hh_size2,0.5787781350482315,0.5801282051282052
d162,hh_size3,0.04501607717041801,0.04487179487179487
d162,hh_size4,0.20257234726688103,0.20192307692307693
d162,m_0_to_29,0.046242774566473986,0.046065259117082535
d162,f_0_to_29,0.05394990366088632,0.053742802303262956
d162,m_30_to_59,0.34296724470134876,0.345489443378119
d162,f_30_to_59,0.26011560693641617,0.2591170825335892
d162,m_gt_60,0.13680154142581888,0.1362763915547025
d162,f_gt_60,0.1599229287090559,0.15930902111324377
d162,edu_non,0.11270491803278689,0.11133603238866396
d162,edu_low,0.5717213114754098,0.5748987854251012
d162,edu_middle,0.30327868852459017,0.3016194331983806
d162,edu_high,0.012295081967213115,0.012145748987854251
d164,location_urban,0,0
d164,location_rural,1,1
d164,hh_size1,0.18892508143322476,0.18892508143322476
d164,hh_size2,0.5798045602605864,0.5798045602605864
d164,hh_size3,0.05863192182410423,0.05863192182410423
d164,hh_size4,0.17263843648208468,0.17263843648208468
d164,m_0_to_29,0.036468330134357005,0.036468330134357005
d164,f_0_to_29,0.04222648752399232,0.04222648752399232
d164,m_30_to_59,0.29558541266794625,0.29558541266794625
d164,f_30_to_59,0.2763915547024952,0.2763915547024952
d164,m_gt_60,0.15163147792706333,0.15163147792706333
d164,f_gt_60,0.19769673704414586,0.19769673704414586
d164,edu_non,0.1285140562248996,0.12877263581488935
d164,edu_low,0.5381526104417671,0.5372233400402414
d164,edu_middle,0.3152610441767068,0.3158953722334004
d164,edu_high,0.018072289156626505,0.018108651911468814
d163,location_urban,0,0
d163,location_rural,1,1
d163,hh_size1,0.2276923076923077,0.22839506172839505
d163,hh_size2,0.56,0.5617283950617284
d163,hh_size3,0.04,0.040123456790123455
d163,hh_size4,0.1723076923076923,0.1697530864197531
d163,m_0_to_29,0.04878048780487805,0.04887218045112782
d163,f_0_to_29,0.04690431519699812,0.046992481203007516
d163,m_30_to_59,0.2945590994371482,0.2951127819548872
d163,f_30_to_59,0.32082551594746717,0.31954887218045114
d163,m_gt_60,0.1294559099437148,0.12969924812030076
d163,f_gt_60,0.15947467166979362,0.15977443609022557
d163,edu_non,0.122,0.12103174603174603
d163,edu_low,0.544,0.5456349206349206
d163,edu_middle,0.306,0.3055555555555556
d163,edu_high,0.028,0.027777777777777776
d161,location_urban,0,0
d161,location_rural,1,1
d161,hh_size1,0.18241042345276873,0.18122977346278318
d161,hh_size2,0.5928338762214984,0.5922330097087378
d161,hh_size3,0.0749185667752443,0.0744336569579288
d161,hh_size4,0.1498371335504886,0.15210355987055016
d161,m_0_to_29,0.048598130841121495,0.048327137546468404
d161,f_0_to_29,0.04299065420560748,0.04275092936802974
d161,m_30_to_59,0.29345794392523367,0.2936802973977695
d161,f_30_to_59,0.30093457943925234,0.30111524163568776
d161,m_gt_60,0.14953271028037382,0.14869888475836432
d161,f_gt_60,0.16448598130841122,0.1654275092936803
d161,edu_non,0.14285714285714285,0.14257425742574256
d161,edu_low,0.5297619047619048,0.5306930693069307
d161,edu_middle,0.3115079365079365,0.3108910891089109
d161,edu_high,0.015873015873015872,0.015841584158415842
d165,location_urban,0,0
d165,location_rural,1,1
d165,hh_size1,0.22018348623853212,0.2225609756097561
d165,hh_size2,0.5259938837920489,0.524390243902439
d165,hh_size3,0.0581039755351682,0.057926829268292686
d165,hh_size4,0.19571865443425077,0.1951219512195122
d165,m_0_to_29,0.061452513966480445,0.06133828996282528
d165,f_0_to_29,0.055865921787709494,0.055762081784386616
d165,m_30_to_59,0.27001862197392923,0.2695167286245353
d165,f_30_to_59,0.3054003724394786,0.3066914498141264
d165,m_gt_60,0.1378026070763501,0.137546468401487
d165,f_gt_60,0.16945996275605213,0.1691449814126394
d165,edu_non,0.10020040080160321,0.09900990099009901
d165,edu_low,0.5490981963927856,0.5504950495049505
d165,edu_middle,0.32665330661322645,0.32673267326732675
d165,edu_high,0.02404809619238477,0.023762376237623763
d166,location_urban,0,0
d166,location_rural,1,1
d166,hh_size1,0.18072289156626506,0.18072289156626506
d166,hh_size2,0.5903614457831325,0.5903614457831325
d166,hh_size3,0.060240963855421686,0.060240963855421686
d166,hh_size4,0.1686746987951807,0.1686746987951807
d166,m_0_to_29,0.04929577464788732,0.04929577464788732
d166,f_0_to_29,0.05985915492957746,0.05985915492957746
d166,m_30_to_59,0.2852112676056338,0.2852112676056338
d166,f_30_to_59,0.3257042253521127,0.3257042253521127
d166,m_gt_60,0.13732394366197184,0.13732394366197184
d166,f_gt_60,0.1426056338028169,0.1426056338028169
d166,edu_non,0.10902255639097744,0.10984848484848485
d166,edu_low,0.5375939849624061,0.5359848484848485
d166,edu_middle,0.3383458646616541,0.3390151515151515
d166,edu_high,0.015037593984962405,0.015151515151515152
d169,location_urban,0,0
d169,location_rural,1,1
d169,hh_size1,0.2517985611510791,0.2536231884057971
d169,hh_size2,0.6187050359712231,0.6231884057971014
d169,hh_size3,0.046762589928057555,0.04710144927536232
d169,hh_size4,0.08273381294964029,0.07608695652173914
d169,m_0_to_29,0.029411764705882353,0.029535864978902954
d169,f_0_to_29,0.031512605042016806,0.03164556962025317
d169,m_30_to_59,0.3130252100840336,0.31223628691983124
d169,f_30_to_59,0.3319327731092437,0.33122362869198313
d169,m_gt_60,0.12605042016806722,0.12658227848101267
d169,f_gt_60,0.16806722689075632,0.16877637130801687
d169,edu_non,0.08874458874458875,0.08991228070175439
d169,edu_low,0.538961038961039,0.5372807017543859
d169,edu_middle,0.354978354978355,0.35526315789473684
d169,edu_high,0.017316017316017316,0.017543859649122806
d168,location_urban,0,0
d168,location_rural,1,1
d168,hh_size1,0.21450151057401812,0.21580547112462006
d168,hh_size2,0.5709969788519638,0.574468085106383
d168,hh_size3,0.06646525679758308,0.0668693009118541
d168,hh_size4,0.14803625377643503,0.14285714285714285
d168,m_0_to_29,0.03546099290780142,0.03558718861209965
d168,f_0_to_29,0.05319148936170213,0.05338078291814947
d168,m_30_to_59,0.3049645390070922,0.304270462633452
d168,f_30_to_59,0.3351063829787234,0.33451957295373663
d168,m_gt_60,0.1524822695035461,0.15302491103202848
d168,f_gt_60,0.11879432624113476,0.11921708185053381
d168,edu_non,0.11742424242424243,0.11764705882352941
d168,edu_low,0.5378787878787878,0.538899430740038
d168,edu_middle,0.3143939393939394,0.31309297912713474
d168,edu_high,0.030303030303030304,0.030360531309297913
d170,location_urban,0,0
d170,location_rural,1,1
d170,hh_size1,0.21864951768488747,0.21864951768488747
d170,hh_size2,0.572347266881029,0.572347266881029
d170,hh_size3,0.08681672025723473,0.08681672025723473
d170,hh_size4,0.12218649517684887,0.12218649517684887
d170,m_0_to_29,0.05156537753222836,0.05156537753222836
d170,f_0_to_29,0.058931860036832415,0.058931860036832415
d170,m_30_to_59,0.287292817679558,0.289134438305709
d170,f_30_to_59,0.3149171270718232,0.31307550644567217
d170,m_gt_60,0.14917127071823205,0.14917127071823205
d170,f_gt_60,0.13812154696132597,0.13812154696132597
d170,edu_non,0.11462450592885376,0.11462450592885376
d170,edu_low,0.5177865612648221,0.5177865612648221
d170,edu_middle,0.3339920948616601,0.3339920948616601
d170,edu_high,0.03359683794466403,0.03359683794466403
d167,location_urban,1,1
d167,location_rural,0,0
d167,hh_size1,0.27887323943661974,0.2824858757062147
d167,hh_size2,0.43380281690140843,0.4322033898305085
d167,hh_size3,0.056338028169014086,0.05649717514124294
d167,hh_size4,0.23098591549295774,0.2288135593220339
d167,m_0_to_29,0.15846994535519127,0.1590493601462523
d167,f_0_to_29,0.15300546448087432,0.15539305301645337
d167,m_30_to_59,0.29690346083788705,0.2943327239488117
d167,f_30_to_59,0.3242258652094718,0.3235831809872029
d167,m_gt_60,0.030965391621129327,0.031078610603290677
d167,f_gt_60,0.03642987249544627,0.03656307129798903
d167,edu_non,0.07847082494969819,0.07632093933463796
d167,edu_low,0.24748490945674045,0.24266144814090018
d167,edu_middle,0.5875251509054326,0.5968688845401174
d167,edu_high,0.08651911468812877,0.08414872798434442
d171,location_urban,0,0
d171,location_rural,1,1
d171,hh_size1,0.23076923076923078,0.23076923076923078
d171,hh_size2,0.4881656804733728,0.4911242603550296
d171,hh_size3,0.0650887573964497,0.0650887573964497
d171,hh_size4,0.21597633136094674,0.21301775147928995
d171,m_0_to_29,0.054844606946983544,0.05474452554744526
d171,f_0_to_29,0.05301645338208409,0.05291970802919708
d171,m_30_to_59,0.29981718464351004,0.29927007299270075
d171,f_30_to_59,0.31078610603290674,0.31204379562043794
d171,m_gt_60,0.14625228519195613,0.145985401459854
d171,f_gt_60,0.13528336380255943,0.13503649635036497
d171,edu_non,0.11176470588235295,0.11176470588235295
d171,edu_low,0.5607843137254902,0.5607843137254902
d171,edu_middle,0.31176470588235294,0.31176470588235294
d171,edu_high,0.01568627450980392,0.01568627450980392
d172,location_urban,1,1
d172,location_rural,0,0
d172,hh_size1,0.23905723905723905,0.2348993288590604
d172,hh_size2,0.6026936026936027,0.6040268456375839
d172,hh_size3,0.07407407407407407,0.0738255033557047
d172,hh_size4,0.08417508417508418,0.087248322147651
d172,m_0_to_29,0.06153846153846154,0.05938697318007663
d172,f_0_to_29,0.051923076923076926,0.05172413793103448
d172,m_30_to_59,0.3230769230769231,0.32567049808429116
d172,f_30_to_59,0.3384615384615385,0.33524904214559387
d172,m_gt_60,0.09807692307692308,0.09770114942528736
d172,f_gt_60,0.12692307692307692,0.13026819923371646
d172,edu_non,0.08519269776876268,0.08695652173913043
d172,edu_low,0.35699797160243407,0.36024844720496896
d172,edu_middle,0.5152129817444219,0.5093167701863354
d172,edu_high,0.04259634888438134,0.043478260869565216
d173,location_urban,0,0
d173,location_rural,1,1
d173,hh_size1,0.218562874251497,0.2208955223880597
d173,hh_size2,0.5389221556886228,0.5343283582089552
d173,hh_size3,0.0658682634730539,0.06567164179104477
d173,hh_size4,0.17664670658682635,0.1791044776119403
d173,m_0_to_29,0.05197132616487455,0.05197132616487455
d173,f_0_to_29,0.05555555555555555,0.05555555555555555
d173,m_30_to_59,0.3100358422939068,0.3100358422939068
d173,f_30_to_59,0.3118279569892473,0.3118279569892473
d173,m_gt_60,0.12903225806451613,0.12903225806451613
d173,f_gt_60,0.14157706093189965,0.14157706093189965
d173,edu_non,0.13618677042801555,0.13539651837524178
d173,edu_low,0.5175097276264592,0.5183752417794971
d173,edu_middle,0.32490272373540857,0.32495164410058025
d173,edu_high,0.021400778210116732,0.02127659574468085
d175,location_urban,0,0
d175,location_rural,1,1
d175,hh_size1,0.2041522491349481,0.2041522491349481
d175,hh_size2,0.629757785467128,0.6332179930795848
d175,hh_size3,0.04844290657439446,0.04844290657439446
d175,hh_size4,0.11764705882352941,0.11418685121107267
d175,m_0_to_29,0.04809619238476954,0.048
d175,f_0_to_29,0.026052104208416832,0.026
d175,m_30_to_59,0.3166332665330661,0.318
d175,f_30_to_59,0.33266533066132264,0.332
d175,m_gt_60,0.13026052104208416,0.13
d175,f_gt_60,0.1462925851703407,0.146
d175,edu_non,0.10833333333333334,0.10833333333333334
d175,edu_low,0.5604166666666667,0.5604166666666667
d175,edu_middle,0.31666666666666665,0.31666666666666665
d175,edu_high,0.014583333333333334,0.014583333333333334
d177,location_urban,0,0
d177,location_rural,1,1
d177,hh_size1,0.22397476340694006,0.225
d177,hh_size2,0.526813880126183,0.521875
d177,hh_size3,0.06309148264984227,0.0625
d177,hh_size4,0.1861198738170347,0.190625
d177,m_0_to_29,0.05152671755725191,0.051233396584440226
d177,f_0_to_29,0.07633587786259542,0.07590132827324478
d177,m_30_to_59,0.31679389312977096,0.3187855787476281
d177,f_30_to_59,0.25572519083969464,0.25616698292220114
d177,m_gt_60,0.15458015267175573,0.15370018975332067
d177,f_gt_60,0.1450381679389313,0.1442125237191651
d177,edu_non,0.10721649484536082,0.10677618069815195
d177,edu_low,0.5463917525773195,0.5482546201232033
d177,edu_middle,0.33814432989690724,0.33675564681724846
d177,edu_high,0.008247422680412371,0.008213552361396304
d178,location_urban,0,0
d178,location_rural,1,1
d178,hh_size1,0.21580547112462006,0.21712538226299694
d178,hh_size2,0.5379939209726444,0.5412844036697247
d178,hh_size3,0.0729483282674772,0.07339449541284404
d178,hh_size4,0.17325227963525835,0.16819571865443425
d178,m_0_to_29,0.048736462093862815,0.04891304347826087
d178,f_0_to_29,0.07220216606498195,0.07246376811594203
d178,m_30_to_59,0.30505415162454874,0.30434782608695654
d178,f_30_to_59,0.2743682310469314,0.27355072463768115
d178,m_gt_60,0.14981949458483754,0.1503623188405797
d178,f_gt_60,0.14981949458483754,0.1503623188405797
d178,edu_non,0.11394891944990176,0.11218568665377177
d178,edu_low,0.5402750491159135,0.5415860735009671
d178,edu_middle,0.32612966601178783,0.32688588007736946
d178,edu_high,0.019646365422396856,0.019342359767891684
d174,location_urban,0,0
d174,location_rural,1,1
d174,hh_size1,0.17712177121771217,0.17777777777777778
d174,hh_size2,0.6494464944649446,0.6518518518518519
d174,hh_size3,0.07011070110701106,0.07037037037037037
d174,hh_size4,0.1033210332103321,0.1
d174,m_0_to_29,0.04536082474226804,0.045454545454545456
d174,f_0_to_29,0.04742268041237113,0.047520661157024795
d174,m_30_to_59,0.32989690721649484,0.3285123966942149
d174,f_30_to_59,0.2948453608247423,0.29545454545454547
d174,m_gt_60,0.1422680412371134,0.14256198347107438
d174,f_gt_60,0.1402061855670103,0.14049586776859505
d174,edu_non,0.12253829321663019,0.1222707423580786
d174,edu_low,0.5689277899343544,0.5698689956331878
d174,edu_middle,0.2844638949671772,0.2838427947598253
d174,edu_high,0.024070021881838075,0.024017467248908297
d183,location_urban,0,0
d183,location_rural,1,1
d183,hh_size1,0.1853035143769968,0.1858974358974359
d183,hh_size2,0.549520766773163,0.5544871794871795
d183,hh_size3,0.051118210862619806,0.05128205128205128
d183,hh_size4,0.21405750798722045,0.20833333333333334
d183,m_0_to_29,0.058027079303675046,0.058027079303675046
d183,f_0_to_29,0.04448742746615087,0.04448742746615087
d183,m_30_to_59,0.344294003868472,0.344294003868472
d183,f_30_to_59,0.29593810444874274,0.29593810444874274
d183,m_gt_60,0.13733075435203096,0.13733075435203096
d183,f_gt_60,0.11992263056092843,0.11992263056092843
d183,edu_non,0.11203319502074689,0.1111111111111111
d183,edu_low,0.5456431535269709,0.5473251028806584
d183,edu_middle,0.3132780082987552,0.31275720164609055
d183,edu_high,0.029045643153526972,0.02880658436213992
d132,location_urban,0,0
d132,location_rural,1,1
d132,hh_size1,0.17491749174917492,0.17434210526315788
d132,hh_size2,0.6600660066006601,0.6578947368421053
d132,hh_size3,0.0462046204620462,0.046052631578947366
d132,hh_size4,0.1188118811881188,0.12171052631578948
d132,m_0_to_29,0.03766478342749529,0.03759398496240601
d132,f_0_to_29,0.04519774011299435,0.045112781954887216
d132,m_30_to_59,0.3126177024482109,0.31390977443609025
d132,f_30_to_59,0.2749529190207156,0.2744360902255639
d132,m_gt_60,0.1431261770244821,0.14285714285714285
d132,f_gt_60,0.1864406779661017,0.18609022556390978
d132,edu_non,0.11198428290766209,0.11287128712871287
d132,edu_low,0.5442043222003929,0.5445544554455446
d132,edu_middle,0.32220039292730845,0.3207920792079208
d132,edu_high,0.021611001964636542,0.02178217821782178
d128,location_urban,0,0
d128,location_rural,1,1
d128,hh_size1,0.23098591549295774,0.2303370786516854
d128,hh_size2,0.504225352112676,0.5056179775280899
d128,hh_size3,0.07323943661971831,0.07303370786516854
d128,hh_size4,0.19154929577464788,0.19101123595505617
d128,m_0_to_29,0.06313993174061433,0.06292517006802721
d128,f_0_to_29,0.06313993174061433,0.06292517006802721
d128,m_30_to_59,0.2883959044368601,0.2891156462585034
d128,f_30_to_59,0.30887372013651876,0.30952380952380953
d128,m_gt_60,0.13651877133105803,0.1360544217687075
d128,f_gt_60,0.13993174061433447,0.13945578231292516
d128,edu_non,0.14656771799628943,0.14766355140186915
d128,edu_low,0.5269016697588126,0.525233644859813
d128,edu_middle,0.3116883116883117,0.3121495327102804
d128,edu_high,0.014842300556586271,0.014953271028037384
d185,location_urban,1,1
d185,location_rural,0,0
d185,hh_size1,0.2563176895306859,0.2527075812274368
d185,hh_size2,0.6498194945848376,0.6534296028880866
d185,hh_size3,0.04332129963898917,0.04332129963898917
d185,hh_size4,0.05054151624548736,0.05054151624548736
d185,m_0_to_29,0.0498960498960499,0.04979253112033195
d185,f_0_to_29,0.029106029106029108,0.029045643153526972
d185,m_30_to_59,0.3284823284823285,0.32987551867219916
d185,f_30_to_59,0.30145530145530147,0.2966804979253112
d185,m_gt_60,0.13721413721413722,0.13900414937759337
d185,f_gt_60,0.15384615384615385,0.15560165975103735
d185,edu_non,0.07725321888412018,0.0784313725490196
d185,edu_low,0.3969957081545064,0.39869281045751637
d185,edu_middle,0.48497854077253216,0.48148148148148145
d185,edu_high,0.0407725321888412,0.04139433551198257
d186,location_urban,0,0
d186,location_rural,1,1
d186,hh_size1,0.24825174825174826,0.24912280701754386
d186,hh_size2,0.5664335664335665,0.5719298245614035
d186,hh_size3,0.05944055944055944,0.05964912280701754
d186,hh_size4,0.1258741258741259,0.11929824561403508
d186,m_0_to_29,0.04979253112033195,0.04979253112033195
d186,f_0_to_29,0.043568464730290454,0.043568464730290454
d186,m_30_to_59,0.34024896265560167,0.34024896265560167
d186,f_30_to_59,0.3070539419087137,0.3070539419087137
d186,m_gt_60,0.12240663900414937,0.12240663900414937
d186,f_gt_60,0.13692946058091288,0.13692946058091288
d186,edu_non,0.11013215859030837,0.1091703056768559
d186,edu_low,0.5242290748898678,0.5262008733624454
d186,edu_middle,0.33480176211453744,0.33406113537117904
d186,edu_high,0.030837004405286344,0.03056768558951965
d187,location_urban,0,0
d187,location_rural,1,1
d187,hh_size1,0.2195845697329377,0.2195845697329377
d187,hh_size2,0.5667655786350149,0.56973293768546
d187,hh_size3,0.04747774480712166,0.04747774480712166
d187,hh_size4,0.1661721068249258,0.1632047477744807
d187,m_0_to_29,0.03571428571428571,0.035650623885918005
d187,f_0_to_29,0.05714285714285714,0.0570409982174688
d187,m_30_to_59,0.3053571428571429,0.3065953654188948
d187,f_30_to_59,0.29642857142857143,0.29590017825311943
d187,m_gt_60,0.15535714285714286,0.15508021390374332
d187,f_gt_60,0.15,0.1497326203208556
d187,edu_non,0.14638783269961977,0.14528301886792452
d187,edu_low,0.5342205323193916,0.5358490566037736
d187,edu_middle,0.30228136882129275,0.3018867924528302
d187,edu_high,0.017110266159695818,0.016981132075471698
d188,location_urban,1,1
d188,location_rural,0,0
d188,hh_size1,0.257396449704142,0.25663716814159293
d188,hh_size2,0.39349112426035504,0.3893805309734513
d188,hh_size3,0.047337278106508875,0.0471976401179941
d188,hh_size4,0.30177514792899407,0.30678466076696165
d188,m_0_to_29,0.15705765407554673,0.15705765407554673
d188,f_0_to_29,0.18687872763419483,0.18886679920477137
d188,m_30_to_59,0.2624254473161034,0.2624254473161034
d188,f_30_to_59,0.31809145129224653,0.31610337972166996
d188,m_gt_60,0.041749502982107355,0.041749502982107355
d188,f_gt_60,0.033797216699801194,0.033797216699801194
d188,edu_non,0.06502242152466367,0.06359649122807018
d188,edu_low,0.23542600896860988,0.2324561403508772
d188,edu_middle,0.6076233183856502,0.6140350877192983
d188,edu_high,0.09192825112107623,0.08991228070175439
d190,location_urban,0,0
d190,location_rural,1,1
d190,hh_size1,0.22183098591549297,0.22105263157894736
d190,hh_size2,0.6373239436619719,0.6350877192982456
d190,hh_size3,0.05985915492957746,0.05964912280701754
d190,hh_size4,0.08098591549295775,0.08421052631578947
d190,m_0_to_29,0.03807615230460922,0.038
d190,f_0_to_29,0.04408817635270541,0.044
d190,m_30_to_59,0.3046092184368738,0.304
d190,f_30_to_59,0.3026052104208417,0.304
d190,m_gt_60,0.156312625250501,0.156
d190,f_gt_60,0.15430861723446893,0.154
d190,edu_non,0.11064718162839249,0.10995850622406639
d190,edu_low,0.5427974947807933,0.5435684647302904
d190,edu_middle,0.325678496868476,0.3257261410788382
d190,edu_high,0.020876826722338204,0.02074688796680498
d130,location_urban,0,0
d130,location_rural,1,1
d130,hh_size1,0.21153846153846154,0.2108626198083067
d130,hh_size2,0.5737179487179487,0.5718849840255591
d130,hh_size3,0.08974358974358974,0.08945686900958466
d130,hh_size4,0.125,0.12779552715654952
d130,m_0_to_29,0.062157221206581355,0.06204379562043796
d130,f_0_to_29,0.04570383912248629,0.04562043795620438
d130,m_30_to_59,0.3217550274223035,0.32116788321167883
d130,f_30_to_59,0.2870201096892139,0.28832116788321166
d130,m_gt_60,0.14442413162705667,0.14416058394160583
d130,f_gt_60,0.13893967093235832,0.1386861313868613
d130,edu_non,0.09746588693957114,0.0984251968503937
d130,edu_low,0.557504873294347,0.5551181102362205
d130,edu_middle,0.3235867446393762,0.3248031496062992
d130,edu_high,0.021442495126705652,0.021653543307086614
d176,location_urban,1,1
d176,location_rural,0,0
d176,hh_size1,0.22507122507122507,0.2257142857142857
d176,hh_size2,0.41595441595441596,0.4114285714285714
d176,hh_size3,0.039886039886039885,0.04
d176,hh_size4,0.3190883190883191,0.32285714285714284
d176,m_0_to_29,0.11428571428571428,0.11494252873563218
d176,f_0_to_29,0.14666666666666667,0.1475095785440613
d176,m_30_to_59,0.34095238095238095,0.34099616858237547
d176,f_30_to_59,0.30666666666666664,0.3045977011494253
d176,m_gt_60,0.04380952380952381,0.044061302681992334
d176,f_gt_60,0.047619047619047616,0.04789272030651341
d176,edu_non,0.06378600823045268,0.06326530612244897
d176,edu_low,0.25925925925925924,0.25918367346938775
d176,edu_middle,0.5740740740740741,0.5755102040816327
d176,edu_high,0.102880658436214,0.10204081632653061
d191,location_urban,0,0
d191,location_rural,1,1
d191,hh_size1,0.19298245614035087,0.1935483870967742
d191,hh_size2,0.5292397660818714,0.530791788856305
d191,hh_size3,0.08187134502923976,0.08211143695014662
d191,hh_size4,0.195906432748538,0.1935483870967742
d191,m_0_to_29,0.06044905008635579,0.06055363321799308
d191,f_0_to_29,0.05872193436960276,0.058823529411764705
d191,m_30_to_59,0.2918825561312608,0.2906574394463668
d191,f_30_to_59,0.3143350604490501,0.314878892733564
d191,m_gt_60,0.13989637305699482,0.14013840830449828
d191,f_gt_60,0.13471502590673576,0.13494809688581316
d191,edu_non,0.09665427509293681,0.09701492537313433
d191,edu_low,0.5724907063197026,0.5708955223880597
d191,edu_middle,0.2992565055762082,0.3003731343283582
d191,edu_high,0.031598513011152414,0.03171641791044776
d192,location_urban,1,1
d192,location_rural,0,0
d192,hh_size1,0.24262295081967214,0.23529411764705882
d192,hh_size2,0.6065573770491803,0.6078431372549019
d192,hh_size3,0.03278688524590164,0.032679738562091505
d192,hh_size4,0.1180327868852459,0.12418300653594772
d192,m_0_to_29,0.058823529411764705,0.05859375
d192,f_0_to_29,0.043137254901960784,0.04296875
d192,m_30_to_59,0.3764705882352941,0.373046875
d192,f_30_to_59,0.30392156862745096,0.306640625
d192,m_gt_60,0.10980392156862745,0.109375
d192,f_gt_60,0.10784313725490197,0.109375
d192,edu_non,0.07317073170731707,0.07515657620041753
d192,edu_low,0.3902439024390244,0.3903966597077244
d192,edu_middle,0.4898373983739837,0.48643006263048016
d192,edu_high,0.046747967479674794,0.04801670146137787
d193,location_urban,0,0
d193,location_rural,1,1
d193,hh_size1,0.14461538461538462,0.14461538461538462
d193,hh_size2,0.5476923076923077,0.5507692307692308
d193,hh_size3,0.07076923076923076,0.07076923076923076
d193,hh_size4,0.23692307692307693,0.23384615384615384
d193,m_0_to_29,0.058287795992714025,0.05818181818181818
d193,f_0_to_29,0.04918032786885246,0.04909090909090909
d193,m_30_to_59,0.3005464480874317,0.3
d193,f_30_to_59,0.3151183970856102,0.31636363636363635
d193,m_gt_60,0.1366120218579235,0.13636363636363635
d193,f_gt_60,0.14025500910746813,0.14
d193,edu_non,0.0962671905697446,0.0958904109589041
d193,edu_low,0.4911591355599214,0.4911937377690802
d193,edu_middle,0.3929273084479371,0.3933463796477495
d193,edu_high,0.019646365422396856,0.019569471624266144
d194,location_urban,1,1
d194,location_rural,0,0
d194,hh_size1,0.26112759643916916,0.2619047619047619
d194,hh_size2,0.3768545994065282,0.37797619047619047
d194,hh_size3,0.0712166172106825,0.07142857142857142
d194,hh_size4,0.29080118694362017,0.28869047619047616
d194,m_0_to_29,0.1875,0.18590998043052837
d194,f_0_to_29,0.12109375,0.12133072407045009
d194,m_30_to_59,0.337890625,0.33659491193737767
d194,f_30_to_59,0.263671875,0.26614481409001955
d194,m_gt_60,0.037109375,0.03718199608610567
d194,f_gt_60,0.052734375,0.05283757338551859
d194,edu_non,0.0989247311827957,0.0968421052631579
d194,edu_low,0.22365591397849463,0.22105263157894736
d194,edu_middle,0.5827956989247312,0.5894736842105263
d194,edu_high,0.09462365591397849,0.09263157894736843
d195,location_urban,0,0
d195,location_rural,1,1
d195,hh_size1,0.18243243243243243,0.18305084745762712
d195,hh_size2,0.5709459459459459,0.5728813559322034
d195,hh_size3,0.09121621621621621,0.09152542372881356
d195,hh_size4,0.1554054054054054,0.15254237288135594
d195,m_0_to_29,0.057803468208092484,0.05791505791505792
d195,f_0_to_29,0.06165703275529865,0.06177606177606178
d195,m_30_to_59,0.30828516377649323,0.30694980694980695
d195,f_30_to_59,0.2947976878612717,0.2953667953667954
d195,m_gt_60,0.14836223506743737,0.14864864864864866
d195,f_gt_60,0.12909441233140656,0.12934362934362933
d195,edu_non,0.11320754716981132,0.1134453781512605
d195,edu_low,0.5660377358490566,0.5651260504201681
d195,edu_middle,0.29350104821802936,0.29411764705882354
d195,edu_high,0.027253668763102725,0.0273109243697479
d196,location_urban,1,1
d196,location_rural,0,0
d196,hh_size1,0.2572347266881029,0.2564102564102564
d196,hh_size2,0.5819935691318328,0.5801282051282052
d196,hh_size3,0.03536977491961415,0.035256410256410256
d196,hh_size4,0.12540192926045016,0.1282051282051282
d196,m_0_to_29,0.05058365758754864,0.05048543689320388
d196,f_0_to_29,0.04085603112840467,0.040776699029126215
d196,m_30_to_59,0.33657587548638135,0.3378640776699029
d196,f_30_to_59,0.33657587548638135,0.3359223300970874
d196,m_gt_60,0.11867704280155641,0.11844660194174757
d196,f_gt_60,0.11673151750972763,0.11650485436893204
d196,edu_non,0.0907258064516129,0.0907258064516129
d196,edu_low,0.38911290322580644,0.38911290322580644
d196,edu_middle,0.4778225806451613,0.4778225806451613
d196,edu_high,0.04233870967741935,0.04233870967741935
d197,location_urban,0,0
d197,location_rural,1,1
d197,hh_size1,0.20909090909090908,0.20972644376899696
d197,hh_size2,0.5818181818181818,0.5805471124620061
d197,hh_size3,0.030303030303030304,0.030395136778115502
d197,hh_size4,0.1787878787878788,0.17933130699088146
d197,m_0_to_29,0.02952029520295203,0.02962962962962963
d197,f_0_to_29,0.03874538745387454,0.03888888888888889
d197,m_30_to_59,0.3413284132841328,0.34074074074074073
d197,f_30_to_59,0.2933579335793358,0.29259259259259257
d197,m_gt_60,0.15313653136531366,0.1537037037037037
d197,f_gt_60,0.14391143911439114,0.14444444444444443
d197,edu_non,0.11538461538461539,0.11560693641618497
d197,edu_low,0.5173076923076924,0.5183044315992292
d197,edu_middle,0.34423076923076923,0.34296724470134876
d197,edu_high,0.023076923076923078,0.023121387283236993
d155,location_urban,0,0
d155,location_rural,1,1
d155,hh_size1,0.19692307692307692,0.19631901840490798
d155,hh_size2,0.5446153846153846,0.5460122699386503
d155,hh_size3,0.07384615384615385,0.0736196319018405
d155,hh_size4,0.18461538461538463,0.18404907975460122
d155,m_0_to_29,0.08,0.07971014492753623
d155,f_0_to_29,0.05090909090909091,0.050724637681159424
d155,m_30_to_59,0.27090909090909093,0.2717391304347826
d155,f_30_to_59,0.27090909090909093,0.2717391304347826
d155,m_gt_60,0.1509090909090909,0.1503623188405797
d155,f_gt_60,0.17636363636363636,0.17572463768115942
d155,edu_non,0.11834319526627218,0.11834319526627218
d155,edu_low,0.5522682445759369,0.5502958579881657
d155,edu_middle,0.3116370808678501,0.3136094674556213
d155,edu_high,0.01775147928994083,0.01775147928994083
d198,location_urban,0,0
d198,location_rural,1,1
d198,hh_size1,0.2123076923076923,0.21296296296296297
d198,hh_size2,0.5046153846153846,0.5061728395061729
d198,hh_size3,0.06153846153846154,0.06172839506172839
d198,hh_size4,0.22153846153846155,0.2191358024691358
d198,m_0_to_29,0.02835538752362949,0.028409090909090908
d198,f_0_to_29,0.052930056710775046,0.05303030303030303
d198,m_30_to_59,0.31379962192816635,0.3125
d198,f_30_to_59,0.29867674858223064,0.29924242424242425
d198,m_gt_60,0.166351606805293,0.16666666666666666
d198,f_gt_60,0.13988657844990549,0.14015151515151514
d198,edu_non,0.09494949494949495,0.09343936381709742
d198,edu_low,0.5373737373737374,0.5407554671968191
d198,edu_middle,0.3474747474747475,0.34592445328031807
d198,edu_high,0.020202020202020204,0.019880715705765408
d151,location_urban,1,1
d151,location_rural,0,0
d151,hh_size1,0.24269005847953215,0.23976608187134502
d151,hh_size2,0.5497076023391813,0.5497076023391813
d151,hh_size3,0.043859649122807015,0.043859649122807015
d151,hh_size4,0.16374269005847952,0.16666666666666666
d151,m_0_to_29,0.06428571428571428,0.06428571428571428
d151,f_0_to_29,0.05892857142857143,0.05892857142857143
d151,m_30_to_59,0.2857142857142857,0.2857142857142857
d151,f_30_to_59,0.3375,0.3375
d151,m_gt_60,0.14285714285714285,0.14285714285714285
d151,f_gt_60,0.11071428571428571,0.11071428571428571
d151,edu_non,0.09193245778611632,0.09514563106796116
d151,edu_low,0.32645403377110693,0.32815533980582523
d151,edu_middle,0.5384615384615384,0.5320388349514563
d151,edu_high,0.043151969981238276,0.04466019417475728
d199,location_urban,0,0
d199,location_rural,1,1
d199,hh_size1,0.18553459119496854,0.18553459119496854
d199,hh_size2,0.5314465408805031,0.5345911949685535
d199,hh_size3,0.0660377358490566,0.0660377358490566
d199,hh_size4,0.2169811320754717,0.2138364779874214
d199,m_0_to_29,0.06427221172022685,0.06415094339622641
d199,f_0_to_29,0.05671077504725898,0.05660377358490566
d199,m_30_to_59,0.2892249527410208,0.28867924528301886
d199,f_30_to_59,0.29867674858223064,0.3
d199,m_gt_60,0.16257088846880907,0.16226415094339622
d199,f_gt_60,0.1285444234404537,0.12830188679245283
d199,edu_non,0.10677618069815195,0.10699588477366255
d199,edu_low,0.5626283367556468,0.5617283950617284
d199,edu_middle,0.31006160164271046,0.31069958847736623
d199,edu_high,0.02053388090349076,0.0205761316872428
d189,location_urban,1,1
d189,location_rural,0,0
d189,hh_size1,0.27483443708609273,0.2757475083056478
d189,hh_size2,0.5728476821192053,0.5780730897009967
d189,hh_size3,0.04304635761589404,0.04318936877076412
d189,hh_size4,0.10927152317880795,0.10299003322259136
d189,m_0_to_29,0.04590818363273453,0.04590818363273453
d189,f_0_to_29,0.05588822355289421,0.05588822355289421
d189,m_30_to_59,0.3273453093812375,0.3273453093812375
d189,f_30_to_59,0.3073852295409182,0.3073852295409182
d189,m_gt_60,0.12574850299401197,0.12574850299401197
d189,f_gt_60,0.1377245508982036,0.1377245508982036
d189,edu_non,0.06016597510373444,0.061052631578947365
d189,edu_low,0.3962655601659751,0.3957894736842105
d189,edu_middle,0.4854771784232365,0.4842105263157895
d189,edu_high,0.058091286307053944,0.05894736842105263
d152,location_urban,0,0
d152,location_rural,1,1
d152,hh_size1,0.18269230769230768,0.18269230769230768
d152,hh_size2,0.5673076923076923,0.5705128205128205
d152,hh_size3,0.07692307692307693,0.07692307692307693
d152,hh_size4,0.17307692307692307,0.16987179487179488
d152,m_0_to_29,0.07262569832402235,0.0724907063197026
d152,f_0_to_29,0.05027932960893855,0.05018587360594796
d152,m_30_to_59,0.2886405959031657,0.28810408921933084
d152,f_30_to_59,0.33147113594040967,0.33271375464684017
d152,m_gt_60,0.14152700186219738,0.1412639405204461
d152,f_gt_60,0.1154562383612663,0.11524163568773234
d152,edu_non,0.11088709677419355,0.11088709677419355
d152,edu_low,0.5423387096774194,0.5423387096774194
d152,edu_middle,0.3245967741935484,0.3245967741935484
d152,edu_high,0.02217741935483871,0.02217741935483871
d200,location_urban,0,0
d200,location_rural,1,1
d200,hh_size1,0.16666666666666666,0.16666666666666666
d200,hh_size2,0.5146198830409356,0.5146198830409356
d200,hh_size3,0.05555555555555555,0.05555555555555555
d200,hh_size4,0.2631578947368421,0.2631578947368421
d200,m_0_to_29,0.06474820143884892,0.06474820143884892
d200,f_0_to_29,0.05755395683453238,0.05755395683453238
d200,m_30_to_59,0.302158273381295,0.302158273381295
d200,f_30_to_59,0.3039568345323741,0.3039568345323741
d200,m_gt_60,0.13489208633093525,0.13489208633093525
d200,f_gt_60,0.1366906474820144,0.1366906474820144
d200,edu_non,0.10869565217391304,0.10805500982318271
d200,edu_low,0.5375494071146245,0.5383104125736738
d200,edu_middle,0.33201581027667987,0.3320235756385069
d200,edu_high,0.021739130434782608,0.021611001964636542
d202,location_urban,0,0
d202,location_rural,1,1
d202,hh_size1,0.175,0.175
d202,hh_size2,0.58125,0.58125
d202,hh_size3,0.0625,0.0625
d202,hh_size4,0.18125,0.18125
d202,m_0_to_29,0.06043956043956044,0.06043956043956044
d202,f_0_to_29,0.06776556776556776,0.06776556776556776
d202,m_30_to_59,0.3076923076923077,0.3076923076923077
d202,f_30_to_59,0.3241758241758242,0.3241758241758242
d202,m_gt_60,0.1282051282051282,0.1282051282051282
d202,f_gt_60,0.11172161172161173,0.11172161172161173
d202,edu_non,0.134,0.13293650793650794
d202,edu_low,0.548,0.5496031746031746
d202,edu_middle,0.298,0.2976190476190476
d202,edu_high,0.02,0.01984126984126984
d203,location_urban,1,1
d203,location_rural,0,0
d203,hh_size1,0.23417721518987342,0.23734177215189872
d203,hh_size2,0.40822784810126583,0.40189873417721517
d203,hh_size3,0.06645569620253164,0.06645569620253164
d203,hh_size4,0.2911392405063291,0.29430379746835444
d203,m_0_to_29,0.14168377823408623,0.14432989690721648
d203,f_0_to_29,0.1806981519507187,0.18144329896907216
d203,m_30_to_59,0.27104722792607805,0.27010309278350514
d203,f_30_to_59,0.32238193018480493,0.31958762886597936
d203,m_gt_60,0.045174537987679675,0.04536082474226804
d203,f_gt_60,0.039014373716632446,0.03917525773195876
d203,edu_non,0.08045977011494253,0.07641921397379912
d203,edu_low,0.2206896551724138,0.21179039301310043
d203,edu_middle,0.5747126436781609,0.5917030567685589
d203,edu_high,0.12413793103448276,0.12008733624454149
d205,location_urban,0,0
d205,location_rural,1,1
d205,hh_size1,0.18541033434650456,0.18787878787878787
d205,hh_size2,0.5501519756838906,0.5484848484848485
d205,hh_size3,0.06382978723404255,0.06363636363636363
d205,hh_size4,0.2006079027355623,0.2
d205,m_0_to_29,0.041666666666666664,0.04159132007233273
d205,f_0_to_29,0.04891304347826087,0.048824593128390596
d205,m_30_to_59,0.3188405797101449,0.3182640144665461
d205,f_30_to_59,0.302536231884058,0.3037974683544304
d205,m_gt_60,0.1539855072463768,0.15370705244122965
d205,f_gt_60,0.13405797101449277,0.13381555153707053
d205,edu_non,0.11776061776061776,0.11663479923518165
d205,edu_low,0.5482625482625483,0.5506692160611855
d205,edu_middle,0.3127413127413127,0.31166347992351817
d205,edu_high,0.021235521235521235,0.021032504780114723
d206,location_urban,1,1
d206,location_rural,0,0
d206,hh_size1,0.2253968253968254,0.2253968253968254
d206,hh_size2,0.6190476190476191,0.6190476190476191
d206,hh_size3,0.050793650793650794,0.050793650793650794
d206,hh_size4,0.10476190476190476,0.10476190476190476
d206,m_0_to_29,0.042435424354243544,0.042435424354243544
d206,f_0_to_29,0.06273062730627306,0.06273062730627306
d206,m_30_to_59,0.30996309963099633,0.30996309963099633
d206,f_30_to_59,0.32656826568265684,0.3284132841328413
d206,m_gt_60,0.14944649446494465,0.14944649446494465
d206,f_gt_60,0.1088560885608856,0.1070110701107011
d206,edu_non,0.07587548638132295,0.07602339181286549
d206,edu_low,0.4066147859922179,0.41130604288499023
d206,edu_middle,0.4727626459143969,0.4678362573099415
d206,edu_high,0.04474708171206226,0.04483430799220273
d181,location_urban,1,1
d181,location_rural,0,0
d181,hh_size1,0.24188790560471976,0.24188790560471976
d181,hh_size2,0.44837758112094395,0.44837758112094395
d181,hh_size3,0.04129793510324484,0.04129793510324484
d181,hh_size4,0.26843657817109146,0.26843657817109146
d181,m_0_to_29,0.15414258188824662,0.15414258188824662
d181,f_0_to_29,0.15221579961464354,0.15414258188824662
d181,m_30_to_59,0.2832369942196532,0.2832369942196532
d181,f_30_to_59,0.302504816955684,0.30057803468208094
d181,m_gt_60,0.04816955684007707,0.04816955684007707
d181,f_gt_60,0.05973025048169557,0.05973025048169557
d181,edu_non,0.07563025210084033,0.07422680412371134
d181,edu_low,0.23109243697478993,0.22474226804123712
d181,edu_middle,0.5945378151260504,0.6041237113402061
d181,edu_high,0.09873949579831932,0.09690721649484536
d180,location_urban,1,1
d180,location_rural,0,0
d180,hh_size1,0.22435897435897437,0.22364217252396165
d180,hh_size2,0.5865384615384616,0.5846645367412141
d180,hh_size3,0.04807692307692308,0.04792332268370607
d180,hh_size4,0.14102564102564102,0.14376996805111822
d180,m_0_to_29,0.05523809523809524,0.055133079847908745
d180,f_0_to_29,0.047619047619047616,0.04752851711026616
d180,m_30_to_59,0.2914285714285714,0.2908745247148289
d180,f_30_to_59,0.34285714285714286,0.344106463878327
d180,m_gt_60,0.1219047619047619,0.12167300380228137
d180,f_gt_60,0.14095238095238094,0.14068441064638784
d180,edu_non,0.07341269841269842,0.07459677419354839
d180,edu_low,0.4007936507936508,0.4012096774193548
d180,edu_middle,0.5,0.49798387096774194
d180,edu_high,0.025793650793650792,0.02620967741935484
d207,location_urban,0,0
d207,location_rural,1,1
d207,hh_size1,0.17307692307692307,0.17252396166134185
d207,hh_size2,0.5801282051282052,0.5814696485623003
d207,hh_size3,0.07692307692307693,0.07667731629392971
d207,hh_size4,0.16987179487179488,0.16932907348242812
d207,m_0_to_29,0.04990757855822551,0.049723756906077346
d207,f_0_to_29,0.06469500924214418,0.06445672191528545
d207,m_30_to_59,0.2680221811460259,0.26887661141804786
d207,f_30_to_59,0.3290203327171904,0.3296500920810313
d207,m_gt_60,0.14972273567467653,0.14917127071823205
d207,f_gt_60,0.13863216266173753,0.13812154696132597
d207,edu_non,0.10693069306930693,0.10693069306930693
d207,edu_low,0.5663366336633663,0.5663366336633663
d207,edu_middle,0.31287128712871287,0.31287128712871287
d207,edu_high,0.013861386138613862,0.013861386138613862
d208,location_urban,0,0
d208,location_rural,1,1
d208,hh_size1,0.18862275449101795,0.1875
d208,hh_size2,0.5359281437125748,0.5327380952380952
d208,hh_size3,0.059880239520958084,0.05952380952380952
d208,hh_size4,0.2155688622754491,0.22023809523809523
d208,m_0_to_29,0.07233273056057866,0.07207207207207207
d208,f_0_to_29,0.05244122965641953,0.05225225225225225
d208,m_30_to_59,0.30198915009041594,0.3027027027027027
d208,f_30_to_59,0.31645569620253167,0.3171171171171171
d208,m_gt_60,0.13381555153707053,0.13333333333333333
d208,f_gt_60,0.12296564195298372,0.12252252252252252
d208,edu_non,0.10236220472440945,0.1015625
d208,edu_low,0.5728346456692913,0.57421875
d208,edu_middle,0.30118110236220474,0.30078125
d208,edu_high,0.023622047244094488,0.0234375
d211,location_urban,1,1
d211,location_rural,0,0
d211,hh_size1,0.27348066298342544,0.2742382271468144
d211,hh_size2,0.43646408839779005,0.43490304709141275
d211,hh_size3,0.052486187845303865,0.05263157894736842
d211,hh_size4,0.23756906077348067,0.23822714681440443
d211,m_0_to_29,0.13261648745519714,0.13129496402877697
d211,f_0_to_29,0.1827956989247312,0.18345323741007194
d211,m_30_to_59,0.2974910394265233,0.29676258992805754
d211,f_30_to_59,0.2974910394265233,0.29856115107913667
d211,m_gt_60,0.05017921146953405,0.050359712230215826
d211,f_gt_60,0.03942652329749104,0.039568345323741004
d211,edu_non,0.0825147347740668,0.08108108108108109
d211,edu_low,0.23772102161100198,0.23552123552123552
d211,edu_middle,0.5638506876227898,0.5694980694980695
d211,edu_high,0.11591355599214145,0.1138996138996139
d213,location_urban,0,0
d213,location_rural,1,1
d213,hh_size1,0.2,0.2
d213,hh_size2,0.5164179104477612,0.5223880597014925
d213,hh_size3,0.06567164179104477,0.06567164179104477
d213,hh_size4,0.21791044776119403,0.21194029850746268
d213,m_0_to_29,0.05253623188405797,0.052346570397111915
d213,f_0_to_29,0.06521739130434782,0.06498194945848375
d213,m_30_to_59,0.28804347826086957,0.2870036101083033
d213,f_30_to_59,0.286231884057971,0.2888086642599278
d213,m_gt_60,0.15217391304347827,0.15162454873646208
d213,f_gt_60,0.15579710144927536,0.1552346570397112
d213,edu_non,0.11023622047244094,0.1095890410958904
d213,edu_low,0.5688976377952756,0.5733855185909981
d213,edu_middle,0.30708661417322836,0.30332681017612523
d213,edu_high,0.013779527559055118,0.0136986301369863
d210,location_urban,0,0
d210,location_rural,1,1
d210,hh_size1,0.22429906542056074,0.22570532915360503
d210,hh_size2,0.5950155763239875,0.5987460815047022
d210,hh_size3,0.0529595015576324,0.05329153605015674
d210,hh_size4,0.1277258566978193,0.12225705329153605
d210,m_0_to_29,0.045787545787545784,0.04595588235294118
d210,f_0_to_29,0.047619047619047616,0.04779411764705882
d210,m_30_to_59,0.3058608058608059,0.30514705882352944
d210,f_30_to_59,0.3131868131868132,0.3125
d210,m_gt_60,0.1282051282051282,0.12867647058823528
d210,f_gt_60,0.15934065934065933,0.15992647058823528
d210,edu_non,0.1245136186770428,0.1233140655105973
d210,edu_low,0.5408560311284046,0.5414258188824663
d210,edu_middle,0.31712062256809337,0.3179190751445087
d210,edu_high,0.017509727626459144,0.017341040462427744
d209,location_urban,0,0
d209,location_rural,1,1
d209,hh_size1,0.1595744680851064,0.1601423487544484
d209,hh_size2,0.6205673758865248,0.6227758007117438
d209,hh_size3,0.08156028368794327,0.08185053380782918
d209,hh_size4,0.13829787234042554,0.13523131672597866
d209,m_0_to_29,0.073558648111332,0.07370517928286853
d209,f_0_to_29,0.055666003976143144,0.055776892430278883
d209,m_30_to_59,0.26043737574552683,0.2589641434262948
d209,f_30_to_59,0.3538767395626243,0.3545816733067729
d209,m_gt_60,0.11530815109343936,0.11553784860557768
d209,f_gt_60,0.1411530815109344,0.14143426294820718
d209,edu_non,0.09935205183585313,0.0989247311827957
d209,edu_low,0.6047516198704104,0.6086021505376344
d209,edu_middle,0.2786177105831533,0.2752688172043011
d209,edu_high,0.017278617710583154,0.017204301075268817
d212,location_urban,1,1
d212,location_rural,0,0
d212,hh_size1,0.22291021671826625,0.2236024844720497
d212,hh_size2,0.5789473684210527,0.577639751552795
d212,hh_size3,0.04643962848297214,0.049689440993788817
d212,hh_size4,0.15170278637770898,0.14906832298136646
d212,m_0_to_29,0.04259259259259259,0.04259259259259259
d212,f_0_to_29,0.04814814814814815,0.04814814814814815
d212,m_30_to_59,0.34444444444444444,0.34444444444444444
d212,f_30_to_59,0.2759259259259259,0.2740740740740741
d212,m_gt_60,0.17962962962962964,0.1814814814814815
d212,f_gt_60,0.10925925925925926,0.10925925925925926
d212,edu_non,0.05961538461538462,0.0610236220472441
d212,edu_low,0.3903846153846154,0.38976377952755903
d212,edu_middle,0.4826923076923077,0.48031496062992124
d212,edu_high,0.0673076923076923,0.0688976377952756
d204,location_urban,0,0
d204,location_rural,1,1
d204,hh_size1,0.19718309859154928,0.1977401129943503
d204,hh_size2,0.5183098591549296,0.519774011299435
d204,hh_size3,0.056338028169014086,0.05649717514124294
d204,hh_size4,0.22816901408450704,0.22598870056497175
d204,m_0_to_29,0.06563039723661486,0.0657439446366782
d204,f_0_to_29,0.0535405872193437,0.05363321799307959
d204,m_30_to_59,0.31951640759930916,0.32006920415224915
d204,f_30_to_59,0.2849740932642487,0.2837370242214533
d204,m_gt_60,0.14335060449050085,0.14359861591695502
d204,f_gt_60,0.13298791018998274,0.13321799307958476
d204,edu_non,0.15151515151515152,0.15037593984962405
d204,edu_low,0.509469696969697,0.5112781954887218
d204,edu_middle,0.3143939393939394,0.31390977443609025
d204,edu_high,0.02462121212121212,0.02443609022556391
d179,location_urban,0,0
d179,location_rural,1,1
d179,hh_size1,0.19242902208201892,0.19122257053291536
d179,hh_size2,0.5930599369085173,0.5893416927899686
d179,hh_size3,0.03785488958990536,0.03761755485893417
d179,hh_size4,0.17665615141955837,0.18181818181818182
d179,m_0_to_29,0.054820415879017016,0.054613935969868174
d179,f_0_to_29,0.034026465028355386,0.03389830508474576
d179,m_30_to_59,0.31758034026465026,0.32015065913371
d179,f_30_to_59,0.30812854442344045,0.3069679849340866
d179,m_gt_60,0.1342155009451796,0.1337099811676083
d179,f_gt_60,0.15122873345935728,0.15065913370998116
d179,edu_non,0.1006036217303823,0.10040160642570281
d179,edu_low,0.5553319919517102,0.5562248995983936
d179,edu_middle,0.3299798792756539,0.3293172690763052
d179,edu_high,0.014084507042253521,0.014056224899598393
d215,location_urban,0,0
d215,location_rural,1,1
d215,hh_size1,0.2125748502994012,0.2125748502994012
d215,hh_size2,0.5209580838323353,0.5239520958083832
d215,hh_size3,0.05389221556886228,0.05389221556886228
d215,hh_size4,0.2125748502994012,0.20958083832335328
d215,m_0_to_29,0.04779411764705882,0.047706422018348627
d215,f_0_to_29,0.07536764705882353,0.07522935779816514
d215,m_30_to_59,0.32169117647058826,0.3229357798165138
d215,f_30_to_59,0.27941176470588236,0.27889908256880735
d215,m_gt_60,0.12316176470588236,0.12293577981651377
d215,f_gt_60,0.15257352941176472,0.15229357798165138
d215,edu_non,0.10557768924302789,0.10557768924302789
d215,edu_low,0.545816733067729,0.545816733067729
d215,edu_middle,0.32669322709163345,0.32669322709163345
d215,edu_high,0.021912350597609563,0.021912350597609563
d214,location_urban,0,0
d214,location_rural,1,1
d214,hh_size1,0.2411764705882353,0.24269005847953215
d214,hh_size2,0.5235294117647059,0.52046783625731
d214,hh_size3,0.05,0.049707602339181284
d214,hh_size4,0.18529411764705883,0.1871345029239766
d214,m_0_to_29,0.057971014492753624,0.05776173285198556
d214,f_0_to_29,0.04528985507246377,0.04512635379061372
d214,m_30_to_59,0.31521739130434784,0.315884476534296
d214,f_30_to_59,0.3079710144927536,0.30866425992779783
d214,m_gt_60,0.1431159420289855,0.14259927797833935
d214,f_gt_60,0.13043478260869565,0.1299638989169675
d214,edu_non,0.12572533849129594,0.12548262548262548
d214,edu_low,0.5222437137330754,0.5231660231660231
d214,edu_middle,0.31721470019342357,0.3166023166023166
d214,edu_high,0.03481624758220503,0.03474903474903475
d201,location_urban,1,1
d201,location_rural,0,0
d201,hh_size1,0.2345679012345679,0.2345679012345679
d201,hh_size2,0.4228395061728395,0.41975308641975306
d201,hh_size3,0.05555555555555555,0.05555555555555555
d201,hh_size4,0.28703703703703703,0.29012345679012347
d201,m_0_to_29,0.18108651911468812,0.1814516129032258
d201,f_0_to_29,0.17303822937625754,0.17137096774193547
d201,m_30_to_59,0.2837022132796781,0.28225806451612906
d201,f_30_to_59,0.2635814889336016,0.2661290322580645
d201,m_gt_60,0.06438631790744467,0.06451612903225806
d201,f_gt_60,0.03420523138832998,0.034274193548387094
d201,edu_non,0.09070294784580499,0.08908685968819599
d201,edu_low,0.2108843537414966,0.20935412026726058
d201,edu_middle,0.5759637188208617,0.5812917594654788
d201,edu_high,0.12244897959183673,0.12026726057906459
d182,location_urban,0,0
d182,location_rural,1,1
d182,hh_size1,0.19661016949152543,0.19594594594594594
d182,hh_size2,0.5559322033898305,0.5574324324324325
d182,hh_size3,0.08135593220338982,0.08108108108108109
d182,hh_size4,0.16610169491525423,0.16554054054054054
d182,m_0_to_29,0.05128205128205128,0.05108055009823183
d182,f_0_to_29,0.05325443786982249,0.05304518664047151
d182,m_30_to_59,0.3076923076923077,0.30844793713163066
d182,f_30_to_59,0.2859960552268245,0.2868369351669941
d182,m_gt_60,0.14398422090729784,0.14341846758349705
d182,f_gt_60,0.15779092702169625,0.15717092337917485
d182,edu_non,0.13953488372093023,0.13983050847457626
d182,edu_low,0.5095137420718816,0.5084745762711864
d182,edu_middle,0.3298097251585624,0.3305084745762712
d182,edu_high,0.021141649048625793,0.0211864406779661
d184,location_urban,0,0
d184,location_rural,1,1
d184,hh_size1,0.1305732484076433,0.1305732484076433
d184,hh_size2,0.60828025477707,0.60828025477707
d184,hh_size3,0.0732484076433121,0.0732484076433121
d184,hh_size4,0.18789808917197454,0.18789808917197454
d184,m_0_to_29,0.05807622504537205,0.05807622504537205
d184,f_0_to_29,0.045372050816696916,0.045372050816696916
d184,m_30_to_59,0.3248638838475499,0.3248638838475499
d184,f_30_to_59,0.2867513611615245,0.2867513611615245
d184,m_gt_60,0.15970961887477314,0.15970961887477314
d184,f_gt_60,0.12522686025408347,0.12522686025408347
d184,edu_non,0.1303501945525292,0.12959381044487428
d184,edu_low,0.5311284046692607,0.5319148936170213
d184,edu_middle,0.3132295719844358,0.31334622823984526
d184,edu_high,0.02529182879377432,0.025145067698259187
